<?xml version="1.0" encoding="UTF-8"?>
<kml xmlns="http://www.opengis.net/kml/2.2">
  <Document>
    <name>خريطة القصيم البرية</name>
    <description><![CDATA[نتمنى ترك المتنزهات والبراري نظيفة بعد مغادرتها ليصبح المكان أكثر جمالاً.<br>توضيح الوان النقاط في الخريطة :<br>الاحمر : أسماء مدن - محافظات - قرى - هجر<br>الرمادي : أسماء محلية - أسماء أماكن متعارف عليه<br>البني : جبال - هضاب - حزوم - كهوف<br>الازرق : وديان - شعبان - قيعان - سدود - خباري<br>الاخضر : آبار - عيون - ثمايل - موارد ماء<br>الاصفر : طعوس - عروق - نوازي - خبوب<br>الاسود : طرق صحراوية - ردميات - دروب غير معبدة<br>شعار القلعة : آثار - مواقع تاريخية - برك قديمة - نقوش<br>بيئتنا .. مسؤوليتنا <br>ـــــــــــ<br>إذا كان هناك مكان خاطئ أو موقع ناقص آمل التواصل تويتر ( الخرائط البرية maps_ksa@ ) <br>أو على الإميل wild.maps.sa@gmail.com<br>وسيتم التواصل معك بإذن الله<br>]]></description>
    <Style id="icon-1598-BDBDBD-labelson-nodesc">
      <IconStyle>
        <color>ffbdbdbd</color>
        <scale>1</scale>
        <Icon>
          <href>https://www.gstatic.com/mapspro/images/stock/503-wht-blank_maps.png</href>
        </Icon>
      </IconStyle>
      <BalloonStyle>
        <text><![CDATA[<h3>$[name]</h3>]]></text>
      </BalloonStyle>
    </Style>
    <Style id="icon-1739-0288D1-labelson-nodesc">
      <IconStyle>
        <color>ffd18802</color>
        <scale>1</scale>
        <Icon>
          <href>https://www.gstatic.com/mapspro/images/stock/503-wht-blank_maps.png</href>
        </Icon>
      </IconStyle>
      <BalloonStyle>
        <text><![CDATA[<h3>$[name]</h3>]]></text>
      </BalloonStyle>
    </Style>
    <Style id="icon-1739-0F9D58-labelson-nodesc">
      <IconStyle>
        <color>ff589d0f</color>
        <scale>1</scale>
        <Icon>
          <href>https://www.gstatic.com/mapspro/images/stock/503-wht-blank_maps.png</href>
        </Icon>
      </IconStyle>
      <BalloonStyle>
        <text><![CDATA[<h3>$[name]</h3>]]></text>
      </BalloonStyle>
    </Style>
    <Style id="icon-1739-757575-labelson-nodesc">
      <IconStyle>
        <color>ff757575</color>
        <scale>1</scale>
        <Icon>
          <href>https://www.gstatic.com/mapspro/images/stock/503-wht-blank_maps.png</href>
        </Icon>
      </IconStyle>
      <BalloonStyle>
        <text><![CDATA[<h3>$[name]</h3>]]></text>
      </BalloonStyle>
    </Style>
    <Style id="icon-1739-DB4436-labelson-nodesc">
      <IconStyle>
        <color>ff3644db</color>
        <scale>1</scale>
        <Icon>
          <href>https://www.gstatic.com/mapspro/images/stock/503-wht-blank_maps.png</href>
        </Icon>
      </IconStyle>
      <BalloonStyle>
        <text><![CDATA[<h3>$[name]</h3>]]></text>
      </BalloonStyle>
    </Style>
    <Style id="icon-1739-FBC02D-labelson-nodesc">
      <IconStyle>
        <color>ff2dc0fb</color>
        <scale>1</scale>
        <Icon>
          <href>https://www.gstatic.com/mapspro/images/stock/503-wht-blank_maps.png</href>
        </Icon>
      </IconStyle>
      <BalloonStyle>
        <text><![CDATA[<h3>$[name]</h3>]]></text>
      </BalloonStyle>
    </Style>
    <Folder>
      <name>مواقع اثرية</name>
      <Placemark>
        <name>برج الشنانة</name>
        <styleUrl>#icon-1598-BDBDBD-labelson-nodesc</styleUrl>
        <Point>
          <coordinates>
            43.439791,25.834007,0
          </coordinates>
        </Point>
      </Placemark>
      <Placemark>
        <name>قصر مارد</name>
        <styleUrl>#icon-1598-BDBDBD-labelson-nodesc</styleUrl>
        <Point>
          <coordinates>
            44.235785,26.775677,0
          </coordinates>
        </Point>
      </Placemark>
      <Placemark>
        <name>نقوش ضرية</name>
        <styleUrl>#icon-1598-BDBDBD-labelson-nodesc</styleUrl>
        <Point>
          <coordinates>
            42.960581,24.804814,0
          </coordinates>
        </Point>
      </Placemark>
      <Placemark>
        <name>عين زبيدة</name>
        <styleUrl>#icon-1598-BDBDBD-labelson-nodesc</styleUrl>
        <Point>
          <coordinates>
            43.414836,25.70451,0
          </coordinates>
        </Point>
      </Placemark>
      <Placemark>
        <name>اثار درب زبيدة</name>
        <styleUrl>#icon-1598-BDBDBD-labelson-nodesc</styleUrl>
        <Point>
          <coordinates>
            41.710001,25.799141,0
          </coordinates>
        </Point>
      </Placemark>
      <Placemark>
        <name>حصاة النصلة</name>
        <styleUrl>#icon-1598-BDBDBD-labelson-nodesc</styleUrl>
        <Point>
          <coordinates>
            43.595169,26.550852,0
          </coordinates>
        </Point>
      </Placemark>
      <Placemark>
        <name>قصر رامة</name>
        <styleUrl>#icon-1598-BDBDBD-labelson-nodesc</styleUrl>
        <Point>
          <coordinates>
            43.452311,25.44972,0
          </coordinates>
        </Point>
      </Placemark>
    </Folder>
    <Folder>
      <name>نفود</name>
      <Placemark>
        <name>نقا ابو حثول الاوسط</name>
        <styleUrl>#icon-1739-FBC02D-labelson-nodesc</styleUrl>
        <Point>
          <coordinates>
            44.84705,27.308106,0
          </coordinates>
        </Point>
      </Placemark>
      <Placemark>
        <name>نقا ابو حثول الجنوبي</name>
        <styleUrl>#icon-1739-FBC02D-labelson-nodesc</styleUrl>
        <Point>
          <coordinates>
            44.85574,27.282851,0
          </coordinates>
        </Point>
      </Placemark>
      <Placemark>
        <name>نقا ابو حثول الشمالي</name>
        <styleUrl>#icon-1739-FBC02D-labelson-nodesc</styleUrl>
        <Point>
          <coordinates>
            44.818897,27.354991,0
          </coordinates>
        </Point>
      </Placemark>
      <Placemark>
        <name>نقا الحومة</name>
        <styleUrl>#icon-1739-FBC02D-labelson-nodesc</styleUrl>
        <Point>
          <coordinates>
            44.897797,27.312205,0
          </coordinates>
        </Point>
      </Placemark>
      <Placemark>
        <name>نقا الخنصر</name>
        <styleUrl>#icon-1739-FBC02D-labelson-nodesc</styleUrl>
        <Point>
          <coordinates>
            44.888635,27.239721,0
          </coordinates>
        </Point>
      </Placemark>
      <Placemark>
        <name>نقا السياريات</name>
        <styleUrl>#icon-1739-FBC02D-labelson-nodesc</styleUrl>
        <Point>
          <coordinates>
            44.73886,27.33362,0
          </coordinates>
        </Point>
      </Placemark>
      <Placemark>
        <name>نقا السياريات</name>
        <styleUrl>#icon-1739-FBC02D-labelson-nodesc</styleUrl>
        <Point>
          <coordinates>
            44.707961,27.242081,0
          </coordinates>
        </Point>
      </Placemark>
      <Placemark>
        <name>نقي الذيابة</name>
        <styleUrl>#icon-1739-FBC02D-labelson-nodesc</styleUrl>
        <Point>
          <coordinates>
            44.824154,27.418485,0
          </coordinates>
        </Point>
      </Placemark>
      <Placemark>
        <name>نقيان البريكه</name>
        <styleUrl>#icon-1739-FBC02D-labelson-nodesc</styleUrl>
        <Point>
          <coordinates>
            44.891939,27.261372,0
          </coordinates>
        </Point>
      </Placemark>
      <Placemark>
        <name>نقرة أم هشيم</name>
        <styleUrl>#icon-1739-FBC02D-labelson-nodesc</styleUrl>
        <Point>
          <coordinates>
            42.524192,25.195813,0
          </coordinates>
        </Point>
      </Placemark>
      <Placemark>
        <name>نازية أم زريبة</name>
        <styleUrl>#icon-1739-FBC02D-labelson-nodesc</styleUrl>
        <Point>
          <coordinates>
            43.687735,27.774231,0
          </coordinates>
        </Point>
      </Placemark>
      <Placemark>
        <name>نفود الابرق</name>
        <styleUrl>#icon-1739-FBC02D-labelson-nodesc</styleUrl>
        <Point>
          <coordinates>
            44.283829,26.804237,0
          </coordinates>
        </Point>
      </Placemark>
      <Placemark>
        <name>نفود السر</name>
        <styleUrl>#icon-1739-FBC02D-labelson-nodesc</styleUrl>
        <Point>
          <coordinates>
            44.323912,26.069205,0
          </coordinates>
        </Point>
      </Placemark>
      <Placemark>
        <name>نفود السر</name>
        <styleUrl>#icon-1739-FBC02D-labelson-nodesc</styleUrl>
        <Point>
          <coordinates>
            44.278078,26.184132,0
          </coordinates>
        </Point>
      </Placemark>
      <Placemark>
        <name>نفود السر</name>
        <styleUrl>#icon-1739-FBC02D-labelson-nodesc</styleUrl>
        <Point>
          <coordinates>
            44.436779,25.830617,0
          </coordinates>
        </Point>
      </Placemark>
      <Placemark>
        <name>نفود الشقيقه</name>
        <styleUrl>#icon-1739-FBC02D-labelson-nodesc</styleUrl>
        <Point>
          <coordinates>
            43.889523,25.997601,0
          </coordinates>
        </Point>
      </Placemark>
      <Placemark>
        <name>نفود الشقيقه</name>
        <styleUrl>#icon-1739-FBC02D-labelson-nodesc</styleUrl>
        <Point>
          <coordinates>
            44.029427,25.802121,0
          </coordinates>
        </Point>
      </Placemark>
      <Placemark>
        <name>نفود الشقيقه</name>
        <styleUrl>#icon-1739-FBC02D-labelson-nodesc</styleUrl>
        <Point>
          <coordinates>
            44.019878,25.802228,0
          </coordinates>
        </Point>
      </Placemark>
      <Placemark>
        <name>نفود الشقيقه</name>
        <styleUrl>#icon-1739-FBC02D-labelson-nodesc</styleUrl>
        <Point>
          <coordinates>
            44.149761,25.617478,0
          </coordinates>
        </Point>
      </Placemark>
      <Placemark>
        <name>نفود الشقيقه</name>
        <styleUrl>#icon-1739-FBC02D-labelson-nodesc</styleUrl>
        <Point>
          <coordinates>
            44.134977,25.639172,0
          </coordinates>
        </Point>
      </Placemark>
      <Placemark>
        <name>نفود العريق</name>
        <styleUrl>#icon-1739-FBC02D-labelson-nodesc</styleUrl>
        <Point>
          <coordinates>
            42.458103,25.08919,0
          </coordinates>
        </Point>
      </Placemark>
      <Placemark>
        <name>نفود العريق</name>
        <styleUrl>#icon-1739-FBC02D-labelson-nodesc</styleUrl>
        <Point>
          <coordinates>
            42.701776,24.523587,0
          </coordinates>
        </Point>
      </Placemark>
      <Placemark>
        <name>نفود الغميس</name>
        <styleUrl>#icon-1739-FBC02D-labelson-nodesc</styleUrl>
        <Point>
          <coordinates>
            43.95057,25.979877,0
          </coordinates>
        </Point>
      </Placemark>
      <Placemark>
        <name>نفود الفنيده</name>
        <styleUrl>#icon-1739-FBC02D-labelson-nodesc</styleUrl>
        <Point>
          <coordinates>
            43.162816,25.181072,0
          </coordinates>
        </Point>
      </Placemark>
      <Placemark>
        <name>نفود اللهيب</name>
        <styleUrl>#icon-1739-FBC02D-labelson-nodesc</styleUrl>
        <Point>
          <coordinates>
            42.874296,25.098867,0
          </coordinates>
        </Point>
      </Placemark>
      <Placemark>
        <name>نفود المعيزيله</name>
        <styleUrl>#icon-1739-FBC02D-labelson-nodesc</styleUrl>
        <Point>
          <coordinates>
            42.737525,25.129659,0
          </coordinates>
        </Point>
      </Placemark>
      <Placemark>
        <name>نفود الميسريه</name>
        <styleUrl>#icon-1739-FBC02D-labelson-nodesc</styleUrl>
        <Point>
          <coordinates>
            42.823033,25.666745,0
          </coordinates>
        </Point>
      </Placemark>
      <Placemark>
        <name>نفود رامة</name>
        <styleUrl>#icon-1739-FBC02D-labelson-nodesc</styleUrl>
        <Point>
          <coordinates>
            43.728976,25.797036,0
          </coordinates>
        </Point>
      </Placemark>
      <Placemark>
        <name>نفود رامة</name>
        <styleUrl>#icon-1739-FBC02D-labelson-nodesc</styleUrl>
        <Point>
          <coordinates>
            43.717239,25.795813,0
          </coordinates>
        </Point>
      </Placemark>
      <Placemark>
        <name>نفود رامة</name>
        <styleUrl>#icon-1739-FBC02D-labelson-nodesc</styleUrl>
        <Point>
          <coordinates>
            43.771935,25.811219,0
          </coordinates>
        </Point>
      </Placemark>
      <Placemark>
        <name>نفود فارس</name>
        <styleUrl>#icon-1739-FBC02D-labelson-nodesc</styleUrl>
        <Point>
          <coordinates>
            44.420471,26.389503,0
          </coordinates>
        </Point>
      </Placemark>
      <Placemark>
        <name>نفيد امرة</name>
        <styleUrl>#icon-1739-FBC02D-labelson-nodesc</styleUrl>
        <Point>
          <coordinates>
            43.253067,25.387967,0
          </coordinates>
        </Point>
      </Placemark>
      <Placemark>
        <name>عرقوب الجمل</name>
        <styleUrl>#icon-1739-FBC02D-labelson-nodesc</styleUrl>
        <Point>
          <coordinates>
            44.28709,27.28446,0
          </coordinates>
        </Point>
      </Placemark>
      <Placemark>
        <name>عرق أبيتر الرضمات</name>
        <styleUrl>#icon-1739-FBC02D-labelson-nodesc</styleUrl>
        <Point>
          <coordinates>
            43.837917,27.506568,0
          </coordinates>
        </Point>
      </Placemark>
      <Placemark>
        <name>عرق الأبيتر الشمالي</name>
        <styleUrl>#icon-1739-FBC02D-labelson-nodesc</styleUrl>
        <Point>
          <coordinates>
            43.714836,27.572508,0
          </coordinates>
        </Point>
      </Placemark>
      <Placemark>
        <name>عرق الأشعلي</name>
        <styleUrl>#icon-1739-FBC02D-labelson-nodesc</styleUrl>
        <Point>
          <coordinates>
            43.739362,27.482386,0
          </coordinates>
        </Point>
      </Placemark>
      <Placemark>
        <name>عرق الاشعلي</name>
        <styleUrl>#icon-1739-FBC02D-labelson-nodesc</styleUrl>
        <Point>
          <coordinates>
            43.892269,27.387371,0
          </coordinates>
        </Point>
      </Placemark>
      <Placemark>
        <name>عرق الاشعلي</name>
        <styleUrl>#icon-1739-FBC02D-labelson-nodesc</styleUrl>
        <Point>
          <coordinates>
            44.0623,27.267873,0
          </coordinates>
        </Point>
      </Placemark>
      <Placemark>
        <name>عرق الاشعلي</name>
        <styleUrl>#icon-1739-FBC02D-labelson-nodesc</styleUrl>
        <Point>
          <coordinates>
            44.325607,27.063596,0
          </coordinates>
        </Point>
      </Placemark>
      <Placemark>
        <name>عرق الاشعلي</name>
        <styleUrl>#icon-1739-FBC02D-labelson-nodesc</styleUrl>
        <Point>
          <coordinates>
            44.199586,27.16316,0
          </coordinates>
        </Point>
      </Placemark>
      <Placemark>
        <name>عرق الاشعلي</name>
        <styleUrl>#icon-1739-FBC02D-labelson-nodesc</styleUrl>
        <Point>
          <coordinates>
            44.233639,27.136145,0
          </coordinates>
        </Point>
      </Placemark>
      <Placemark>
        <name>عرق البتر</name>
        <styleUrl>#icon-1739-FBC02D-labelson-nodesc</styleUrl>
        <Point>
          <coordinates>
            43.697927,27.679839,0
          </coordinates>
        </Point>
      </Placemark>
      <Placemark>
        <name>عرق البعيثه</name>
        <styleUrl>#icon-1739-FBC02D-labelson-nodesc</styleUrl>
        <Point>
          <coordinates>
            43.938768,27.597828,0
          </coordinates>
        </Point>
      </Placemark>
      <Placemark>
        <name>عرق البنشر</name>
        <styleUrl>#icon-1739-FBC02D-labelson-nodesc</styleUrl>
        <Point>
          <coordinates>
            43.797233,27.34688,0
          </coordinates>
        </Point>
      </Placemark>
      <Placemark>
        <name>عرق البيصية الشرقي</name>
        <styleUrl>#icon-1739-FBC02D-labelson-nodesc</styleUrl>
        <Point>
          <coordinates>
            44.325993,27.011948,0
          </coordinates>
        </Point>
      </Placemark>
      <Placemark>
        <name>عرق البيصية الشرقي</name>
        <styleUrl>#icon-1739-FBC02D-labelson-nodesc</styleUrl>
        <Point>
          <coordinates>
            44.170232,27.136681,0
          </coordinates>
        </Point>
      </Placemark>
      <Placemark>
        <name>عرق البيصية الشرقي</name>
        <styleUrl>#icon-1739-FBC02D-labelson-nodesc</styleUrl>
        <Point>
          <coordinates>
            44.198663,27.11252,0
          </coordinates>
        </Point>
      </Placemark>
      <Placemark>
        <name>عرق البيصية الغربي</name>
        <styleUrl>#icon-1739-FBC02D-labelson-nodesc</styleUrl>
        <Point>
          <coordinates>
            44.13223,27.118142,0
          </coordinates>
        </Point>
      </Placemark>
      <Placemark>
        <name>عرق البيصية الغربي</name>
        <styleUrl>#icon-1739-FBC02D-labelson-nodesc</styleUrl>
        <Point>
          <coordinates>
            44.231837,27.025423,0
          </coordinates>
        </Point>
      </Placemark>
      <Placemark>
        <name>عرق البيصية الغربي</name>
        <styleUrl>#icon-1739-FBC02D-labelson-nodesc</styleUrl>
        <Point>
          <coordinates>
            44.361999,26.916289,0
          </coordinates>
        </Point>
      </Placemark>
      <Placemark>
        <name>عرق البيصية الغربي</name>
        <styleUrl>#icon-1739-FBC02D-labelson-nodesc</styleUrl>
        <Point>
          <coordinates>
            44.16431,27.096083,0
          </coordinates>
        </Point>
      </Placemark>
      <Placemark>
        <name>عرق الجذماء</name>
        <styleUrl>#icon-1739-FBC02D-labelson-nodesc</styleUrl>
        <Point>
          <coordinates>
            44.085581,27.346387,0
          </coordinates>
        </Point>
      </Placemark>
      <Placemark>
        <name>عرق الدخول</name>
        <styleUrl>#icon-1739-FBC02D-labelson-nodesc</styleUrl>
        <Point>
          <coordinates>
            44.377985,27.835815,0
          </coordinates>
        </Point>
      </Placemark>
      <Placemark>
        <name>عرق الدقيق</name>
        <styleUrl>#icon-1739-FBC02D-labelson-nodesc</styleUrl>
        <Point>
          <coordinates>
            44.249153,26.929164,0
          </coordinates>
        </Point>
      </Placemark>
      <Placemark>
        <name>عرق الزغيبة</name>
        <styleUrl>#icon-1739-FBC02D-labelson-nodesc</styleUrl>
        <Point>
          <coordinates>
            44.088156,26.176987,0
          </coordinates>
        </Point>
      </Placemark>
      <Placemark>
        <name>عرق الزغيبة</name>
        <styleUrl>#icon-1739-FBC02D-labelson-nodesc</styleUrl>
        <Point>
          <coordinates>
            44.085753,26.177802,0
          </coordinates>
        </Point>
      </Placemark>
      <Placemark>
        <name>عرق الطليحي</name>
        <styleUrl>#icon-1739-FBC02D-labelson-nodesc</styleUrl>
        <Point>
          <coordinates>
            43.924584,27.550149,0
          </coordinates>
        </Point>
      </Placemark>
      <Placemark>
        <name>عرق العشرة</name>
        <styleUrl>#icon-1739-FBC02D-labelson-nodesc</styleUrl>
        <Point>
          <coordinates>
            43.891561,27.525086,0
          </coordinates>
        </Point>
      </Placemark>
      <Placemark>
        <name>عرق المظهور</name>
        <styleUrl>#icon-1739-FBC02D-labelson-nodesc</styleUrl>
        <Point>
          <coordinates>
            44.206474,27.370012,0
          </coordinates>
        </Point>
      </Placemark>
      <Placemark>
        <name>عرق النقي</name>
        <styleUrl>#icon-1739-FBC02D-labelson-nodesc</styleUrl>
        <Point>
          <coordinates>
            44.478321,27.100654,0
          </coordinates>
        </Point>
      </Placemark>
      <Placemark>
        <name>عرق الهامل</name>
        <styleUrl>#icon-1739-FBC02D-labelson-nodesc</styleUrl>
        <Point>
          <coordinates>
            44.20995,27.83545,0
          </coordinates>
        </Point>
      </Placemark>
      <Placemark>
        <name>عرق ام ثميد</name>
        <styleUrl>#icon-1739-FBC02D-labelson-nodesc</styleUrl>
        <Point>
          <coordinates>
            43.635206,27.386963,0
          </coordinates>
        </Point>
      </Placemark>
      <Placemark>
        <name>عرق غشام</name>
        <styleUrl>#icon-1739-FBC02D-labelson-nodesc</styleUrl>
        <Point>
          <coordinates>
            43.655548,27.466764,0
          </coordinates>
        </Point>
      </Placemark>
      <Placemark>
        <name>عرق غشام</name>
        <styleUrl>#icon-1739-FBC02D-labelson-nodesc</styleUrl>
        <Point>
          <coordinates>
            43.838775,27.379003,0
          </coordinates>
        </Point>
      </Placemark>
      <Placemark>
        <name>عرق غشام</name>
        <styleUrl>#icon-1739-FBC02D-labelson-nodesc</styleUrl>
        <Point>
          <coordinates>
            44.127359,27.172515,0
          </coordinates>
        </Point>
      </Placemark>
      <Placemark>
        <name>عرق لزام</name>
        <styleUrl>#icon-1739-FBC02D-labelson-nodesc</styleUrl>
        <Point>
          <coordinates>
            44.488235,27.032289,0
          </coordinates>
        </Point>
      </Placemark>
      <Placemark>
        <name>عرق لزام</name>
        <styleUrl>#icon-1739-FBC02D-labelson-nodesc</styleUrl>
        <Point>
          <coordinates>
            44.331293,27.125287,0
          </coordinates>
        </Point>
      </Placemark>
      <Placemark>
        <name>عرق لزام</name>
        <styleUrl>#icon-1739-FBC02D-labelson-nodesc</styleUrl>
        <Point>
          <coordinates>
            44.185553,27.235343,0
          </coordinates>
        </Point>
      </Placemark>
      <Placemark>
        <name>عرق لزام</name>
        <styleUrl>#icon-1739-FBC02D-labelson-nodesc</styleUrl>
        <Point>
          <coordinates>
            44.266577,27.175949,0
          </coordinates>
        </Point>
      </Placemark>
      <Placemark>
        <name>عرق نواظر</name>
        <styleUrl>#icon-1739-FBC02D-labelson-nodesc</styleUrl>
        <Point>
          <coordinates>
            43.496139,27.513993,0
          </coordinates>
        </Point>
      </Placemark>
      <Placemark>
        <name>طعس ابو نسور</name>
        <styleUrl>#icon-1739-FBC02D-labelson-nodesc</styleUrl>
        <Point>
          <coordinates>
            44.559689,27.0928,0
          </coordinates>
        </Point>
      </Placemark>
      <Placemark>
        <name>طعيس الفرايد</name>
        <styleUrl>#icon-1739-FBC02D-labelson-nodesc</styleUrl>
        <Point>
          <coordinates>
            44.698734,27.09383,0
          </coordinates>
        </Point>
      </Placemark>
      <Placemark>
        <name>رمال ابا الوران</name>
        <styleUrl>#icon-1739-FBC02D-labelson-nodesc</styleUrl>
        <Point>
          <coordinates>
            44.174609,26.435981,0
          </coordinates>
        </Point>
      </Placemark>
      <Placemark>
        <name>خبة البعيثة</name>
        <styleUrl>#icon-1739-FBC02D-labelson-nodesc</styleUrl>
        <Point>
          <coordinates>
            43.7146,27.737882,0
          </coordinates>
        </Point>
      </Placemark>
      <Placemark>
        <name>خبوب العمي</name>
        <styleUrl>#icon-1739-FBC02D-labelson-nodesc</styleUrl>
        <Point>
          <coordinates>
            43.85828,27.632804,0
          </coordinates>
        </Point>
      </Placemark>
      <Placemark>
        <name>خبة البعيثة</name>
        <styleUrl>#icon-1739-FBC02D-labelson-nodesc</styleUrl>
        <Point>
          <coordinates>
            43.798113,27.695997,0
          </coordinates>
        </Point>
      </Placemark>
      <Placemark>
        <name>خبة الخزامى</name>
        <styleUrl>#icon-1739-FBC02D-labelson-nodesc</styleUrl>
        <Point>
          <coordinates>
            44.265933,27.214701,0
          </coordinates>
        </Point>
      </Placemark>
      <Placemark>
        <name>خبة السويدة</name>
        <styleUrl>#icon-1739-FBC02D-labelson-nodesc</styleUrl>
        <Point>
          <coordinates>
            44.382877,26.86168,0
          </coordinates>
        </Point>
      </Placemark>
      <Placemark>
        <name>خبة الشيبانية</name>
        <styleUrl>#icon-1739-FBC02D-labelson-nodesc</styleUrl>
        <Point>
          <coordinates>
            43.93364,27.215881,0
          </coordinates>
        </Point>
      </Placemark>
      <Placemark>
        <name>خبة الصفيراء</name>
        <styleUrl>#icon-1739-FBC02D-labelson-nodesc</styleUrl>
        <Point>
          <coordinates>
            44.400258,26.751795,0
          </coordinates>
        </Point>
      </Placemark>
      <Placemark>
        <name>خبة العشرة</name>
        <styleUrl>#icon-1739-FBC02D-labelson-nodesc</styleUrl>
        <Point>
          <coordinates>
            43.929906,27.518928,0
          </coordinates>
        </Point>
      </Placemark>
      <Placemark>
        <name>خبة ام عنيقر</name>
        <styleUrl>#icon-1739-FBC02D-labelson-nodesc</styleUrl>
        <Point>
          <coordinates>
            44.85913,26.916783,0
          </coordinates>
        </Point>
      </Placemark>
    </Folder>
    <Folder>
      <name>موارد مياه</name>
      <Placemark>
        <name>مورد ماء</name>
        <styleUrl>#icon-1739-0F9D58-labelson-nodesc</styleUrl>
        <Point>
          <coordinates>
            44.683349,27.623684,0
          </coordinates>
        </Point>
      </Placemark>
      <Placemark>
        <name>مورد ماء ابا الحياص</name>
        <styleUrl>#icon-1739-0F9D58-labelson-nodesc</styleUrl>
        <Point>
          <coordinates>
            44.569473,27.533176,0
          </coordinates>
        </Point>
      </Placemark>
      <Placemark>
        <name>مورد ماء الطليحي</name>
        <styleUrl>#icon-1739-0F9D58-labelson-nodesc</styleUrl>
        <Point>
          <coordinates>
            44.107339,27.542167,0
          </coordinates>
        </Point>
      </Placemark>
      <Placemark>
        <name>مارد ماء</name>
        <styleUrl>#icon-1739-0F9D58-labelson-nodesc</styleUrl>
        <Point>
          <coordinates>
            44.46667,25.664599,0
          </coordinates>
        </Point>
      </Placemark>
      <Placemark>
        <name>مارد ماء</name>
        <styleUrl>#icon-1739-0F9D58-labelson-nodesc</styleUrl>
        <Point>
          <coordinates>
            44.450748,27.312205,0
          </coordinates>
        </Point>
      </Placemark>
      <Placemark>
        <name>قلبان البيصية</name>
        <styleUrl>#icon-1739-0F9D58-labelson-nodesc</styleUrl>
        <Point>
          <coordinates>
            44.402983,26.942253,0
          </coordinates>
        </Point>
      </Placemark>
      <Placemark>
        <name>قلبان الرديفة</name>
        <styleUrl>#icon-1739-0F9D58-labelson-nodesc</styleUrl>
        <Point>
          <coordinates>
            44.062386,27.689323,0
          </coordinates>
        </Point>
      </Placemark>
      <Placemark>
        <name>قلبان الطليحي</name>
        <styleUrl>#icon-1739-0F9D58-labelson-nodesc</styleUrl>
        <Point>
          <coordinates>
            44.12075,27.546844,0
          </coordinates>
        </Point>
      </Placemark>
      <Placemark>
        <name>قلبان ام سروج</name>
        <styleUrl>#icon-1739-0F9D58-labelson-nodesc</styleUrl>
        <Point>
          <coordinates>
            44.440298,27.631044,0
          </coordinates>
        </Point>
      </Placemark>
      <Placemark>
        <name>قلبان ذيوف</name>
        <styleUrl>#icon-1739-0F9D58-labelson-nodesc</styleUrl>
        <Point>
          <coordinates>
            44.045262,27.666857,0
          </coordinates>
        </Point>
      </Placemark>
      <Placemark>
        <name>قلبان وصلة</name>
        <styleUrl>#icon-1739-0F9D58-labelson-nodesc</styleUrl>
        <Point>
          <coordinates>
            43.605337,25.280249,0
          </coordinates>
        </Point>
      </Placemark>
      <Placemark>
        <name>قليب الشيشي</name>
        <styleUrl>#icon-1739-0F9D58-labelson-nodesc</styleUrl>
        <Point>
          <coordinates>
            43.60317,27.303514,0
          </coordinates>
        </Point>
      </Placemark>
      <Placemark>
        <name>قليب ام شان</name>
        <styleUrl>#icon-1739-0F9D58-labelson-nodesc</styleUrl>
        <Point>
          <coordinates>
            43.34512,25.804868,0
          </coordinates>
        </Point>
      </Placemark>
      <Placemark>
        <name>قليب سليمان</name>
        <styleUrl>#icon-1739-0F9D58-labelson-nodesc</styleUrl>
        <Point>
          <coordinates>
            41.383889,25.6814,0
          </coordinates>
        </Point>
      </Placemark>
      <Placemark>
        <name>عين قطن</name>
        <styleUrl>#icon-1739-0F9D58-labelson-nodesc</styleUrl>
        <Point>
          <coordinates>
            42.389781,26.037405,0
          </coordinates>
        </Point>
      </Placemark>
      <Placemark>
        <name>ثميلات ابو برقا</name>
        <styleUrl>#icon-1739-0F9D58-labelson-nodesc</styleUrl>
        <Point>
          <coordinates>
            44.382362,26.293888,0
          </coordinates>
        </Point>
      </Placemark>
      <Placemark>
        <name>بئر</name>
        <styleUrl>#icon-1739-0F9D58-labelson-nodesc</styleUrl>
        <Point>
          <coordinates>
            44.390259,26.4342,0
          </coordinates>
        </Point>
      </Placemark>
      <Placemark>
        <name>بئر البعيثة</name>
        <styleUrl>#icon-1739-0F9D58-labelson-nodesc</styleUrl>
        <Point>
          <coordinates>
            44.092255,27.608986,0
          </coordinates>
        </Point>
      </Placemark>
      <Placemark>
        <name>بئر البوه</name>
        <styleUrl>#icon-1739-0F9D58-labelson-nodesc</styleUrl>
        <Point>
          <coordinates>
            44.318461,26.534643,0
          </coordinates>
        </Point>
      </Placemark>
      <Placemark>
        <name>بئر الجذما</name>
        <styleUrl>#icon-1739-0F9D58-labelson-nodesc</styleUrl>
        <Point>
          <coordinates>
            43.553474,26.87773,0
          </coordinates>
        </Point>
      </Placemark>
      <Placemark>
        <name>بئر الحوية</name>
        <styleUrl>#icon-1739-0F9D58-labelson-nodesc</styleUrl>
        <Point>
          <coordinates>
            42.383108,26.068411,0
          </coordinates>
        </Point>
      </Placemark>
      <Placemark>
        <name>بئر الزوين</name>
        <styleUrl>#icon-1739-0F9D58-labelson-nodesc</styleUrl>
        <Point>
          <coordinates>
            42.360406,25.126419,0
          </coordinates>
        </Point>
      </Placemark>
      <Placemark>
        <name>بئر الصليلية</name>
        <styleUrl>#icon-1739-0F9D58-labelson-nodesc</styleUrl>
        <Point>
          <coordinates>
            42.820609,26.282794,0
          </coordinates>
        </Point>
      </Placemark>
      <Placemark>
        <name>بئر النقع</name>
        <styleUrl>#icon-1739-0F9D58-labelson-nodesc</styleUrl>
        <Point>
          <coordinates>
            44.45122,27.088487,0
          </coordinates>
        </Point>
      </Placemark>
      <Placemark>
        <name>بئر بني  بريمة</name>
        <styleUrl>#icon-1739-0F9D58-labelson-nodesc</styleUrl>
        <Point>
          <coordinates>
            42.062788,25.9761,0
          </coordinates>
        </Point>
      </Placemark>
      <Placemark>
        <name>بئر عكيرشة</name>
        <styleUrl>#icon-1739-0F9D58-labelson-nodesc</styleUrl>
        <Point>
          <coordinates>
            44.293785,27.403851,0
          </coordinates>
        </Point>
      </Placemark>
      <Placemark>
        <name>بئر ماء</name>
        <styleUrl>#icon-1739-0F9D58-labelson-nodesc</styleUrl>
        <Point>
          <coordinates>
            41.445365,25.412493,0
          </coordinates>
        </Point>
      </Placemark>
      <Placemark>
        <name>بئر ماء</name>
        <styleUrl>#icon-1739-0F9D58-labelson-nodesc</styleUrl>
        <Point>
          <coordinates>
            42.593844,26.618049,0
          </coordinates>
        </Point>
      </Placemark>
      <Placemark>
        <name>بئر مشاش جارود</name>
        <styleUrl>#icon-1739-0F9D58-labelson-nodesc</styleUrl>
        <Point>
          <coordinates>
            42.752759,26.547496,0
          </coordinates>
        </Point>
      </Placemark>
      <Placemark>
        <name>ابار البريكة</name>
        <styleUrl>#icon-1739-0F9D58-labelson-nodesc</styleUrl>
        <Point>
          <coordinates>
            44.716608,27.517254,0
          </coordinates>
        </Point>
      </Placemark>
      <Placemark>
        <name>ابار الجفن</name>
        <styleUrl>#icon-1739-0F9D58-labelson-nodesc</styleUrl>
        <Point>
          <coordinates>
            41.636167,25.571923,0
          </coordinates>
        </Point>
      </Placemark>
      <Placemark>
        <name>ابار السوقية</name>
        <styleUrl>#icon-1739-0F9D58-labelson-nodesc</styleUrl>
        <Point>
          <coordinates>
            42.7354,25.28012,0
          </coordinates>
        </Point>
      </Placemark>
      <Placemark>
        <name>ابار السيافية</name>
        <styleUrl>#icon-1739-0F9D58-labelson-nodesc</styleUrl>
        <Point>
          <coordinates>
            41.3867,25.431247,0
          </coordinates>
        </Point>
      </Placemark>
      <Placemark>
        <name>ابار الطاهرية</name>
        <styleUrl>#icon-1739-0F9D58-labelson-nodesc</styleUrl>
        <Point>
          <coordinates>
            43.517125,25.586729,0
          </coordinates>
        </Point>
      </Placemark>
      <Placemark>
        <name>ابار العاشوقة</name>
        <styleUrl>#icon-1739-0F9D58-labelson-nodesc</styleUrl>
        <Point>
          <coordinates>
            42.800331,24.920683,0
          </coordinates>
        </Point>
      </Placemark>
      <Placemark>
        <name>ابار القعرية</name>
        <styleUrl>#icon-1739-0F9D58-labelson-nodesc</styleUrl>
        <Point>
          <coordinates>
            42.65444,25.584776,0
          </coordinates>
        </Point>
      </Placemark>
      <Placemark>
        <name>ابار المطيوي</name>
        <styleUrl>#icon-1739-0F9D58-labelson-nodesc</styleUrl>
        <Point>
          <coordinates>
            42.616439,26.384869,0
          </coordinates>
        </Point>
      </Placemark>
      <Placemark>
        <name>ابار ام جريف</name>
        <styleUrl>#icon-1739-0F9D58-labelson-nodesc</styleUrl>
        <Point>
          <coordinates>
            44.863293,26.924551,0
          </coordinates>
        </Point>
      </Placemark>
      <Placemark>
        <name>ابار بلعوم</name>
        <styleUrl>#icon-1739-0F9D58-labelson-nodesc</styleUrl>
        <Point>
          <coordinates>
            43.883901,27.275491,0
          </coordinates>
        </Point>
      </Placemark>
      <Placemark>
        <name>ابار تعيس</name>
        <styleUrl>#icon-1739-0F9D58-labelson-nodesc</styleUrl>
        <Point>
          <coordinates>
            41.795383,25.253255,0
          </coordinates>
        </Point>
      </Placemark>
      <Placemark>
        <name>ابار ثغب الجمل</name>
        <styleUrl>#icon-1739-0F9D58-labelson-nodesc</styleUrl>
        <Point>
          <coordinates>
            43.770604,27.931216,0
          </coordinates>
        </Point>
      </Placemark>
      <Placemark>
        <name>ابار شمطان</name>
        <styleUrl>#icon-1739-0F9D58-labelson-nodesc</styleUrl>
        <Point>
          <coordinates>
            41.569927,25.474184,0
          </coordinates>
        </Point>
      </Placemark>
      <Placemark>
        <name>ابار عبلاء</name>
        <styleUrl>#icon-1739-0F9D58-labelson-nodesc</styleUrl>
        <Point>
          <coordinates>
            41.829114,25.14837,0
          </coordinates>
        </Point>
      </Placemark>
      <Placemark>
        <name>ابار مطلق</name>
        <styleUrl>#icon-1739-0F9D58-labelson-nodesc</styleUrl>
        <Point>
          <coordinates>
            42.542882,25.106785,0
          </coordinates>
        </Point>
      </Placemark>
      <Placemark>
        <name>ابار مليح</name>
        <styleUrl>#icon-1739-0F9D58-labelson-nodesc</styleUrl>
        <Point>
          <coordinates>
            42.529922,25.241089,0
          </coordinates>
        </Point>
      </Placemark>
    </Folder>
    <Folder>
      <name>تجمع مياه</name>
      <Placemark>
        <name>وادي ابو شويحات</name>
        <styleUrl>#icon-1739-0288D1-labelson-nodesc</styleUrl>
        <Point>
          <coordinates>
            42.485847,26.148491,0
          </coordinates>
        </Point>
      </Placemark>
      <Placemark>
        <name>وادي ابو شويحات</name>
        <styleUrl>#icon-1739-0288D1-labelson-nodesc</styleUrl>
        <Point>
          <coordinates>
            42.594981,25.95932,0
          </coordinates>
        </Point>
      </Placemark>
      <Placemark>
        <name>وادي ابو نخلة</name>
        <styleUrl>#icon-1739-0288D1-labelson-nodesc</styleUrl>
        <Point>
          <coordinates>
            43.040721,26.057296,0
          </coordinates>
        </Point>
      </Placemark>
      <Placemark>
        <name>وادي ابو نخلة</name>
        <styleUrl>#icon-1739-0288D1-labelson-nodesc</styleUrl>
        <Point>
          <coordinates>
            43.154275,26.050215,0
          </coordinates>
        </Point>
      </Placemark>
      <Placemark>
        <name>وادي ابو نخلة</name>
        <styleUrl>#icon-1739-0288D1-labelson-nodesc</styleUrl>
        <Point>
          <coordinates>
            43.19983,26.018436,0
          </coordinates>
        </Point>
      </Placemark>
      <Placemark>
        <name>وادي ابو نخلة</name>
        <styleUrl>#icon-1739-0288D1-labelson-nodesc</styleUrl>
        <Point>
          <coordinates>
            43.249526,25.996249,0
          </coordinates>
        </Point>
      </Placemark>
      <Placemark>
        <name>وادي الابتر</name>
        <styleUrl>#icon-1739-0288D1-labelson-nodesc</styleUrl>
        <Point>
          <coordinates>
            42.823741,25.801005,0
          </coordinates>
        </Point>
      </Placemark>
      <Placemark>
        <name>وادي الابتر</name>
        <styleUrl>#icon-1739-0288D1-labelson-nodesc</styleUrl>
        <Point>
          <coordinates>
            42.890625,25.964942,0
          </coordinates>
        </Point>
      </Placemark>
      <Placemark>
        <name>وادي الابتر</name>
        <styleUrl>#icon-1739-0288D1-labelson-nodesc</styleUrl>
        <Point>
          <coordinates>
            42.833591,25.872674,0
          </coordinates>
        </Point>
      </Placemark>
      <Placemark>
        <name>وادي الابتر</name>
        <styleUrl>#icon-1739-0288D1-labelson-nodesc</styleUrl>
        <Point>
          <coordinates>
            42.833247,25.878446,0
          </coordinates>
        </Point>
      </Placemark>
      <Placemark>
        <name>وادي الاجردي</name>
        <styleUrl>#icon-1739-0288D1-labelson-nodesc</styleUrl>
        <Point>
          <coordinates>
            44.636528,27.383788,0
          </coordinates>
        </Point>
      </Placemark>
      <Placemark>
        <name>وادي الاجردي</name>
        <styleUrl>#icon-1739-0288D1-labelson-nodesc</styleUrl>
        <Point>
          <coordinates>
            44.64788,27.399259,0
          </coordinates>
        </Point>
      </Placemark>
      <Placemark>
        <name>وادي الاجردي</name>
        <styleUrl>#icon-1739-0288D1-labelson-nodesc</styleUrl>
        <Point>
          <coordinates>
            44.699142,27.491097,0
          </coordinates>
        </Point>
      </Placemark>
      <Placemark>
        <name>وادي الافيهد</name>
        <styleUrl>#icon-1739-0288D1-labelson-nodesc</styleUrl>
        <Point>
          <coordinates>
            42.397335,25.685155,0
          </coordinates>
        </Point>
      </Placemark>
      <Placemark>
        <name>وادي الترمس</name>
        <styleUrl>#icon-1739-0288D1-labelson-nodesc</styleUrl>
        <Point>
          <coordinates>
            42.769046,26.763597,0
          </coordinates>
        </Point>
      </Placemark>
      <Placemark>
        <name>وادي الترمس</name>
        <styleUrl>#icon-1739-0288D1-labelson-nodesc</styleUrl>
        <Point>
          <coordinates>
            43.03407,26.888738,0
          </coordinates>
        </Point>
      </Placemark>
      <Placemark>
        <name>وادي الترمس</name>
        <styleUrl>#icon-1739-0288D1-labelson-nodesc</styleUrl>
        <Point>
          <coordinates>
            43.54826,27.281628,0
          </coordinates>
        </Point>
      </Placemark>
      <Placemark>
        <name>وادي الترمس</name>
        <styleUrl>#icon-1739-0288D1-labelson-nodesc</styleUrl>
        <Point>
          <coordinates>
            43.602204,27.367458,0
          </coordinates>
        </Point>
      </Placemark>
      <Placemark>
        <name>وادي الجرير</name>
        <styleUrl>#icon-1739-0288D1-labelson-nodesc</styleUrl>
        <Point>
          <coordinates>
            42.329636,26.341953,0
          </coordinates>
        </Point>
      </Placemark>
      <Placemark>
        <name>وادي الجرير</name>
        <styleUrl>#icon-1739-0288D1-labelson-nodesc</styleUrl>
        <Point>
          <coordinates>
            42.19898,24.977889,0
          </coordinates>
        </Point>
      </Placemark>
      <Placemark>
        <name>وادي الجرير</name>
        <styleUrl>#icon-1739-0288D1-labelson-nodesc</styleUrl>
        <Point>
          <coordinates>
            42.306526,25.281043,0
          </coordinates>
        </Point>
      </Placemark>
      <Placemark>
        <name>وادي الجرير</name>
        <styleUrl>#icon-1739-0288D1-labelson-nodesc</styleUrl>
        <Point>
          <coordinates>
            42.490203,25.597737,0
          </coordinates>
        </Point>
      </Placemark>
      <Placemark>
        <name>وادي الجرير</name>
        <styleUrl>#icon-1739-0288D1-labelson-nodesc</styleUrl>
        <Point>
          <coordinates>
            42.756965,25.85907,0
          </coordinates>
        </Point>
      </Placemark>
      <Placemark>
        <name>وادي الجرير</name>
        <styleUrl>#icon-1739-0288D1-labelson-nodesc</styleUrl>
        <Point>
          <coordinates>
            42.764905,25.844285,0
          </coordinates>
        </Point>
      </Placemark>
      <Placemark>
        <name>وادي الجرير</name>
        <styleUrl>#icon-1739-0288D1-labelson-nodesc</styleUrl>
        <Point>
          <coordinates>
            42.756751,25.859027,0
          </coordinates>
        </Point>
      </Placemark>
      <Placemark>
        <name>وادي الجفن</name>
        <styleUrl>#icon-1739-0288D1-labelson-nodesc</styleUrl>
        <Point>
          <coordinates>
            41.461329,25.591149,0
          </coordinates>
        </Point>
      </Placemark>
      <Placemark>
        <name>وادي الجفن</name>
        <styleUrl>#icon-1739-0288D1-labelson-nodesc</styleUrl>
        <Point>
          <coordinates>
            41.810145,25.681186,0
          </coordinates>
        </Point>
      </Placemark>
      <Placemark>
        <name>وادي الخويش</name>
        <styleUrl>#icon-1739-0288D1-labelson-nodesc</styleUrl>
        <Point>
          <coordinates>
            41.385841,25.705261,0
          </coordinates>
        </Point>
      </Placemark>
      <Placemark>
        <name>وادي الخويش</name>
        <styleUrl>#icon-1739-0288D1-labelson-nodesc</styleUrl>
        <Point>
          <coordinates>
            41.368332,25.655308,0
          </coordinates>
        </Point>
      </Placemark>
      <Placemark>
        <name>وادي الداث</name>
        <styleUrl>#icon-1739-0288D1-labelson-nodesc</styleUrl>
        <Point>
          <coordinates>
            43.170004,25.591493,0
          </coordinates>
        </Point>
      </Placemark>
      <Placemark>
        <name>وادي الداث</name>
        <styleUrl>#icon-1739-0288D1-labelson-nodesc</styleUrl>
        <Point>
          <coordinates>
            43.087263,25.442491,0
          </coordinates>
        </Point>
      </Placemark>
      <Placemark>
        <name>وادي الرجل</name>
        <styleUrl>#icon-1739-0288D1-labelson-nodesc</styleUrl>
        <Point>
          <coordinates>
            42.224214,25.790041,0
          </coordinates>
        </Point>
      </Placemark>
      <Placemark>
        <name>وادي الرجل</name>
        <styleUrl>#icon-1739-0288D1-labelson-nodesc</styleUrl>
        <Point>
          <coordinates>
            42.144928,25.743027,0
          </coordinates>
        </Point>
      </Placemark>
      <Placemark>
        <name>وادي الرشاء</name>
        <styleUrl>#icon-1739-0288D1-labelson-nodesc</styleUrl>
        <Point>
          <coordinates>
            44.068351,25.547698,0
          </coordinates>
        </Point>
      </Placemark>
      <Placemark>
        <name>وادي الرضيمة</name>
        <styleUrl>#icon-1739-0288D1-labelson-nodesc</styleUrl>
        <Point>
          <coordinates>
            42.179003,24.814854,0
          </coordinates>
        </Point>
      </Placemark>
      <Placemark>
        <name>وادي الرمة</name>
        <styleUrl>#icon-1739-0288D1-labelson-nodesc</styleUrl>
        <Point>
          <coordinates>
            42.214601,25.832183,0
          </coordinates>
        </Point>
      </Placemark>
      <Placemark>
        <name>وادي الرمة</name>
        <styleUrl>#icon-1739-0288D1-labelson-nodesc</styleUrl>
        <Point>
          <coordinates>
            42.39918,25.719144,0
          </coordinates>
        </Point>
      </Placemark>
      <Placemark>
        <name>وادي الرمة</name>
        <styleUrl>#icon-1739-0288D1-labelson-nodesc</styleUrl>
        <Point>
          <coordinates>
            42.674568,25.680284,0
          </coordinates>
        </Point>
      </Placemark>
      <Placemark>
        <name>وادي الرمة</name>
        <styleUrl>#icon-1739-0288D1-labelson-nodesc</styleUrl>
        <Point>
          <coordinates>
            42.889144,25.68404,0
          </coordinates>
        </Point>
      </Placemark>
      <Placemark>
        <name>وادي الرمة</name>
        <styleUrl>#icon-1739-0288D1-labelson-nodesc</styleUrl>
        <Point>
          <coordinates>
            43.157945,25.756416,0
          </coordinates>
        </Point>
      </Placemark>
      <Placemark>
        <name>وادي الرمة</name>
        <styleUrl>#icon-1739-0288D1-labelson-nodesc</styleUrl>
        <Point>
          <coordinates>
            43.080955,25.709059,0
          </coordinates>
        </Point>
      </Placemark>
      <Placemark>
        <name>وادي الرمة</name>
        <styleUrl>#icon-1739-0288D1-labelson-nodesc</styleUrl>
        <Point>
          <coordinates>
            43.314478,25.827312,0
          </coordinates>
        </Point>
      </Placemark>
      <Placemark>
        <name>وادي الرمة</name>
        <styleUrl>#icon-1739-0288D1-labelson-nodesc</styleUrl>
        <Point>
          <coordinates>
            43.351965,25.86364,0
          </coordinates>
        </Point>
      </Placemark>
      <Placemark>
        <name>وادي الرمة</name>
        <styleUrl>#icon-1739-0288D1-labelson-nodesc</styleUrl>
        <Point>
          <coordinates>
            43.456292,25.925996,0
          </coordinates>
        </Point>
      </Placemark>
      <Placemark>
        <name>وادي الرمة</name>
        <styleUrl>#icon-1739-0288D1-labelson-nodesc</styleUrl>
        <Point>
          <coordinates>
            43.70003,26.022899,0
          </coordinates>
        </Point>
      </Placemark>
      <Placemark>
        <name>وادي الرمة</name>
        <styleUrl>#icon-1739-0288D1-labelson-nodesc</styleUrl>
        <Point>
          <coordinates>
            43.780303,26.057961,0
          </coordinates>
        </Point>
      </Placemark>
      <Placemark>
        <name>وادي الرمة</name>
        <styleUrl>#icon-1739-0288D1-labelson-nodesc</styleUrl>
        <Point>
          <coordinates>
            43.711445,26.028821,0
          </coordinates>
        </Point>
      </Placemark>
      <Placemark>
        <name>وادي الرمة</name>
        <styleUrl>#icon-1739-0288D1-labelson-nodesc</styleUrl>
        <Point>
          <coordinates>
            43.956749,26.146882,0
          </coordinates>
        </Point>
      </Placemark>
      <Placemark>
        <name>وادي الرمة</name>
        <styleUrl>#icon-1739-0288D1-labelson-nodesc</styleUrl>
        <Point>
          <coordinates>
            44.060583,26.309659,0
          </coordinates>
        </Point>
      </Placemark>
      <Placemark>
        <name>وادي الرمة</name>
        <styleUrl>#icon-1739-0288D1-labelson-nodesc</styleUrl>
        <Point>
          <coordinates>
            44.039919,26.21634,0
          </coordinates>
        </Point>
      </Placemark>
      <Placemark>
        <name>وادي الرمة</name>
        <styleUrl>#icon-1739-0288D1-labelson-nodesc</styleUrl>
        <Point>
          <coordinates>
            44.204135,26.450379,0
          </coordinates>
        </Point>
      </Placemark>
      <Placemark>
        <name>وادي الرمة</name>
        <styleUrl>#icon-1739-0288D1-labelson-nodesc</styleUrl>
        <Point>
          <coordinates>
            44.279323,26.535716,0
          </coordinates>
        </Point>
      </Placemark>
      <Placemark>
        <name>وادي الرمة</name>
        <styleUrl>#icon-1739-0288D1-labelson-nodesc</styleUrl>
        <Point>
          <coordinates>
            44.228897,26.485634,0
          </coordinates>
        </Point>
      </Placemark>
      <Placemark>
        <name>وادي الشعبة</name>
        <styleUrl>#icon-1739-0288D1-labelson-nodesc</styleUrl>
        <Point>
          <coordinates>
            41.913915,25.990434,0
          </coordinates>
        </Point>
      </Placemark>
      <Placemark>
        <name>وادي الطرفاوي الشرقي</name>
        <styleUrl>#icon-1739-0288D1-labelson-nodesc</styleUrl>
        <Point>
          <coordinates>
            41.383502,25.566065,0
          </coordinates>
        </Point>
      </Placemark>
      <Placemark>
        <name>وادي الطرفية</name>
        <styleUrl>#icon-1739-0288D1-labelson-nodesc</styleUrl>
        <Point>
          <coordinates>
            43.932266,26.577816,0
          </coordinates>
        </Point>
      </Placemark>
      <Placemark>
        <name>وادي العمودة</name>
        <styleUrl>#icon-1739-0288D1-labelson-nodesc</styleUrl>
        <Point>
          <coordinates>
            42.80194,26.005003,0
          </coordinates>
        </Point>
      </Placemark>
      <Placemark>
        <name>وادي العمودة</name>
        <styleUrl>#icon-1739-0288D1-labelson-nodesc</styleUrl>
        <Point>
          <coordinates>
            42.876184,26.234429,0
          </coordinates>
        </Point>
      </Placemark>
      <Placemark>
        <name>وادي الفويلق</name>
        <styleUrl>#icon-1739-0288D1-labelson-nodesc</styleUrl>
        <Point>
          <coordinates>
            43.582592,26.479733,0
          </coordinates>
        </Point>
      </Placemark>
      <Placemark>
        <name>وادي الفويلق</name>
        <styleUrl>#icon-1739-0288D1-labelson-nodesc</styleUrl>
        <Point>
          <coordinates>
            43.5883,26.469584,0
          </coordinates>
        </Point>
      </Placemark>
      <Placemark>
        <name>وادي القرين</name>
        <styleUrl>#icon-1739-0288D1-labelson-nodesc</styleUrl>
        <Point>
          <coordinates>
            43.310831,26.120811,0
          </coordinates>
        </Point>
      </Placemark>
      <Placemark>
        <name>وادي القرين</name>
        <styleUrl>#icon-1739-0288D1-labelson-nodesc</styleUrl>
        <Point>
          <coordinates>
            43.37692,26.031353,0
          </coordinates>
        </Point>
      </Placemark>
      <Placemark>
        <name>وادي القصيرة</name>
        <styleUrl>#icon-1739-0288D1-labelson-nodesc</styleUrl>
        <Point>
          <coordinates>
            41.368332,25.455666,0
          </coordinates>
        </Point>
      </Placemark>
      <Placemark>
        <name>وادي القصيرة</name>
        <styleUrl>#icon-1739-0288D1-labelson-nodesc</styleUrl>
        <Point>
          <coordinates>
            41.451759,25.288017,0
          </coordinates>
        </Point>
      </Placemark>
      <Placemark>
        <name>وادي المثواة</name>
        <styleUrl>#icon-1739-0288D1-labelson-nodesc</styleUrl>
        <Point>
          <coordinates>
            41.775041,25.455816,0
          </coordinates>
        </Point>
      </Placemark>
      <Placemark>
        <name>وادي المثواة</name>
        <styleUrl>#icon-1739-0288D1-labelson-nodesc</styleUrl>
        <Point>
          <coordinates>
            41.92179,25.302436,0
          </coordinates>
        </Point>
      </Placemark>
      <Placemark>
        <name>وادي المحلاني</name>
        <styleUrl>#icon-1739-0288D1-labelson-nodesc</styleUrl>
        <Point>
          <coordinates>
            42.190547,25.856195,0
          </coordinates>
        </Point>
      </Placemark>
      <Placemark>
        <name>وادي المصيقر</name>
        <styleUrl>#icon-1739-0288D1-labelson-nodesc</styleUrl>
        <Point>
          <coordinates>
            41.944878,25.726483,0
          </coordinates>
        </Point>
      </Placemark>
      <Placemark>
        <name>وادي المصيقر</name>
        <styleUrl>#icon-1739-0288D1-labelson-nodesc</styleUrl>
        <Point>
          <coordinates>
            42.121475,25.792336,0
          </coordinates>
        </Point>
      </Placemark>
      <Placemark>
        <name>وادي الملح</name>
        <styleUrl>#icon-1739-0288D1-labelson-nodesc</styleUrl>
        <Point>
          <coordinates>
            42.273288,25.818729,0
          </coordinates>
        </Point>
      </Placemark>
      <Placemark>
        <name>وادي المياه</name>
        <styleUrl>#icon-1739-0288D1-labelson-nodesc</styleUrl>
        <Point>
          <coordinates>
            42.245843,24.903967,0
          </coordinates>
        </Point>
      </Placemark>
      <Placemark>
        <name>وادي المياه</name>
        <styleUrl>#icon-1739-0288D1-labelson-nodesc</styleUrl>
        <Point>
          <coordinates>
            42.357423,24.850581,0
          </coordinates>
        </Point>
      </Placemark>
      <Placemark>
        <name>وادي المياه</name>
        <styleUrl>#icon-1739-0288D1-labelson-nodesc</styleUrl>
        <Point>
          <coordinates>
            42.357423,24.850581,0
          </coordinates>
        </Point>
      </Placemark>
      <Placemark>
        <name>وادي الميليح</name>
        <styleUrl>#icon-1739-0288D1-labelson-nodesc</styleUrl>
        <Point>
          <coordinates>
            41.501455,25.315375,0
          </coordinates>
        </Point>
      </Placemark>
      <Placemark>
        <name>وادي النساء</name>
        <styleUrl>#icon-1739-0288D1-labelson-nodesc</styleUrl>
        <Point>
          <coordinates>
            43.650141,25.941381,0
          </coordinates>
        </Point>
      </Placemark>
      <Placemark>
        <name>وادي النساء</name>
        <styleUrl>#icon-1739-0288D1-labelson-nodesc</styleUrl>
        <Point>
          <coordinates>
            43.6304,25.82654,0
          </coordinates>
        </Point>
      </Placemark>
      <Placemark>
        <name>وادي النساء</name>
        <styleUrl>#icon-1739-0288D1-labelson-nodesc</styleUrl>
        <Point>
          <coordinates>
            43.575897,25.486886,0
          </coordinates>
        </Point>
      </Placemark>
      <Placemark>
        <name>وادي النساء</name>
        <styleUrl>#icon-1739-0288D1-labelson-nodesc</styleUrl>
        <Point>
          <coordinates>
            43.489187,25.371766,0
          </coordinates>
        </Point>
      </Placemark>
      <Placemark>
        <name>وادي ام عجلة</name>
        <styleUrl>#icon-1739-0288D1-labelson-nodesc</styleUrl>
        <Point>
          <coordinates>
            41.679618,25.40318,0
          </coordinates>
        </Point>
      </Placemark>
      <Placemark>
        <name>وادي ام عجلة</name>
        <styleUrl>#icon-1739-0288D1-labelson-nodesc</styleUrl>
        <Point>
          <coordinates>
            41.859498,25.263126,0
          </coordinates>
        </Point>
      </Placemark>
      <Placemark>
        <name>وادي بدين</name>
        <styleUrl>#icon-1739-0288D1-labelson-nodesc</styleUrl>
        <Point>
          <coordinates>
            42.468832,25.587029,0
          </coordinates>
        </Point>
      </Placemark>
      <Placemark>
        <name>وادي ثادج</name>
        <styleUrl>#icon-1739-0288D1-labelson-nodesc</styleUrl>
        <Point>
          <coordinates>
            42.811553,26.001871,0
          </coordinates>
        </Point>
      </Placemark>
      <Placemark>
        <name>وادي ثادج</name>
        <styleUrl>#icon-1739-0288D1-labelson-nodesc</styleUrl>
        <Point>
          <coordinates>
            42.806189,25.854371,0
          </coordinates>
        </Point>
      </Placemark>
      <Placemark>
        <name>وادي ثادج</name>
        <styleUrl>#icon-1739-0288D1-labelson-nodesc</styleUrl>
        <Point>
          <coordinates>
            42.80591,25.854263,0
          </coordinates>
        </Point>
      </Placemark>
      <Placemark>
        <name>وادي ثادج</name>
        <styleUrl>#icon-1739-0288D1-labelson-nodesc</styleUrl>
        <Point>
          <coordinates>
            42.805331,25.872202,0
          </coordinates>
        </Point>
      </Placemark>
      <Placemark>
        <name>وادي ثادج</name>
        <styleUrl>#icon-1739-0288D1-labelson-nodesc</styleUrl>
        <Point>
          <coordinates>
            42.85301,25.718179,0
          </coordinates>
        </Point>
      </Placemark>
      <Placemark>
        <name>وادي جبيرة</name>
        <styleUrl>#icon-1739-0288D1-labelson-nodesc</styleUrl>
        <Point>
          <coordinates>
            41.724057,25.428135,0
          </coordinates>
        </Point>
      </Placemark>
      <Placemark>
        <name>وادي دوبح</name>
        <styleUrl>#icon-1739-0288D1-labelson-nodesc</styleUrl>
        <Point>
          <coordinates>
            42.20001,25.637434,0
          </coordinates>
        </Point>
      </Placemark>
      <Placemark>
        <name>وادي دوبح</name>
        <styleUrl>#icon-1739-0288D1-labelson-nodesc</styleUrl>
        <Point>
          <coordinates>
            42.27288,25.626533,0
          </coordinates>
        </Point>
      </Placemark>
      <Placemark>
        <name>وادي دوبح</name>
        <styleUrl>#icon-1739-0288D1-labelson-nodesc</styleUrl>
        <Point>
          <coordinates>
            42.428362,25.658591,0
          </coordinates>
        </Point>
      </Placemark>
      <Placemark>
        <name>وادي ساحوق</name>
        <styleUrl>#icon-1739-0288D1-labelson-nodesc</styleUrl>
        <Point>
          <coordinates>
            42.289746,25.286579,0
          </coordinates>
        </Point>
      </Placemark>
      <Placemark>
        <name>وادي عريفجان</name>
        <styleUrl>#icon-1739-0288D1-labelson-nodesc</styleUrl>
        <Point>
          <coordinates>
            42.002385,25.421269,0
          </coordinates>
        </Point>
      </Placemark>
      <Placemark>
        <name>وادي عريفجان</name>
        <styleUrl>#icon-1739-0288D1-labelson-nodesc</styleUrl>
        <Point>
          <coordinates>
            42.118299,25.332477,0
          </coordinates>
        </Point>
      </Placemark>
      <Placemark>
        <name>وادي عطا</name>
        <styleUrl>#icon-1739-0288D1-labelson-nodesc</styleUrl>
        <Point>
          <coordinates>
            42.498035,25.863705,0
          </coordinates>
        </Point>
      </Placemark>
      <Placemark>
        <name>وادي عطا</name>
        <styleUrl>#icon-1739-0288D1-labelson-nodesc</styleUrl>
        <Point>
          <coordinates>
            42.585497,25.792015,0
          </coordinates>
        </Point>
      </Placemark>
      <Placemark>
        <name>وادي عطا</name>
        <styleUrl>#icon-1739-0288D1-labelson-nodesc</styleUrl>
        <Point>
          <coordinates>
            42.49943,25.862932,0
          </coordinates>
        </Point>
      </Placemark>
      <Placemark>
        <name>وادي عطا</name>
        <styleUrl>#icon-1739-0288D1-labelson-nodesc</styleUrl>
        <Point>
          <coordinates>
            42.73452,25.702236,0
          </coordinates>
        </Point>
      </Placemark>
      <Placemark>
        <name>وادي عفير</name>
        <styleUrl>#icon-1739-0288D1-labelson-nodesc</styleUrl>
        <Point>
          <coordinates>
            41.568897,25.627284,0
          </coordinates>
        </Point>
      </Placemark>
      <Placemark>
        <name>وادي مبعوج</name>
        <styleUrl>#icon-1739-0288D1-labelson-nodesc</styleUrl>
        <Point>
          <coordinates>
            41.799095,25.16927,0
          </coordinates>
        </Point>
      </Placemark>
      <Placemark>
        <name>وادي هويشلة</name>
        <styleUrl>#icon-1739-0288D1-labelson-nodesc</styleUrl>
        <Point>
          <coordinates>
            42.796683,24.636583,0
          </coordinates>
        </Point>
      </Placemark>
      <Placemark>
        <name>وادي هويشلة</name>
        <styleUrl>#icon-1739-0288D1-labelson-nodesc</styleUrl>
        <Point>
          <coordinates>
            42.929399,24.660809,0
          </coordinates>
        </Point>
      </Placemark>
      <Placemark>
        <name>فيضة ام بعول</name>
        <styleUrl>#icon-1739-0288D1-labelson-nodesc</styleUrl>
        <Point>
          <coordinates>
            44.412231,27.400589,0
          </coordinates>
        </Point>
      </Placemark>
      <Placemark>
        <name>فياض البساتين</name>
        <styleUrl>#icon-1739-0288D1-labelson-nodesc</styleUrl>
        <Point>
          <coordinates>
            44.700322,27.55517,0
          </coordinates>
        </Point>
      </Placemark>
      <Placemark>
        <name>فياض الحجر</name>
        <styleUrl>#icon-1739-0288D1-labelson-nodesc</styleUrl>
        <Point>
          <coordinates>
            44.550161,25.770621,0
          </coordinates>
        </Point>
      </Placemark>
      <Placemark>
        <name>فياض الحجر</name>
        <styleUrl>#icon-1739-0288D1-labelson-nodesc</styleUrl>
        <Point>
          <coordinates>
            44.564366,25.735195,0
          </coordinates>
        </Point>
      </Placemark>
      <Placemark>
        <name>فياض الحجر</name>
        <styleUrl>#icon-1739-0288D1-labelson-nodesc</styleUrl>
        <Point>
          <coordinates>
            44.586747,25.685735,0
          </coordinates>
        </Point>
      </Placemark>
      <Placemark>
        <name>فياض الحجر</name>
        <styleUrl>#icon-1739-0288D1-labelson-nodesc</styleUrl>
        <Point>
          <coordinates>
            44.609749,25.654321,0
          </coordinates>
        </Point>
      </Placemark>
      <Placemark>
        <name>فياض الحجر</name>
        <styleUrl>#icon-1739-0288D1-labelson-nodesc</styleUrl>
        <Point>
          <coordinates>
            44.618247,25.645974,0
          </coordinates>
        </Point>
      </Placemark>
      <Placemark>
        <name>فياض الحجر</name>
        <styleUrl>#icon-1739-0288D1-labelson-nodesc</styleUrl>
        <Point>
          <coordinates>
            44.627388,25.637476,0
          </coordinates>
        </Point>
      </Placemark>
      <Placemark>
        <name>فياض الحجر</name>
        <styleUrl>#icon-1739-0288D1-labelson-nodesc</styleUrl>
        <Point>
          <coordinates>
            44.63258,25.64563,0
          </coordinates>
        </Point>
      </Placemark>
      <Placemark>
        <name>فياض الحجر</name>
        <styleUrl>#icon-1739-0288D1-labelson-nodesc</styleUrl>
        <Point>
          <coordinates>
            44.636636,25.623057,0
          </coordinates>
        </Point>
      </Placemark>
      <Placemark>
        <name>فياض الحجر</name>
        <styleUrl>#icon-1739-0288D1-labelson-nodesc</styleUrl>
        <Point>
          <coordinates>
            44.643438,25.604732,0
          </coordinates>
        </Point>
      </Placemark>
      <Placemark>
        <name>فياض الحجر</name>
        <styleUrl>#icon-1739-0288D1-labelson-nodesc</styleUrl>
        <Point>
          <coordinates>
            44.651914,25.59145,0
          </coordinates>
        </Point>
      </Placemark>
      <Placemark>
        <name>فياض الحجر</name>
        <styleUrl>#icon-1739-0288D1-labelson-nodesc</styleUrl>
        <Point>
          <coordinates>
            44.565697,25.700819,0
          </coordinates>
        </Point>
      </Placemark>
      <Placemark>
        <name>فياض الحجر</name>
        <styleUrl>#icon-1739-0288D1-labelson-nodesc</styleUrl>
        <Point>
          <coordinates>
            44.561083,25.690541,0
          </coordinates>
        </Point>
      </Placemark>
      <Placemark>
        <name>فياض الحجر</name>
        <styleUrl>#icon-1739-0288D1-labelson-nodesc</styleUrl>
        <Point>
          <coordinates>
            44.68646,25.534973,0
          </coordinates>
        </Point>
      </Placemark>
      <Placemark>
        <name>فياض الكدر</name>
        <styleUrl>#icon-1739-0288D1-labelson-nodesc</styleUrl>
        <Point>
          <coordinates>
            44.024191,27.642889,0
          </coordinates>
        </Point>
      </Placemark>
      <Placemark>
        <name>فيضة أم حسيان</name>
        <styleUrl>#icon-1739-0288D1-labelson-nodesc</styleUrl>
        <Point>
          <coordinates>
            44.876468,26.986027,0
          </coordinates>
        </Point>
      </Placemark>
      <Placemark>
        <name>فيضة ابا الجرفان</name>
        <styleUrl>#icon-1739-0288D1-labelson-nodesc</styleUrl>
        <Point>
          <coordinates>
            43.79837,27.955055,0
          </coordinates>
        </Point>
      </Placemark>
      <Placemark>
        <name>فيضة ابقرية</name>
        <styleUrl>#icon-1739-0288D1-labelson-nodesc</styleUrl>
        <Point>
          <coordinates>
            43.392735,26.831532,0
          </coordinates>
        </Point>
      </Placemark>
      <Placemark>
        <name>فيضة الجرذانية</name>
        <styleUrl>#icon-1739-0288D1-labelson-nodesc</styleUrl>
        <Point>
          <coordinates>
            43.347416,26.796169,0
          </coordinates>
        </Point>
      </Placemark>
      <Placemark>
        <name>فيضة الخيل</name>
        <styleUrl>#icon-1739-0288D1-labelson-nodesc</styleUrl>
        <Point>
          <coordinates>
            42.762051,26.355686,0
          </coordinates>
        </Point>
      </Placemark>
      <Placemark>
        <name>فيضة الدحل</name>
        <styleUrl>#icon-1739-0288D1-labelson-nodesc</styleUrl>
        <Point>
          <coordinates>
            44.256964,27.750692,0
          </coordinates>
        </Point>
      </Placemark>
      <Placemark>
        <name>فيضة الدويرة</name>
        <styleUrl>#icon-1739-0288D1-labelson-nodesc</styleUrl>
        <Point>
          <coordinates>
            44.377213,27.390976,0
          </coordinates>
        </Point>
      </Placemark>
      <Placemark>
        <name>فيضة الرديفة</name>
        <styleUrl>#icon-1739-0288D1-labelson-nodesc</styleUrl>
        <Point>
          <coordinates>
            44.062407,27.684324,0
          </coordinates>
        </Point>
      </Placemark>
      <Placemark>
        <name>فيضة السريج</name>
        <styleUrl>#icon-1739-0288D1-labelson-nodesc</styleUrl>
        <Point>
          <coordinates>
            44.212096,26.57052,0
          </coordinates>
        </Point>
      </Placemark>
      <Placemark>
        <name>فيضة السكة</name>
        <styleUrl>#icon-1739-0288D1-labelson-nodesc</styleUrl>
        <Point>
          <coordinates>
            44.182549,26.568031,0
          </coordinates>
        </Point>
      </Placemark>
      <Placemark>
        <name>فيضة الصريف</name>
        <styleUrl>#icon-1739-0288D1-labelson-nodesc</styleUrl>
        <Point>
          <coordinates>
            44.221001,26.580563,0
          </coordinates>
        </Point>
      </Placemark>
      <Placemark>
        <name>فيضة العبيد</name>
        <styleUrl>#icon-1739-0288D1-labelson-nodesc</styleUrl>
        <Point>
          <coordinates>
            44.664059,25.740623,0
          </coordinates>
        </Point>
      </Placemark>
      <Placemark>
        <name>فيضة الفروود</name>
        <styleUrl>#icon-1739-0288D1-labelson-nodesc</styleUrl>
        <Point>
          <coordinates>
            44.606638,27.508135,0
          </coordinates>
        </Point>
      </Placemark>
      <Placemark>
        <name>فيضة الفويلق</name>
        <styleUrl>#icon-1739-0288D1-labelson-nodesc</styleUrl>
        <Point>
          <coordinates>
            44.055862,27.890167,0
          </coordinates>
        </Point>
      </Placemark>
      <Placemark>
        <name>فيضة القوعي</name>
        <styleUrl>#icon-1739-0288D1-labelson-nodesc</styleUrl>
        <Point>
          <coordinates>
            44.352858,27.711489,0
          </coordinates>
        </Point>
      </Placemark>
      <Placemark>
        <name>فيضة القوعي</name>
        <styleUrl>#icon-1739-0288D1-labelson-nodesc</styleUrl>
        <Point>
          <coordinates>
            44.319019,27.678165,0
          </coordinates>
        </Point>
      </Placemark>
      <Placemark>
        <name>فيضة الكحيل</name>
        <styleUrl>#icon-1739-0288D1-labelson-nodesc</styleUrl>
        <Point>
          <coordinates>
            44.685259,27.615767,0
          </coordinates>
        </Point>
      </Placemark>
      <Placemark>
        <name>فيضة الكون</name>
        <styleUrl>#icon-1739-0288D1-labelson-nodesc</styleUrl>
        <Point>
          <coordinates>
            43.757858,27.877121,0
          </coordinates>
        </Point>
      </Placemark>
      <Placemark>
        <name>فيضة المديسيسات</name>
        <styleUrl>#icon-1739-0288D1-labelson-nodesc</styleUrl>
        <Point>
          <coordinates>
            44.311981,27.786827,0
          </coordinates>
        </Point>
      </Placemark>
      <Placemark>
        <name>فيضة المسيبي</name>
        <styleUrl>#icon-1739-0288D1-labelson-nodesc</styleUrl>
        <Point>
          <coordinates>
            43.541608,26.708879,0
          </coordinates>
        </Point>
      </Placemark>
      <Placemark>
        <name>فيضة المعبا</name>
        <styleUrl>#icon-1739-0288D1-labelson-nodesc</styleUrl>
        <Point>
          <coordinates>
            44.537544,27.742023,0
          </coordinates>
        </Point>
      </Placemark>
      <Placemark>
        <name>فيضة المعيذر</name>
        <styleUrl>#icon-1739-0288D1-labelson-nodesc</styleUrl>
        <Point>
          <coordinates>
            43.405437,26.851788,0
          </coordinates>
        </Point>
      </Placemark>
      <Placemark>
        <name>فيضة النعائم</name>
        <styleUrl>#icon-1739-0288D1-labelson-nodesc</styleUrl>
        <Point>
          <coordinates>
            44.56398,27.532725,0
          </coordinates>
        </Point>
      </Placemark>
      <Placemark>
        <name>فيضة النعام</name>
        <styleUrl>#icon-1739-0288D1-labelson-nodesc</styleUrl>
        <Point>
          <coordinates>
            44.544411,27.524185,0
          </coordinates>
        </Point>
      </Placemark>
      <Placemark>
        <name>فيضة الهامل</name>
        <styleUrl>#icon-1739-0288D1-labelson-nodesc</styleUrl>
        <Point>
          <coordinates>
            44.173279,27.838497,0
          </coordinates>
        </Point>
      </Placemark>
      <Placemark>
        <name>فيضة ام الحمير</name>
        <styleUrl>#icon-1739-0288D1-labelson-nodesc</styleUrl>
        <Point>
          <coordinates>
            44.646013,27.547853,0
          </coordinates>
        </Point>
      </Placemark>
      <Placemark>
        <name>فيضة ام السروج الجنوبية</name>
        <styleUrl>#icon-1739-0288D1-labelson-nodesc</styleUrl>
        <Point>
          <coordinates>
            44.428196,27.623577,0
          </coordinates>
        </Point>
      </Placemark>
      <Placemark>
        <name>فيضة ام خرمة</name>
        <styleUrl>#icon-1739-0288D1-labelson-nodesc</styleUrl>
        <Point>
          <coordinates>
            44.695044,27.533026,0
          </coordinates>
        </Point>
      </Placemark>
      <Placemark>
        <name>فيضة ام رشاد</name>
        <styleUrl>#icon-1739-0288D1-labelson-nodesc</styleUrl>
        <Point>
          <coordinates>
            43.937759,27.8512,0
          </coordinates>
        </Point>
      </Placemark>
      <Placemark>
        <name>فيضة ام رمل</name>
        <styleUrl>#icon-1739-0288D1-labelson-nodesc</styleUrl>
        <Point>
          <coordinates>
            44.687083,27.579095,0
          </coordinates>
        </Point>
      </Placemark>
      <Placemark>
        <name>فيضة ام سديرة</name>
        <styleUrl>#icon-1739-0288D1-labelson-nodesc</styleUrl>
        <Point>
          <coordinates>
            44.517975,27.539291,0
          </coordinates>
        </Point>
      </Placemark>
      <Placemark>
        <name>فيضة ام سروج الشمالية</name>
        <styleUrl>#icon-1739-0288D1-labelson-nodesc</styleUrl>
        <Point>
          <coordinates>
            44.437208,27.640142,0
          </coordinates>
        </Point>
      </Placemark>
      <Placemark>
        <name>فيضة ام سوس</name>
        <styleUrl>#icon-1739-0288D1-labelson-nodesc</styleUrl>
        <Point>
          <coordinates>
            44.628868,27.544956,0
          </coordinates>
        </Point>
      </Placemark>
      <Placemark>
        <name>فيضة ام عشر</name>
        <styleUrl>#icon-1739-0288D1-labelson-nodesc</styleUrl>
        <Point>
          <coordinates>
            44.423218,26.042318,0
          </coordinates>
        </Point>
      </Placemark>
      <Placemark>
        <name>فيضة بريكة الأجردي</name>
        <styleUrl>#icon-1739-0288D1-labelson-nodesc</styleUrl>
        <Point>
          <coordinates>
            44.711716,27.503586,0
          </coordinates>
        </Point>
      </Placemark>
      <Placemark>
        <name>فيضة بلادة</name>
        <styleUrl>#icon-1739-0288D1-labelson-nodesc</styleUrl>
        <Point>
          <coordinates>
            44.697361,25.656853,0
          </coordinates>
        </Point>
      </Placemark>
      <Placemark>
        <name>فيضة دخان</name>
        <styleUrl>#icon-1739-0288D1-labelson-nodesc</styleUrl>
        <Point>
          <coordinates>
            44.142895,27.840042,0
          </coordinates>
        </Point>
      </Placemark>
      <Placemark>
        <name>فيضة طلح</name>
        <styleUrl>#icon-1739-0288D1-labelson-nodesc</styleUrl>
        <Point>
          <coordinates>
            44.273529,27.777386,0
          </coordinates>
        </Point>
      </Placemark>
      <Placemark>
        <name>فيضة طيب اسم</name>
        <styleUrl>#icon-1739-0288D1-labelson-nodesc</styleUrl>
        <Point>
          <coordinates>
            44.609642,27.564354,0
          </coordinates>
        </Point>
      </Placemark>
      <Placemark>
        <name>فيضة عزاير</name>
        <styleUrl>#icon-1739-0288D1-labelson-nodesc</styleUrl>
        <Point>
          <coordinates>
            44.891424,26.975877,0
          </coordinates>
        </Point>
      </Placemark>
      <Placemark>
        <name>فيضة عشر</name>
        <styleUrl>#icon-1739-0288D1-labelson-nodesc</styleUrl>
        <Point>
          <coordinates>
            44.646206,27.416854,0
          </coordinates>
        </Point>
      </Placemark>
      <Placemark>
        <name>فيضة عوشق</name>
        <styleUrl>#icon-1739-0288D1-labelson-nodesc</styleUrl>
        <Point>
          <coordinates>
            44.328117,26.445465,0
          </coordinates>
        </Point>
      </Placemark>
      <Placemark>
        <name>فيضة مسمارة</name>
        <styleUrl>#icon-1739-0288D1-labelson-nodesc</styleUrl>
        <Point>
          <coordinates>
            44.276619,27.75816,0
          </coordinates>
        </Point>
      </Placemark>
      <Placemark>
        <name>فيضة معيفن</name>
        <styleUrl>#icon-1739-0288D1-labelson-nodesc</styleUrl>
        <Point>
          <coordinates>
            44.698391,25.771866,0
          </coordinates>
        </Point>
      </Placemark>
      <Placemark>
        <name>فيضة مغمية</name>
        <styleUrl>#icon-1739-0288D1-labelson-nodesc</styleUrl>
        <Point>
          <coordinates>
            44.658566,27.600059,0
          </coordinates>
        </Point>
      </Placemark>
      <Placemark>
        <name>شعبان مديسيسات</name>
        <styleUrl>#icon-1739-0288D1-labelson-nodesc</styleUrl>
        <Point>
          <coordinates>
            44.316895,27.756743,0
          </coordinates>
        </Point>
      </Placemark>
      <Placemark>
        <name>شعبان مديسيسات</name>
        <styleUrl>#icon-1739-0288D1-labelson-nodesc</styleUrl>
        <Point>
          <coordinates>
            44.294815,27.720051,0
          </coordinates>
        </Point>
      </Placemark>
      <Placemark>
        <name>شعيب أبو الغنائم</name>
        <styleUrl>#icon-1739-0288D1-labelson-nodesc</styleUrl>
        <Point>
          <coordinates>
            44.195895,27.679131,0
          </coordinates>
        </Point>
      </Placemark>
      <Placemark>
        <name>شعيب ابا الجرفان</name>
        <styleUrl>#icon-1739-0288D1-labelson-nodesc</styleUrl>
        <Point>
          <coordinates>
            43.822532,28.019793,0
          </coordinates>
        </Point>
      </Placemark>
      <Placemark>
        <name>شعيب ابا الجرفان</name>
        <styleUrl>#icon-1739-0288D1-labelson-nodesc</styleUrl>
        <Point>
          <coordinates>
            43.912826,28.101461,0
          </coordinates>
        </Point>
      </Placemark>
      <Placemark>
        <name>شعيب ابا الحياص</name>
        <styleUrl>#icon-1739-0288D1-labelson-nodesc</styleUrl>
        <Point>
          <coordinates>
            44.551277,27.532597,0
          </coordinates>
        </Point>
      </Placemark>
      <Placemark>
        <name>شعيب ابا القد</name>
        <styleUrl>#icon-1739-0288D1-labelson-nodesc</styleUrl>
        <Point>
          <coordinates>
            43.367565,25.539136,0
          </coordinates>
        </Point>
      </Placemark>
      <Placemark>
        <name>شعيب ابا القد</name>
        <styleUrl>#icon-1739-0288D1-labelson-nodesc</styleUrl>
        <Point>
          <coordinates>
            43.384259,25.50107,0
          </coordinates>
        </Point>
      </Placemark>
      <Placemark>
        <name>شعيب ابا القد</name>
        <styleUrl>#icon-1739-0288D1-labelson-nodesc</styleUrl>
        <Point>
          <coordinates>
            43.423333,25.451653,0
          </coordinates>
        </Point>
      </Placemark>
      <Placemark>
        <name>شعيب ابن صخيبر</name>
        <styleUrl>#icon-1739-0288D1-labelson-nodesc</styleUrl>
        <Point>
          <coordinates>
            41.540165,25.559177,0
          </coordinates>
        </Point>
      </Placemark>
      <Placemark>
        <name>شعيب ابو ارطى</name>
        <styleUrl>#icon-1739-0288D1-labelson-nodesc</styleUrl>
        <Point>
          <coordinates>
            43.071384,26.137912,0
          </coordinates>
        </Point>
      </Placemark>
      <Placemark>
        <name>شعيب ابو ارطى</name>
        <styleUrl>#icon-1739-0288D1-labelson-nodesc</styleUrl>
        <Point>
          <coordinates>
            44.602089,27.673531,0
          </coordinates>
        </Point>
      </Placemark>
      <Placemark>
        <name>شعيب ابو بطحاء</name>
        <styleUrl>#icon-1739-0288D1-labelson-nodesc</styleUrl>
        <Point>
          <coordinates>
            43.737946,25.230274,0
          </coordinates>
        </Point>
      </Placemark>
      <Placemark>
        <name>شعيب ابو ثمام</name>
        <styleUrl>#icon-1739-0288D1-labelson-nodesc</styleUrl>
        <Point>
          <coordinates>
            42.376521,24.69379,0
          </coordinates>
        </Point>
      </Placemark>
      <Placemark>
        <name>شعيب ابو جصة</name>
        <styleUrl>#icon-1739-0288D1-labelson-nodesc</styleUrl>
        <Point>
          <coordinates>
            44.214134,25.903015,0
          </coordinates>
        </Point>
      </Placemark>
      <Placemark>
        <name>شعيب ابو خريط</name>
        <styleUrl>#icon-1739-0288D1-labelson-nodesc</styleUrl>
        <Point>
          <coordinates>
            42.140079,26.35633,0
          </coordinates>
        </Point>
      </Placemark>
      <Placemark>
        <name>شعيب ابو خريط</name>
        <styleUrl>#icon-1739-0288D1-labelson-nodesc</styleUrl>
        <Point>
          <coordinates>
            42.163789,26.16673,0
          </coordinates>
        </Point>
      </Placemark>
      <Placemark>
        <name>شعيب ابو خشب</name>
        <styleUrl>#icon-1739-0288D1-labelson-nodesc</styleUrl>
        <Point>
          <coordinates>
            43.004673,26.14435,0
          </coordinates>
        </Point>
      </Placemark>
      <Placemark>
        <name>شعيب ابو خويمة</name>
        <styleUrl>#icon-1739-0288D1-labelson-nodesc</styleUrl>
        <Point>
          <coordinates>
            44.366806,27.506375,0
          </coordinates>
        </Point>
      </Placemark>
      <Placemark>
        <name>شعيب ابو خويمة</name>
        <styleUrl>#icon-1739-0288D1-labelson-nodesc</styleUrl>
        <Point>
          <coordinates>
            44.668694,27.499745,0
          </coordinates>
        </Point>
      </Placemark>
      <Placemark>
        <name>شعيب ابو رمث</name>
        <styleUrl>#icon-1739-0288D1-labelson-nodesc</styleUrl>
        <Point>
          <coordinates>
            43.061535,25.920761,0
          </coordinates>
        </Point>
      </Placemark>
      <Placemark>
        <name>شعيب ابو رمث</name>
        <styleUrl>#icon-1739-0288D1-labelson-nodesc</styleUrl>
        <Point>
          <coordinates>
            43.144748,25.866966,0
          </coordinates>
        </Point>
      </Placemark>
      <Placemark>
        <name>شعيب ابو رمث</name>
        <styleUrl>#icon-1739-0288D1-labelson-nodesc</styleUrl>
        <Point>
          <coordinates>
            42.864211,25.327778,0
          </coordinates>
        </Point>
      </Placemark>
      <Placemark>
        <name>شعيب ابو رمثة</name>
        <styleUrl>#icon-1739-0288D1-labelson-nodesc</styleUrl>
        <Point>
          <coordinates>
            43.017654,25.437212,0
          </coordinates>
        </Point>
      </Placemark>
      <Placemark>
        <name>شعيب ابو زرايب</name>
        <styleUrl>#icon-1739-0288D1-labelson-nodesc</styleUrl>
        <Point>
          <coordinates>
            41.764977,25.335953,0
          </coordinates>
        </Point>
      </Placemark>
      <Placemark>
        <name>شعيب ابو سلم</name>
        <styleUrl>#icon-1739-0288D1-labelson-nodesc</styleUrl>
        <Point>
          <coordinates>
            42.580261,25.324173,0
          </coordinates>
        </Point>
      </Placemark>
      <Placemark>
        <name>شعيب ابو شويحات</name>
        <styleUrl>#icon-1739-0288D1-labelson-nodesc</styleUrl>
        <Point>
          <coordinates>
            42.745335,26.86022,0
          </coordinates>
        </Point>
      </Placemark>
      <Placemark>
        <name>شعيب ابو شويحات</name>
        <styleUrl>#icon-1739-0288D1-labelson-nodesc</styleUrl>
        <Point>
          <coordinates>
            42.978301,26.703043,0
          </coordinates>
        </Point>
      </Placemark>
      <Placemark>
        <name>شعيب ابو شيحات</name>
        <styleUrl>#icon-1739-0288D1-labelson-nodesc</styleUrl>
        <Point>
          <coordinates>
            42.133555,25.950694,0
          </coordinates>
        </Point>
      </Placemark>
      <Placemark>
        <name>شعيب ابو شيحات</name>
        <styleUrl>#icon-1739-0288D1-labelson-nodesc</styleUrl>
        <Point>
          <coordinates>
            42.074997,26.199174,0
          </coordinates>
        </Point>
      </Placemark>
      <Placemark>
        <name>شعيب ابو صعانين</name>
        <styleUrl>#icon-1739-0288D1-labelson-nodesc</styleUrl>
        <Point>
          <coordinates>
            41.641874,25.383825,0
          </coordinates>
        </Point>
      </Placemark>
      <Placemark>
        <name>شعيب ابو صعانين</name>
        <styleUrl>#icon-1739-0288D1-labelson-nodesc</styleUrl>
        <Point>
          <coordinates>
            41.761823,25.267031,0
          </coordinates>
        </Point>
      </Placemark>
      <Placemark>
        <name>شعيب ابو عاذر</name>
        <styleUrl>#icon-1739-0288D1-labelson-nodesc</styleUrl>
        <Point>
          <coordinates>
            44.316573,25.618594,0
          </coordinates>
        </Point>
      </Placemark>
      <Placemark>
        <name>شعيب ابو عجارم</name>
        <styleUrl>#icon-1739-0288D1-labelson-nodesc</styleUrl>
        <Point>
          <coordinates>
            42.15349,26.153061,0
          </coordinates>
        </Point>
      </Placemark>
      <Placemark>
        <name>شعيب ابو عشر</name>
        <styleUrl>#icon-1739-0288D1-labelson-nodesc</styleUrl>
        <Point>
          <coordinates>
            43.577549,25.71393,0
          </coordinates>
        </Point>
      </Placemark>
      <Placemark>
        <name>شعيب ابو عشر</name>
        <styleUrl>#icon-1739-0288D1-labelson-nodesc</styleUrl>
        <Point>
          <coordinates>
            43.550084,25.65623,0
          </coordinates>
        </Point>
      </Placemark>
      <Placemark>
        <name>شعيب ابو عشر</name>
        <styleUrl>#icon-1739-0288D1-labelson-nodesc</styleUrl>
        <Point>
          <coordinates>
            44.637644,25.823643,0
          </coordinates>
        </Point>
      </Placemark>
      <Placemark>
        <name>شعيب ابو عشر</name>
        <styleUrl>#icon-1739-0288D1-labelson-nodesc</styleUrl>
        <Point>
          <coordinates>
            44.585202,27.680182,0
          </coordinates>
        </Point>
      </Placemark>
      <Placemark>
        <name>شعيب ابو عماير</name>
        <styleUrl>#icon-1739-0288D1-labelson-nodesc</styleUrl>
        <Point>
          <coordinates>
            42.131367,25.95005,0
          </coordinates>
        </Point>
      </Placemark>
      <Placemark>
        <name>شعيب ابو فريعة</name>
        <styleUrl>#icon-1739-0288D1-labelson-nodesc</styleUrl>
        <Point>
          <coordinates>
            42.492778,25.995519,0
          </coordinates>
        </Point>
      </Placemark>
      <Placemark>
        <name>شعيب ابو قطايف</name>
        <styleUrl>#icon-1739-0288D1-labelson-nodesc</styleUrl>
        <Point>
          <coordinates>
            42.887728,26.42478,0
          </coordinates>
        </Point>
      </Placemark>
      <Placemark>
        <name>شعيب ابو قطايف</name>
        <styleUrl>#icon-1739-0288D1-labelson-nodesc</styleUrl>
        <Point>
          <coordinates>
            42.858632,26.399889,0
          </coordinates>
        </Point>
      </Placemark>
      <Placemark>
        <name>شعيب ابو مراكي</name>
        <styleUrl>#icon-1739-0288D1-labelson-nodesc</styleUrl>
        <Point>
          <coordinates>
            44.209156,27.661471,0
          </coordinates>
        </Point>
      </Placemark>
      <Placemark>
        <name>شعيب ابو مراكي</name>
        <styleUrl>#icon-1739-0288D1-labelson-nodesc</styleUrl>
        <Point>
          <coordinates>
            44.239712,27.848561,0
          </coordinates>
        </Point>
      </Placemark>
      <Placemark>
        <name>شعيب ابو مروة</name>
        <styleUrl>#icon-1739-0288D1-labelson-nodesc</styleUrl>
        <Point>
          <coordinates>
            43.407326,25.848749,0
          </coordinates>
        </Point>
      </Placemark>
      <Placemark>
        <name>شعيب ابو مروة</name>
        <styleUrl>#icon-1739-0288D1-labelson-nodesc</styleUrl>
        <Point>
          <coordinates>
            43.431809,25.760987,0
          </coordinates>
        </Point>
      </Placemark>
      <Placemark>
        <name>شعيب ابو مروة</name>
        <styleUrl>#icon-1739-0288D1-labelson-nodesc</styleUrl>
        <Point>
          <coordinates>
            43.424771,25.810533,0
          </coordinates>
        </Point>
      </Placemark>
      <Placemark>
        <name>شعيب ابو مروة</name>
        <styleUrl>#icon-1739-0288D1-labelson-nodesc</styleUrl>
        <Point>
          <coordinates>
            43.427625,25.794203,0
          </coordinates>
        </Point>
      </Placemark>
      <Placemark>
        <name>شعيب ابو مروة</name>
        <styleUrl>#icon-1739-0288D1-labelson-nodesc</styleUrl>
        <Point>
          <coordinates>
            43.56519,25.31971,0
          </coordinates>
        </Point>
      </Placemark>
      <Placemark>
        <name>شعيب ابو مساجد</name>
        <styleUrl>#icon-1739-0288D1-labelson-nodesc</styleUrl>
        <Point>
          <coordinates>
            44.169095,26.584811,0
          </coordinates>
        </Point>
      </Placemark>
      <Placemark>
        <name>شعيب ابو مقاوع</name>
        <styleUrl>#icon-1739-0288D1-labelson-nodesc</styleUrl>
        <Point>
          <coordinates>
            43.753138,25.23993,0
          </coordinates>
        </Point>
      </Placemark>
      <Placemark>
        <name>شعيب ابو نبطة</name>
        <styleUrl>#icon-1739-0288D1-labelson-nodesc</styleUrl>
        <Point>
          <coordinates>
            43.014457,26.501641,0
          </coordinates>
        </Point>
      </Placemark>
      <Placemark>
        <name>شعيب ابو نخلة</name>
        <styleUrl>#icon-1739-0288D1-labelson-nodesc</styleUrl>
        <Point>
          <coordinates>
            44.256105,27.555621,0
          </coordinates>
        </Point>
      </Placemark>
      <Placemark>
        <name>شعيب ابو نخلة</name>
        <styleUrl>#icon-1739-0288D1-labelson-nodesc</styleUrl>
        <Point>
          <coordinates>
            44.408348,26.149263,0
          </coordinates>
        </Point>
      </Placemark>
      <Placemark>
        <name>شعيب ابو نخلة</name>
        <styleUrl>#icon-1739-0288D1-labelson-nodesc</styleUrl>
        <Point>
          <coordinates>
            44.42193,26.295669,0
          </coordinates>
        </Point>
      </Placemark>
      <Placemark>
        <name>شعيب ابو نخلة</name>
        <styleUrl>#icon-1739-0288D1-labelson-nodesc</styleUrl>
        <Point>
          <coordinates>
            43.421681,25.19856,0
          </coordinates>
        </Point>
      </Placemark>
      <Placemark>
        <name>شعيب ابو هضيد الشرقي</name>
        <styleUrl>#icon-1739-0288D1-labelson-nodesc</styleUrl>
        <Point>
          <coordinates>
            43.133655,24.741812,0
          </coordinates>
        </Point>
      </Placemark>
      <Placemark>
        <name>شعيب ابو هضيد الغربي</name>
        <styleUrl>#icon-1739-0288D1-labelson-nodesc</styleUrl>
        <Point>
          <coordinates>
            43.080826,24.852276,0
          </coordinates>
        </Point>
      </Placemark>
      <Placemark>
        <name>شعيب ابوسلم</name>
        <styleUrl>#icon-1739-0288D1-labelson-nodesc</styleUrl>
        <Point>
          <coordinates>
            42.265198,25.663762,0
          </coordinates>
        </Point>
      </Placemark>
      <Placemark>
        <name>شعيب ابوسلم</name>
        <styleUrl>#icon-1739-0288D1-labelson-nodesc</styleUrl>
        <Point>
          <coordinates>
            42.344677,25.685306,0
          </coordinates>
        </Point>
      </Placemark>
      <Placemark>
        <name>شعيب ارطاوي دويرجة</name>
        <styleUrl>#icon-1739-0288D1-labelson-nodesc</styleUrl>
        <Point>
          <coordinates>
            43.673723,25.455859,0
          </coordinates>
        </Point>
      </Placemark>
      <Placemark>
        <name>شعيب افيعية</name>
        <styleUrl>#icon-1739-0288D1-labelson-nodesc</styleUrl>
        <Point>
          <coordinates>
            41.459806,25.543385,0
          </coordinates>
        </Point>
      </Placemark>
      <Placemark>
        <name>شعيب اقرنين</name>
        <styleUrl>#icon-1739-0288D1-labelson-nodesc</styleUrl>
        <Point>
          <coordinates>
            41.994274,25.885055,0
          </coordinates>
        </Point>
      </Placemark>
      <Placemark>
        <name>شعيب اقرنين</name>
        <styleUrl>#icon-1739-0288D1-labelson-nodesc</styleUrl>
        <Point>
          <coordinates>
            41.93711,25.866623,0
          </coordinates>
        </Point>
      </Placemark>
      <Placemark>
        <name>شعيب اقرنين</name>
        <styleUrl>#icon-1739-0288D1-labelson-nodesc</styleUrl>
        <Point>
          <coordinates>
            41.853619,25.84671,0
          </coordinates>
        </Point>
      </Placemark>
      <Placemark>
        <name>شعيب الاخاضر</name>
        <styleUrl>#icon-1739-0288D1-labelson-nodesc</styleUrl>
        <Point>
          <coordinates>
            41.879604,25.792465,0
          </coordinates>
        </Point>
      </Placemark>
      <Placemark>
        <name>شعيب الادغم</name>
        <styleUrl>#icon-1739-0288D1-labelson-nodesc</styleUrl>
        <Point>
          <coordinates>
            44.43032,26.334765,0
          </coordinates>
        </Point>
      </Placemark>
      <Placemark>
        <name>شعيب الادغم</name>
        <styleUrl>#icon-1739-0288D1-labelson-nodesc</styleUrl>
        <Point>
          <coordinates>
            44.415364,26.393387,0
          </coordinates>
        </Point>
      </Placemark>
      <Placemark>
        <name>شعيب الادغم</name>
        <styleUrl>#icon-1739-0288D1-labelson-nodesc</styleUrl>
        <Point>
          <coordinates>
            44.4942,26.127119,0
          </coordinates>
        </Point>
      </Placemark>
      <Placemark>
        <name>شعيب الاديغم</name>
        <styleUrl>#icon-1739-0288D1-labelson-nodesc</styleUrl>
        <Point>
          <coordinates>
            44.449096,26.135123,0
          </coordinates>
        </Point>
      </Placemark>
      <Placemark>
        <name>شعيب الارطاوي</name>
        <styleUrl>#icon-1739-0288D1-labelson-nodesc</styleUrl>
        <Point>
          <coordinates>
            42.675469,26.608007,0
          </coordinates>
        </Point>
      </Placemark>
      <Placemark>
        <name>شعيب الارطاوي</name>
        <styleUrl>#icon-1739-0288D1-labelson-nodesc</styleUrl>
        <Point>
          <coordinates>
            42.737052,26.654763,0
          </coordinates>
        </Point>
      </Placemark>
      <Placemark>
        <name>شعيب الارطاوي</name>
        <styleUrl>#icon-1739-0288D1-labelson-nodesc</styleUrl>
        <Point>
          <coordinates>
            42.774646,26.697464,0
          </coordinates>
        </Point>
      </Placemark>
      <Placemark>
        <name>شعيب الارطاوي</name>
        <styleUrl>#icon-1739-0288D1-labelson-nodesc</styleUrl>
        <Point>
          <coordinates>
            43.534913,25.700669,0
          </coordinates>
        </Point>
      </Placemark>
      <Placemark>
        <name>شعيب الارطاوي</name>
        <styleUrl>#icon-1739-0288D1-labelson-nodesc</styleUrl>
        <Point>
          <coordinates>
            43.614886,25.83081,0
          </coordinates>
        </Point>
      </Placemark>
      <Placemark>
        <name>شعيب الاشماط</name>
        <styleUrl>#icon-1739-0288D1-labelson-nodesc</styleUrl>
        <Point>
          <coordinates>
            42.348862,24.725761,0
          </coordinates>
        </Point>
      </Placemark>
      <Placemark>
        <name>شعيب الاوسط</name>
        <styleUrl>#icon-1739-0288D1-labelson-nodesc</styleUrl>
        <Point>
          <coordinates>
            44.265268,26.434629,0
          </coordinates>
        </Point>
      </Placemark>
      <Placemark>
        <name>شعيب الاوسط</name>
        <styleUrl>#icon-1739-0288D1-labelson-nodesc</styleUrl>
        <Point>
          <coordinates>
            44.260697,26.456923,0
          </coordinates>
        </Point>
      </Placemark>
      <Placemark>
        <name>شعيب الاوسط</name>
        <styleUrl>#icon-1739-0288D1-labelson-nodesc</styleUrl>
        <Point>
          <coordinates>
            44.27722,26.403601,0
          </coordinates>
        </Point>
      </Placemark>
      <Placemark>
        <name>شعيب البدع</name>
        <styleUrl>#icon-1739-0288D1-labelson-nodesc</styleUrl>
        <Point>
          <coordinates>
            42.970641,26.426282,0
          </coordinates>
        </Point>
      </Placemark>
      <Placemark>
        <name>شعيب البدع</name>
        <styleUrl>#icon-1739-0288D1-labelson-nodesc</styleUrl>
        <Point>
          <coordinates>
            42.891419,26.39504,0
          </coordinates>
        </Point>
      </Placemark>
      <Placemark>
        <name>شعيب البدون</name>
        <styleUrl>#icon-1739-0288D1-labelson-nodesc</styleUrl>
        <Point>
          <coordinates>
            42.084503,25.627842,0
          </coordinates>
        </Point>
      </Placemark>
      <Placemark>
        <name>شعيب البديعة</name>
        <styleUrl>#icon-1739-0288D1-labelson-nodesc</styleUrl>
        <Point>
          <coordinates>
            42.081478,25.369942,0
          </coordinates>
        </Point>
      </Placemark>
      <Placemark>
        <name>شعيب البرود</name>
        <styleUrl>#icon-1739-0288D1-labelson-nodesc</styleUrl>
        <Point>
          <coordinates>
            44.141672,26.866357,0
          </coordinates>
        </Point>
      </Placemark>
      <Placemark>
        <name>شعيب البرود</name>
        <styleUrl>#icon-1739-0288D1-labelson-nodesc</styleUrl>
        <Point>
          <coordinates>
            44.165339,26.852024,0
          </coordinates>
        </Point>
      </Placemark>
      <Placemark>
        <name>شعيب البريكة</name>
        <styleUrl>#icon-1739-0288D1-labelson-nodesc</styleUrl>
        <Point>
          <coordinates>
            44.638267,27.424772,0
          </coordinates>
        </Point>
      </Placemark>
      <Placemark>
        <name>شعيب البسيتين</name>
        <styleUrl>#icon-1739-0288D1-labelson-nodesc</styleUrl>
        <Point>
          <coordinates>
            42.866592,26.721325,0
          </coordinates>
        </Point>
      </Placemark>
      <Placemark>
        <name>شعيب البسيتين</name>
        <styleUrl>#icon-1739-0288D1-labelson-nodesc</styleUrl>
        <Point>
          <coordinates>
            42.979846,26.756108,0
          </coordinates>
        </Point>
      </Placemark>
      <Placemark>
        <name>شعيب البسيتين</name>
        <styleUrl>#icon-1739-0288D1-labelson-nodesc</styleUrl>
        <Point>
          <coordinates>
            43.433075,27.398872,0
          </coordinates>
        </Point>
      </Placemark>
      <Placemark>
        <name>شعيب البسيتين</name>
        <styleUrl>#icon-1739-0288D1-labelson-nodesc</styleUrl>
        <Point>
          <coordinates>
            44.145899,27.521567,0
          </coordinates>
        </Point>
      </Placemark>
      <Placemark>
        <name>شعيب البصيري</name>
        <styleUrl>#icon-1739-0288D1-labelson-nodesc</styleUrl>
        <Point>
          <coordinates>
            42.298136,25.185685,0
          </coordinates>
        </Point>
      </Placemark>
      <Placemark>
        <name>شعيب البطاح</name>
        <styleUrl>#icon-1739-0288D1-labelson-nodesc</styleUrl>
        <Point>
          <coordinates>
            43.278644,25.774806,0
          </coordinates>
        </Point>
      </Placemark>
      <Placemark>
        <name>شعيب البطاح</name>
        <styleUrl>#icon-1739-0288D1-labelson-nodesc</styleUrl>
        <Point>
          <coordinates>
            43.305595,25.72468,0
          </coordinates>
        </Point>
      </Placemark>
      <Placemark>
        <name>شعيب البطاح</name>
        <styleUrl>#icon-1739-0288D1-labelson-nodesc</styleUrl>
        <Point>
          <coordinates>
            43.375762,25.668633,0
          </coordinates>
        </Point>
      </Placemark>
      <Placemark>
        <name>شعيب البطحي</name>
        <styleUrl>#icon-1739-0288D1-labelson-nodesc</styleUrl>
        <Point>
          <coordinates>
            43.101554,24.85749,0
          </coordinates>
        </Point>
      </Placemark>
      <Placemark>
        <name>شعيب البكرة</name>
        <styleUrl>#icon-1739-0288D1-labelson-nodesc</styleUrl>
        <Point>
          <coordinates>
            42.2455,25.846088,0
          </coordinates>
        </Point>
      </Placemark>
      <Placemark>
        <name>شعيب البكرة</name>
        <styleUrl>#icon-1739-0288D1-labelson-nodesc</styleUrl>
        <Point>
          <coordinates>
            42.354655,26.010797,0
          </coordinates>
        </Point>
      </Placemark>
      <Placemark>
        <name>شعيب البكرة</name>
        <styleUrl>#icon-1739-0288D1-labelson-nodesc</styleUrl>
        <Point>
          <coordinates>
            42.334421,25.943441,0
          </coordinates>
        </Point>
      </Placemark>
      <Placemark>
        <name>شعيب الثغيب</name>
        <styleUrl>#icon-1739-0288D1-labelson-nodesc</styleUrl>
        <Point>
          <coordinates>
            42.708771,25.273404,0
          </coordinates>
        </Point>
      </Placemark>
      <Placemark>
        <name>شعيب الثمالة</name>
        <styleUrl>#icon-1739-0288D1-labelson-nodesc</styleUrl>
        <Point>
          <coordinates>
            43.007226,24.865601,0
          </coordinates>
        </Point>
      </Placemark>
      <Placemark>
        <name>شعيب الجحشة</name>
        <styleUrl>#icon-1739-0288D1-labelson-nodesc</styleUrl>
        <Point>
          <coordinates>
            42.50767,26.07635,0
          </coordinates>
        </Point>
      </Placemark>
      <Placemark>
        <name>شعيب الجفرة</name>
        <styleUrl>#icon-1739-0288D1-labelson-nodesc</styleUrl>
        <Point>
          <coordinates>
            42.195117,26.273568,0
          </coordinates>
        </Point>
      </Placemark>
      <Placemark>
        <name>شعيب الجوية</name>
        <styleUrl>#icon-1739-0288D1-labelson-nodesc</styleUrl>
        <Point>
          <coordinates>
            42.051823,24.942956,0
          </coordinates>
        </Point>
      </Placemark>
      <Placemark>
        <name>شعيب الحجرة</name>
        <styleUrl>#icon-1739-0288D1-labelson-nodesc</styleUrl>
        <Point>
          <coordinates>
            42.702441,26.049786,0
          </coordinates>
        </Point>
      </Placemark>
      <Placemark>
        <name>شعيب الحجرة</name>
        <styleUrl>#icon-1739-0288D1-labelson-nodesc</styleUrl>
        <Point>
          <coordinates>
            42.695746,26.078968,0
          </coordinates>
        </Point>
      </Placemark>
      <Placemark>
        <name>شعيب الحريرة</name>
        <styleUrl>#icon-1739-0288D1-labelson-nodesc</styleUrl>
        <Point>
          <coordinates>
            42.965577,26.43568,0
          </coordinates>
        </Point>
      </Placemark>
      <Placemark>
        <name>شعيب الحصينية</name>
        <styleUrl>#icon-1739-0288D1-labelson-nodesc</styleUrl>
        <Point>
          <coordinates>
            44.15858,26.834772,0
          </coordinates>
        </Point>
      </Placemark>
      <Placemark>
        <name>شعيب الحمر</name>
        <styleUrl>#icon-1739-0288D1-labelson-nodesc</styleUrl>
        <Point>
          <coordinates>
            43.04379,26.059141,0
          </coordinates>
        </Point>
      </Placemark>
      <Placemark>
        <name>شعيب الحمل</name>
        <styleUrl>#icon-1739-0288D1-labelson-nodesc</styleUrl>
        <Point>
          <coordinates>
            42.755077,26.107399,0
          </coordinates>
        </Point>
      </Placemark>
      <Placemark>
        <name>شعيب الحملية</name>
        <styleUrl>#icon-1739-0288D1-labelson-nodesc</styleUrl>
        <Point>
          <coordinates>
            42.853997,26.077809,0
          </coordinates>
        </Point>
      </Placemark>
      <Placemark>
        <name>شعيب الحملية</name>
        <styleUrl>#icon-1739-0288D1-labelson-nodesc</styleUrl>
        <Point>
          <coordinates>
            42.93251,26.214066,0
          </coordinates>
        </Point>
      </Placemark>
      <Placemark>
        <name>شعيب الحميمة</name>
        <styleUrl>#icon-1739-0288D1-labelson-nodesc</styleUrl>
        <Point>
          <coordinates>
            41.579282,25.354235,0
          </coordinates>
        </Point>
      </Placemark>
      <Placemark>
        <name>شعيب الحميمة</name>
        <styleUrl>#icon-1739-0288D1-labelson-nodesc</styleUrl>
        <Point>
          <coordinates>
            41.620202,25.648227,0
          </coordinates>
        </Point>
      </Placemark>
      <Placemark>
        <name>شعيب الحيسونية</name>
        <styleUrl>#icon-1739-0288D1-labelson-nodesc</styleUrl>
        <Point>
          <coordinates>
            41.843319,25.661659,0
          </coordinates>
        </Point>
      </Placemark>
      <Placemark>
        <name>شعيب الخرز</name>
        <styleUrl>#icon-1739-0288D1-labelson-nodesc</styleUrl>
        <Point>
          <coordinates>
            42.382593,25.088396,0
          </coordinates>
        </Point>
      </Placemark>
      <Placemark>
        <name>شعيب الخرز</name>
        <styleUrl>#icon-1739-0288D1-labelson-nodesc</styleUrl>
        <Point>
          <coordinates>
            42.400446,25.052798,0
          </coordinates>
        </Point>
      </Placemark>
      <Placemark>
        <name>شعيب الخشيبي</name>
        <styleUrl>#icon-1739-0288D1-labelson-nodesc</styleUrl>
        <Point>
          <coordinates>
            43.276541,25.774291,0
          </coordinates>
        </Point>
      </Placemark>
      <Placemark>
        <name>شعيب الخشيبي</name>
        <styleUrl>#icon-1739-0288D1-labelson-nodesc</styleUrl>
        <Point>
          <coordinates>
            43.294351,25.634944,0
          </coordinates>
        </Point>
      </Placemark>
      <Placemark>
        <name>شعيب الخشيبي</name>
        <styleUrl>#icon-1739-0288D1-labelson-nodesc</styleUrl>
        <Point>
          <coordinates>
            43.356836,25.575163,0
          </coordinates>
        </Point>
      </Placemark>
      <Placemark>
        <name>شعيب الخصيين</name>
        <styleUrl>#icon-1739-0288D1-labelson-nodesc</styleUrl>
        <Point>
          <coordinates>
            42.386241,25.76472,0
          </coordinates>
        </Point>
      </Placemark>
      <Placemark>
        <name>شعيب الخصيين</name>
        <styleUrl>#icon-1739-0288D1-labelson-nodesc</styleUrl>
        <Point>
          <coordinates>
            42.429242,25.86731,0
          </coordinates>
        </Point>
      </Placemark>
      <Placemark>
        <name>شعيب الخضران</name>
        <styleUrl>#icon-1739-0288D1-labelson-nodesc</styleUrl>
        <Point>
          <coordinates>
            41.839714,25.729637,0
          </coordinates>
        </Point>
      </Placemark>
      <Placemark>
        <name>شعيب الخور</name>
        <styleUrl>#icon-1739-0288D1-labelson-nodesc</styleUrl>
        <Point>
          <coordinates>
            42.929184,26.751881,0
          </coordinates>
        </Point>
      </Placemark>
      <Placemark>
        <name>شعيب الخويش الجنوبي</name>
        <styleUrl>#icon-1739-0288D1-labelson-nodesc</styleUrl>
        <Point>
          <coordinates>
            44.818211,25.677752,0
          </coordinates>
        </Point>
      </Placemark>
      <Placemark>
        <name>شعيب الخويش الشمالي</name>
        <styleUrl>#icon-1739-0288D1-labelson-nodesc</styleUrl>
        <Point>
          <coordinates>
            44.721587,25.697322,0
          </coordinates>
        </Point>
      </Placemark>
      <Placemark>
        <name>شعيب الدارة</name>
        <styleUrl>#icon-1739-0288D1-labelson-nodesc</styleUrl>
        <Point>
          <coordinates>
            42.247045,25.519674,0
          </coordinates>
        </Point>
      </Placemark>
      <Placemark>
        <name>شعيب الدارة</name>
        <styleUrl>#icon-1739-0288D1-labelson-nodesc</styleUrl>
        <Point>
          <coordinates>
            42.181749,25.534179,0
          </coordinates>
        </Point>
      </Placemark>
      <Placemark>
        <name>شعيب الدحلة</name>
        <styleUrl>#icon-1739-0288D1-labelson-nodesc</styleUrl>
        <Point>
          <coordinates>
            43.315616,25.513408,0
          </coordinates>
        </Point>
      </Placemark>
      <Placemark>
        <name>شعيب الدحلة</name>
        <styleUrl>#icon-1739-0288D1-labelson-nodesc</styleUrl>
        <Point>
          <coordinates>
            43.408999,25.376616,0
          </coordinates>
        </Point>
      </Placemark>
      <Placemark>
        <name>شعيب الدحلة</name>
        <styleUrl>#icon-1739-0288D1-labelson-nodesc</styleUrl>
        <Point>
          <coordinates>
            43.379967,25.416248,0
          </coordinates>
        </Point>
      </Placemark>
      <Placemark>
        <name>شعيب الدسم</name>
        <styleUrl>#icon-1739-0288D1-labelson-nodesc</styleUrl>
        <Point>
          <coordinates>
            43.92422,27.904029,0
          </coordinates>
        </Point>
      </Placemark>
      <Placemark>
        <name>شعيب الدسمات</name>
        <styleUrl>#icon-1739-0288D1-labelson-nodesc</styleUrl>
        <Point>
          <coordinates>
            42.672229,26.008844,0
          </coordinates>
        </Point>
      </Placemark>
      <Placemark>
        <name>شعيب الدسمات</name>
        <styleUrl>#icon-1739-0288D1-labelson-nodesc</styleUrl>
        <Point>
          <coordinates>
            42.712183,25.944514,0
          </coordinates>
        </Point>
      </Placemark>
      <Placemark>
        <name>شعيب الدسمات</name>
        <styleUrl>#icon-1739-0288D1-labelson-nodesc</styleUrl>
        <Point>
          <coordinates>
            42.748854,25.86776,0
          </coordinates>
        </Point>
      </Placemark>
      <Placemark>
        <name>شعيب الدليمية</name>
        <styleUrl>#icon-1739-0288D1-labelson-nodesc</styleUrl>
        <Point>
          <coordinates>
            43.196032,26.142826,0
          </coordinates>
        </Point>
      </Placemark>
      <Placemark>
        <name>شعيب الدليمية</name>
        <styleUrl>#icon-1739-0288D1-labelson-nodesc</styleUrl>
        <Point>
          <coordinates>
            43.271627,26.026161,0
          </coordinates>
        </Point>
      </Placemark>
      <Placemark>
        <name>شعيب الدليمية</name>
        <styleUrl>#icon-1739-0288D1-labelson-nodesc</styleUrl>
        <Point>
          <coordinates>
            43.28315,26.005583,0
          </coordinates>
        </Point>
      </Placemark>
      <Placemark>
        <name>شعيب الديماسة</name>
        <styleUrl>#icon-1739-0288D1-labelson-nodesc</styleUrl>
        <Point>
          <coordinates>
            42.179282,26.375449,0
          </coordinates>
        </Point>
      </Placemark>
      <Placemark>
        <name>شعيب الذرعان</name>
        <styleUrl>#icon-1739-0288D1-labelson-nodesc</styleUrl>
        <Point>
          <coordinates>
            42.450764,25.740516,0
          </coordinates>
        </Point>
      </Placemark>
      <Placemark>
        <name>شعيب الذيبية</name>
        <styleUrl>#icon-1739-0288D1-labelson-nodesc</styleUrl>
        <Point>
          <coordinates>
            43.16097,26.060493,0
          </coordinates>
        </Point>
      </Placemark>
      <Placemark>
        <name>شعيب الذيبية</name>
        <styleUrl>#icon-1739-0288D1-labelson-nodesc</styleUrl>
        <Point>
          <coordinates>
            43.221245,26.014853,0
          </coordinates>
        </Point>
      </Placemark>
      <Placemark>
        <name>شعيب الربقية</name>
        <styleUrl>#icon-1739-0288D1-labelson-nodesc</styleUrl>
        <Point>
          <coordinates>
            43.871627,25.467403,0
          </coordinates>
        </Point>
      </Placemark>
      <Placemark>
        <name>شعيب الرسوس</name>
        <styleUrl>#icon-1739-0288D1-labelson-nodesc</styleUrl>
        <Point>
          <coordinates>
            42.7513,24.670594,0
          </coordinates>
        </Point>
      </Placemark>
      <Placemark>
        <name>شعيب الرسيس</name>
        <styleUrl>#icon-1739-0288D1-labelson-nodesc</styleUrl>
        <Point>
          <coordinates>
            43.343082,25.811627,0
          </coordinates>
        </Point>
      </Placemark>
      <Placemark>
        <name>شعيب الرسيس</name>
        <styleUrl>#icon-1739-0288D1-labelson-nodesc</styleUrl>
        <Point>
          <coordinates>
            43.404751,25.726097,0
          </coordinates>
        </Point>
      </Placemark>
      <Placemark>
        <name>شعيب الرسيس</name>
        <styleUrl>#icon-1739-0288D1-labelson-nodesc</styleUrl>
        <Point>
          <coordinates>
            43.366063,25.772939,0
          </coordinates>
        </Point>
      </Placemark>
      <Placemark>
        <name>شعيب الرمثية</name>
        <styleUrl>#icon-1739-0288D1-labelson-nodesc</styleUrl>
        <Point>
          <coordinates>
            44.185681,26.88906,0
          </coordinates>
        </Point>
      </Placemark>
      <Placemark>
        <name>شعيب الرويضات</name>
        <styleUrl>#icon-1739-0288D1-labelson-nodesc</styleUrl>
        <Point>
          <coordinates>
            42.827346,26.078281,0
          </coordinates>
        </Point>
      </Placemark>
      <Placemark>
        <name>شعيب الريشيات</name>
        <styleUrl>#icon-1739-0288D1-labelson-nodesc</styleUrl>
        <Point>
          <coordinates>
            42.31586,25.011277,0
          </coordinates>
        </Point>
      </Placemark>
      <Placemark>
        <name>شعيب الريشيات</name>
        <styleUrl>#icon-1739-0288D1-labelson-nodesc</styleUrl>
        <Point>
          <coordinates>
            42.345943,25.099297,0
          </coordinates>
        </Point>
      </Placemark>
      <Placemark>
        <name>شعيب السحرة</name>
        <styleUrl>#icon-1739-0288D1-labelson-nodesc</styleUrl>
        <Point>
          <coordinates>
            41.835058,25.415111,0
          </coordinates>
        </Point>
      </Placemark>
      <Placemark>
        <name>شعيب السحق الجنوبي</name>
        <styleUrl>#icon-1739-0288D1-labelson-nodesc</styleUrl>
        <Point>
          <coordinates>
            43.02098,25.893981,0
          </coordinates>
        </Point>
      </Placemark>
      <Placemark>
        <name>شعيب السحق الجنوبي</name>
        <styleUrl>#icon-1739-0288D1-labelson-nodesc</styleUrl>
        <Point>
          <coordinates>
            43.059497,25.889368,0
          </coordinates>
        </Point>
      </Placemark>
      <Placemark>
        <name>شعيب السحق الجنوبي</name>
        <styleUrl>#icon-1739-0288D1-labelson-nodesc</styleUrl>
        <Point>
          <coordinates>
            43.106596,25.848513,0
          </coordinates>
        </Point>
      </Placemark>
      <Placemark>
        <name>شعيب السحق الجنوبي</name>
        <styleUrl>#icon-1739-0288D1-labelson-nodesc</styleUrl>
        <Point>
          <coordinates>
            43.178995,25.798323,0
          </coordinates>
        </Point>
      </Placemark>
      <Placemark>
        <name>شعيب السلسلة</name>
        <styleUrl>#icon-1739-0288D1-labelson-nodesc</styleUrl>
        <Point>
          <coordinates>
            42.709565,26.174369,0
          </coordinates>
        </Point>
      </Placemark>
      <Placemark>
        <name>شعيب السلسلة</name>
        <styleUrl>#icon-1739-0288D1-labelson-nodesc</styleUrl>
        <Point>
          <coordinates>
            42.629485,26.36399,0
          </coordinates>
        </Point>
      </Placemark>
      <Placemark>
        <name>شعيب السلمات</name>
        <styleUrl>#icon-1739-0288D1-labelson-nodesc</styleUrl>
        <Point>
          <coordinates>
            41.816368,25.57703,0
          </coordinates>
        </Point>
      </Placemark>
      <Placemark>
        <name>شعيب السليسية</name>
        <styleUrl>#icon-1739-0288D1-labelson-nodesc</styleUrl>
        <Point>
          <coordinates>
            42.949698,24.942398,0
          </coordinates>
        </Point>
      </Placemark>
      <Placemark>
        <name>شعيب السليسية</name>
        <styleUrl>#icon-1739-0288D1-labelson-nodesc</styleUrl>
        <Point>
          <coordinates>
            42.973001,24.901028,0
          </coordinates>
        </Point>
      </Placemark>
      <Placemark>
        <name>شعيب السميحية</name>
        <styleUrl>#icon-1739-0288D1-labelson-nodesc</styleUrl>
        <Point>
          <coordinates>
            41.825273,25.727062,0
          </coordinates>
        </Point>
      </Placemark>
      <Placemark>
        <name>شعيب السميراء</name>
        <styleUrl>#icon-1739-0288D1-labelson-nodesc</styleUrl>
        <Point>
          <coordinates>
            42.455142,26.43641,0
          </coordinates>
        </Point>
      </Placemark>
      <Placemark>
        <name>شعيب السهل</name>
        <styleUrl>#icon-1739-0288D1-labelson-nodesc</styleUrl>
        <Point>
          <coordinates>
            44.29769,27.601154,0
          </coordinates>
        </Point>
      </Placemark>
      <Placemark>
        <name>شعيب السهل</name>
        <styleUrl>#icon-1739-0288D1-labelson-nodesc</styleUrl>
        <Point>
          <coordinates>
            44.115086,25.932648,0
          </coordinates>
        </Point>
      </Placemark>
      <Placemark>
        <name>شعيب السهل</name>
        <styleUrl>#icon-1739-0288D1-labelson-nodesc</styleUrl>
        <Point>
          <coordinates>
            44.187956,25.98331,0
          </coordinates>
        </Point>
      </Placemark>
      <Placemark>
        <name>شعيب السهل</name>
        <styleUrl>#icon-1739-0288D1-labelson-nodesc</styleUrl>
        <Point>
          <coordinates>
            44.510615,27.504337,0
          </coordinates>
        </Point>
      </Placemark>
      <Placemark>
        <name>شعيب السهل</name>
        <styleUrl>#icon-1739-0288D1-labelson-nodesc</styleUrl>
        <Point>
          <coordinates>
            44.665475,27.424471,0
          </coordinates>
        </Point>
      </Placemark>
      <Placemark>
        <name>شعيب السويق</name>
        <styleUrl>#icon-1739-0288D1-labelson-nodesc</styleUrl>
        <Point>
          <coordinates>
            44.139698,26.722291,0
          </coordinates>
        </Point>
      </Placemark>
      <Placemark>
        <name>شعيب السويق</name>
        <styleUrl>#icon-1739-0288D1-labelson-nodesc</styleUrl>
        <Point>
          <coordinates>
            44.230807,26.688795,0
          </coordinates>
        </Point>
      </Placemark>
      <Placemark>
        <name>شعيب الشريمية</name>
        <styleUrl>#icon-1739-0288D1-labelson-nodesc</styleUrl>
        <Point>
          <coordinates>
            44.744375,25.635524,0
          </coordinates>
        </Point>
      </Placemark>
      <Placemark>
        <name>شعيب الشعيلاء</name>
        <styleUrl>#icon-1739-0288D1-labelson-nodesc</styleUrl>
        <Point>
          <coordinates>
            42.714136,26.239622,0
          </coordinates>
        </Point>
      </Placemark>
      <Placemark>
        <name>شعيب الشقران</name>
        <styleUrl>#icon-1739-0288D1-labelson-nodesc</styleUrl>
        <Point>
          <coordinates>
            41.94947,25.947754,0
          </coordinates>
        </Point>
      </Placemark>
      <Placemark>
        <name>شعيب الشنانة</name>
        <styleUrl>#icon-1739-0288D1-labelson-nodesc</styleUrl>
        <Point>
          <coordinates>
            43.421767,25.875764,0
          </coordinates>
        </Point>
      </Placemark>
      <Placemark>
        <name>شعيب الشنانة</name>
        <styleUrl>#icon-1739-0288D1-labelson-nodesc</styleUrl>
        <Point>
          <coordinates>
            43.446701,25.819995,0
          </coordinates>
        </Point>
      </Placemark>
      <Placemark>
        <name>شعيب الشنانة</name>
        <styleUrl>#icon-1739-0288D1-labelson-nodesc</styleUrl>
        <Point>
          <coordinates>
            43.431358,25.853577,0
          </coordinates>
        </Point>
      </Placemark>
      <Placemark>
        <name>شعيب الشنانة</name>
        <styleUrl>#icon-1739-0288D1-labelson-nodesc</styleUrl>
        <Point>
          <coordinates>
            43.460605,25.795963,0
          </coordinates>
        </Point>
      </Placemark>
      <Placemark>
        <name>شعيب الشويطن</name>
        <styleUrl>#icon-1739-0288D1-labelson-nodesc</styleUrl>
        <Point>
          <coordinates>
            41.637454,25.533063,0
          </coordinates>
        </Point>
      </Placemark>
      <Placemark>
        <name>شعيب الشويكي</name>
        <styleUrl>#icon-1739-0288D1-labelson-nodesc</styleUrl>
        <Point>
          <coordinates>
            43.938596,28.050714,0
          </coordinates>
        </Point>
      </Placemark>
      <Placemark>
        <name>شعيب الصفاة</name>
        <styleUrl>#icon-1739-0288D1-labelson-nodesc</styleUrl>
        <Point>
          <coordinates>
            43.31038,25.639772,0
          </coordinates>
        </Point>
      </Placemark>
      <Placemark>
        <name>شعيب الصفاة</name>
        <styleUrl>#icon-1739-0288D1-labelson-nodesc</styleUrl>
        <Point>
          <coordinates>
            43.358982,25.583789,0
          </coordinates>
        </Point>
      </Placemark>
      <Placemark>
        <name>شعيب الصمعورية</name>
        <styleUrl>#icon-1739-0288D1-labelson-nodesc</styleUrl>
        <Point>
          <coordinates>
            42.915602,24.904783,0
          </coordinates>
        </Point>
      </Placemark>
      <Placemark>
        <name>شعيب الصمعورية</name>
        <styleUrl>#icon-1739-0288D1-labelson-nodesc</styleUrl>
        <Point>
          <coordinates>
            42.864919,24.837062,0
          </coordinates>
        </Point>
      </Placemark>
      <Placemark>
        <name>شعيب الضبطان</name>
        <styleUrl>#icon-1739-0288D1-labelson-nodesc</styleUrl>
        <Point>
          <coordinates>
            42.945921,24.983833,0
          </coordinates>
        </Point>
      </Placemark>
      <Placemark>
        <name>شعيب الضحوي</name>
        <styleUrl>#icon-1739-0288D1-labelson-nodesc</styleUrl>
        <Point>
          <coordinates>
            41.694167,25.208645,0
          </coordinates>
        </Point>
      </Placemark>
      <Placemark>
        <name>شعيب الطراق</name>
        <styleUrl>#icon-1739-0288D1-labelson-nodesc</styleUrl>
        <Point>
          <coordinates>
            44.394207,27.413764,0
          </coordinates>
        </Point>
      </Placemark>
      <Placemark>
        <name>شعيب الطراق</name>
        <styleUrl>#icon-1739-0288D1-labelson-nodesc</styleUrl>
        <Point>
          <coordinates>
            44.528983,27.324758,0
          </coordinates>
        </Point>
      </Placemark>
      <Placemark>
        <name>شعيب الطرفية</name>
        <styleUrl>#icon-1739-0288D1-labelson-nodesc</styleUrl>
        <Point>
          <coordinates>
            42.310088,25.423307,0
          </coordinates>
        </Point>
      </Placemark>
      <Placemark>
        <name>شعيب الطفيلية</name>
        <styleUrl>#icon-1739-0288D1-labelson-nodesc</styleUrl>
        <Point>
          <coordinates>
            43.031173,24.657075,0
          </coordinates>
        </Point>
      </Placemark>
      <Placemark>
        <name>شعيب العاشوقة</name>
        <styleUrl>#icon-1739-0288D1-labelson-nodesc</styleUrl>
        <Point>
          <coordinates>
            42.771363,24.96186,0
          </coordinates>
        </Point>
      </Placemark>
      <Placemark>
        <name>شعيب العبيد</name>
        <styleUrl>#icon-1739-0288D1-labelson-nodesc</styleUrl>
        <Point>
          <coordinates>
            44.637752,25.752211,0
          </coordinates>
        </Point>
      </Placemark>
      <Placemark>
        <name>شعيب العثمة</name>
        <styleUrl>#icon-1739-0288D1-labelson-nodesc</styleUrl>
        <Point>
          <coordinates>
            41.269004,25.500448,0
          </coordinates>
        </Point>
      </Placemark>
      <Placemark>
        <name>شعيب العرجاء</name>
        <styleUrl>#icon-1739-0288D1-labelson-nodesc</styleUrl>
        <Point>
          <coordinates>
            43.307548,25.65681,0
          </coordinates>
        </Point>
      </Placemark>
      <Placemark>
        <name>شعيب العشرات</name>
        <styleUrl>#icon-1739-0288D1-labelson-nodesc</styleUrl>
        <Point>
          <coordinates>
            42.831252,25.225811,0
          </coordinates>
        </Point>
      </Placemark>
      <Placemark>
        <name>شعيب العطيشان</name>
        <styleUrl>#icon-1739-0288D1-labelson-nodesc</styleUrl>
        <Point>
          <coordinates>
            42.33088,25.104554,0
          </coordinates>
        </Point>
      </Placemark>
      <Placemark>
        <name>شعيب العظامي</name>
        <styleUrl>#icon-1739-0288D1-labelson-nodesc</styleUrl>
        <Point>
          <coordinates>
            42.929914,25.22182,0
          </coordinates>
        </Point>
      </Placemark>
      <Placemark>
        <name>شعيب العمودة</name>
        <styleUrl>#icon-1739-0288D1-labelson-nodesc</styleUrl>
        <Point>
          <coordinates>
            42.878394,25.367775,0
          </coordinates>
        </Point>
      </Placemark>
      <Placemark>
        <name>شعيب العوجاء</name>
        <styleUrl>#icon-1739-0288D1-labelson-nodesc</styleUrl>
        <Point>
          <coordinates>
            43.88993,27.943618,0
          </coordinates>
        </Point>
      </Placemark>
      <Placemark>
        <name>شعيب العوجاء</name>
        <styleUrl>#icon-1739-0288D1-labelson-nodesc</styleUrl>
        <Point>
          <coordinates>
            44.047472,27.912097,0
          </coordinates>
        </Point>
      </Placemark>
      <Placemark>
        <name>شعيب العوجاء</name>
        <styleUrl>#icon-1739-0288D1-labelson-nodesc</styleUrl>
        <Point>
          <coordinates>
            44.523425,27.487042,0
          </coordinates>
        </Point>
      </Placemark>
      <Placemark>
        <name>شعيب العود</name>
        <styleUrl>#icon-1739-0288D1-labelson-nodesc</styleUrl>
        <Point>
          <coordinates>
            44.102898,26.211834,0
          </coordinates>
        </Point>
      </Placemark>
      <Placemark>
        <name>شعيب العود</name>
        <styleUrl>#icon-1739-0288D1-labelson-nodesc</styleUrl>
        <Point>
          <coordinates>
            44.088306,26.265049,0
          </coordinates>
        </Point>
      </Placemark>
      <Placemark>
        <name>شعيب العوشزي</name>
        <styleUrl>#icon-1739-0288D1-labelson-nodesc</styleUrl>
        <Point>
          <coordinates>
            43.865511,27.854977,0
          </coordinates>
        </Point>
      </Placemark>
      <Placemark>
        <name>شعيب العوير</name>
        <styleUrl>#icon-1739-0288D1-labelson-nodesc</styleUrl>
        <Point>
          <coordinates>
            42.519042,26.11727,0
          </coordinates>
        </Point>
      </Placemark>
      <Placemark>
        <name>شعيب العين</name>
        <styleUrl>#icon-1739-0288D1-labelson-nodesc</styleUrl>
        <Point>
          <coordinates>
            42.787521,25.999424,0
          </coordinates>
        </Point>
      </Placemark>
      <Placemark>
        <name>شعيب العين</name>
        <styleUrl>#icon-1739-0288D1-labelson-nodesc</styleUrl>
        <Point>
          <coordinates>
            42.798486,25.979469,0
          </coordinates>
        </Point>
      </Placemark>
      <Placemark>
        <name>شعيب الغضن</name>
        <styleUrl>#icon-1739-0288D1-labelson-nodesc</styleUrl>
        <Point>
          <coordinates>
            41.830101,25.874348,0
          </coordinates>
        </Point>
      </Placemark>
      <Placemark>
        <name>شعيب الغيمار</name>
        <styleUrl>#icon-1739-0288D1-labelson-nodesc</styleUrl>
        <Point>
          <coordinates>
            42.558181,26.396327,0
          </coordinates>
        </Point>
      </Placemark>
      <Placemark>
        <name>شعيب الغيمار</name>
        <styleUrl>#icon-1739-0288D1-labelson-nodesc</styleUrl>
        <Point>
          <coordinates>
            42.58481,26.545179,0
          </coordinates>
        </Point>
      </Placemark>
      <Placemark>
        <name>شعيب الفويلق</name>
        <styleUrl>#icon-1739-0288D1-labelson-nodesc</styleUrl>
        <Point>
          <coordinates>
            43.889437,27.841244,0
          </coordinates>
        </Point>
      </Placemark>
      <Placemark>
        <name>شعيب الفويلق</name>
        <styleUrl>#icon-1739-0288D1-labelson-nodesc</styleUrl>
        <Point>
          <coordinates>
            44.098756,27.921689,0
          </coordinates>
        </Point>
      </Placemark>
      <Placemark>
        <name>شعيب القاعية</name>
        <styleUrl>#icon-1739-0288D1-labelson-nodesc</styleUrl>
        <Point>
          <coordinates>
            42.13995,24.890041,0
          </coordinates>
        </Point>
      </Placemark>
      <Placemark>
        <name>شعيب القاعية</name>
        <styleUrl>#icon-1739-0288D1-labelson-nodesc</styleUrl>
        <Point>
          <coordinates>
            42.183552,24.976108,0
          </coordinates>
        </Point>
      </Placemark>
      <Placemark>
        <name>شعيب القصيبي</name>
        <styleUrl>#icon-1739-0288D1-labelson-nodesc</styleUrl>
        <Point>
          <coordinates>
            44.13311,26.059742,0
          </coordinates>
        </Point>
      </Placemark>
      <Placemark>
        <name>شعيب القليب</name>
        <styleUrl>#icon-1739-0288D1-labelson-nodesc</styleUrl>
        <Point>
          <coordinates>
            43.012569,25.930932,0
          </coordinates>
        </Point>
      </Placemark>
      <Placemark>
        <name>شعيب القليب</name>
        <styleUrl>#icon-1739-0288D1-labelson-nodesc</styleUrl>
        <Point>
          <coordinates>
            44.321895,27.531052,0
          </coordinates>
        </Point>
      </Placemark>
      <Placemark>
        <name>شعيب القنينة</name>
        <styleUrl>#icon-1739-0288D1-labelson-nodesc</styleUrl>
        <Point>
          <coordinates>
            42.714887,26.740251,0
          </coordinates>
        </Point>
      </Placemark>
      <Placemark>
        <name>شعيب القوعي</name>
        <styleUrl>#icon-1739-0288D1-labelson-nodesc</styleUrl>
        <Point>
          <coordinates>
            44.293506,27.649691,0
          </coordinates>
        </Point>
      </Placemark>
      <Placemark>
        <name>شعيب القوعي</name>
        <styleUrl>#icon-1739-0288D1-labelson-nodesc</styleUrl>
        <Point>
          <coordinates>
            44.337044,27.752152,0
          </coordinates>
        </Point>
      </Placemark>
      <Placemark>
        <name>شعيب الكهيف</name>
        <styleUrl>#icon-1739-0288D1-labelson-nodesc</styleUrl>
        <Point>
          <coordinates>
            42.767351,26.588094,0
          </coordinates>
        </Point>
      </Placemark>
      <Placemark>
        <name>شعيب الكير</name>
        <styleUrl>#icon-1739-0288D1-labelson-nodesc</styleUrl>
        <Point>
          <coordinates>
            43.442903,25.507207,0
          </coordinates>
        </Point>
      </Placemark>
      <Placemark>
        <name>شعيب الماء</name>
        <styleUrl>#icon-1739-0288D1-labelson-nodesc</styleUrl>
        <Point>
          <coordinates>
            43.027847,26.086135,0
          </coordinates>
        </Point>
      </Placemark>
      <Placemark>
        <name>شعيب الماء</name>
        <styleUrl>#icon-1739-0288D1-labelson-nodesc</styleUrl>
        <Point>
          <coordinates>
            43.086491,26.088946,0
          </coordinates>
        </Point>
      </Placemark>
      <Placemark>
        <name>شعيب الماردة</name>
        <styleUrl>#icon-1739-0288D1-labelson-nodesc</styleUrl>
        <Point>
          <coordinates>
            44.40706,27.501547,0
          </coordinates>
        </Point>
      </Placemark>
      <Placemark>
        <name>شعيب المتياهة</name>
        <styleUrl>#icon-1739-0288D1-labelson-nodesc</styleUrl>
        <Point>
          <coordinates>
            44.624555,25.813022,0
          </coordinates>
        </Point>
      </Placemark>
      <Placemark>
        <name>شعيب المتيع</name>
        <styleUrl>#icon-1739-0288D1-labelson-nodesc</styleUrl>
        <Point>
          <coordinates>
            41.967087,25.252762,0
          </coordinates>
        </Point>
      </Placemark>
      <Placemark>
        <name>شعيب المخرم</name>
        <styleUrl>#icon-1739-0288D1-labelson-nodesc</styleUrl>
        <Point>
          <coordinates>
            43.213863,26.781836,0
          </coordinates>
        </Point>
      </Placemark>
      <Placemark>
        <name>شعيب المخرم</name>
        <styleUrl>#icon-1739-0288D1-labelson-nodesc</styleUrl>
        <Point>
          <coordinates>
            43.244591,26.798573,0
          </coordinates>
        </Point>
      </Placemark>
      <Placemark>
        <name>شعيب المربع الشمالي</name>
        <styleUrl>#icon-1739-0288D1-labelson-nodesc</styleUrl>
        <Point>
          <coordinates>
            44.297712,25.707257,0
          </coordinates>
        </Point>
      </Placemark>
      <Placemark>
        <name>شعيب المربع الشمالي</name>
        <styleUrl>#icon-1739-0288D1-labelson-nodesc</styleUrl>
        <Point>
          <coordinates>
            44.297476,25.698481,0
          </coordinates>
        </Point>
      </Placemark>
      <Placemark>
        <name>شعيب المريغ</name>
        <styleUrl>#icon-1739-0288D1-labelson-nodesc</styleUrl>
        <Point>
          <coordinates>
            44.287519,26.408043,0
          </coordinates>
        </Point>
      </Placemark>
      <Placemark>
        <name>شعيب المريغ</name>
        <styleUrl>#icon-1739-0288D1-labelson-nodesc</styleUrl>
        <Point>
          <coordinates>
            44.28031,26.432548,0
          </coordinates>
        </Point>
      </Placemark>
      <Placemark>
        <name>شعيب المريغ</name>
        <styleUrl>#icon-1739-0288D1-labelson-nodesc</styleUrl>
        <Point>
          <coordinates>
            44.272606,26.466644,0
          </coordinates>
        </Point>
      </Placemark>
      <Placemark>
        <name>شعيب المسمى</name>
        <styleUrl>#icon-1739-0288D1-labelson-nodesc</styleUrl>
        <Point>
          <coordinates>
            43.921001,25.357647,0
          </coordinates>
        </Point>
      </Placemark>
      <Placemark>
        <name>شعيب المسمى</name>
        <styleUrl>#icon-1739-0288D1-labelson-nodesc</styleUrl>
        <Point>
          <coordinates>
            43.82766,25.330675,0
          </coordinates>
        </Point>
      </Placemark>
      <Placemark>
        <name>شعيب المصنع</name>
        <styleUrl>#icon-1739-0288D1-labelson-nodesc</styleUrl>
        <Point>
          <coordinates>
            42.215738,25.552182,0
          </coordinates>
        </Point>
      </Placemark>
      <Placemark>
        <name>شعيب المصنع</name>
        <styleUrl>#icon-1739-0288D1-labelson-nodesc</styleUrl>
        <Point>
          <coordinates>
            42.215738,25.552182,0
          </coordinates>
        </Point>
      </Placemark>
      <Placemark>
        <name>شعيب المضيبعة</name>
        <styleUrl>#icon-1739-0288D1-labelson-nodesc</styleUrl>
        <Point>
          <coordinates>
            43.36853,25.561903,0
          </coordinates>
        </Point>
      </Placemark>
      <Placemark>
        <name>شعيب المضيبعة</name>
        <styleUrl>#icon-1739-0288D1-labelson-nodesc</styleUrl>
        <Point>
          <coordinates>
            43.414922,25.494547,0
          </coordinates>
        </Point>
      </Placemark>
      <Placemark>
        <name>شعيب المطلاع</name>
        <styleUrl>#icon-1739-0288D1-labelson-nodesc</styleUrl>
        <Point>
          <coordinates>
            43.090525,25.835767,0
          </coordinates>
        </Point>
      </Placemark>
      <Placemark>
        <name>شعيب المطيوي</name>
        <styleUrl>#icon-1739-0288D1-labelson-nodesc</styleUrl>
        <Point>
          <coordinates>
            42.612019,26.426539,0
          </coordinates>
        </Point>
      </Placemark>
      <Placemark>
        <name>شعيب المطيوي</name>
        <styleUrl>#icon-1739-0288D1-labelson-nodesc</styleUrl>
        <Point>
          <coordinates>
            42.701604,25.043163,0
          </coordinates>
        </Point>
      </Placemark>
      <Placemark>
        <name>شعيب المعباء</name>
        <styleUrl>#icon-1739-0288D1-labelson-nodesc</styleUrl>
        <Point>
          <coordinates>
            44.528446,27.703228,0
          </coordinates>
        </Point>
      </Placemark>
      <Placemark>
        <name>شعيب المفازة</name>
        <styleUrl>#icon-1739-0288D1-labelson-nodesc</styleUrl>
        <Point>
          <coordinates>
            44.12751,26.087594,0
          </coordinates>
        </Point>
      </Placemark>
      <Placemark>
        <name>شعيب المقطر</name>
        <styleUrl>#icon-1739-0288D1-labelson-nodesc</styleUrl>
        <Point>
          <coordinates>
            42.564404,26.177351,0
          </coordinates>
        </Point>
      </Placemark>
      <Placemark>
        <name>شعيب المقطر</name>
        <styleUrl>#icon-1739-0288D1-labelson-nodesc</styleUrl>
        <Point>
          <coordinates>
            42.564769,26.24357,0
          </coordinates>
        </Point>
      </Placemark>
      <Placemark>
        <name>شعيب المقطر</name>
        <styleUrl>#icon-1739-0288D1-labelson-nodesc</styleUrl>
        <Point>
          <coordinates>
            43.834312,27.887635,0
          </coordinates>
        </Point>
      </Placemark>
      <Placemark>
        <name>شعيب المقيطر</name>
        <styleUrl>#icon-1739-0288D1-labelson-nodesc</styleUrl>
        <Point>
          <coordinates>
            44.051399,27.787342,0
          </coordinates>
        </Point>
      </Placemark>
      <Placemark>
        <name>شعيب المكحول</name>
        <styleUrl>#icon-1739-0288D1-labelson-nodesc</styleUrl>
        <Point>
          <coordinates>
            42.638283,26.656973,0
          </coordinates>
        </Point>
      </Placemark>
      <Placemark>
        <name>شعيب الملاذ</name>
        <styleUrl>#icon-1739-0288D1-labelson-nodesc</styleUrl>
        <Point>
          <coordinates>
            43.392456,25.845852,0
          </coordinates>
        </Point>
      </Placemark>
      <Placemark>
        <name>شعيب الملقاء</name>
        <styleUrl>#icon-1739-0288D1-labelson-nodesc</styleUrl>
        <Point>
          <coordinates>
            43.968315,25.384769,0
          </coordinates>
        </Point>
      </Placemark>
      <Placemark>
        <name>شعيب الملقاء</name>
        <styleUrl>#icon-1739-0288D1-labelson-nodesc</styleUrl>
        <Point>
          <coordinates>
            44.038181,25.478368,0
          </coordinates>
        </Point>
      </Placemark>
      <Placemark>
        <name>شعيب المناخ</name>
        <styleUrl>#icon-1739-0288D1-labelson-nodesc</styleUrl>
        <Point>
          <coordinates>
            43.674645,25.209525,0
          </coordinates>
        </Point>
      </Placemark>
      <Placemark>
        <name>شعيب المنيصي</name>
        <styleUrl>#icon-1739-0288D1-labelson-nodesc</styleUrl>
        <Point>
          <coordinates>
            43.286219,25.777273,0
          </coordinates>
        </Point>
      </Placemark>
      <Placemark>
        <name>شعيب المنيصي</name>
        <styleUrl>#icon-1739-0288D1-labelson-nodesc</styleUrl>
        <Point>
          <coordinates>
            43.342309,25.736825,0
          </coordinates>
        </Point>
      </Placemark>
      <Placemark>
        <name>شعيب الناصفة</name>
        <styleUrl>#icon-1739-0288D1-labelson-nodesc</styleUrl>
        <Point>
          <coordinates>
            42.308929,26.312664,0
          </coordinates>
        </Point>
      </Placemark>
      <Placemark>
        <name>شعيب النبقي</name>
        <styleUrl>#icon-1739-0288D1-labelson-nodesc</styleUrl>
        <Point>
          <coordinates>
            44.348781,26.365063,0
          </coordinates>
        </Point>
      </Placemark>
      <Placemark>
        <name>شعيب النبقية</name>
        <styleUrl>#icon-1739-0288D1-labelson-nodesc</styleUrl>
        <Point>
          <coordinates>
            44.31005,26.416175,0
          </coordinates>
        </Point>
      </Placemark>
      <Placemark>
        <name>شعيب النبقية</name>
        <styleUrl>#icon-1739-0288D1-labelson-nodesc</styleUrl>
        <Point>
          <coordinates>
            44.320328,26.432054,0
          </coordinates>
        </Point>
      </Placemark>
      <Placemark>
        <name>شعيب النجبة</name>
        <styleUrl>#icon-1739-0288D1-labelson-nodesc</styleUrl>
        <Point>
          <coordinates>
            42.742331,26.603866,0
          </coordinates>
        </Point>
      </Placemark>
      <Placemark>
        <name>شعيب النجبة</name>
        <styleUrl>#icon-1739-0288D1-labelson-nodesc</styleUrl>
        <Point>
          <coordinates>
            42.866292,26.709609,0
          </coordinates>
        </Point>
      </Placemark>
      <Placemark>
        <name>شعيب النقيب</name>
        <styleUrl>#icon-1739-0288D1-labelson-nodesc</styleUrl>
        <Point>
          <coordinates>
            43.984108,26.491814,0
          </coordinates>
        </Point>
      </Placemark>
      <Placemark>
        <name>شعيب النمالات</name>
        <styleUrl>#icon-1739-0288D1-labelson-nodesc</styleUrl>
        <Point>
          <coordinates>
            44.373178,26.30569,0
          </coordinates>
        </Point>
      </Placemark>
      <Placemark>
        <name>شعيب النويع</name>
        <styleUrl>#icon-1739-0288D1-labelson-nodesc</styleUrl>
        <Point>
          <coordinates>
            43.09958,25.39655,0
          </coordinates>
        </Point>
      </Placemark>
      <Placemark>
        <name>شعيب الهمزانية</name>
        <styleUrl>#icon-1739-0288D1-labelson-nodesc</styleUrl>
        <Point>
          <coordinates>
            42.272322,26.418686,0
          </coordinates>
        </Point>
      </Placemark>
      <Placemark>
        <name>شعيب الهميلية</name>
        <styleUrl>#icon-1739-0288D1-labelson-nodesc</styleUrl>
        <Point>
          <coordinates>
            41.843126,25.545337,0
          </coordinates>
        </Point>
      </Placemark>
      <Placemark>
        <name>شعيب الهميلية</name>
        <styleUrl>#icon-1739-0288D1-labelson-nodesc</styleUrl>
        <Point>
          <coordinates>
            42.023456,25.692279,0
          </coordinates>
        </Point>
      </Placemark>
      <Placemark>
        <name>شعيب الودي</name>
        <styleUrl>#icon-1739-0288D1-labelson-nodesc</styleUrl>
        <Point>
          <coordinates>
            42.038434,25.939536,0
          </coordinates>
        </Point>
      </Placemark>
      <Placemark>
        <name>شعيب الودي</name>
        <styleUrl>#icon-1739-0288D1-labelson-nodesc</styleUrl>
        <Point>
          <coordinates>
            42.144327,25.85995,0
          </coordinates>
        </Point>
      </Placemark>
      <Placemark>
        <name>شعيب الودي</name>
        <styleUrl>#icon-1739-0288D1-labelson-nodesc</styleUrl>
        <Point>
          <coordinates>
            44.222074,25.864799,0
          </coordinates>
        </Point>
      </Placemark>
      <Placemark>
        <name>شعيب الودي</name>
        <styleUrl>#icon-1739-0288D1-labelson-nodesc</styleUrl>
        <Point>
          <coordinates>
            44.220014,25.860121,0
          </coordinates>
        </Point>
      </Placemark>
      <Placemark>
        <name>شعيب ام ارطى</name>
        <styleUrl>#icon-1739-0288D1-labelson-nodesc</styleUrl>
        <Point>
          <coordinates>
            42.196813,25.397644,0
          </coordinates>
        </Point>
      </Placemark>
      <Placemark>
        <name>شعيب ام ارطى</name>
        <styleUrl>#icon-1739-0288D1-labelson-nodesc</styleUrl>
        <Point>
          <coordinates>
            42.196813,25.397644,0
          </coordinates>
        </Point>
      </Placemark>
      <Placemark>
        <name>شعيب ام ارطى</name>
        <styleUrl>#icon-1739-0288D1-labelson-nodesc</styleUrl>
        <Point>
          <coordinates>
            42.544577,25.195105,0
          </coordinates>
        </Point>
      </Placemark>
      <Placemark>
        <name>شعيب ام الرحى</name>
        <styleUrl>#icon-1739-0288D1-labelson-nodesc</styleUrl>
        <Point>
          <coordinates>
            44.252608,27.566543,0
          </coordinates>
        </Point>
      </Placemark>
      <Placemark>
        <name>شعيب ام حصاد</name>
        <styleUrl>#icon-1739-0288D1-labelson-nodesc</styleUrl>
        <Point>
          <coordinates>
            41.706698,25.292416,0
          </coordinates>
        </Point>
      </Placemark>
      <Placemark>
        <name>شعيب ام رضيمة</name>
        <styleUrl>#icon-1739-0288D1-labelson-nodesc</styleUrl>
        <Point>
          <coordinates>
            42.670727,24.781723,0
          </coordinates>
        </Point>
      </Placemark>
      <Placemark>
        <name>شعيب ام رمل</name>
        <styleUrl>#icon-1739-0288D1-labelson-nodesc</styleUrl>
        <Point>
          <coordinates>
            44.671075,27.581456,0
          </coordinates>
        </Point>
      </Placemark>
      <Placemark>
        <name>شعيب ام سلمة</name>
        <styleUrl>#icon-1739-0288D1-labelson-nodesc</styleUrl>
        <Point>
          <coordinates>
            43.367672,25.83581,0
          </coordinates>
        </Point>
      </Placemark>
      <Placemark>
        <name>شعيب ام سليمة</name>
        <styleUrl>#icon-1739-0288D1-labelson-nodesc</styleUrl>
        <Point>
          <coordinates>
            43.126187,26.095812,0
          </coordinates>
        </Point>
      </Placemark>
      <Placemark>
        <name>شعيب ام سنون</name>
        <styleUrl>#icon-1739-0288D1-labelson-nodesc</styleUrl>
        <Point>
          <coordinates>
            43.41681,25.31147,0
          </coordinates>
        </Point>
      </Placemark>
      <Placemark>
        <name>شعيب ام سنون</name>
        <styleUrl>#icon-1739-0288D1-labelson-nodesc</styleUrl>
        <Point>
          <coordinates>
            43.300102,25.361788,0
          </coordinates>
        </Point>
      </Placemark>
      <Placemark>
        <name>شعيب ام شعراء</name>
        <styleUrl>#icon-1739-0288D1-labelson-nodesc</styleUrl>
        <Point>
          <coordinates>
            42.247453,25.727341,0
          </coordinates>
        </Point>
      </Placemark>
      <Placemark>
        <name>شعيب ام شعراء</name>
        <styleUrl>#icon-1739-0288D1-labelson-nodesc</styleUrl>
        <Point>
          <coordinates>
            42.356071,25.702021,0
          </coordinates>
        </Point>
      </Placemark>
      <Placemark>
        <name>شعيب ام شويحات</name>
        <styleUrl>#icon-1739-0288D1-labelson-nodesc</styleUrl>
        <Point>
          <coordinates>
            42.955728,25.366294,0
          </coordinates>
        </Point>
      </Placemark>
      <Placemark>
        <name>شعيب ام شيح</name>
        <styleUrl>#icon-1739-0288D1-labelson-nodesc</styleUrl>
        <Point>
          <coordinates>
            42.234685,24.732091,0
          </coordinates>
        </Point>
      </Placemark>
      <Placemark>
        <name>شعيب ام صفيح</name>
        <styleUrl>#icon-1739-0288D1-labelson-nodesc</styleUrl>
        <Point>
          <coordinates>
            42.81342,25.304561,0
          </coordinates>
        </Point>
      </Placemark>
      <Placemark>
        <name>شعيب ام طليحة</name>
        <styleUrl>#icon-1739-0288D1-labelson-nodesc</styleUrl>
        <Point>
          <coordinates>
            43.913319,25.394704,0
          </coordinates>
        </Point>
      </Placemark>
      <Placemark>
        <name>شعيب ام طليحة</name>
        <styleUrl>#icon-1739-0288D1-labelson-nodesc</styleUrl>
        <Point>
          <coordinates>
            43.99267,25.436954,0
          </coordinates>
        </Point>
      </Placemark>
      <Placemark>
        <name>شعيب ام عجرم</name>
        <styleUrl>#icon-1739-0288D1-labelson-nodesc</styleUrl>
        <Point>
          <coordinates>
            42.687056,25.985498,0
          </coordinates>
        </Point>
      </Placemark>
      <Placemark>
        <name>شعيب ام عجرم</name>
        <styleUrl>#icon-1739-0288D1-labelson-nodesc</styleUrl>
        <Point>
          <coordinates>
            42.764475,25.985541,0
          </coordinates>
        </Point>
      </Placemark>
      <Placemark>
        <name>شعيب ام عشر</name>
        <styleUrl>#icon-1739-0288D1-labelson-nodesc</styleUrl>
        <Point>
          <coordinates>
            43.883686,26.743641,0
          </coordinates>
        </Point>
      </Placemark>
      <Placemark>
        <name>شعيب ام عشرة</name>
        <styleUrl>#icon-1739-0288D1-labelson-nodesc</styleUrl>
        <Point>
          <coordinates>
            43.029285,25.341103,0
          </coordinates>
        </Point>
      </Placemark>
      <Placemark>
        <name>شعيب بدرة</name>
        <styleUrl>#icon-1739-0288D1-labelson-nodesc</styleUrl>
        <Point>
          <coordinates>
            42.558374,25.131912,0
          </coordinates>
        </Point>
      </Placemark>
      <Placemark>
        <name>شعيب بدرة</name>
        <styleUrl>#icon-1739-0288D1-labelson-nodesc</styleUrl>
        <Point>
          <coordinates>
            42.571378,25.103095,0
          </coordinates>
        </Point>
      </Placemark>
      <Placemark>
        <name>شعيب بقيعاء الشمالية</name>
        <styleUrl>#icon-1739-0288D1-labelson-nodesc</styleUrl>
        <Point>
          <coordinates>
            42.925386,26.349378,0
          </coordinates>
        </Point>
      </Placemark>
      <Placemark>
        <name>شعيب بوهان</name>
        <styleUrl>#icon-1739-0288D1-labelson-nodesc</styleUrl>
        <Point>
          <coordinates>
            43.804035,27.885189,0
          </coordinates>
        </Point>
      </Placemark>
      <Placemark>
        <name>شعيب ثريان</name>
        <styleUrl>#icon-1739-0288D1-labelson-nodesc</styleUrl>
        <Point>
          <coordinates>
            42.557023,24.890127,0
          </coordinates>
        </Point>
      </Placemark>
      <Placemark>
        <name>شعيب ثميلة جويعد</name>
        <styleUrl>#icon-1739-0288D1-labelson-nodesc</styleUrl>
        <Point>
          <coordinates>
            42.966993,26.604273,0
          </coordinates>
        </Point>
      </Placemark>
      <Placemark>
        <name>شعيب جبلة</name>
        <styleUrl>#icon-1739-0288D1-labelson-nodesc</styleUrl>
        <Point>
          <coordinates>
            44.348974,27.697477,0
          </coordinates>
        </Point>
      </Placemark>
      <Placemark>
        <name>شعيب جدعاء</name>
        <styleUrl>#icon-1739-0288D1-labelson-nodesc</styleUrl>
        <Point>
          <coordinates>
            42.907791,25.773969,0
          </coordinates>
        </Point>
      </Placemark>
      <Placemark>
        <name>شعيب جدعاء</name>
        <styleUrl>#icon-1739-0288D1-labelson-nodesc</styleUrl>
        <Point>
          <coordinates>
            42.873223,25.753391,0
          </coordinates>
        </Point>
      </Placemark>
      <Placemark>
        <name>شعيب جدعاء</name>
        <styleUrl>#icon-1739-0288D1-labelson-nodesc</styleUrl>
        <Point>
          <coordinates>
            42.845092,25.830703,0
          </coordinates>
        </Point>
      </Placemark>
      <Placemark>
        <name>شعيب جدعاء</name>
        <styleUrl>#icon-1739-0288D1-labelson-nodesc</styleUrl>
        <Point>
          <coordinates>
            42.921846,25.78577,0
          </coordinates>
        </Point>
      </Placemark>
      <Placemark>
        <name>شعيب جدعاءالشمالي</name>
        <styleUrl>#icon-1739-0288D1-labelson-nodesc</styleUrl>
        <Point>
          <coordinates>
            42.91558,25.833857,0
          </coordinates>
        </Point>
      </Placemark>
      <Placemark>
        <name>شعيب الجرارية</name>
        <styleUrl>#icon-1739-0288D1-labelson-nodesc</styleUrl>
        <Point>
          <coordinates>
            42.8852826,25.6158613,0
          </coordinates>
        </Point>
      </Placemark>
      <Placemark>
        <name>شعيب أبوسديرة</name>
        <styleUrl>#icon-1739-0288D1-labelson-nodesc</styleUrl>
        <Point>
          <coordinates>
            42.857516,25.474248,0
          </coordinates>
        </Point>
      </Placemark>
      <Placemark>
        <name>شعيب الجرارية</name>
        <styleUrl>#icon-1739-0288D1-labelson-nodesc</styleUrl>
        <Point>
          <coordinates>
            42.907147,25.512271,0
          </coordinates>
        </Point>
      </Placemark>
      <Placemark>
        <name>شعيب جريثم</name>
        <styleUrl>#icon-1739-0288D1-labelson-nodesc</styleUrl>
        <Point>
          <coordinates>
            42.861614,26.534579,0
          </coordinates>
        </Point>
      </Placemark>
      <Placemark>
        <name>شعيب حسيكان</name>
        <styleUrl>#icon-1739-0288D1-labelson-nodesc</styleUrl>
        <Point>
          <coordinates>
            44.185832,27.728698,0
          </coordinates>
        </Point>
      </Placemark>
      <Placemark>
        <name>شعيب حسيكان</name>
        <styleUrl>#icon-1739-0288D1-labelson-nodesc</styleUrl>
        <Point>
          <coordinates>
            44.224412,27.779574,0
          </coordinates>
        </Point>
      </Placemark>
      <Placemark>
        <name>شعيب حمادة الجفن</name>
        <styleUrl>#icon-1739-0288D1-labelson-nodesc</styleUrl>
        <Point>
          <coordinates>
            41.716633,25.544071,0
          </coordinates>
        </Point>
      </Placemark>
      <Placemark>
        <name>شعيب حنيظل</name>
        <styleUrl>#icon-1739-0288D1-labelson-nodesc</styleUrl>
        <Point>
          <coordinates>
            44.099786,26.973667,0
          </coordinates>
        </Point>
      </Placemark>
      <Placemark>
        <name>شعيب خريشاء</name>
        <styleUrl>#icon-1739-0288D1-labelson-nodesc</styleUrl>
        <Point>
          <coordinates>
            41.525638,25.327885,0
          </coordinates>
        </Point>
      </Placemark>
      <Placemark>
        <name>شعيب خصيبة الجنوبي</name>
        <styleUrl>#icon-1739-0288D1-labelson-nodesc</styleUrl>
        <Point>
          <coordinates>
            44.091418,26.916332,0
          </coordinates>
        </Point>
      </Placemark>
      <Placemark>
        <name>شعيب خصيبة الشمالي</name>
        <styleUrl>#icon-1739-0288D1-labelson-nodesc</styleUrl>
        <Point>
          <coordinates>
            44.081955,26.916847,0
          </coordinates>
        </Point>
      </Placemark>
      <Placemark>
        <name>شعيب دخان</name>
        <styleUrl>#icon-1739-0288D1-labelson-nodesc</styleUrl>
        <Point>
          <coordinates>
            44.102554,27.70752,0
          </coordinates>
        </Point>
      </Placemark>
      <Placemark>
        <name>شعيب دخان</name>
        <styleUrl>#icon-1739-0288D1-labelson-nodesc</styleUrl>
        <Point>
          <coordinates>
            44.136543,27.772644,0
          </coordinates>
        </Point>
      </Placemark>
      <Placemark>
        <name>شعيب دخنة</name>
        <styleUrl>#icon-1739-0288D1-labelson-nodesc</styleUrl>
        <Point>
          <coordinates>
            43.551779,25.234416,0
          </coordinates>
        </Point>
      </Placemark>
      <Placemark>
        <name>شعيب دخنة</name>
        <styleUrl>#icon-1739-0288D1-labelson-nodesc</styleUrl>
        <Point>
          <coordinates>
            43.607826,25.295334,0
          </coordinates>
        </Point>
      </Placemark>
      <Placemark>
        <name>شعيب دخنة</name>
        <styleUrl>#icon-1739-0288D1-labelson-nodesc</styleUrl>
        <Point>
          <coordinates>
            43.619521,25.340052,0
          </coordinates>
        </Point>
      </Placemark>
      <Placemark>
        <name>شعيب دخنة</name>
        <styleUrl>#icon-1739-0288D1-labelson-nodesc</styleUrl>
        <Point>
          <coordinates>
            43.628876,25.386915,0
          </coordinates>
        </Point>
      </Placemark>
      <Placemark>
        <name>شعيب دخنة</name>
        <styleUrl>#icon-1739-0288D1-labelson-nodesc</styleUrl>
        <Point>
          <coordinates>
            43.628554,25.505404,0
          </coordinates>
        </Point>
      </Placemark>
      <Placemark>
        <name>شعيب درعة</name>
        <styleUrl>#icon-1739-0288D1-labelson-nodesc</styleUrl>
        <Point>
          <coordinates>
            43.471355,25.315375,0
          </coordinates>
        </Point>
      </Placemark>
      <Placemark>
        <name>شعيب درعة</name>
        <styleUrl>#icon-1739-0288D1-labelson-nodesc</styleUrl>
        <Point>
          <coordinates>
            43.6098,25.336339,0
          </coordinates>
        </Point>
      </Placemark>
      <Placemark>
        <name>شعيب دساس</name>
        <styleUrl>#icon-1739-0288D1-labelson-nodesc</styleUrl>
        <Point>
          <coordinates>
            43.122282,25.921469,0
          </coordinates>
        </Point>
      </Placemark>
      <Placemark>
        <name>شعيب دساس</name>
        <styleUrl>#icon-1739-0288D1-labelson-nodesc</styleUrl>
        <Point>
          <coordinates>
            43.1779,25.874906,0
          </coordinates>
        </Point>
      </Placemark>
      <Placemark>
        <name>شعيب دسمان</name>
        <styleUrl>#icon-1739-0288D1-labelson-nodesc</styleUrl>
        <Point>
          <coordinates>
            41.97391,25.545101,0
          </coordinates>
        </Point>
      </Placemark>
      <Placemark>
        <name>شعيب دمعان</name>
        <styleUrl>#icon-1739-0288D1-labelson-nodesc</styleUrl>
        <Point>
          <coordinates>
            41.906061,26.02056,0
          </coordinates>
        </Point>
      </Placemark>
      <Placemark>
        <name>شعيب دهيماء</name>
        <styleUrl>#icon-1739-0288D1-labelson-nodesc</styleUrl>
        <Point>
          <coordinates>
            43.882527,25.592523,0
          </coordinates>
        </Point>
      </Placemark>
      <Placemark>
        <name>شعيب ديم</name>
        <styleUrl>#icon-1739-0288D1-labelson-nodesc</styleUrl>
        <Point>
          <coordinates>
            41.87336,25.722942,0
          </coordinates>
        </Point>
      </Placemark>
      <Placemark>
        <name>شعيب ربيق</name>
        <styleUrl>#icon-1739-0288D1-labelson-nodesc</styleUrl>
        <Point>
          <coordinates>
            43.874738,25.454121,0
          </coordinates>
        </Point>
      </Placemark>
      <Placemark>
        <name>شعيب رغوة</name>
        <styleUrl>#icon-1739-0288D1-labelson-nodesc</styleUrl>
        <Point>
          <coordinates>
            44.584622,25.834136,0
          </coordinates>
        </Point>
      </Placemark>
      <Placemark>
        <name>شعيب رغوة</name>
        <styleUrl>#icon-1739-0288D1-labelson-nodesc</styleUrl>
        <Point>
          <coordinates>
            44.582798,25.833192,0
          </coordinates>
        </Point>
      </Placemark>
      <Placemark>
        <name>شعيب ركدان الجنوبي</name>
        <styleUrl>#icon-1739-0288D1-labelson-nodesc</styleUrl>
        <Point>
          <coordinates>
            42.803206,26.853118,0
          </coordinates>
        </Point>
      </Placemark>
      <Placemark>
        <name>شعيب ركدان الشمالي</name>
        <styleUrl>#icon-1739-0288D1-labelson-nodesc</styleUrl>
        <Point>
          <coordinates>
            42.811511,26.870885,0
          </coordinates>
        </Point>
      </Placemark>
      <Placemark>
        <name>شعيب رمثان</name>
        <styleUrl>#icon-1739-0288D1-labelson-nodesc</styleUrl>
        <Point>
          <coordinates>
            41.854928,25.402815,0
          </coordinates>
        </Point>
      </Placemark>
      <Placemark>
        <name>شعيب ريمان</name>
        <styleUrl>#icon-1739-0288D1-labelson-nodesc</styleUrl>
        <Point>
          <coordinates>
            42.7354,25.06254,0
          </coordinates>
        </Point>
      </Placemark>
      <Placemark>
        <name>شعيب ريمان</name>
        <styleUrl>#icon-1739-0288D1-labelson-nodesc</styleUrl>
        <Point>
          <coordinates>
            42.682486,25.094554,0
          </coordinates>
        </Point>
      </Placemark>
      <Placemark>
        <name>شعيب سامودة</name>
        <styleUrl>#icon-1739-0288D1-labelson-nodesc</styleUrl>
        <Point>
          <coordinates>
            43.894908,25.421312,0
          </coordinates>
        </Point>
      </Placemark>
      <Placemark>
        <name>شعيب سعيدة</name>
        <styleUrl>#icon-1739-0288D1-labelson-nodesc</styleUrl>
        <Point>
          <coordinates>
            43.46966,26.05603,0
          </coordinates>
        </Point>
      </Placemark>
      <Placemark>
        <name>شعيب سلمات العفراء</name>
        <styleUrl>#icon-1739-0288D1-labelson-nodesc</styleUrl>
        <Point>
          <coordinates>
            42.184582,25.913937,0
          </coordinates>
        </Point>
      </Placemark>
      <Placemark>
        <name>شعيب سلمات العفراء</name>
        <styleUrl>#icon-1739-0288D1-labelson-nodesc</styleUrl>
        <Point>
          <coordinates>
            42.20825,25.952067,0
          </coordinates>
        </Point>
      </Placemark>
      <Placemark>
        <name>شعيب سمر الخرشاء</name>
        <styleUrl>#icon-1739-0288D1-labelson-nodesc</styleUrl>
        <Point>
          <coordinates>
            42.45939,26.283674,0
          </coordinates>
        </Point>
      </Placemark>
      <Placemark>
        <name>شعيب سمر الخرشاء</name>
        <styleUrl>#icon-1739-0288D1-labelson-nodesc</styleUrl>
        <Point>
          <coordinates>
            42.453425,26.264684,0
          </coordinates>
        </Point>
      </Placemark>
      <Placemark>
        <name>شعيب سمر الخرشاء</name>
        <styleUrl>#icon-1739-0288D1-labelson-nodesc</styleUrl>
        <Point>
          <coordinates>
            42.51297,26.336975,0
          </coordinates>
        </Point>
      </Placemark>
      <Placemark>
        <name>شعيب سويقة</name>
        <styleUrl>#icon-1739-0288D1-labelson-nodesc</styleUrl>
        <Point>
          <coordinates>
            43.287699,26.295304,0
          </coordinates>
        </Point>
      </Placemark>
      <Placemark>
        <name>شعيب شمطان</name>
        <styleUrl>#icon-1739-0288D1-labelson-nodesc</styleUrl>
        <Point>
          <coordinates>
            41.58735,25.488453,0
          </coordinates>
        </Point>
      </Placemark>
      <Placemark>
        <name>شعيب صبيح</name>
        <styleUrl>#icon-1739-0288D1-labelson-nodesc</styleUrl>
        <Point>
          <coordinates>
            43.051364,26.010089,0
          </coordinates>
        </Point>
      </Placemark>
      <Placemark>
        <name>شعيب صبيح</name>
        <styleUrl>#icon-1739-0288D1-labelson-nodesc</styleUrl>
        <Point>
          <coordinates>
            43.161786,25.972044,0
          </coordinates>
        </Point>
      </Placemark>
      <Placemark>
        <name>شعيب صبيح</name>
        <styleUrl>#icon-1739-0288D1-labelson-nodesc</styleUrl>
        <Point>
          <coordinates>
            43.303428,25.880785,0
          </coordinates>
        </Point>
      </Placemark>
      <Placemark>
        <name>شعيب صخيبرة الشرقي</name>
        <styleUrl>#icon-1739-0288D1-labelson-nodesc</styleUrl>
        <Point>
          <coordinates>
            41.973267,25.40554,0
          </coordinates>
        </Point>
      </Placemark>
      <Placemark>
        <name>شعيب صخيبرة الغربي</name>
        <styleUrl>#icon-1739-0288D1-labelson-nodesc</styleUrl>
        <Point>
          <coordinates>
            41.870999,25.498281,0
          </coordinates>
        </Point>
      </Placemark>
      <Placemark>
        <name>شعيب صخيبرة الغربي</name>
        <styleUrl>#icon-1739-0288D1-labelson-nodesc</styleUrl>
        <Point>
          <coordinates>
            42.00069,25.342348,0
          </coordinates>
        </Point>
      </Placemark>
      <Placemark>
        <name>شعيب صعينين</name>
        <styleUrl>#icon-1739-0288D1-labelson-nodesc</styleUrl>
        <Point>
          <coordinates>
            42.550371,25.161288,0
          </coordinates>
        </Point>
      </Placemark>
      <Placemark>
        <name>شعيب صفاق</name>
        <styleUrl>#icon-1739-0288D1-labelson-nodesc</styleUrl>
        <Point>
          <coordinates>
            42.155035,26.39652,0
          </coordinates>
        </Point>
      </Placemark>
      <Placemark>
        <name>شعيب صياد</name>
        <styleUrl>#icon-1739-0288D1-labelson-nodesc</styleUrl>
        <Point>
          <coordinates>
            43.273087,26.698666,0
          </coordinates>
        </Point>
      </Placemark>
      <Placemark>
        <name>شعيب ضليع رشيد</name>
        <styleUrl>#icon-1739-0288D1-labelson-nodesc</styleUrl>
        <Point>
          <coordinates>
            42.525201,26.014209,0
          </coordinates>
        </Point>
      </Placemark>
      <Placemark>
        <name>شعيب ضيدة</name>
        <styleUrl>#icon-1739-0288D1-labelson-nodesc</styleUrl>
        <Point>
          <coordinates>
            44.016938,27.110825,0
          </coordinates>
        </Point>
      </Placemark>
      <Placemark>
        <name>شعيب طبقان</name>
        <styleUrl>#icon-1739-0288D1-labelson-nodesc</styleUrl>
        <Point>
          <coordinates>
            43.258131,26.733513,0
          </coordinates>
        </Point>
      </Placemark>
      <Placemark>
        <name>شعيب طريف</name>
        <styleUrl>#icon-1739-0288D1-labelson-nodesc</styleUrl>
        <Point>
          <coordinates>
            44.163344,26.82518,0
          </coordinates>
        </Point>
      </Placemark>
      <Placemark>
        <name>شعيب طليحان</name>
        <styleUrl>#icon-1739-0288D1-labelson-nodesc</styleUrl>
        <Point>
          <coordinates>
            44.240355,27.753675,0
          </coordinates>
        </Point>
      </Placemark>
      <Placemark>
        <name>شعيب طمية</name>
        <styleUrl>#icon-1739-0288D1-labelson-nodesc</styleUrl>
        <Point>
          <coordinates>
            42.088838,25.665565,0
          </coordinates>
        </Point>
      </Placemark>
      <Placemark>
        <name>شعيب طيب اسم</name>
        <styleUrl>#icon-1739-0288D1-labelson-nodesc</styleUrl>
        <Point>
          <coordinates>
            44.597046,27.564633,0
          </coordinates>
        </Point>
      </Placemark>
      <Placemark>
        <name>شعيب ظلماء</name>
        <styleUrl>#icon-1739-0288D1-labelson-nodesc</styleUrl>
        <Point>
          <coordinates>
            42.899959,25.811584,0
          </coordinates>
        </Point>
      </Placemark>
      <Placemark>
        <name>شعيب ظلماء</name>
        <styleUrl>#icon-1739-0288D1-labelson-nodesc</styleUrl>
        <Point>
          <coordinates>
            42.84065,25.768991,0
          </coordinates>
        </Point>
      </Placemark>
      <Placemark>
        <name>شعيب عائشة</name>
        <styleUrl>#icon-1739-0288D1-labelson-nodesc</styleUrl>
        <Point>
          <coordinates>
            43.779144,27.900467,0
          </coordinates>
        </Point>
      </Placemark>
      <Placemark>
        <name>شعيب عايضة</name>
        <styleUrl>#icon-1739-0288D1-labelson-nodesc</styleUrl>
        <Point>
          <coordinates>
            41.816583,25.476952,0
          </coordinates>
        </Point>
      </Placemark>
      <Placemark>
        <name>شعيب عشيران</name>
        <styleUrl>#icon-1739-0288D1-labelson-nodesc</styleUrl>
        <Point>
          <coordinates>
            42.93884,25.065029,0
          </coordinates>
        </Point>
      </Placemark>
      <Placemark>
        <name>شعيب عطرة</name>
        <styleUrl>#icon-1739-0288D1-labelson-nodesc</styleUrl>
        <Point>
          <coordinates>
            41.944084,25.612307,0
          </coordinates>
        </Point>
      </Placemark>
      <Placemark>
        <name>شعيب عطي</name>
        <styleUrl>#icon-1739-0288D1-labelson-nodesc</styleUrl>
        <Point>
          <coordinates>
            42.56567,25.903015,0
          </coordinates>
        </Point>
      </Placemark>
      <Placemark>
        <name>شعيب عطي</name>
        <styleUrl>#icon-1739-0288D1-labelson-nodesc</styleUrl>
        <Point>
          <coordinates>
            42.67431,25.827806,0
          </coordinates>
        </Point>
      </Placemark>
      <Placemark>
        <name>شعيب عطي</name>
        <styleUrl>#icon-1739-0288D1-labelson-nodesc</styleUrl>
        <Point>
          <coordinates>
            42.769818,25.759099,0
          </coordinates>
        </Point>
      </Placemark>
      <Placemark>
        <name>شعيب عطي</name>
        <styleUrl>#icon-1739-0288D1-labelson-nodesc</styleUrl>
        <Point>
          <coordinates>
            42.774882,25.75691,0
          </coordinates>
        </Point>
      </Placemark>
      <Placemark>
        <name>شعيب عقيربان</name>
        <styleUrl>#icon-1739-0288D1-labelson-nodesc</styleUrl>
        <Point>
          <coordinates>
            41.990261,24.996986,0
          </coordinates>
        </Point>
      </Placemark>
      <Placemark>
        <name>شعيب عقيربان</name>
        <styleUrl>#icon-1739-0288D1-labelson-nodesc</styleUrl>
        <Point>
          <coordinates>
            42.137547,25.181844,0
          </coordinates>
        </Point>
      </Placemark>
      <Placemark>
        <name>شعيب علو البيضة</name>
        <styleUrl>#icon-1739-0288D1-labelson-nodesc</styleUrl>
        <Point>
          <coordinates>
            42.240973,26.162202,0
          </coordinates>
        </Point>
      </Placemark>
      <Placemark>
        <name>شعيب علو البيضة</name>
        <styleUrl>#icon-1739-0288D1-labelson-nodesc</styleUrl>
        <Point>
          <coordinates>
            42.325516,26.227026,0
          </coordinates>
        </Point>
      </Placemark>
      <Placemark>
        <name>شعيب عويشز</name>
        <styleUrl>#icon-1739-0288D1-labelson-nodesc</styleUrl>
        <Point>
          <coordinates>
            42.764668,26.232648,0
          </coordinates>
        </Point>
      </Placemark>
      <Placemark>
        <name>شعيب عويشز</name>
        <styleUrl>#icon-1739-0288D1-labelson-nodesc</styleUrl>
        <Point>
          <coordinates>
            42.79016,26.134286,0
          </coordinates>
        </Point>
      </Placemark>
      <Placemark>
        <name>شعيب غنيجان</name>
        <styleUrl>#icon-1739-0288D1-labelson-nodesc</styleUrl>
        <Point>
          <coordinates>
            43.084581,25.885828,0
          </coordinates>
        </Point>
      </Placemark>
      <Placemark>
        <name>شعيب غنيجان</name>
        <styleUrl>#icon-1739-0288D1-labelson-nodesc</styleUrl>
        <Point>
          <coordinates>
            43.151658,25.860744,0
          </coordinates>
        </Point>
      </Placemark>
      <Placemark>
        <name>شعيب غنيجان</name>
        <styleUrl>#icon-1739-0288D1-labelson-nodesc</styleUrl>
        <Point>
          <coordinates>
            43.241565,25.829737,0
          </coordinates>
        </Point>
      </Placemark>
      <Placemark>
        <name>شعيب غنيموات الغربي</name>
        <styleUrl>#icon-1739-0288D1-labelson-nodesc</styleUrl>
        <Point>
          <coordinates>
            42.822111,26.239836,0
          </coordinates>
        </Point>
      </Placemark>
      <Placemark>
        <name>شعيب غنيموات الغربي</name>
        <styleUrl>#icon-1739-0288D1-labelson-nodesc</styleUrl>
        <Point>
          <coordinates>
            42.810352,26.150937,0
          </coordinates>
        </Point>
      </Placemark>
      <Placemark>
        <name>شعيب فردة</name>
        <styleUrl>#icon-1739-0288D1-labelson-nodesc</styleUrl>
        <Point>
          <coordinates>
            42.501683,26.235824,0
          </coordinates>
        </Point>
      </Placemark>
      <Placemark>
        <name>شعيب فردة</name>
        <styleUrl>#icon-1739-0288D1-labelson-nodesc</styleUrl>
        <Point>
          <coordinates>
            42.505052,26.22076,0
          </coordinates>
        </Point>
      </Placemark>
      <Placemark>
        <name>شعيب فياضة</name>
        <styleUrl>#icon-1739-0288D1-labelson-nodesc</styleUrl>
        <Point>
          <coordinates>
            43.18481,25.194418,0
          </coordinates>
        </Point>
      </Placemark>
      <Placemark>
        <name>شعيب قبة</name>
        <styleUrl>#icon-1739-0288D1-labelson-nodesc</styleUrl>
        <Point>
          <coordinates>
            44.306853,27.421167,0
          </coordinates>
        </Point>
      </Placemark>
      <Placemark>
        <name>شعيب قبة</name>
        <styleUrl>#icon-1739-0288D1-labelson-nodesc</styleUrl>
        <Point>
          <coordinates>
            44.481776,27.276285,0
          </coordinates>
        </Point>
      </Placemark>
      <Placemark>
        <name>شعيب قدر</name>
        <styleUrl>#icon-1739-0288D1-labelson-nodesc</styleUrl>
        <Point>
          <coordinates>
            42.790611,26.448855,0
          </coordinates>
        </Point>
      </Placemark>
      <Placemark>
        <name>شعيب قرنين</name>
        <styleUrl>#icon-1739-0288D1-labelson-nodesc</styleUrl>
        <Point>
          <coordinates>
            42.779517,26.414244,0
          </coordinates>
        </Point>
      </Placemark>
      <Placemark>
        <name>شعيب كحلة</name>
        <styleUrl>#icon-1739-0288D1-labelson-nodesc</styleUrl>
        <Point>
          <coordinates>
            42.655277,26.627083,0
          </coordinates>
        </Point>
      </Placemark>
      <Placemark>
        <name>شعيب كحلة</name>
        <styleUrl>#icon-1739-0288D1-labelson-nodesc</styleUrl>
        <Point>
          <coordinates>
            42.763767,26.707764,0
          </coordinates>
        </Point>
      </Placemark>
      <Placemark>
        <name>شعيب كهف روق</name>
        <styleUrl>#icon-1739-0288D1-labelson-nodesc</styleUrl>
        <Point>
          <coordinates>
            43.73771,25.652239,0
          </coordinates>
        </Point>
      </Placemark>
      <Placemark>
        <name>شعيب لوبان</name>
        <styleUrl>#icon-1739-0288D1-labelson-nodesc</styleUrl>
        <Point>
          <coordinates>
            41.914022,25.576193,0
          </coordinates>
        </Point>
      </Placemark>
      <Placemark>
        <name>شعيب ليم</name>
        <styleUrl>#icon-1739-0288D1-labelson-nodesc</styleUrl>
        <Point>
          <coordinates>
            43.019328,24.899375,0
          </coordinates>
        </Point>
      </Placemark>
      <Placemark>
        <name>شعيب مازونة</name>
        <styleUrl>#icon-1739-0288D1-labelson-nodesc</styleUrl>
        <Point>
          <coordinates>
            42.562408,25.37241,0
          </coordinates>
        </Point>
      </Placemark>
      <Placemark>
        <name>شعيب مازونة</name>
        <styleUrl>#icon-1739-0288D1-labelson-nodesc</styleUrl>
        <Point>
          <coordinates>
            42.594573,25.324087,0
          </coordinates>
        </Point>
      </Placemark>
      <Placemark>
        <name>شعيب مباري</name>
        <styleUrl>#icon-1739-0288D1-labelson-nodesc</styleUrl>
        <Point>
          <coordinates>
            42.185075,25.997086,0
          </coordinates>
        </Point>
      </Placemark>
      <Placemark>
        <name>شعيب مباري</name>
        <styleUrl>#icon-1739-0288D1-labelson-nodesc</styleUrl>
        <Point>
          <coordinates>
            42.217112,26.016634,0
          </coordinates>
        </Point>
      </Placemark>
      <Placemark>
        <name>شعيب مباري</name>
        <styleUrl>#icon-1739-0288D1-labelson-nodesc</styleUrl>
        <Point>
          <coordinates>
            42.515523,25.766072,0
          </coordinates>
        </Point>
      </Placemark>
      <Placemark>
        <name>شعيب مباري</name>
        <styleUrl>#icon-1739-0288D1-labelson-nodesc</styleUrl>
        <Point>
          <coordinates>
            42.654526,25.696292,0
          </coordinates>
        </Point>
      </Placemark>
      <Placemark>
        <name>شعيب مباري</name>
        <styleUrl>#icon-1739-0288D1-labelson-nodesc</styleUrl>
        <Point>
          <coordinates>
            43.198414,25.437276,0
          </coordinates>
        </Point>
      </Placemark>
      <Placemark>
        <name>شعيب مباري</name>
        <styleUrl>#icon-1739-0288D1-labelson-nodesc</styleUrl>
        <Point>
          <coordinates>
            43.30478,25.263062,0
          </coordinates>
        </Point>
      </Placemark>
      <Placemark>
        <name>شعيب مباري</name>
        <styleUrl>#icon-1739-0288D1-labelson-nodesc</styleUrl>
        <Point>
          <coordinates>
            43.39561,25.217979,0
          </coordinates>
        </Point>
      </Placemark>
      <Placemark>
        <name>شعيب مبحل</name>
        <styleUrl>#icon-1739-0288D1-labelson-nodesc</styleUrl>
        <Point>
          <coordinates>
            42.183037,26.211126,0
          </coordinates>
        </Point>
      </Placemark>
      <Placemark>
        <name>شعيب مبعوج</name>
        <styleUrl>#icon-1739-0288D1-labelson-nodesc</styleUrl>
        <Point>
          <coordinates>
            42.997205,25.048463,0
          </coordinates>
        </Point>
      </Placemark>
      <Placemark>
        <name>شعيب مبعوج</name>
        <styleUrl>#icon-1739-0288D1-labelson-nodesc</styleUrl>
        <Point>
          <coordinates>
            42.999866,25.169721,0
          </coordinates>
        </Point>
      </Placemark>
      <Placemark>
        <name>شعيب مبهل</name>
        <styleUrl>#icon-1739-0288D1-labelson-nodesc</styleUrl>
        <Point>
          <coordinates>
            43.137302,25.17,0
          </coordinates>
        </Point>
      </Placemark>
      <Placemark>
        <name>شعيب مجفل</name>
        <styleUrl>#icon-1739-0288D1-labelson-nodesc</styleUrl>
        <Point>
          <coordinates>
            41.688266,25.655887,0
          </coordinates>
        </Point>
      </Placemark>
      <Placemark>
        <name>شعيب مخيط</name>
        <styleUrl>#icon-1739-0288D1-labelson-nodesc</styleUrl>
        <Point>
          <coordinates>
            42.876806,25.867052,0
          </coordinates>
        </Point>
      </Placemark>
      <Placemark>
        <name>شعيب مخيط</name>
        <styleUrl>#icon-1739-0288D1-labelson-nodesc</styleUrl>
        <Point>
          <coordinates>
            42.838569,25.845594,0
          </coordinates>
        </Point>
      </Placemark>
      <Placemark>
        <name>شعيب مخيط</name>
        <styleUrl>#icon-1739-0288D1-labelson-nodesc</styleUrl>
        <Point>
          <coordinates>
            42.96474,25.896149,0
          </coordinates>
        </Point>
      </Placemark>
      <Placemark>
        <name>شعيب مديسيس</name>
        <styleUrl>#icon-1739-0288D1-labelson-nodesc</styleUrl>
        <Point>
          <coordinates>
            41.954169,25.365028,0
          </coordinates>
        </Point>
      </Placemark>
      <Placemark>
        <name>شعيب مديسيس</name>
        <styleUrl>#icon-1739-0288D1-labelson-nodesc</styleUrl>
        <Point>
          <coordinates>
            42.249835,26.201384,0
          </coordinates>
        </Point>
      </Placemark>
      <Placemark>
        <name>شعيب مديسيس</name>
        <styleUrl>#icon-1739-0288D1-labelson-nodesc</styleUrl>
        <Point>
          <coordinates>
            42.356994,26.289446,0
          </coordinates>
        </Point>
      </Placemark>
      <Placemark>
        <name>شعيب مديسيس</name>
        <styleUrl>#icon-1739-0288D1-labelson-nodesc</styleUrl>
        <Point>
          <coordinates>
            43.027267,26.408515,0
          </coordinates>
        </Point>
      </Placemark>
      <Placemark>
        <name>شعيب مديسيس</name>
        <styleUrl>#icon-1739-0288D1-labelson-nodesc</styleUrl>
        <Point>
          <coordinates>
            43.558688,27.345507,0
          </coordinates>
        </Point>
      </Placemark>
      <Placemark>
        <name>شعيب مديسيس</name>
        <styleUrl>#icon-1739-0288D1-labelson-nodesc</styleUrl>
        <Point>
          <coordinates>
            43.412626,25.250981,0
          </coordinates>
        </Point>
      </Placemark>
      <Placemark>
        <name>شعيب مسكة</name>
        <styleUrl>#icon-1739-0288D1-labelson-nodesc</styleUrl>
        <Point>
          <coordinates>
            42.915001,24.822257,0
          </coordinates>
        </Point>
      </Placemark>
      <Placemark>
        <name>شعيب مشاحيد</name>
        <styleUrl>#icon-1739-0288D1-labelson-nodesc</styleUrl>
        <Point>
          <coordinates>
            42.470398,26.093302,0
          </coordinates>
        </Point>
      </Placemark>
      <Placemark>
        <name>شعيب مشاش جرود</name>
        <styleUrl>#icon-1739-0288D1-labelson-nodesc</styleUrl>
        <Point>
          <coordinates>
            42.798979,26.565285,0
          </coordinates>
        </Point>
      </Placemark>
      <Placemark>
        <name>شعيب مشاش جرود</name>
        <styleUrl>#icon-1739-0288D1-labelson-nodesc</styleUrl>
        <Point>
          <coordinates>
            42.799001,26.565285,0
          </coordinates>
        </Point>
      </Placemark>
      <Placemark>
        <name>شعيب مشاش جرود</name>
        <styleUrl>#icon-1739-0288D1-labelson-nodesc</styleUrl>
        <Point>
          <coordinates>
            42.872493,26.697121,0
          </coordinates>
        </Point>
      </Placemark>
      <Placemark>
        <name>شعيب مشعان</name>
        <styleUrl>#icon-1739-0288D1-labelson-nodesc</styleUrl>
        <Point>
          <coordinates>
            41.95462,25.775943,0
          </coordinates>
        </Point>
      </Placemark>
      <Placemark>
        <name>شعيب مشعان</name>
        <styleUrl>#icon-1739-0288D1-labelson-nodesc</styleUrl>
        <Point>
          <coordinates>
            42.098494,25.80519,0
          </coordinates>
        </Point>
      </Placemark>
      <Placemark>
        <name>شعيب مطربة</name>
        <styleUrl>#icon-1739-0288D1-labelson-nodesc</styleUrl>
        <Point>
          <coordinates>
            41.986613,25.53345,0
          </coordinates>
        </Point>
      </Placemark>
      <Placemark>
        <name>شعيب مطربة</name>
        <styleUrl>#icon-1739-0288D1-labelson-nodesc</styleUrl>
        <Point>
          <coordinates>
            42.072637,25.544264,0
          </coordinates>
        </Point>
      </Placemark>
      <Placemark>
        <name>شعيب مطربة</name>
        <styleUrl>#icon-1739-0288D1-labelson-nodesc</styleUrl>
        <Point>
          <coordinates>
            42.286763,25.513387,0
          </coordinates>
        </Point>
      </Placemark>
      <Placemark>
        <name>شعيب مظيفير</name>
        <styleUrl>#icon-1739-0288D1-labelson-nodesc</styleUrl>
        <Point>
          <coordinates>
            44.233725,25.836904,0
          </coordinates>
        </Point>
      </Placemark>
      <Placemark>
        <name>شعيب معيرضة</name>
        <styleUrl>#icon-1739-0288D1-labelson-nodesc</styleUrl>
        <Point>
          <coordinates>
            44.321079,25.649815,0
          </coordinates>
        </Point>
      </Placemark>
      <Placemark>
        <name>شعيب معيفين</name>
        <styleUrl>#icon-1739-0288D1-labelson-nodesc</styleUrl>
        <Point>
          <coordinates>
            44.651699,25.761223,0
          </coordinates>
        </Point>
      </Placemark>
      <Placemark>
        <name>شعيب مفرق</name>
        <styleUrl>#icon-1739-0288D1-labelson-nodesc</styleUrl>
        <Point>
          <coordinates>
            42.77338,24.970036,0
          </coordinates>
        </Point>
      </Placemark>
      <Placemark>
        <name>شعيب مليح</name>
        <styleUrl>#icon-1739-0288D1-labelson-nodesc</styleUrl>
        <Point>
          <coordinates>
            42.531402,25.215576,0
          </coordinates>
        </Point>
      </Placemark>
      <Placemark>
        <name>شعيب ناصفة القنينة</name>
        <styleUrl>#icon-1739-0288D1-labelson-nodesc</styleUrl>
        <Point>
          <coordinates>
            42.988064,24.683232,0
          </coordinates>
        </Point>
      </Placemark>
      <Placemark>
        <name>شعيب ناصفة القنينة</name>
        <styleUrl>#icon-1739-0288D1-labelson-nodesc</styleUrl>
        <Point>
          <coordinates>
            43.098164,24.823265,0
          </coordinates>
        </Point>
      </Placemark>
      <Placemark>
        <name>شعيب نبيها</name>
        <styleUrl>#icon-1739-0288D1-labelson-nodesc</styleUrl>
        <Point>
          <coordinates>
            43.062329,25.94769,0
          </coordinates>
        </Point>
      </Placemark>
      <Placemark>
        <name>شعيب نبيها</name>
        <styleUrl>#icon-1739-0288D1-labelson-nodesc</styleUrl>
        <Point>
          <coordinates>
            43.125651,25.962131,0
          </coordinates>
        </Point>
      </Placemark>
      <Placemark>
        <name>شعيب نجخ</name>
        <styleUrl>#icon-1739-0288D1-labelson-nodesc</styleUrl>
        <Point>
          <coordinates>
            42.661757,25.098267,0
          </coordinates>
        </Point>
      </Placemark>
      <Placemark>
        <name>شعيب نجخ</name>
        <styleUrl>#icon-1739-0288D1-labelson-nodesc</styleUrl>
        <Point>
          <coordinates>
            42.682443,25.033507,0
          </coordinates>
        </Point>
      </Placemark>
      <Placemark>
        <name>شعيب نجخ</name>
        <styleUrl>#icon-1739-0288D1-labelson-nodesc</styleUrl>
        <Point>
          <coordinates>
            42.701175,24.928772,0
          </coordinates>
        </Point>
      </Placemark>
      <Placemark>
        <name>شعيب ندحان</name>
        <styleUrl>#icon-1739-0288D1-labelson-nodesc</styleUrl>
        <Point>
          <coordinates>
            41.893101,25.896943,0
          </coordinates>
        </Point>
      </Placemark>
      <Placemark>
        <name>شعيب ندحان</name>
        <styleUrl>#icon-1739-0288D1-labelson-nodesc</styleUrl>
        <Point>
          <coordinates>
            41.893079,25.896943,0
          </coordinates>
        </Point>
      </Placemark>
      <Placemark>
        <name>شعيب ندحة</name>
        <styleUrl>#icon-1739-0288D1-labelson-nodesc</styleUrl>
        <Point>
          <coordinates>
            41.955135,25.826218,0
          </coordinates>
        </Point>
      </Placemark>
      <Placemark>
        <name>شعيب نسر</name>
        <styleUrl>#icon-1739-0288D1-labelson-nodesc</styleUrl>
        <Point>
          <coordinates>
            44.234884,25.854435,0
          </coordinates>
        </Point>
      </Placemark>
      <Placemark>
        <name>شعيب نعجة</name>
        <styleUrl>#icon-1739-0288D1-labelson-nodesc</styleUrl>
        <Point>
          <coordinates>
            42.274339,25.595462,0
          </coordinates>
        </Point>
      </Placemark>
      <Placemark>
        <name>شعيب نعجة</name>
        <styleUrl>#icon-1739-0288D1-labelson-nodesc</styleUrl>
        <Point>
          <coordinates>
            42.396541,25.538642,0
          </coordinates>
        </Point>
      </Placemark>
      <Placemark>
        <name>شعيب نكرة</name>
        <styleUrl>#icon-1739-0288D1-labelson-nodesc</styleUrl>
        <Point>
          <coordinates>
            44.243681,27.597528,0
          </coordinates>
        </Point>
      </Placemark>
      <Placemark>
        <name>شعيب هدبان</name>
        <styleUrl>#icon-1739-0288D1-labelson-nodesc</styleUrl>
        <Point>
          <coordinates>
            42.023842,25.155666,0
          </coordinates>
        </Point>
      </Placemark>
      <Placemark>
        <name>شعيب هرمول</name>
        <styleUrl>#icon-1739-0288D1-labelson-nodesc</styleUrl>
        <Point>
          <coordinates>
            43.082371,24.887874,0
          </coordinates>
        </Point>
      </Placemark>
      <Placemark>
        <name>شعيب هرمول</name>
        <styleUrl>#icon-1739-0288D1-labelson-nodesc</styleUrl>
        <Point>
          <coordinates>
            43.051472,25.103116,0
          </coordinates>
        </Point>
      </Placemark>
      <Placemark>
        <name>شعيب هرمول</name>
        <styleUrl>#icon-1739-0288D1-labelson-nodesc</styleUrl>
        <Point>
          <coordinates>
            43.17524,24.758806,0
          </coordinates>
        </Point>
      </Placemark>
      <Placemark>
        <name>شعيب وتدة</name>
        <styleUrl>#icon-1739-0288D1-labelson-nodesc</styleUrl>
        <Point>
          <coordinates>
            42.098043,26.252368,0
          </coordinates>
        </Point>
      </Placemark>
      <Placemark>
        <name>شعيب وسيط</name>
        <styleUrl>#icon-1739-0288D1-labelson-nodesc</styleUrl>
        <Point>
          <coordinates>
            42.826188,26.537797,0
          </coordinates>
        </Point>
      </Placemark>
      <Placemark>
        <name>شعيب يكلب</name>
        <styleUrl>#icon-1739-0288D1-labelson-nodesc</styleUrl>
        <Point>
          <coordinates>
            43.164639,26.809773,0
          </coordinates>
        </Point>
      </Placemark>
      <Placemark>
        <name>شغايا عواشز</name>
        <styleUrl>#icon-1739-0288D1-labelson-nodesc</styleUrl>
        <Point>
          <coordinates>
            41.858296,25.302372,0
          </coordinates>
        </Point>
      </Placemark>
      <Placemark>
        <name>شيب ماء</name>
        <styleUrl>#icon-1739-0288D1-labelson-nodesc</styleUrl>
        <Point>
          <coordinates>
            42.309895,25.997944,0
          </coordinates>
        </Point>
      </Placemark>
      <Placemark>
        <name>شيب ماء</name>
        <styleUrl>#icon-1739-0288D1-labelson-nodesc</styleUrl>
        <Point>
          <coordinates>
            42.312706,25.99788,0
          </coordinates>
        </Point>
      </Placemark>
      <Placemark>
        <name>شعيب الفويلق</name>
        <styleUrl>#icon-1739-0288D1-labelson-nodesc</styleUrl>
        <Point>
          <coordinates>
            43.889437,27.841244,0
          </coordinates>
        </Point>
      </Placemark>
      <Placemark>
        <name>سد الهبيرية</name>
        <styleUrl>#icon-1739-0288D1-labelson-nodesc</styleUrl>
        <Point>
          <coordinates>
            42.465506,26.241038,0
          </coordinates>
        </Point>
      </Placemark>
      <Placemark>
        <name>سد ربيق</name>
        <styleUrl>#icon-1739-0288D1-labelson-nodesc</styleUrl>
        <Point>
          <coordinates>
            43.847744,25.419853,0
          </coordinates>
        </Point>
      </Placemark>
      <Placemark>
        <name>سد شعيب المطلاع</name>
        <styleUrl>#icon-1739-0288D1-labelson-nodesc</styleUrl>
        <Point>
          <coordinates>
            43.015037,25.848684,0
          </coordinates>
        </Point>
      </Placemark>
      <Placemark>
        <name>سد ضرية القديم</name>
        <styleUrl>#icon-1739-0288D1-labelson-nodesc</styleUrl>
        <Point>
          <coordinates>
            42.940707,24.718745,0
          </coordinates>
        </Point>
      </Placemark>
      <Placemark>
        <name>سد قطن</name>
        <styleUrl>#icon-1739-0288D1-labelson-nodesc</styleUrl>
        <Point>
          <coordinates>
            42.338304,25.955329,0
          </coordinates>
        </Point>
      </Placemark>
      <Placemark>
        <name>سد مارد</name>
        <styleUrl>#icon-1739-0288D1-labelson-nodesc</styleUrl>
        <Point>
          <coordinates>
            44.208255,26.81531,0
          </coordinates>
        </Point>
      </Placemark>
      <Placemark>
        <name>روضة الدغمانية</name>
        <styleUrl>#icon-1739-0288D1-labelson-nodesc</styleUrl>
        <Point>
          <coordinates>
            43.834076,26.832905,0
          </coordinates>
        </Point>
      </Placemark>
      <Placemark>
        <name>روضة المصية</name>
        <styleUrl>#icon-1739-0288D1-labelson-nodesc</styleUrl>
        <Point>
          <coordinates>
            44.261684,25.816326,0
          </coordinates>
        </Point>
      </Placemark>
      <Placemark>
        <name>روضة حليتيتة</name>
        <styleUrl>#icon-1739-0288D1-labelson-nodesc</styleUrl>
        <Point>
          <coordinates>
            44.215336,26.573353,0
          </coordinates>
        </Point>
      </Placemark>
      <Placemark>
        <name>روضة عساف</name>
        <styleUrl>#icon-1739-0288D1-labelson-nodesc</styleUrl>
        <Point>
          <coordinates>
            44.527373,25.67786,0
          </coordinates>
        </Point>
      </Placemark>
      <Placemark>
        <name>روضة مريفقة</name>
        <styleUrl>#icon-1739-0288D1-labelson-nodesc</styleUrl>
        <Point>
          <coordinates>
            43.867378,26.916161,0
          </coordinates>
        </Point>
      </Placemark>
      <Placemark>
        <name>روضة مهنا</name>
        <styleUrl>#icon-1739-0288D1-labelson-nodesc</styleUrl>
        <Point>
          <coordinates>
            44.384594,26.469841,0
          </coordinates>
        </Point>
      </Placemark>
      <Placemark>
        <name>خبيراء غنام</name>
        <styleUrl>#icon-1739-0288D1-labelson-nodesc</styleUrl>
        <Point>
          <coordinates>
            44.373779,26.500397,0
          </coordinates>
        </Point>
      </Placemark>
      <Placemark>
        <name>خبراء الصميد</name>
        <styleUrl>#icon-1739-0288D1-labelson-nodesc</styleUrl>
        <Point>
          <coordinates>
            42.110682,26.182566,0
          </coordinates>
        </Point>
      </Placemark>
      <Placemark>
        <name>خبراء الترمس</name>
        <styleUrl>#icon-1739-0288D1-labelson-nodesc</styleUrl>
        <Point>
          <coordinates>
            43.371105,27.058811,0
          </coordinates>
        </Point>
      </Placemark>
      <Placemark>
        <name>خبراء الحاج</name>
        <styleUrl>#icon-1739-0288D1-labelson-nodesc</styleUrl>
        <Point>
          <coordinates>
            41.894817,25.510254,0
          </coordinates>
        </Point>
      </Placemark>
    </Folder>
    <Folder>
      <name>جبال</name>
      <Placemark>
        <name>هضاب البيضتين</name>
        <styleUrl>#icon-1739-DB4436-labelson-nodesc</styleUrl>
        <Point>
          <coordinates>
            42.863502,24.755802,0
          </coordinates>
        </Point>
      </Placemark>
      <Placemark>
        <name>هضاب الحنينية</name>
        <styleUrl>#icon-1739-DB4436-labelson-nodesc</styleUrl>
        <Point>
          <coordinates>
            42.95311,25.525703,0
          </coordinates>
        </Point>
      </Placemark>
      <Placemark>
        <name>هضاب الزحيف</name>
        <styleUrl>#icon-1739-DB4436-labelson-nodesc</styleUrl>
        <Point>
          <coordinates>
            42.853203,24.67598,0
          </coordinates>
        </Point>
      </Placemark>
      <Placemark>
        <name>هضاب الشلالات</name>
        <styleUrl>#icon-1739-DB4436-labelson-nodesc</styleUrl>
        <Point>
          <coordinates>
            42.951565,24.625511,0
          </coordinates>
        </Point>
      </Placemark>
      <Placemark>
        <name>هضاب الغيمار</name>
        <styleUrl>#icon-1739-DB4436-labelson-nodesc</styleUrl>
        <Point>
          <coordinates>
            42.529814,26.474025,0
          </coordinates>
        </Point>
      </Placemark>
      <Placemark>
        <name>هضاب اللجاة</name>
        <styleUrl>#icon-1739-DB4436-labelson-nodesc</styleUrl>
        <Point>
          <coordinates>
            42.960663,24.810047,0
          </coordinates>
        </Point>
      </Placemark>
      <Placemark>
        <name>هضاب النويبات</name>
        <styleUrl>#icon-1739-DB4436-labelson-nodesc</styleUrl>
        <Point>
          <coordinates>
            43.171248,26.860349,0
          </coordinates>
        </Point>
      </Placemark>
      <Placemark>
        <name>هضاب النويبات</name>
        <styleUrl>#icon-1739-DB4436-labelson-nodesc</styleUrl>
        <Point>
          <coordinates>
            43.171248,26.860371,0
          </coordinates>
        </Point>
      </Placemark>
      <Placemark>
        <name>هضاب الهواوي</name>
        <styleUrl>#icon-1739-DB4436-labelson-nodesc</styleUrl>
        <Point>
          <coordinates>
            42.870798,24.647913,0
          </coordinates>
        </Point>
      </Placemark>
      <Placemark>
        <name>هضاب حسلات</name>
        <styleUrl>#icon-1739-DB4436-labelson-nodesc</styleUrl>
        <Point>
          <coordinates>
            42.616825,24.942076,0
          </coordinates>
        </Point>
      </Placemark>
      <Placemark>
        <name>هضاب مشرفات</name>
        <styleUrl>#icon-1739-DB4436-labelson-nodesc</styleUrl>
        <Point>
          <coordinates>
            42.703836,26.416369,0
          </coordinates>
        </Point>
      </Placemark>
      <Placemark>
        <name>هضاب مشرفات</name>
        <styleUrl>#icon-1739-DB4436-labelson-nodesc</styleUrl>
        <Point>
          <coordinates>
            42.703814,26.416369,0
          </coordinates>
        </Point>
      </Placemark>
      <Placemark>
        <name>هضبة الردهة</name>
        <styleUrl>#icon-1739-DB4436-labelson-nodesc</styleUrl>
        <Point>
          <coordinates>
            42.563396,24.953792,0
          </coordinates>
        </Point>
      </Placemark>
      <Placemark>
        <name>هضبة الشيوخ</name>
        <styleUrl>#icon-1739-DB4436-labelson-nodesc</styleUrl>
        <Point>
          <coordinates>
            42.623177,25.000827,0
          </coordinates>
        </Point>
      </Placemark>
      <Placemark>
        <name>هضبة ام سنون</name>
        <styleUrl>#icon-1739-DB4436-labelson-nodesc</styleUrl>
        <Point>
          <coordinates>
            42.570112,24.928129,0
          </coordinates>
        </Point>
      </Placemark>
      <Placemark>
        <name>هضبة ام ضباع</name>
        <styleUrl>#icon-1739-DB4436-labelson-nodesc</styleUrl>
        <Point>
          <coordinates>
            42.612019,26.34985,0
          </coordinates>
        </Point>
      </Placemark>
      <Placemark>
        <name>هضبة جليميدة</name>
        <styleUrl>#icon-1739-DB4436-labelson-nodesc</styleUrl>
        <Point>
          <coordinates>
            42.562795,24.976494,0
          </coordinates>
        </Point>
      </Placemark>
      <Placemark>
        <name>هضيبات العفين</name>
        <styleUrl>#icon-1739-DB4436-labelson-nodesc</styleUrl>
        <Point>
          <coordinates>
            43.237081,25.896921,0
          </coordinates>
        </Point>
      </Placemark>
      <Placemark>
        <name>هضيبة ابو رخم</name>
        <styleUrl>#icon-1739-DB4436-labelson-nodesc</styleUrl>
        <Point>
          <coordinates>
            43.128376,24.894333,0
          </coordinates>
        </Point>
      </Placemark>
      <Placemark>
        <name>هضيبة الجبو</name>
        <styleUrl>#icon-1739-DB4436-labelson-nodesc</styleUrl>
        <Point>
          <coordinates>
            43.156357,25.826626,0
          </coordinates>
        </Point>
      </Placemark>
      <Placemark>
        <name>هضيبة الحريرة</name>
        <styleUrl>#icon-1739-DB4436-labelson-nodesc</styleUrl>
        <Point>
          <coordinates>
            42.805309,26.494217,0
          </coordinates>
        </Point>
      </Placemark>
      <Placemark>
        <name>هضيبة ام خيمة</name>
        <styleUrl>#icon-1739-DB4436-labelson-nodesc</styleUrl>
        <Point>
          <coordinates>
            43.057888,24.647398,0
          </coordinates>
        </Point>
      </Placemark>
      <Placemark>
        <name>غار حسلات</name>
        <styleUrl>#icon-1739-DB4436-labelson-nodesc</styleUrl>
        <Point>
          <coordinates>
            42.628455,24.938836,0
          </coordinates>
        </Point>
      </Placemark>
      <Placemark>
        <name>غار قرناس</name>
        <styleUrl>#icon-1739-DB4436-labelson-nodesc</styleUrl>
        <Point>
          <coordinates>
            42.982807,25.839286,0
          </coordinates>
        </Point>
      </Placemark>
      <Placemark>
        <name>ضلع التين</name>
        <styleUrl>#icon-1739-DB4436-labelson-nodesc</styleUrl>
        <Point>
          <coordinates>
            42.325494,26.301677,0
          </coordinates>
        </Point>
      </Placemark>
      <Placemark>
        <name>ضلع الحميمة</name>
        <styleUrl>#icon-1739-DB4436-labelson-nodesc</styleUrl>
        <Point>
          <coordinates>
            41.330266,25.542591,0
          </coordinates>
        </Point>
      </Placemark>
      <Placemark>
        <name>ضلع الرحلين</name>
        <styleUrl>#icon-1739-DB4436-labelson-nodesc</styleUrl>
        <Point>
          <coordinates>
            43.702261,26.517327,0
          </coordinates>
        </Point>
      </Placemark>
      <Placemark>
        <name>ضلع السمير</name>
        <styleUrl>#icon-1739-DB4436-labelson-nodesc</styleUrl>
        <Point>
          <coordinates>
            42.482157,26.256037,0
          </coordinates>
        </Point>
      </Placemark>
      <Placemark>
        <name>ضلع اللحس</name>
        <styleUrl>#icon-1739-DB4436-labelson-nodesc</styleUrl>
        <Point>
          <coordinates>
            42.389524,26.018329,0
          </coordinates>
        </Point>
      </Placemark>
      <Placemark>
        <name>ضلع سمراء غيمار</name>
        <styleUrl>#icon-1739-DB4436-labelson-nodesc</styleUrl>
        <Point>
          <coordinates>
            42.482221,26.438577,0
          </coordinates>
        </Point>
      </Placemark>
      <Placemark>
        <name>ضلع شلالة</name>
        <styleUrl>#icon-1739-DB4436-labelson-nodesc</styleUrl>
        <Point>
          <coordinates>
            42.398493,26.001592,0
          </coordinates>
        </Point>
      </Placemark>
      <Placemark>
        <name>ضلع مشحاد ابو عبل</name>
        <styleUrl>#icon-1739-DB4436-labelson-nodesc</styleUrl>
        <Point>
          <coordinates>
            42.418642,26.151173,0
          </coordinates>
        </Point>
      </Placemark>
      <Placemark>
        <name>ضلع يكلب</name>
        <styleUrl>#icon-1739-DB4436-labelson-nodesc</styleUrl>
        <Point>
          <coordinates>
            43.197041,26.83048,0
          </coordinates>
        </Point>
      </Placemark>
      <Placemark>
        <name>ضلع يكلب</name>
        <styleUrl>#icon-1739-DB4436-labelson-nodesc</styleUrl>
        <Point>
          <coordinates>
            43.197041,26.830502,0
          </coordinates>
        </Point>
      </Placemark>
      <Placemark>
        <name>ضلعان ام برقا</name>
        <styleUrl>#icon-1739-DB4436-labelson-nodesc</styleUrl>
        <Point>
          <coordinates>
            42.245693,25.772381,0
          </coordinates>
        </Point>
      </Placemark>
      <Placemark>
        <name>ضلعان مشحاد الوعر</name>
        <styleUrl>#icon-1739-DB4436-labelson-nodesc</styleUrl>
        <Point>
          <coordinates>
            42.389588,26.111112,0
          </coordinates>
        </Point>
      </Placemark>
      <Placemark>
        <name>ضليع الاديرع</name>
        <styleUrl>#icon-1739-DB4436-labelson-nodesc</styleUrl>
        <Point>
          <coordinates>
            41.988716,26.035194,0
          </coordinates>
        </Point>
      </Placemark>
      <Placemark>
        <name>ضليع الثليبيت</name>
        <styleUrl>#icon-1739-DB4436-labelson-nodesc</styleUrl>
        <Point>
          <coordinates>
            43.534591,26.123686,0
          </coordinates>
        </Point>
      </Placemark>
      <Placemark>
        <name>ضليع الجشة</name>
        <styleUrl>#icon-1739-DB4436-labelson-nodesc</styleUrl>
        <Point>
          <coordinates>
            42.331417,26.023629,0
          </coordinates>
        </Point>
      </Placemark>
      <Placemark>
        <name>ضليع الحصانة</name>
        <styleUrl>#icon-1739-DB4436-labelson-nodesc</styleUrl>
        <Point>
          <coordinates>
            43.502598,25.523365,0
          </coordinates>
        </Point>
      </Placemark>
      <Placemark>
        <name>ضليع السباع</name>
        <styleUrl>#icon-1739-DB4436-labelson-nodesc</styleUrl>
        <Point>
          <coordinates>
            42.008972,25.826626,0
          </coordinates>
        </Point>
      </Placemark>
      <Placemark>
        <name>ضليع الضرابيل</name>
        <styleUrl>#icon-1739-DB4436-labelson-nodesc</styleUrl>
        <Point>
          <coordinates>
            42.667637,25.285721,0
          </coordinates>
        </Point>
      </Placemark>
      <Placemark>
        <name>ضليع العبد</name>
        <styleUrl>#icon-1739-DB4436-labelson-nodesc</styleUrl>
        <Point>
          <coordinates>
            41.861687,25.54287,0
          </coordinates>
        </Point>
      </Placemark>
      <Placemark>
        <name>ضليع المزيرير</name>
        <styleUrl>#icon-1739-DB4436-labelson-nodesc</styleUrl>
        <Point>
          <coordinates>
            44.368973,26.480141,0
          </coordinates>
        </Point>
      </Placemark>
      <Placemark>
        <name>ضليع المليساء</name>
        <styleUrl>#icon-1739-DB4436-labelson-nodesc</styleUrl>
        <Point>
          <coordinates>
            42.472608,26.467609,0
          </coordinates>
        </Point>
      </Placemark>
      <Placemark>
        <name>ضليع ام سلم</name>
        <styleUrl>#icon-1739-DB4436-labelson-nodesc</styleUrl>
        <Point>
          <coordinates>
            42.364655,26.019573,0
          </coordinates>
        </Point>
      </Placemark>
      <Placemark>
        <name>ضليع ام شديد</name>
        <styleUrl>#icon-1739-DB4436-labelson-nodesc</styleUrl>
        <Point>
          <coordinates>
            42.397914,26.43523,0
          </coordinates>
        </Point>
      </Placemark>
      <Placemark>
        <name>ضليع تمير</name>
        <styleUrl>#icon-1739-DB4436-labelson-nodesc</styleUrl>
        <Point>
          <coordinates>
            42.069225,25.753498,0
          </coordinates>
        </Point>
      </Placemark>
      <Placemark>
        <name>ضليع حواش</name>
        <styleUrl>#icon-1739-DB4436-labelson-nodesc</styleUrl>
        <Point>
          <coordinates>
            42.413836,26.490462,0
          </coordinates>
        </Point>
      </Placemark>
      <Placemark>
        <name>ضليع رشيد</name>
        <styleUrl>#icon-1739-DB4436-labelson-nodesc</styleUrl>
        <Point>
          <coordinates>
            42.488422,26.038799,0
          </coordinates>
        </Point>
      </Placemark>
      <Placemark>
        <name>ضليع صخيبرة</name>
        <styleUrl>#icon-1739-DB4436-labelson-nodesc</styleUrl>
        <Point>
          <coordinates>
            41.91988,25.447597,0
          </coordinates>
        </Point>
      </Placemark>
      <Placemark>
        <name>ضليع كيمين</name>
        <styleUrl>#icon-1739-DB4436-labelson-nodesc</styleUrl>
        <Point>
          <coordinates>
            42.126045,24.815884,0
          </coordinates>
        </Point>
      </Placemark>
      <Placemark>
        <name>ضليع هذال</name>
        <styleUrl>#icon-1739-DB4436-labelson-nodesc</styleUrl>
        <Point>
          <coordinates>
            44.085324,27.70046,0
          </coordinates>
        </Point>
      </Placemark>
      <Placemark>
        <name>ضليعات المتفكرات</name>
        <styleUrl>#icon-1739-DB4436-labelson-nodesc</styleUrl>
        <Point>
          <coordinates>
            43.426702,25.67771,0
          </coordinates>
        </Point>
      </Placemark>
      <Placemark>
        <name>ضليعات المتفكرات</name>
        <styleUrl>#icon-1739-DB4436-labelson-nodesc</styleUrl>
        <Point>
          <coordinates>
            43.422325,25.668547,0
          </coordinates>
        </Point>
      </Placemark>
      <Placemark>
        <name>ضليعات درمة</name>
        <styleUrl>#icon-1739-DB4436-labelson-nodesc</styleUrl>
        <Point>
          <coordinates>
            42.750378,25.316963,0
          </coordinates>
        </Point>
      </Placemark>
      <Placemark>
        <name>ضليعات عبيدان</name>
        <styleUrl>#icon-1739-DB4436-labelson-nodesc</styleUrl>
        <Point>
          <coordinates>
            43.001518,26.099911,0
          </coordinates>
        </Point>
      </Placemark>
      <Placemark>
        <name>ضليعات عبيدان</name>
        <styleUrl>#icon-1739-DB4436-labelson-nodesc</styleUrl>
        <Point>
          <coordinates>
            43.015251,26.078968,0
          </coordinates>
        </Point>
      </Placemark>
      <Placemark>
        <name>ضليعات عوص</name>
        <styleUrl>#icon-1739-DB4436-labelson-nodesc</styleUrl>
        <Point>
          <coordinates>
            41.781349,25.656681,0
          </coordinates>
        </Point>
      </Placemark>
      <Placemark>
        <name>ضليعات قرنين</name>
        <styleUrl>#icon-1739-DB4436-labelson-nodesc</styleUrl>
        <Point>
          <coordinates>
            41.91885,25.145473,0
          </coordinates>
        </Point>
      </Placemark>
      <Placemark>
        <name>ضليعات قفا</name>
        <styleUrl>#icon-1739-DB4436-labelson-nodesc</styleUrl>
        <Point>
          <coordinates>
            42.265348,25.01514,0
          </coordinates>
        </Point>
      </Placemark>
      <Placemark>
        <name>سمراء ام رضام</name>
        <styleUrl>#icon-1739-DB4436-labelson-nodesc</styleUrl>
        <Point>
          <coordinates>
            43.107519,26.052339,0
          </coordinates>
        </Point>
      </Placemark>
      <Placemark>
        <name>سمراء خيطان</name>
        <styleUrl>#icon-1739-DB4436-labelson-nodesc</styleUrl>
        <Point>
          <coordinates>
            42.887535,25.578575,0
          </coordinates>
        </Point>
      </Placemark>
      <Placemark>
        <name>سمراء عرجان</name>
        <styleUrl>#icon-1739-DB4436-labelson-nodesc</styleUrl>
        <Point>
          <coordinates>
            41.844885,25.626297,0
          </coordinates>
        </Point>
      </Placemark>
      <Placemark>
        <name>سمراء عيسى</name>
        <styleUrl>#icon-1739-DB4436-labelson-nodesc</styleUrl>
        <Point>
          <coordinates>
            43.060462,26.060064,0
          </coordinates>
        </Point>
      </Placemark>
      <Placemark>
        <name>سمراء مريوان</name>
        <styleUrl>#icon-1739-DB4436-labelson-nodesc</styleUrl>
        <Point>
          <coordinates>
            41.404552,25.695992,0
          </coordinates>
        </Point>
      </Placemark>
      <Placemark>
        <name>سمراء وقط</name>
        <styleUrl>#icon-1739-DB4436-labelson-nodesc</styleUrl>
        <Point>
          <coordinates>
            42.900775,26.096671,0
          </coordinates>
        </Point>
      </Placemark>
      <Placemark>
        <name>سميراء هيا</name>
        <styleUrl>#icon-1739-DB4436-labelson-nodesc</styleUrl>
        <Point>
          <coordinates>
            41.662044,25.395241,0
          </coordinates>
        </Point>
      </Placemark>
      <Placemark>
        <name>سمراء الحاجر</name>
        <styleUrl>#icon-1739-DB4436-labelson-nodesc</styleUrl>
        <Point>
          <coordinates>
            41.881063,25.966659,0
          </coordinates>
        </Point>
      </Placemark>
      <Placemark>
        <name>سمراء الحسونية</name>
        <styleUrl>#icon-1739-DB4436-labelson-nodesc</styleUrl>
        <Point>
          <coordinates>
            41.807356,25.578575,0
          </coordinates>
        </Point>
      </Placemark>
      <Placemark>
        <name>سمراء الذيبية</name>
        <styleUrl>#icon-1739-DB4436-labelson-nodesc</styleUrl>
        <Point>
          <coordinates>
            43.070934,26.069849,0
          </coordinates>
        </Point>
      </Placemark>
      <Placemark>
        <name>سمراء السيافية</name>
        <styleUrl>#icon-1739-DB4436-labelson-nodesc</styleUrl>
        <Point>
          <coordinates>
            41.392536,25.407085,0
          </coordinates>
        </Point>
      </Placemark>
      <Placemark>
        <name>سمراء العاشوقة</name>
        <styleUrl>#icon-1739-DB4436-labelson-nodesc</styleUrl>
        <Point>
          <coordinates>
            42.794495,24.938793,0
          </coordinates>
        </Point>
      </Placemark>
      <Placemark>
        <name>سمراء القحصاء</name>
        <styleUrl>#icon-1739-DB4436-labelson-nodesc</styleUrl>
        <Point>
          <coordinates>
            42.891998,26.445465,0
          </coordinates>
        </Point>
      </Placemark>
      <Placemark>
        <name>سمراء المطيوي</name>
        <styleUrl>#icon-1739-DB4436-labelson-nodesc</styleUrl>
        <Point>
          <coordinates>
            42.650428,26.40976,0
          </coordinates>
        </Point>
      </Placemark>
      <Placemark>
        <name>سمراء المطيوي</name>
        <styleUrl>#icon-1739-DB4436-labelson-nodesc</styleUrl>
        <Point>
          <coordinates>
            42.650428,26.409781,0
          </coordinates>
        </Point>
      </Placemark>
      <Placemark>
        <name>سمر الخرشاء</name>
        <styleUrl>#icon-1739-DB4436-labelson-nodesc</styleUrl>
        <Point>
          <coordinates>
            42.488937,26.341438,0
          </coordinates>
        </Point>
      </Placemark>
      <Placemark>
        <name>سمر الشغيفاء</name>
        <styleUrl>#icon-1739-DB4436-labelson-nodesc</styleUrl>
        <Point>
          <coordinates>
            41.791992,25.528278,0
          </coordinates>
        </Point>
      </Placemark>
      <Placemark>
        <name>سمر الناقة</name>
        <styleUrl>#icon-1739-DB4436-labelson-nodesc</styleUrl>
        <Point>
          <coordinates>
            41.822891,25.552826,0
          </coordinates>
        </Point>
      </Placemark>
      <Placemark>
        <name>سمر النقرة</name>
        <styleUrl>#icon-1739-DB4436-labelson-nodesc</styleUrl>
        <Point>
          <coordinates>
            41.41777,25.594196,0
          </coordinates>
        </Point>
      </Placemark>
      <Placemark>
        <name>سمر الهبيرية</name>
        <styleUrl>#icon-1739-DB4436-labelson-nodesc</styleUrl>
        <Point>
          <coordinates>
            42.447996,26.224194,0
          </coordinates>
        </Point>
      </Placemark>
      <Placemark>
        <name>سمر ام العرادي</name>
        <styleUrl>#icon-1739-DB4436-labelson-nodesc</styleUrl>
        <Point>
          <coordinates>
            41.771822,25.625954,0
          </coordinates>
        </Point>
      </Placemark>
      <Placemark>
        <name>سمراء الجرذاوية</name>
        <styleUrl>#icon-1739-DB4436-labelson-nodesc</styleUrl>
        <Point>
          <coordinates>
            42.726345,25.357475,0
          </coordinates>
        </Point>
      </Placemark>
      <Placemark>
        <name>جبال ابان الأحمر</name>
        <styleUrl>#icon-1739-DB4436-labelson-nodesc</styleUrl>
        <Point>
          <coordinates>
            42.7797317,25.5138384,0
          </coordinates>
        </Point>
      </Placemark>
      <Placemark>
        <name>جبال ابان الاسمر</name>
        <styleUrl>#icon-1739-DB4436-labelson-nodesc</styleUrl>
        <Point>
          <coordinates>
            42.980447,25.8127,0
          </coordinates>
        </Point>
      </Placemark>
      <Placemark>
        <name>جبال احامر</name>
        <styleUrl>#icon-1739-DB4436-labelson-nodesc</styleUrl>
        <Point>
          <coordinates>
            42.831273,24.877059,0
          </coordinates>
        </Point>
      </Placemark>
      <Placemark>
        <name>جبال افيعية</name>
        <styleUrl>#icon-1739-DB4436-labelson-nodesc</styleUrl>
        <Point>
          <coordinates>
            41.37537,25.505791,0
          </coordinates>
        </Point>
      </Placemark>
      <Placemark>
        <name>جبال الاخاضر</name>
        <styleUrl>#icon-1739-DB4436-labelson-nodesc</styleUrl>
        <Point>
          <coordinates>
            41.832333,25.758991,0
          </coordinates>
        </Point>
      </Placemark>
      <Placemark>
        <name>جبال الاشماط</name>
        <styleUrl>#icon-1739-DB4436-labelson-nodesc</styleUrl>
        <Point>
          <coordinates>
            42.276249,24.814339,0
          </coordinates>
        </Point>
      </Placemark>
      <Placemark>
        <name>جبال الاكيثال</name>
        <styleUrl>#icon-1739-DB4436-labelson-nodesc</styleUrl>
        <Point>
          <coordinates>
            43.079131,24.56897,0
          </coordinates>
        </Point>
      </Placemark>
      <Placemark>
        <name>جبال التشييع</name>
        <styleUrl>#icon-1739-DB4436-labelson-nodesc</styleUrl>
        <Point>
          <coordinates>
            43.518026,25.754399,0
          </coordinates>
        </Point>
      </Placemark>
      <Placemark>
        <name>جبال الحبلى</name>
        <styleUrl>#icon-1739-DB4436-labelson-nodesc</styleUrl>
        <Point>
          <coordinates>
            42.290068,25.603101,0
          </coordinates>
        </Point>
      </Placemark>
      <Placemark>
        <name>جبال الحميمة</name>
        <styleUrl>#icon-1739-DB4436-labelson-nodesc</styleUrl>
        <Point>
          <coordinates>
            41.305847,25.517292,0
          </coordinates>
        </Point>
      </Placemark>
      <Placemark>
        <name>جبال الخيل</name>
        <styleUrl>#icon-1739-DB4436-labelson-nodesc</styleUrl>
        <Point>
          <coordinates>
            43.390331,25.138607,0
          </coordinates>
        </Point>
      </Placemark>
      <Placemark>
        <name>جبال الدرة</name>
        <styleUrl>#icon-1739-DB4436-labelson-nodesc</styleUrl>
        <Point>
          <coordinates>
            43.260212,25.218086,0
          </coordinates>
        </Point>
      </Placemark>
      <Placemark>
        <name>جبال الدرع</name>
        <styleUrl>#icon-1739-DB4436-labelson-nodesc</styleUrl>
        <Point>
          <coordinates>
            43.337116,25.378761,0
          </coordinates>
        </Point>
      </Placemark>
      <Placemark>
        <name>جبال الدمخا</name>
        <styleUrl>#icon-1739-DB4436-labelson-nodesc</styleUrl>
        <Point>
          <coordinates>
            43.57933,25.381165,0
          </coordinates>
        </Point>
      </Placemark>
      <Placemark>
        <name>جبال الربائع</name>
        <styleUrl>#icon-1739-DB4436-labelson-nodesc</styleUrl>
        <Point>
          <coordinates>
            42.288308,26.43729,0
          </coordinates>
        </Point>
      </Placemark>
      <Placemark>
        <name>جبال الربوض</name>
        <styleUrl>#icon-1739-DB4436-labelson-nodesc</styleUrl>
        <Point>
          <coordinates>
            43.390331,25.27319,0
          </coordinates>
        </Point>
      </Placemark>
      <Placemark>
        <name>جبال الردهة</name>
        <styleUrl>#icon-1739-DB4436-labelson-nodesc</styleUrl>
        <Point>
          <coordinates>
            41.564884,25.390778,0
          </coordinates>
        </Point>
      </Placemark>
      <Placemark>
        <name>جبال الريشيات</name>
        <styleUrl>#icon-1739-DB4436-labelson-nodesc</styleUrl>
        <Point>
          <coordinates>
            42.341824,25.006084,0
          </coordinates>
        </Point>
      </Placemark>
      <Placemark>
        <name>جبال السلسلة</name>
        <styleUrl>#icon-1739-DB4436-labelson-nodesc</styleUrl>
        <Point>
          <coordinates>
            42.656994,26.159477,0
          </coordinates>
        </Point>
      </Placemark>
      <Placemark>
        <name>جبال الشعب</name>
        <styleUrl>#icon-1739-DB4436-labelson-nodesc</styleUrl>
        <Point>
          <coordinates>
            43.150692,24.820518,0
          </coordinates>
        </Point>
      </Placemark>
      <Placemark>
        <name>جبال الشغيفاء</name>
        <styleUrl>#icon-1739-DB4436-labelson-nodesc</styleUrl>
        <Point>
          <coordinates>
            42.667465,25.231132,0
          </coordinates>
        </Point>
      </Placemark>
      <Placemark>
        <name>جبال الشمط</name>
        <styleUrl>#icon-1739-DB4436-labelson-nodesc</styleUrl>
        <Point>
          <coordinates>
            41.514308,25.493088,0
          </coordinates>
        </Point>
      </Placemark>
      <Placemark>
        <name>جبال الشمط</name>
        <styleUrl>#icon-1739-DB4436-labelson-nodesc</styleUrl>
        <Point>
          <coordinates>
            41.552353,25.435753,0
          </coordinates>
        </Point>
      </Placemark>
      <Placemark>
        <name>جبال الشهبان</name>
        <styleUrl>#icon-1739-DB4436-labelson-nodesc</styleUrl>
        <Point>
          <coordinates>
            42.52018,25.544586,0
          </coordinates>
        </Point>
      </Placemark>
      <Placemark>
        <name>جبال الشهبان</name>
        <styleUrl>#icon-1739-DB4436-labelson-nodesc</styleUrl>
        <Point>
          <coordinates>
            42.444477,25.570164,0
          </coordinates>
        </Point>
      </Placemark>
      <Placemark>
        <name>جبال الصغوى</name>
        <styleUrl>#icon-1739-DB4436-labelson-nodesc</styleUrl>
        <Point>
          <coordinates>
            42.682872,26.792092,0
          </coordinates>
        </Point>
      </Placemark>
      <Placemark>
        <name>جبال الصقار</name>
        <styleUrl>#icon-1739-DB4436-labelson-nodesc</styleUrl>
        <Point>
          <coordinates>
            42.908177,24.754708,0
          </coordinates>
        </Point>
      </Placemark>
      <Placemark>
        <name>جبال العجام</name>
        <styleUrl>#icon-1739-DB4436-labelson-nodesc</styleUrl>
        <Point>
          <coordinates>
            41.96434,25.161438,0
          </coordinates>
        </Point>
      </Placemark>
      <Placemark>
        <name>جبال الغوار</name>
        <styleUrl>#icon-1739-DB4436-labelson-nodesc</styleUrl>
        <Point>
          <coordinates>
            43.59096,26.45776,0
          </coordinates>
        </Point>
      </Placemark>
      <Placemark>
        <name>جبال القرائن</name>
        <styleUrl>#icon-1739-DB4436-labelson-nodesc</styleUrl>
        <Point>
          <coordinates>
            43.042374,26.725788,0
          </coordinates>
        </Point>
      </Placemark>
      <Placemark>
        <name>جبال القنينة</name>
        <styleUrl>#icon-1739-DB4436-labelson-nodesc</styleUrl>
        <Point>
          <coordinates>
            42.694416,25.686207,0
          </coordinates>
        </Point>
      </Placemark>
      <Placemark>
        <name>جبال المداري</name>
        <styleUrl>#icon-1739-DB4436-labelson-nodesc</styleUrl>
        <Point>
          <coordinates>
            43.252831,25.240231,0
          </coordinates>
        </Point>
      </Placemark>
      <Placemark>
        <name>جبال المسمى</name>
        <styleUrl>#icon-1739-DB4436-labelson-nodesc</styleUrl>
        <Point>
          <coordinates>
            41.53832,25.73277,0
          </coordinates>
        </Point>
      </Placemark>
      <Placemark>
        <name>جبال المصيقر</name>
        <styleUrl>#icon-1739-DB4436-labelson-nodesc</styleUrl>
        <Point>
          <coordinates>
            41.993265,25.718694,0
          </coordinates>
        </Point>
      </Placemark>
      <Placemark>
        <name>جبال المقوقي</name>
        <styleUrl>#icon-1739-DB4436-labelson-nodesc</styleUrl>
        <Point>
          <coordinates>
            42.591763,25.218773,0
          </coordinates>
        </Point>
      </Placemark>
      <Placemark>
        <name>جبال الموشم</name>
        <styleUrl>#icon-1739-DB4436-labelson-nodesc</styleUrl>
        <Point>
          <coordinates>
            42.75984,26.39564,0
          </coordinates>
        </Point>
      </Placemark>
      <Placemark>
        <name>جبال الهميلية</name>
        <styleUrl>#icon-1739-DB4436-labelson-nodesc</styleUrl>
        <Point>
          <coordinates>
            41.854992,25.613251,0
          </coordinates>
        </Point>
      </Placemark>
      <Placemark>
        <name>جبال ام احصية</name>
        <styleUrl>#icon-1739-DB4436-labelson-nodesc</styleUrl>
        <Point>
          <coordinates>
            42.347274,25.953891,0
          </coordinates>
        </Point>
      </Placemark>
      <Placemark>
        <name>جبال ام العراد</name>
        <styleUrl>#icon-1739-DB4436-labelson-nodesc</styleUrl>
        <Point>
          <coordinates>
            41.772487,25.639322,0
          </coordinates>
        </Point>
      </Placemark>
      <Placemark>
        <name>جبال ام ردهة</name>
        <styleUrl>#icon-1739-DB4436-labelson-nodesc</styleUrl>
        <Point>
          <coordinates>
            43.43874,25.272503,0
          </coordinates>
        </Point>
      </Placemark>
      <Placemark>
        <name>جبال امرة</name>
        <styleUrl>#icon-1739-DB4436-labelson-nodesc</styleUrl>
        <Point>
          <coordinates>
            43.362865,25.393009,0
          </coordinates>
        </Point>
      </Placemark>
      <Placemark>
        <name>جبال بدين</name>
        <styleUrl>#icon-1739-DB4436-labelson-nodesc</styleUrl>
        <Point>
          <coordinates>
            42.449627,25.610161,0
          </coordinates>
        </Point>
      </Placemark>
      <Placemark>
        <name>جبال تمريات</name>
        <styleUrl>#icon-1739-DB4436-labelson-nodesc</styleUrl>
        <Point>
          <coordinates>
            42.211018,25.736504,0
          </coordinates>
        </Point>
      </Placemark>
      <Placemark>
        <name>جبال حليتات المخامر</name>
        <styleUrl>#icon-1739-DB4436-labelson-nodesc</styleUrl>
        <Point>
          <coordinates>
            43.411961,25.127106,0
          </coordinates>
        </Point>
      </Placemark>
      <Placemark>
        <name>جبال حمرة</name>
        <styleUrl>#icon-1739-DB4436-labelson-nodesc</styleUrl>
        <Point>
          <coordinates>
            42.789452,24.698703,0
          </coordinates>
        </Point>
      </Placemark>
      <Placemark>
        <name>جبال دخان</name>
        <styleUrl>#icon-1739-DB4436-labelson-nodesc</styleUrl>
        <Point>
          <coordinates>
            43.564889,25.378225,0
          </coordinates>
        </Point>
      </Placemark>
      <Placemark>
        <name>جبال سمر الخرشاء</name>
        <styleUrl>#icon-1739-DB4436-labelson-nodesc</styleUrl>
        <Point>
          <coordinates>
            42.488937,26.341438,0
          </coordinates>
        </Point>
      </Placemark>
      <Placemark>
        <name>جبال شعياء</name>
        <styleUrl>#icon-1739-DB4436-labelson-nodesc</styleUrl>
        <Point>
          <coordinates>
            42.665041,24.866867,0
          </coordinates>
        </Point>
      </Placemark>
      <Placemark>
        <name>جبال شوفان</name>
        <styleUrl>#icon-1739-DB4436-labelson-nodesc</styleUrl>
        <Point>
          <coordinates>
            42.616997,25.147877,0
          </coordinates>
        </Point>
      </Placemark>
      <Placemark>
        <name>جبال صارة</name>
        <styleUrl>#icon-1739-DB4436-labelson-nodesc</styleUrl>
        <Point>
          <coordinates>
            43.215988,26.523828,0
          </coordinates>
        </Point>
      </Placemark>
      <Placemark>
        <name>جبال ضمينة</name>
        <styleUrl>#icon-1739-DB4436-labelson-nodesc</styleUrl>
        <Point>
          <coordinates>
            42.7351,25.294304,0
          </coordinates>
        </Point>
      </Placemark>
      <Placemark>
        <name>جبال ضمينة</name>
        <styleUrl>#icon-1739-DB4436-labelson-nodesc</styleUrl>
        <Point>
          <coordinates>
            42.722397,25.324001,0
          </coordinates>
        </Point>
      </Placemark>
      <Placemark>
        <name>جبال طخفة</name>
        <styleUrl>#icon-1739-DB4436-labelson-nodesc</styleUrl>
        <Point>
          <coordinates>
            43.171742,24.925296,0
          </coordinates>
        </Point>
      </Placemark>
      <Placemark>
        <name>جبال ظلما</name>
        <styleUrl>#icon-1739-DB4436-labelson-nodesc</styleUrl>
        <Point>
          <coordinates>
            42.900753,25.790577,0
          </coordinates>
        </Point>
      </Placemark>
      <Placemark>
        <name>جبال غارة سالم</name>
        <styleUrl>#icon-1739-DB4436-labelson-nodesc</styleUrl>
        <Point>
          <coordinates>
            43.091512,26.136174,0
          </coordinates>
        </Point>
      </Placemark>
      <Placemark>
        <name>جبال قطن</name>
        <styleUrl>#icon-1739-DB4436-labelson-nodesc</styleUrl>
        <Point>
          <coordinates>
            42.329915,26.009252,0
          </coordinates>
        </Point>
      </Placemark>
      <Placemark>
        <name>جبال قطن</name>
        <styleUrl>#icon-1739-DB4436-labelson-nodesc</styleUrl>
        <Point>
          <coordinates>
            42.348497,26.025109,0
          </coordinates>
        </Point>
      </Placemark>
      <Placemark>
        <name>جبال كحلة</name>
        <styleUrl>#icon-1739-DB4436-labelson-nodesc</styleUrl>
        <Point>
          <coordinates>
            42.702656,25.483303,0
          </coordinates>
        </Point>
      </Placemark>
      <Placemark>
        <name>جبال ليم</name>
        <styleUrl>#icon-1739-DB4436-labelson-nodesc</styleUrl>
        <Point>
          <coordinates>
            42.987614,24.920082,0
          </coordinates>
        </Point>
      </Placemark>
      <Placemark>
        <name>جبال متعب</name>
        <styleUrl>#icon-1739-DB4436-labelson-nodesc</styleUrl>
        <Point>
          <coordinates>
            43.454533,25.187016,0
          </coordinates>
        </Point>
      </Placemark>
      <Placemark>
        <name>جبال محيوة</name>
        <styleUrl>#icon-1739-DB4436-labelson-nodesc</styleUrl>
        <Point>
          <coordinates>
            42.892685,25.642948,0
          </coordinates>
        </Point>
      </Placemark>
      <Placemark>
        <name>جبال وتدة</name>
        <styleUrl>#icon-1739-DB4436-labelson-nodesc</styleUrl>
        <Point>
          <coordinates>
            42.059612,26.257153,0
          </coordinates>
        </Point>
      </Placemark>
      <Placemark>
        <name>جبل ابو خشة</name>
        <styleUrl>#icon-1739-DB4436-labelson-nodesc</styleUrl>
        <Point>
          <coordinates>
            42.730873,24.649651,0
          </coordinates>
        </Point>
      </Placemark>
      <Placemark>
        <name>جبل الاثور</name>
        <styleUrl>#icon-1739-DB4436-labelson-nodesc</styleUrl>
        <Point>
          <coordinates>
            42.393601,26.260006,0
          </coordinates>
        </Point>
      </Placemark>
      <Placemark>
        <name>جبل الاحموم</name>
        <styleUrl>#icon-1739-DB4436-labelson-nodesc</styleUrl>
        <Point>
          <coordinates>
            41.460857,25.406055,0
          </coordinates>
        </Point>
      </Placemark>
      <Placemark>
        <name>جبل الاديرع</name>
        <styleUrl>#icon-1739-DB4436-labelson-nodesc</styleUrl>
        <Point>
          <coordinates>
            42.222862,25.662346,0
          </coordinates>
        </Point>
      </Placemark>
      <Placemark>
        <name>جبل الاشمط</name>
        <styleUrl>#icon-1739-DB4436-labelson-nodesc</styleUrl>
        <Point>
          <coordinates>
            42.328091,24.723187,0
          </coordinates>
        </Point>
      </Placemark>
      <Placemark>
        <name>جبل الاصبعة</name>
        <styleUrl>#icon-1739-DB4436-labelson-nodesc</styleUrl>
        <Point>
          <coordinates>
            43.05042,26.314466,0
          </coordinates>
        </Point>
      </Placemark>
      <Placemark>
        <name>جبل الاصبعة</name>
        <styleUrl>#icon-1739-DB4436-labelson-nodesc</styleUrl>
        <Point>
          <coordinates>
            43.050399,26.314487,0
          </coordinates>
        </Point>
      </Placemark>
      <Placemark>
        <name>جبل الاصفر</name>
        <styleUrl>#icon-1739-DB4436-labelson-nodesc</styleUrl>
        <Point>
          <coordinates>
            42.871914,25.153542,0
          </coordinates>
        </Point>
      </Placemark>
      <Placemark>
        <name>جبل البكره</name>
        <styleUrl>#icon-1739-DB4436-labelson-nodesc</styleUrl>
        <Point>
          <coordinates>
            42.311504,25.937305,0
          </coordinates>
        </Point>
      </Placemark>
      <Placemark>
        <name>جبل التيس</name>
        <styleUrl>#icon-1739-DB4436-labelson-nodesc</styleUrl>
        <Point>
          <coordinates>
            43.242359,26.367359,0
          </coordinates>
        </Point>
      </Placemark>
      <Placemark>
        <name>جبل الجفر</name>
        <styleUrl>#icon-1739-DB4436-labelson-nodesc</styleUrl>
        <Point>
          <coordinates>
            42.571678,24.647484,0
          </coordinates>
        </Point>
      </Placemark>
      <Placemark>
        <name>جبل الجفير</name>
        <styleUrl>#icon-1739-DB4436-labelson-nodesc</styleUrl>
        <Point>
          <coordinates>
            42.56773,24.611607,0
          </coordinates>
        </Point>
      </Placemark>
      <Placemark>
        <name>جبل الحريشاء</name>
        <styleUrl>#icon-1739-DB4436-labelson-nodesc</styleUrl>
        <Point>
          <coordinates>
            42.307148,24.896564,0
          </coordinates>
        </Point>
      </Placemark>
      <Placemark>
        <name>جبل الحضر</name>
        <styleUrl>#icon-1739-DB4436-labelson-nodesc</styleUrl>
        <Point>
          <coordinates>
            42.688751,26.05545,0
          </coordinates>
        </Point>
      </Placemark>
      <Placemark>
        <name>جبل الحضر</name>
        <styleUrl>#icon-1739-DB4436-labelson-nodesc</styleUrl>
        <Point>
          <coordinates>
            42.723427,26.069999,0
          </coordinates>
        </Point>
      </Placemark>
      <Placemark>
        <name>جبل الحضر</name>
        <styleUrl>#icon-1739-DB4436-labelson-nodesc</styleUrl>
        <Point>
          <coordinates>
            42.778702,25.872631,0
          </coordinates>
        </Point>
      </Placemark>
      <Placemark>
        <name>جبل الحمة</name>
        <styleUrl>#icon-1739-DB4436-labelson-nodesc</styleUrl>
        <Point>
          <coordinates>
            42.931824,26.258354,0
          </coordinates>
        </Point>
      </Placemark>
      <Placemark>
        <name>جبل الحميمة</name>
        <styleUrl>#icon-1739-DB4436-labelson-nodesc</styleUrl>
        <Point>
          <coordinates>
            41.615524,25.283661,0
          </coordinates>
        </Point>
      </Placemark>
      <Placemark>
        <name>جبل الحميمة</name>
        <styleUrl>#icon-1739-DB4436-labelson-nodesc</styleUrl>
        <Point>
          <coordinates>
            43.075418,25.500877,0
          </coordinates>
        </Point>
      </Placemark>
      <Placemark>
        <name>جبل الحناوية</name>
        <styleUrl>#icon-1739-DB4436-labelson-nodesc</styleUrl>
        <Point>
          <coordinates>
            42.656994,25.422878,0
          </coordinates>
        </Point>
      </Placemark>
      <Placemark>
        <name>جبل الحيزاء</name>
        <styleUrl>#icon-1739-DB4436-labelson-nodesc</styleUrl>
        <Point>
          <coordinates>
            42.363946,25.973375,0
          </coordinates>
        </Point>
      </Placemark>
      <Placemark>
        <name>جبل الخدار</name>
        <styleUrl>#icon-1739-DB4436-labelson-nodesc</styleUrl>
        <Point>
          <coordinates>
            42.179947,26.320667,0
          </coordinates>
        </Point>
      </Placemark>
      <Placemark>
        <name>جبل الخدار</name>
        <styleUrl>#icon-1739-DB4436-labelson-nodesc</styleUrl>
        <Point>
          <coordinates>
            42.250564,26.390555,0
          </coordinates>
        </Point>
      </Placemark>
      <Placemark>
        <name>جبل الخريشاء</name>
        <styleUrl>#icon-1739-DB4436-labelson-nodesc</styleUrl>
        <Point>
          <coordinates>
            42.327404,26.280842,0
          </coordinates>
        </Point>
      </Placemark>
      <Placemark>
        <name>جبل الدوسري</name>
        <styleUrl>#icon-1739-DB4436-labelson-nodesc</styleUrl>
        <Point>
          <coordinates>
            43.074431,25.545187,0
          </coordinates>
        </Point>
      </Placemark>
      <Placemark>
        <name>جبل الدوسري</name>
        <styleUrl>#icon-1739-DB4436-labelson-nodesc</styleUrl>
        <Point>
          <coordinates>
            43.074453,25.545187,0
          </coordinates>
        </Point>
      </Placemark>
      <Placemark>
        <name>جبل الربوض</name>
        <styleUrl>#icon-1739-DB4436-labelson-nodesc</styleUrl>
        <Point>
          <coordinates>
            42.659569,26.083882,0
          </coordinates>
        </Point>
      </Placemark>
      <Placemark>
        <name>جبل الرحى</name>
        <styleUrl>#icon-1739-DB4436-labelson-nodesc</styleUrl>
        <Point>
          <coordinates>
            43.005016,26.228592,0
          </coordinates>
        </Point>
      </Placemark>
      <Placemark>
        <name>جبل الرحيل</name>
        <styleUrl>#icon-1739-DB4436-labelson-nodesc</styleUrl>
        <Point>
          <coordinates>
            42.027082,26.131411,0
          </coordinates>
        </Point>
      </Placemark>
      <Placemark>
        <name>جبل الردهاء</name>
        <styleUrl>#icon-1739-DB4436-labelson-nodesc</styleUrl>
        <Point>
          <coordinates>
            42.97343,25.495405,0
          </coordinates>
        </Point>
      </Placemark>
      <Placemark>
        <name>جبل الردهة</name>
        <styleUrl>#icon-1739-DB4436-labelson-nodesc</styleUrl>
        <Point>
          <coordinates>
            41.576214,25.715218,0
          </coordinates>
        </Point>
      </Placemark>
      <Placemark>
        <name>جبل الشاهد</name>
        <styleUrl>#icon-1739-DB4436-labelson-nodesc</styleUrl>
        <Point>
          <coordinates>
            43.451614,25.609303,0
          </coordinates>
        </Point>
      </Placemark>
      <Placemark>
        <name>جبل الشعيلاء</name>
        <styleUrl>#icon-1739-DB4436-labelson-nodesc</styleUrl>
        <Point>
          <coordinates>
            42.665062,24.678383,0
          </coordinates>
        </Point>
      </Placemark>
      <Placemark>
        <name>جبل الشمطاء</name>
        <styleUrl>#icon-1739-DB4436-labelson-nodesc</styleUrl>
        <Point>
          <coordinates>
            42.282085,24.686108,0
          </coordinates>
        </Point>
      </Placemark>
      <Placemark>
        <name>جبل الشهيباء</name>
        <styleUrl>#icon-1739-DB4436-labelson-nodesc</styleUrl>
        <Point>
          <coordinates>
            42.163982,25.599003,0
          </coordinates>
        </Point>
      </Placemark>
      <Placemark>
        <name>جبل الشهيباء الحمراء</name>
        <styleUrl>#icon-1739-DB4436-labelson-nodesc</styleUrl>
        <Point>
          <coordinates>
            41.669598,25.453434,0
          </coordinates>
        </Point>
      </Placemark>
      <Placemark>
        <name>جبل الشهيباء السمراء</name>
        <styleUrl>#icon-1739-DB4436-labelson-nodesc</styleUrl>
        <Point>
          <coordinates>
            41.675091,25.476093,0
          </coordinates>
        </Point>
      </Placemark>
      <Placemark>
        <name>جبل الطوقا</name>
        <styleUrl>#icon-1739-DB4436-labelson-nodesc</styleUrl>
        <Point>
          <coordinates>
            43.01096,25.884132,0
          </coordinates>
        </Point>
      </Placemark>
      <Placemark>
        <name>جبل العبيل</name>
        <styleUrl>#icon-1739-DB4436-labelson-nodesc</styleUrl>
        <Point>
          <coordinates>
            43.60656,25.826733,0
          </coordinates>
        </Point>
      </Placemark>
      <Placemark>
        <name>جبل العرفاء</name>
        <styleUrl>#icon-1739-DB4436-labelson-nodesc</styleUrl>
        <Point>
          <coordinates>
            43.008385,25.525489,0
          </coordinates>
        </Point>
      </Placemark>
      <Placemark>
        <name>جبل العزبة</name>
        <styleUrl>#icon-1739-DB4436-labelson-nodesc</styleUrl>
        <Point>
          <coordinates>
            42.123814,26.277409,0
          </coordinates>
        </Point>
      </Placemark>
      <Placemark>
        <name>جبل العطشانة</name>
        <styleUrl>#icon-1739-DB4436-labelson-nodesc</styleUrl>
        <Point>
          <coordinates>
            41.587801,25.671122,0
          </coordinates>
        </Point>
      </Placemark>
      <Placemark>
        <name>جبل العكيفاء</name>
        <styleUrl>#icon-1739-DB4436-labelson-nodesc</styleUrl>
        <Point>
          <coordinates>
            42.110939,25.587502,0
          </coordinates>
        </Point>
      </Placemark>
      <Placemark>
        <name>جبل العمود</name>
        <styleUrl>#icon-1739-DB4436-labelson-nodesc</styleUrl>
        <Point>
          <coordinates>
            42.600346,24.801979,0
          </coordinates>
        </Point>
      </Placemark>
      <Placemark>
        <name>جبل العميد</name>
        <styleUrl>#icon-1739-DB4436-labelson-nodesc</styleUrl>
        <Point>
          <coordinates>
            42.636566,26.122913,0
          </coordinates>
        </Point>
      </Placemark>
      <Placemark>
        <name>جبل القشيع الجنوبي</name>
        <styleUrl>#icon-1739-DB4436-labelson-nodesc</styleUrl>
        <Point>
          <coordinates>
            43.507254,25.744143,0
          </coordinates>
        </Point>
      </Placemark>
      <Placemark>
        <name>جبل القشيع الشرقي</name>
        <styleUrl>#icon-1739-DB4436-labelson-nodesc</styleUrl>
        <Point>
          <coordinates>
            43.522232,25.760579,0
          </coordinates>
        </Point>
      </Placemark>
      <Placemark>
        <name>جبل القطار</name>
        <styleUrl>#icon-1739-DB4436-labelson-nodesc</styleUrl>
        <Point>
          <coordinates>
            42.696648,24.629459,0
          </coordinates>
        </Point>
      </Placemark>
      <Placemark>
        <name>جبل القلب</name>
        <styleUrl>#icon-1739-DB4436-labelson-nodesc</styleUrl>
        <Point>
          <coordinates>
            42.309272,25.949192,0
          </coordinates>
        </Point>
      </Placemark>
      <Placemark>
        <name>جبل القليب</name>
        <styleUrl>#icon-1739-DB4436-labelson-nodesc</styleUrl>
        <Point>
          <coordinates>
            42.760849,25.108223,0
          </coordinates>
        </Point>
      </Placemark>
      <Placemark>
        <name>جبل الكليتين</name>
        <styleUrl>#icon-1739-DB4436-labelson-nodesc</styleUrl>
        <Point>
          <coordinates>
            42.311439,26.053391,0
          </coordinates>
        </Point>
      </Placemark>
      <Placemark>
        <name>جبل الكوم الشمالي</name>
        <styleUrl>#icon-1739-DB4436-labelson-nodesc</styleUrl>
        <Point>
          <coordinates>
            42.107506,24.885578,0
          </coordinates>
        </Point>
      </Placemark>
      <Placemark>
        <name>جبل الكويفر</name>
        <styleUrl>#icon-1739-DB4436-labelson-nodesc</styleUrl>
        <Point>
          <coordinates>
            43.052738,25.840402,0
          </coordinates>
        </Point>
      </Placemark>
      <Placemark>
        <name>جبل اللهيب</name>
        <styleUrl>#icon-1739-DB4436-labelson-nodesc</styleUrl>
        <Point>
          <coordinates>
            42.787285,25.149078,0
          </coordinates>
        </Point>
      </Placemark>
      <Placemark>
        <name>جبل المرغانية</name>
        <styleUrl>#icon-1739-DB4436-labelson-nodesc</styleUrl>
        <Point>
          <coordinates>
            42.605839,24.736061,0
          </coordinates>
        </Point>
      </Placemark>
      <Placemark>
        <name>جبل المرقاب</name>
        <styleUrl>#icon-1739-DB4436-labelson-nodesc</styleUrl>
        <Point>
          <coordinates>
            42.28672,25.954342,0
          </coordinates>
        </Point>
      </Placemark>
      <Placemark>
        <name>جبل المزيريرة</name>
        <styleUrl>#icon-1739-DB4436-labelson-nodesc</styleUrl>
        <Point>
          <coordinates>
            42.976928,25.928786,0
          </coordinates>
        </Point>
      </Placemark>
      <Placemark>
        <name>جبل المصعوكة</name>
        <styleUrl>#icon-1739-DB4436-labelson-nodesc</styleUrl>
        <Point>
          <coordinates>
            43.28476,25.230103,0
          </coordinates>
        </Point>
      </Placemark>
      <Placemark>
        <name>جبل المصلوخة</name>
        <styleUrl>#icon-1739-DB4436-labelson-nodesc</styleUrl>
        <Point>
          <coordinates>
            41.398973,25.381637,0
          </coordinates>
        </Point>
      </Placemark>
      <Placemark>
        <name>جبل المصلوخة</name>
        <styleUrl>#icon-1739-DB4436-labelson-nodesc</styleUrl>
        <Point>
          <coordinates>
            43.04203,25.815468,0
          </coordinates>
        </Point>
      </Placemark>
      <Placemark>
        <name>جبل المطيوي</name>
        <styleUrl>#icon-1739-DB4436-labelson-nodesc</styleUrl>
        <Point>
          <coordinates>
            42.692356,24.954758,0
          </coordinates>
        </Point>
      </Placemark>
      <Placemark>
        <name>جبل الملساء</name>
        <styleUrl>#icon-1739-DB4436-labelson-nodesc</styleUrl>
        <Point>
          <coordinates>
            42.285519,25.980778,0
          </coordinates>
        </Point>
      </Placemark>
      <Placemark>
        <name>جبل المليساء</name>
        <styleUrl>#icon-1739-DB4436-labelson-nodesc</styleUrl>
        <Point>
          <coordinates>
            42.917233,25.843105,0
          </coordinates>
        </Point>
      </Placemark>
      <Placemark>
        <name>جبل المليساء</name>
        <styleUrl>#icon-1739-DB4436-labelson-nodesc</styleUrl>
        <Point>
          <coordinates>
            42.916718,25.846689,0
          </coordinates>
        </Point>
      </Placemark>
      <Placemark>
        <name>جبل المليساء</name>
        <styleUrl>#icon-1739-DB4436-labelson-nodesc</styleUrl>
        <Point>
          <coordinates>
            43.073423,25.587909,0
          </coordinates>
        </Point>
      </Placemark>
      <Placemark>
        <name>جبل المنجوري</name>
        <styleUrl>#icon-1739-DB4436-labelson-nodesc</styleUrl>
        <Point>
          <coordinates>
            42.970104,25.910053,0
          </coordinates>
        </Point>
      </Placemark>
      <Placemark>
        <name>جبل النايع</name>
        <styleUrl>#icon-1739-DB4436-labelson-nodesc</styleUrl>
        <Point>
          <coordinates>
            43.055763,25.294647,0
          </coordinates>
        </Point>
      </Placemark>
      <Placemark>
        <name>جبل النجج</name>
        <styleUrl>#icon-1739-DB4436-labelson-nodesc</styleUrl>
        <Point>
          <coordinates>
            42.318649,24.938622,0
          </coordinates>
        </Point>
      </Placemark>
      <Placemark>
        <name>جبل النويع</name>
        <styleUrl>#icon-1739-DB4436-labelson-nodesc</styleUrl>
        <Point>
          <coordinates>
            43.118935,25.324001,0
          </coordinates>
        </Point>
      </Placemark>
      <Placemark>
        <name>جبل الهمجة</name>
        <styleUrl>#icon-1739-DB4436-labelson-nodesc</styleUrl>
        <Point>
          <coordinates>
            42.65532,26.361651,0
          </coordinates>
        </Point>
      </Placemark>
      <Placemark>
        <name>جبل الهمجة</name>
        <styleUrl>#icon-1739-DB4436-labelson-nodesc</styleUrl>
        <Point>
          <coordinates>
            42.655299,26.361673,0
          </coordinates>
        </Point>
      </Placemark>
      <Placemark>
        <name>جبل الوقعين</name>
        <styleUrl>#icon-1739-DB4436-labelson-nodesc</styleUrl>
        <Point>
          <coordinates>
            42.971478,25.884304,0
          </coordinates>
        </Point>
      </Placemark>
      <Placemark>
        <name>جبل الوليغات</name>
        <styleUrl>#icon-1739-DB4436-labelson-nodesc</styleUrl>
        <Point>
          <coordinates>
            42.818699,26.39946,0
          </coordinates>
        </Point>
      </Placemark>
      <Placemark>
        <name>جبل ام السباع</name>
        <styleUrl>#icon-1739-DB4436-labelson-nodesc</styleUrl>
        <Point>
          <coordinates>
            42.964096,24.649544,0
          </coordinates>
        </Point>
      </Placemark>
      <Placemark>
        <name>جبل ام العراد</name>
        <styleUrl>#icon-1739-DB4436-labelson-nodesc</styleUrl>
        <Point>
          <coordinates>
            42.744713,26.423492,0
          </coordinates>
        </Point>
      </Placemark>
      <Placemark>
        <name>جبل ام بريقيع</name>
        <styleUrl>#icon-1739-DB4436-labelson-nodesc</styleUrl>
        <Point>
          <coordinates>
            43.01199,25.761051,0
          </coordinates>
        </Point>
      </Placemark>
      <Placemark>
        <name>جبل ام رؤوس</name>
        <styleUrl>#icon-1739-DB4436-labelson-nodesc</styleUrl>
        <Point>
          <coordinates>
            42.619743,24.83614,0
          </coordinates>
        </Point>
      </Placemark>
      <Placemark>
        <name>جبل ام رس</name>
        <styleUrl>#icon-1739-DB4436-labelson-nodesc</styleUrl>
        <Point>
          <coordinates>
            43.368015,25.097408,0
          </coordinates>
        </Point>
      </Placemark>
      <Placemark>
        <name>جبل ام رقبة</name>
        <styleUrl>#icon-1739-DB4436-labelson-nodesc</styleUrl>
        <Point>
          <coordinates>
            42.739906,26.346245,0
          </coordinates>
        </Point>
      </Placemark>
      <Placemark>
        <name>جبل ام رقبة</name>
        <styleUrl>#icon-1739-DB4436-labelson-nodesc</styleUrl>
        <Point>
          <coordinates>
            42.816124,25.388203,0
          </coordinates>
        </Point>
      </Placemark>
      <Placemark>
        <name>جبل ام رقيبة</name>
        <styleUrl>#icon-1739-DB4436-labelson-nodesc</styleUrl>
        <Point>
          <coordinates>
            43.480797,25.424595,0
          </coordinates>
        </Point>
      </Placemark>
      <Placemark>
        <name>جبل ام سنون</name>
        <styleUrl>#icon-1739-DB4436-labelson-nodesc</styleUrl>
        <Point>
          <coordinates>
            43.150349,26.505032,0
          </coordinates>
        </Point>
      </Placemark>
      <Placemark>
        <name>جبل ام سنون</name>
        <styleUrl>#icon-1739-DB4436-labelson-nodesc</styleUrl>
        <Point>
          <coordinates>
            43.149748,26.505311,0
          </coordinates>
        </Point>
      </Placemark>
      <Placemark>
        <name>جبل ام سنون</name>
        <styleUrl>#icon-1739-DB4436-labelson-nodesc</styleUrl>
        <Point>
          <coordinates>
            43.357544,25.349236,0
          </coordinates>
        </Point>
      </Placemark>
      <Placemark>
        <name>جبل ام صفيح</name>
        <styleUrl>#icon-1739-DB4436-labelson-nodesc</styleUrl>
        <Point>
          <coordinates>
            42.786427,25.266495,0
          </coordinates>
        </Point>
      </Placemark>
      <Placemark>
        <name>جبل ام صقور</name>
        <styleUrl>#icon-1739-DB4436-labelson-nodesc</styleUrl>
        <Point>
          <coordinates>
            43.382435,25.369663,0
          </coordinates>
        </Point>
      </Placemark>
      <Placemark>
        <name>جبل ام صور</name>
        <styleUrl>#icon-1739-DB4436-labelson-nodesc</styleUrl>
        <Point>
          <coordinates>
            43.430607,25.230811,0
          </coordinates>
        </Point>
      </Placemark>
      <Placemark>
        <name>جبل ام عنيقير</name>
        <styleUrl>#icon-1739-DB4436-labelson-nodesc</styleUrl>
        <Point>
          <coordinates>
            42.835522,24.862168,0
          </coordinates>
        </Point>
      </Placemark>
      <Placemark>
        <name>جبل ام نسور</name>
        <styleUrl>#icon-1739-DB4436-labelson-nodesc</styleUrl>
        <Point>
          <coordinates>
            42.802906,26.219387,0
          </coordinates>
        </Point>
      </Placemark>
      <Placemark>
        <name>جبل امرة</name>
        <styleUrl>#icon-1739-DB4436-labelson-nodesc</styleUrl>
        <Point>
          <coordinates>
            43.362865,25.393009,0
          </coordinates>
        </Point>
      </Placemark>
      <Placemark>
        <name>جبل اير</name>
        <styleUrl>#icon-1739-DB4436-labelson-nodesc</styleUrl>
        <Point>
          <coordinates>
            42.435014,26.138427,0
          </coordinates>
        </Point>
      </Placemark>
      <Placemark>
        <name>جبل بدن</name>
        <styleUrl>#icon-1739-DB4436-labelson-nodesc</styleUrl>
        <Point>
          <coordinates>
            42.506962,25.606728,0
          </coordinates>
        </Point>
      </Placemark>
      <Placemark>
        <name>جبل جضالا</name>
        <styleUrl>#icon-1739-DB4436-labelson-nodesc</styleUrl>
        <Point>
          <coordinates>
            43.314114,25.133286,0
          </coordinates>
        </Point>
      </Placemark>
      <Placemark>
        <name>جبل حسن</name>
        <styleUrl>#icon-1739-DB4436-labelson-nodesc</styleUrl>
        <Point>
          <coordinates>
            43.467751,26.787758,0
          </coordinates>
        </Point>
      </Placemark>
      <Placemark>
        <name>جبل حمراء غنام</name>
        <styleUrl>#icon-1739-DB4436-labelson-nodesc</styleUrl>
        <Point>
          <coordinates>
            43.300552,25.177059,0
          </coordinates>
        </Point>
      </Placemark>
      <Placemark>
        <name>جبل حميرة</name>
        <styleUrl>#icon-1739-DB4436-labelson-nodesc</styleUrl>
        <Point>
          <coordinates>
            42.834663,24.586887,0
          </coordinates>
        </Point>
      </Placemark>
      <Placemark>
        <name>جبل خثارق</name>
        <styleUrl>#icon-1739-DB4436-labelson-nodesc</styleUrl>
        <Point>
          <coordinates>
            42.498035,25.374985,0
          </coordinates>
        </Point>
      </Placemark>
      <Placemark>
        <name>جبل خزاز</name>
        <styleUrl>#icon-1739-DB4436-labelson-nodesc</styleUrl>
        <Point>
          <coordinates>
            43.563194,25.405712,0
          </coordinates>
        </Point>
      </Placemark>
      <Placemark>
        <name>جبل خصلة</name>
        <styleUrl>#icon-1739-DB4436-labelson-nodesc</styleUrl>
        <Point>
          <coordinates>
            42.865562,26.300583,0
          </coordinates>
        </Point>
      </Placemark>
      <Placemark>
        <name>جبل خل الطير</name>
        <styleUrl>#icon-1739-DB4436-labelson-nodesc</styleUrl>
        <Point>
          <coordinates>
            42.642574,25.477123,0
          </coordinates>
        </Point>
      </Placemark>
      <Placemark>
        <name>جبل خنيفسات</name>
        <styleUrl>#icon-1739-DB4436-labelson-nodesc</styleUrl>
        <Point>
          <coordinates>
            42.726345,26.377316,0
          </coordinates>
        </Point>
      </Placemark>
      <Placemark>
        <name>جبل دخينة</name>
        <styleUrl>#icon-1739-DB4436-labelson-nodesc</styleUrl>
        <Point>
          <coordinates>
            43.600273,25.326405,0
          </coordinates>
        </Point>
      </Placemark>
      <Placemark>
        <name>جبل دراع</name>
        <styleUrl>#icon-1739-DB4436-labelson-nodesc</styleUrl>
        <Point>
          <coordinates>
            42.687035,24.727821,0
          </coordinates>
        </Point>
      </Placemark>
      <Placemark>
        <name>جبل درعان</name>
        <styleUrl>#icon-1739-DB4436-labelson-nodesc</styleUrl>
        <Point>
          <coordinates>
            42.290604,26.008608,0
          </coordinates>
        </Point>
      </Placemark>
      <Placemark>
        <name>جبل درعان</name>
        <styleUrl>#icon-1739-DB4436-labelson-nodesc</styleUrl>
        <Point>
          <coordinates>
            43.549118,25.371723,0
          </coordinates>
        </Point>
      </Placemark>
      <Placemark>
        <name>جبل ديم</name>
        <styleUrl>#icon-1739-DB4436-labelson-nodesc</styleUrl>
        <Point>
          <coordinates>
            41.813106,25.719166,0
          </coordinates>
        </Point>
      </Placemark>
      <Placemark>
        <name>جبل ديم الاسمر</name>
        <styleUrl>#icon-1739-DB4436-labelson-nodesc</styleUrl>
        <Point>
          <coordinates>
            41.836109,25.79504,0
          </coordinates>
        </Point>
      </Placemark>
      <Placemark>
        <name>جبل رحية</name>
        <styleUrl>#icon-1739-DB4436-labelson-nodesc</styleUrl>
        <Point>
          <coordinates>
            42.981541,26.279576,0
          </coordinates>
        </Point>
      </Placemark>
      <Placemark>
        <name>جبل رحية</name>
        <styleUrl>#icon-1739-DB4436-labelson-nodesc</styleUrl>
        <Point>
          <coordinates>
            42.98152,26.279597,0
          </coordinates>
        </Point>
      </Placemark>
      <Placemark>
        <name>جبل رويعان</name>
        <styleUrl>#icon-1739-DB4436-labelson-nodesc</styleUrl>
        <Point>
          <coordinates>
            44.380345,27.44241,0
          </coordinates>
        </Point>
      </Placemark>
      <Placemark>
        <name>جبل رويه</name>
        <styleUrl>#icon-1739-DB4436-labelson-nodesc</styleUrl>
        <Point>
          <coordinates>
            44.432402,27.445221,0
          </coordinates>
        </Point>
      </Placemark>
      <Placemark>
        <name>جبل ساق الجواء</name>
        <styleUrl>#icon-1739-DB4436-labelson-nodesc</styleUrl>
        <Point>
          <coordinates>
            43.310165,26.270027,0
          </coordinates>
        </Point>
      </Placemark>
      <Placemark>
        <name>جبل سمراء ضميم</name>
        <styleUrl>#icon-1739-DB4436-labelson-nodesc</styleUrl>
        <Point>
          <coordinates>
            43.364432,25.07683,0
          </coordinates>
        </Point>
      </Placemark>
      <Placemark>
        <name>جبل سمراء وقط</name>
        <styleUrl>#icon-1739-DB4436-labelson-nodesc</styleUrl>
        <Point>
          <coordinates>
            42.898006,26.095963,0
          </coordinates>
        </Point>
      </Placemark>
      <Placemark>
        <name>جبل سناف اللحم</name>
        <styleUrl>#icon-1739-DB4436-labelson-nodesc</styleUrl>
        <Point>
          <coordinates>
            41.712255,25.801864,0
          </coordinates>
        </Point>
      </Placemark>
      <Placemark>
        <name>جبل سواج</name>
        <styleUrl>#icon-1739-DB4436-labelson-nodesc</styleUrl>
        <Point>
          <coordinates>
            43.262272,25.187981,0
          </coordinates>
        </Point>
      </Placemark>
      <Placemark>
        <name>جبل سويقة</name>
        <styleUrl>#icon-1739-DB4436-labelson-nodesc</styleUrl>
        <Point>
          <coordinates>
            43.289051,26.307406,0
          </coordinates>
        </Point>
      </Placemark>
      <Placemark>
        <name>جبل صمعور</name>
        <styleUrl>#icon-1739-DB4436-labelson-nodesc</styleUrl>
        <Point>
          <coordinates>
            42.876463,24.843221,0
          </coordinates>
        </Point>
      </Placemark>
      <Placemark>
        <name>جبل ضبع</name>
        <styleUrl>#icon-1739-DB4436-labelson-nodesc</styleUrl>
        <Point>
          <coordinates>
            42.44173,24.734173,0
          </coordinates>
        </Point>
      </Placemark>
      <Placemark>
        <name>جبل ضبيعين</name>
        <styleUrl>#icon-1739-DB4436-labelson-nodesc</styleUrl>
        <Point>
          <coordinates>
            42.432117,24.767818,0
          </coordinates>
        </Point>
      </Placemark>
      <Placemark>
        <name>جبل طمية</name>
        <styleUrl>#icon-1739-DB4436-labelson-nodesc</styleUrl>
        <Point>
          <coordinates>
            41.997986,25.601406,0
          </coordinates>
        </Point>
      </Placemark>
      <Placemark>
        <name>جبل عبلان</name>
        <styleUrl>#icon-1739-DB4436-labelson-nodesc</styleUrl>
        <Point>
          <coordinates>
            42.118492,24.930725,0
          </coordinates>
        </Point>
      </Placemark>
      <Placemark>
        <name>جبل عسعس</name>
        <styleUrl>#icon-1739-DB4436-labelson-nodesc</styleUrl>
        <Point>
          <coordinates>
            42.949677,24.592381,0
          </coordinates>
        </Point>
      </Placemark>
      <Placemark>
        <name>جبل عطرة</name>
        <styleUrl>#icon-1739-DB4436-labelson-nodesc</styleUrl>
        <Point>
          <coordinates>
            41.935673,25.596428,0
          </coordinates>
        </Point>
      </Placemark>
      <Placemark>
        <name>جبل عقب</name>
        <styleUrl>#icon-1739-DB4436-labelson-nodesc</styleUrl>
        <Point>
          <coordinates>
            42.659397,26.308651,0
          </coordinates>
        </Point>
      </Placemark>
      <Placemark>
        <name>جبل عكاش</name>
        <styleUrl>#icon-1739-DB4436-labelson-nodesc</styleUrl>
        <Point>
          <coordinates>
            42.095683,25.541496,0
          </coordinates>
        </Point>
      </Placemark>
      <Placemark>
        <name>جبل عمودان</name>
        <styleUrl>#icon-1739-DB4436-labelson-nodesc</styleUrl>
        <Point>
          <coordinates>
            42.897835,25.400562,0
          </coordinates>
        </Point>
      </Placemark>
      <Placemark>
        <name>جبل عنز</name>
        <styleUrl>#icon-1739-DB4436-labelson-nodesc</styleUrl>
        <Point>
          <coordinates>
            43.065012,26.868074,0
          </coordinates>
        </Point>
      </Placemark>
      <Placemark>
        <name>جبل عنز</name>
        <styleUrl>#icon-1739-DB4436-labelson-nodesc</styleUrl>
        <Point>
          <coordinates>
            43.377972,26.416991,0
          </coordinates>
        </Point>
      </Placemark>
      <Placemark>
        <name>جبل عنز</name>
        <styleUrl>#icon-1739-DB4436-labelson-nodesc</styleUrl>
        <Point>
          <coordinates>
            43.377972,26.416969,0
          </coordinates>
        </Point>
      </Placemark>
      <Placemark>
        <name>جبل عنيزة</name>
        <styleUrl>#icon-1739-DB4436-labelson-nodesc</styleUrl>
        <Point>
          <coordinates>
            43.047802,26.861937,0
          </coordinates>
        </Point>
      </Placemark>
      <Placemark>
        <name>جبل عنيزة</name>
        <styleUrl>#icon-1739-DB4436-labelson-nodesc</styleUrl>
        <Point>
          <coordinates>
            43.375762,26.468446,0
          </coordinates>
        </Point>
      </Placemark>
      <Placemark>
        <name>جبل عنيزة</name>
        <styleUrl>#icon-1739-DB4436-labelson-nodesc</styleUrl>
        <Point>
          <coordinates>
            43.37574,26.468468,0
          </coordinates>
        </Point>
      </Placemark>
      <Placemark>
        <name>جبل عهين</name>
        <styleUrl>#icon-1739-DB4436-labelson-nodesc</styleUrl>
        <Point>
          <coordinates>
            43.601003,26.471257,0
          </coordinates>
        </Point>
      </Placemark>
      <Placemark>
        <name>جبل عيدان</name>
        <styleUrl>#icon-1739-DB4436-labelson-nodesc</styleUrl>
        <Point>
          <coordinates>
            42.731667,24.81863,0
          </coordinates>
        </Point>
      </Placemark>
      <Placemark>
        <name>جبل عيدة</name>
        <styleUrl>#icon-1739-DB4436-labelson-nodesc</styleUrl>
        <Point>
          <coordinates>
            42.477093,25.510254,0
          </coordinates>
        </Point>
      </Placemark>
      <Placemark>
        <name>جبل غراب</name>
        <styleUrl>#icon-1739-DB4436-labelson-nodesc</styleUrl>
        <Point>
          <coordinates>
            43.66338,25.317693,0
          </coordinates>
        </Point>
      </Placemark>
      <Placemark>
        <name>جبل غرور</name>
        <styleUrl>#icon-1739-DB4436-labelson-nodesc</styleUrl>
        <Point>
          <coordinates>
            43.014221,25.733757,0
          </coordinates>
        </Point>
      </Placemark>
      <Placemark>
        <name>جبل غنيم</name>
        <styleUrl>#icon-1739-DB4436-labelson-nodesc</styleUrl>
        <Point>
          <coordinates>
            42.780418,26.21973,0
          </coordinates>
        </Point>
      </Placemark>
      <Placemark>
        <name>جبل فردة</name>
        <styleUrl>#icon-1739-DB4436-labelson-nodesc</styleUrl>
        <Point>
          <coordinates>
            42.538376,26.305733,0
          </coordinates>
        </Point>
      </Placemark>
      <Placemark>
        <name>جبل فردة</name>
        <styleUrl>#icon-1739-DB4436-labelson-nodesc</styleUrl>
        <Point>
          <coordinates>
            43.338318,25.416698,0
          </coordinates>
        </Point>
      </Placemark>
      <Placemark>
        <name>جبل فرقين</name>
        <styleUrl>#icon-1739-DB4436-labelson-nodesc</styleUrl>
        <Point>
          <coordinates>
            43.412991,25.184612,0
          </coordinates>
        </Point>
      </Placemark>
      <Placemark>
        <name>جبل فياضة</name>
        <styleUrl>#icon-1739-DB4436-labelson-nodesc</styleUrl>
        <Point>
          <coordinates>
            43.250427,25.128822,0
          </coordinates>
        </Point>
      </Placemark>
      <Placemark>
        <name>جبل قاعان</name>
        <styleUrl>#icon-1739-DB4436-labelson-nodesc</styleUrl>
        <Point>
          <coordinates>
            42.160892,24.877682,0
          </coordinates>
        </Point>
      </Placemark>
      <Placemark>
        <name>جبل قهيبان</name>
        <styleUrl>#icon-1739-DB4436-labelson-nodesc</styleUrl>
        <Point>
          <coordinates>
            43.341923,25.119209,0
          </coordinates>
        </Point>
      </Placemark>
      <Placemark>
        <name>جبل كتيفة</name>
        <styleUrl>#icon-1739-DB4436-labelson-nodesc</styleUrl>
        <Point>
          <coordinates>
            42.951221,25.102558,0
          </coordinates>
        </Point>
      </Placemark>
      <Placemark>
        <name>جبل كير</name>
        <styleUrl>#icon-1739-DB4436-labelson-nodesc</styleUrl>
        <Point>
          <coordinates>
            43.447323,25.536518,0
          </coordinates>
        </Point>
      </Placemark>
      <Placemark>
        <name>جبل لعيبيبة</name>
        <styleUrl>#icon-1739-DB4436-labelson-nodesc</styleUrl>
        <Point>
          <coordinates>
            43.353596,25.138435,0
          </coordinates>
        </Point>
      </Placemark>
      <Placemark>
        <name>جبل محرق</name>
        <styleUrl>#icon-1739-DB4436-labelson-nodesc</styleUrl>
        <Point>
          <coordinates>
            42.673473,25.031469,0
          </coordinates>
        </Point>
      </Placemark>
      <Placemark>
        <name>جبل مصودع</name>
        <styleUrl>#icon-1739-DB4436-labelson-nodesc</styleUrl>
        <Point>
          <coordinates>
            42.29408,26.324937,0
          </coordinates>
        </Point>
      </Placemark>
      <Placemark>
        <name>جبل مصودعة</name>
        <styleUrl>#icon-1739-DB4436-labelson-nodesc</styleUrl>
        <Point>
          <coordinates>
            42.321396,26.362896,0
          </coordinates>
        </Point>
      </Placemark>
      <Placemark>
        <name>جبل مصودعة</name>
        <styleUrl>#icon-1739-DB4436-labelson-nodesc</styleUrl>
        <Point>
          <coordinates>
            42.638454,24.659328,0
          </coordinates>
        </Point>
      </Placemark>
      <Placemark>
        <name>جبل ميدان</name>
        <styleUrl>#icon-1739-DB4436-labelson-nodesc</styleUrl>
        <Point>
          <coordinates>
            42.925987,25.115776,0
          </coordinates>
        </Point>
      </Placemark>
      <Placemark>
        <name>جبل نجيخ الشمالي</name>
        <styleUrl>#icon-1739-DB4436-labelson-nodesc</styleUrl>
        <Point>
          <coordinates>
            42.625043,25.014389,0
          </coordinates>
        </Point>
      </Placemark>
      <Placemark>
        <name>جبل هيفاء</name>
        <styleUrl>#icon-1739-DB4436-labelson-nodesc</styleUrl>
        <Point>
          <coordinates>
            42.390747,26.353626,0
          </coordinates>
        </Point>
      </Placemark>
      <Placemark>
        <name>جبل وسط</name>
        <styleUrl>#icon-1739-DB4436-labelson-nodesc</styleUrl>
        <Point>
          <coordinates>
            42.863331,24.610405,0
          </coordinates>
        </Point>
      </Placemark>
      <Placemark>
        <name>جبل وعلة</name>
        <styleUrl>#icon-1739-DB4436-labelson-nodesc</styleUrl>
        <Point>
          <coordinates>
            42.788486,26.264706,0
          </coordinates>
        </Point>
      </Placemark>
      <Placemark>
        <name>سمراء الخريشاء</name>
        <styleUrl>#icon-1739-DB4436-labelson-nodesc</styleUrl>
        <Point>
          <coordinates>
            42.8422218,25.6012731,0
          </coordinates>
        </Point>
      </Placemark>
    </Folder>
    <Folder>
      <name>أسماء ثانوية</name>
      <Placemark>
        <name>وهطان</name>
        <styleUrl>#icon-1739-757575-labelson-nodesc</styleUrl>
        <Point>
          <coordinates>
            44.000759,26.299553,0
          </coordinates>
        </Point>
      </Placemark>
      <Placemark>
        <name>نقرة ام جدوع</name>
        <styleUrl>#icon-1739-757575-labelson-nodesc</styleUrl>
        <Point>
          <coordinates>
            44.111137,26.420746,0
          </coordinates>
        </Point>
      </Placemark>
      <Placemark>
        <name>نقرة صلاصل</name>
        <styleUrl>#icon-1739-757575-labelson-nodesc</styleUrl>
        <Point>
          <coordinates>
            43.388035,26.677294,0
          </coordinates>
        </Point>
      </Placemark>
      <Placemark>
        <name>نقعة شوفان</name>
        <styleUrl>#icon-1739-757575-labelson-nodesc</styleUrl>
        <Point>
          <coordinates>
            42.6721,25.189075,0
          </coordinates>
        </Point>
      </Placemark>
      <Placemark>
        <name>قف فطحانة</name>
        <styleUrl>#icon-1739-757575-labelson-nodesc</styleUrl>
        <Point>
          <coordinates>
            44.388199,25.683632,0
          </coordinates>
        </Point>
      </Placemark>
      <Placemark>
        <name>قور الثغب</name>
        <styleUrl>#icon-1739-757575-labelson-nodesc</styleUrl>
        <Point>
          <coordinates>
            43.738053,27.941344,0
          </coordinates>
        </Point>
      </Placemark>
      <Placemark>
        <name>قور الطيارات</name>
        <styleUrl>#icon-1739-757575-labelson-nodesc</styleUrl>
        <Point>
          <coordinates>
            44.30254,27.468739,0
          </coordinates>
        </Point>
      </Placemark>
      <Placemark>
        <name>قور محاجر رمث</name>
        <styleUrl>#icon-1739-757575-labelson-nodesc</styleUrl>
        <Point>
          <coordinates>
            42.071457,25.121956,0
          </coordinates>
        </Point>
      </Placemark>
      <Placemark>
        <name>قويرة مطر</name>
        <styleUrl>#icon-1739-757575-labelson-nodesc</styleUrl>
        <Point>
          <coordinates>
            43.426208,26.291141,0
          </coordinates>
        </Point>
      </Placemark>
      <Placemark>
        <name>محامة دهام</name>
        <styleUrl>#icon-1739-757575-labelson-nodesc</styleUrl>
        <Point>
          <coordinates>
            43.010123,25.043292,0
          </coordinates>
        </Point>
      </Placemark>
      <Placemark>
        <name>محمية نفود العريق</name>
        <styleUrl>#icon-1739-757575-labelson-nodesc</styleUrl>
        <Point>
          <coordinates>
            42.459948,25.237935,0
          </coordinates>
        </Point>
      </Placemark>
      <Placemark>
        <name>محير البسيتين</name>
        <styleUrl>#icon-1739-757575-labelson-nodesc</styleUrl>
        <Point>
          <coordinates>
            42.998128,26.77263,0
          </coordinates>
        </Point>
      </Placemark>
      <Placemark>
        <name>محير شعيب البريكة</name>
        <styleUrl>#icon-1739-757575-labelson-nodesc</styleUrl>
        <Point>
          <coordinates>
            44.653523,27.404709,0
          </coordinates>
        </Point>
      </Placemark>
      <Placemark>
        <name>محير شعيب السهل</name>
        <styleUrl>#icon-1739-757575-labelson-nodesc</styleUrl>
        <Point>
          <coordinates>
            44.681525,27.433805,0
          </coordinates>
        </Point>
      </Placemark>
      <Placemark>
        <name>مزارع الرفائع</name>
        <styleUrl>#icon-1739-757575-labelson-nodesc</styleUrl>
        <Point>
          <coordinates>
            43.374109,25.519524,0
          </coordinates>
        </Point>
      </Placemark>
      <Placemark>
        <name>مزارع الرفيعة</name>
        <styleUrl>#icon-1739-757575-labelson-nodesc</styleUrl>
        <Point>
          <coordinates>
            43.305273,25.646768,0
          </coordinates>
        </Point>
      </Placemark>
      <Placemark>
        <name>مزارع الضعوى</name>
        <styleUrl>#icon-1739-757575-labelson-nodesc</styleUrl>
        <Point>
          <coordinates>
            43.334477,25.809138,0
          </coordinates>
        </Point>
      </Placemark>
      <Placemark>
        <name>مزارع العلوات</name>
        <styleUrl>#icon-1739-757575-labelson-nodesc</styleUrl>
        <Point>
          <coordinates>
            43.340807,25.821755,0
          </coordinates>
        </Point>
      </Placemark>
      <Placemark>
        <name>مزارع الكير</name>
        <styleUrl>#icon-1739-757575-labelson-nodesc</styleUrl>
        <Point>
          <coordinates>
            43.401468,25.537205,0
          </coordinates>
        </Point>
      </Placemark>
      <Placemark>
        <name>مزارع المطيات</name>
        <styleUrl>#icon-1739-757575-labelson-nodesc</styleUrl>
        <Point>
          <coordinates>
            43.459897,25.782402,0
          </coordinates>
        </Point>
      </Placemark>
      <Placemark>
        <name>مزارع صيادة</name>
        <styleUrl>#icon-1739-757575-labelson-nodesc</styleUrl>
        <Point>
          <coordinates>
            43.380547,25.57585,0
          </coordinates>
        </Point>
      </Placemark>
      <Placemark>
        <name>مزارع مغيب</name>
        <styleUrl>#icon-1739-757575-labelson-nodesc</styleUrl>
        <Point>
          <coordinates>
            43.371985,25.63473,0
          </coordinates>
        </Point>
      </Placemark>
      <Placemark>
        <name>مزرعة ابو جص</name>
        <styleUrl>#icon-1739-757575-labelson-nodesc</styleUrl>
        <Point>
          <coordinates>
            42.665663,25.54332,0
          </coordinates>
        </Point>
      </Placemark>
      <Placemark>
        <name>مزرعة لزام</name>
        <styleUrl>#icon-1739-757575-labelson-nodesc</styleUrl>
        <Point>
          <coordinates>
            44.408712,26.816425,0
          </coordinates>
        </Point>
      </Placemark>
      <Placemark>
        <name>مشاش ابن سعدي</name>
        <styleUrl>#icon-1739-757575-labelson-nodesc</styleUrl>
        <Point>
          <coordinates>
            43.868494,27.865877,0
          </coordinates>
        </Point>
      </Placemark>
      <Placemark>
        <name>مشاش اللبانة</name>
        <styleUrl>#icon-1739-757575-labelson-nodesc</styleUrl>
        <Point>
          <coordinates>
            43.825922,27.895145,0
          </coordinates>
        </Point>
      </Placemark>
      <Placemark>
        <name>مشاش ذويبان</name>
        <styleUrl>#icon-1739-757575-labelson-nodesc</styleUrl>
        <Point>
          <coordinates>
            44.24263,27.543068,0
          </coordinates>
        </Point>
      </Placemark>
      <Placemark>
        <name>مشروع الاسياح</name>
        <styleUrl>#icon-1739-757575-labelson-nodesc</styleUrl>
        <Point>
          <coordinates>
            44.187634,26.920302,0
          </coordinates>
        </Point>
      </Placemark>
      <Placemark>
        <name>مشروع الحديثي</name>
        <styleUrl>#icon-1739-757575-labelson-nodesc</styleUrl>
        <Point>
          <coordinates>
            43.431702,26.225395,0
          </coordinates>
        </Point>
      </Placemark>
      <Placemark>
        <name>مشقوق</name>
        <styleUrl>#icon-1739-757575-labelson-nodesc</styleUrl>
        <Point>
          <coordinates>
            43.517532,26.916161,0
          </coordinates>
        </Point>
      </Placemark>
      <Placemark>
        <name>مغيراء</name>
        <styleUrl>#icon-1739-757575-labelson-nodesc</styleUrl>
        <Point>
          <coordinates>
            44.033504,27.092693,0
          </coordinates>
        </Point>
      </Placemark>
      <Placemark>
        <name>مفرش ابو مراكي</name>
        <styleUrl>#icon-1739-757575-labelson-nodesc</styleUrl>
        <Point>
          <coordinates>
            44.251986,27.868624,0
          </coordinates>
        </Point>
      </Placemark>
      <Placemark>
        <name>مفيض الردة</name>
        <styleUrl>#icon-1739-757575-labelson-nodesc</styleUrl>
        <Point>
          <coordinates>
            42.931266,25.777037,0
          </coordinates>
        </Point>
      </Placemark>
      <Placemark>
        <name>مفيض الردة</name>
        <styleUrl>#icon-1739-757575-labelson-nodesc</styleUrl>
        <Point>
          <coordinates>
            42.944419,25.72026,0
          </coordinates>
        </Point>
      </Placemark>
      <Placemark>
        <name>مفيض قعضب</name>
        <styleUrl>#icon-1739-757575-labelson-nodesc</styleUrl>
        <Point>
          <coordinates>
            42.734413,24.633987,0
          </coordinates>
        </Point>
      </Placemark>
      <Placemark>
        <name>مقناص</name>
        <styleUrl>#icon-1739-757575-labelson-nodesc</styleUrl>
        <Point>
          <coordinates>
            41.73028,25.233278,0
          </coordinates>
        </Point>
      </Placemark>
      <Placemark>
        <name>مقناص</name>
        <styleUrl>#icon-1739-757575-labelson-nodesc</styleUrl>
        <Point>
          <coordinates>
            41.764526,25.126247,0
          </coordinates>
        </Point>
      </Placemark>
      <Placemark>
        <name>مقناص</name>
        <styleUrl>#icon-1739-757575-labelson-nodesc</styleUrl>
        <Point>
          <coordinates>
            43.911839,27.508135,0
          </coordinates>
        </Point>
      </Placemark>
      <Placemark>
        <name>مقناص</name>
        <styleUrl>#icon-1739-757575-labelson-nodesc</styleUrl>
        <Point>
          <coordinates>
            44.036293,27.358532,0
          </coordinates>
        </Point>
      </Placemark>
      <Placemark>
        <name>مقناص</name>
        <styleUrl>#icon-1739-757575-labelson-nodesc</styleUrl>
        <Point>
          <coordinates>
            44.735813,27.382393,0
          </coordinates>
        </Point>
      </Placemark>
      <Placemark>
        <name>مقناص</name>
        <styleUrl>#icon-1739-757575-labelson-nodesc</styleUrl>
        <Point>
          <coordinates>
            44.666634,27.149963,0
          </coordinates>
        </Point>
      </Placemark>
      <Placemark>
        <name>مقناص</name>
        <styleUrl>#icon-1739-757575-labelson-nodesc</styleUrl>
        <Point>
          <coordinates>
            44.876404,27.189789,0
          </coordinates>
        </Point>
      </Placemark>
      <Placemark>
        <name>مقناص ام الهشيم</name>
        <styleUrl>#icon-1739-757575-labelson-nodesc</styleUrl>
        <Point>
          <coordinates>
            44.866619,27.146873,0
          </coordinates>
        </Point>
      </Placemark>
      <Placemark>
        <name>مقناص برقه</name>
        <styleUrl>#icon-1739-757575-labelson-nodesc</styleUrl>
        <Point>
          <coordinates>
            42.019873,26.116219,0
          </coordinates>
        </Point>
      </Placemark>
      <Placemark>
        <name>مقناص بياح عرفج</name>
        <styleUrl>#icon-1739-757575-labelson-nodesc</styleUrl>
        <Point>
          <coordinates>
            44.632645,27.195368,0
          </coordinates>
        </Point>
      </Placemark>
      <Placemark>
        <name>مقناص خبة السياريات</name>
        <styleUrl>#icon-1739-757575-labelson-nodesc</styleUrl>
        <Point>
          <coordinates>
            44.862843,27.123785,0
          </coordinates>
        </Point>
      </Placemark>
      <Placemark>
        <name>مقناص دكاك عرفج</name>
        <styleUrl>#icon-1739-757575-labelson-nodesc</styleUrl>
        <Point>
          <coordinates>
            44.775553,27.075033,0
          </coordinates>
        </Point>
      </Placemark>
      <Placemark>
        <name>مقناص عرفج</name>
        <styleUrl>#icon-1739-757575-labelson-nodesc</styleUrl>
        <Point>
          <coordinates>
            44.401245,27.753954,0
          </coordinates>
        </Point>
      </Placemark>
      <Placemark>
        <name>مقناص عرفج</name>
        <styleUrl>#icon-1739-757575-labelson-nodesc</styleUrl>
        <Point>
          <coordinates>
            44.816666,27.168331,0
          </coordinates>
        </Point>
      </Placemark>
      <Placemark>
        <name>مقناص عرق ارطى</name>
        <styleUrl>#icon-1739-757575-labelson-nodesc</styleUrl>
        <Point>
          <coordinates>
            44.801989,27.106533,0
          </coordinates>
        </Point>
      </Placemark>
      <Placemark>
        <name>مقناص عواشز</name>
        <styleUrl>#icon-1739-757575-labelson-nodesc</styleUrl>
        <Point>
          <coordinates>
            42.05678,25.043507,0
          </coordinates>
        </Point>
      </Placemark>
      <Placemark>
        <name>مقناص عواشز بياح</name>
        <styleUrl>#icon-1739-757575-labelson-nodesc</styleUrl>
        <Point>
          <coordinates>
            44.821558,27.196999,0
          </coordinates>
        </Point>
      </Placemark>
      <Placemark>
        <name>ملعية</name>
        <styleUrl>#icon-1739-757575-labelson-nodesc</styleUrl>
        <Point>
          <coordinates>
            43.417625,25.833321,0
          </coordinates>
        </Point>
      </Placemark>
      <Placemark>
        <name>منجم صخيبره</name>
        <styleUrl>#icon-1739-757575-labelson-nodesc</styleUrl>
        <Point>
          <coordinates>
            42.007191,25.456974,0
          </coordinates>
        </Point>
      </Placemark>
      <Placemark>
        <name>منطقة الشمال</name>
        <styleUrl>#icon-1739-757575-labelson-nodesc</styleUrl>
        <Point>
          <coordinates>
            44.24778,26.351309,0
          </coordinates>
        </Point>
      </Placemark>
      <Placemark>
        <name>مهامة ام جص</name>
        <styleUrl>#icon-1739-757575-labelson-nodesc</styleUrl>
        <Point>
          <coordinates>
            42.555885,24.519768,0
          </coordinates>
        </Point>
      </Placemark>
      <Placemark>
        <name>مواجه</name>
        <styleUrl>#icon-1739-757575-labelson-nodesc</styleUrl>
        <Point>
          <coordinates>
            42.30056,26.065836,0
          </coordinates>
        </Point>
      </Placemark>
      <Placemark>
        <name>نجخ</name>
        <styleUrl>#icon-1739-757575-labelson-nodesc</styleUrl>
        <Point>
          <coordinates>
            42.01277,25.014431,0
          </coordinates>
        </Point>
      </Placemark>
      <Placemark>
        <name>قاع ابو جثيا</name>
        <styleUrl>#icon-1739-757575-labelson-nodesc</styleUrl>
        <Point>
          <coordinates>
            43.098164,25.149078,0
          </coordinates>
        </Point>
      </Placemark>
      <Placemark>
        <name>قاع ابو عوشزة</name>
        <styleUrl>#icon-1739-757575-labelson-nodesc</styleUrl>
        <Point>
          <coordinates>
            44.555783,25.757468,0
          </coordinates>
        </Point>
      </Placemark>
      <Placemark>
        <name>قاع الحفر</name>
        <styleUrl>#icon-1739-757575-labelson-nodesc</styleUrl>
        <Point>
          <coordinates>
            44.358673,27.402821,0
          </coordinates>
        </Point>
      </Placemark>
      <Placemark>
        <name>قاع الحنادر</name>
        <styleUrl>#icon-1739-757575-labelson-nodesc</styleUrl>
        <Point>
          <coordinates>
            43.490238,26.45937,0
          </coordinates>
        </Point>
      </Placemark>
      <Placemark>
        <name>قاع الخرماء</name>
        <styleUrl>#icon-1739-757575-labelson-nodesc</styleUrl>
        <Point>
          <coordinates>
            44.078221,25.565958,0
          </coordinates>
        </Point>
      </Placemark>
      <Placemark>
        <name>قاع الخفق</name>
        <styleUrl>#icon-1739-757575-labelson-nodesc</styleUrl>
        <Point>
          <coordinates>
            43.11739,25.151825,0
          </coordinates>
        </Point>
      </Placemark>
      <Placemark>
        <name>قاع الخيمة</name>
        <styleUrl>#icon-1739-757575-labelson-nodesc</styleUrl>
        <Point>
          <coordinates>
            42.388344,25.849285,0
          </coordinates>
        </Point>
      </Placemark>
      <Placemark>
        <name>قاع الزرار</name>
        <styleUrl>#icon-1739-757575-labelson-nodesc</styleUrl>
        <Point>
          <coordinates>
            43.481312,26.709995,0
          </coordinates>
        </Point>
      </Placemark>
      <Placemark>
        <name>قاع السحق</name>
        <styleUrl>#icon-1739-757575-labelson-nodesc</styleUrl>
        <Point>
          <coordinates>
            43.381576,26.603909,0
          </coordinates>
        </Point>
      </Placemark>
      <Placemark>
        <name>قاع العايلة</name>
        <styleUrl>#icon-1739-757575-labelson-nodesc</styleUrl>
        <Point>
          <coordinates>
            44.14959,26.376286,0
          </coordinates>
        </Point>
      </Placemark>
      <Placemark>
        <name>قاع العزبة</name>
        <styleUrl>#icon-1739-757575-labelson-nodesc</styleUrl>
        <Point>
          <coordinates>
            42.140808,26.278782,0
          </coordinates>
        </Point>
      </Placemark>
      <Placemark>
        <name>قاع العصودة</name>
        <styleUrl>#icon-1739-757575-labelson-nodesc</styleUrl>
        <Point>
          <coordinates>
            43.411102,26.531982,0
          </coordinates>
        </Point>
      </Placemark>
      <Placemark>
        <name>قاع المالحة</name>
        <styleUrl>#icon-1739-757575-labelson-nodesc</styleUrl>
        <Point>
          <coordinates>
            44.218426,27.441101,0
          </coordinates>
        </Point>
      </Placemark>
      <Placemark>
        <name>قاع المزيريرة</name>
        <styleUrl>#icon-1739-757575-labelson-nodesc</styleUrl>
        <Point>
          <coordinates>
            43.198414,27.148075,0
          </coordinates>
        </Point>
      </Placemark>
      <Placemark>
        <name>قاع ام رشاد</name>
        <styleUrl>#icon-1739-757575-labelson-nodesc</styleUrl>
        <Point>
          <coordinates>
            44.273765,27.483866,0
          </coordinates>
        </Point>
      </Placemark>
      <Placemark>
        <name>قاع ام شفلح</name>
        <styleUrl>#icon-1739-757575-labelson-nodesc</styleUrl>
        <Point>
          <coordinates>
            43.487492,26.569576,0
          </coordinates>
        </Point>
      </Placemark>
      <Placemark>
        <name>قاع حقي</name>
        <styleUrl>#icon-1739-757575-labelson-nodesc</styleUrl>
        <Point>
          <coordinates>
            43.298836,26.723728,0
          </coordinates>
        </Point>
      </Placemark>
      <Placemark>
        <name>قاع سالم</name>
        <styleUrl>#icon-1739-757575-labelson-nodesc</styleUrl>
        <Point>
          <coordinates>
            44.18169,25.879669,0
          </coordinates>
        </Point>
      </Placemark>
      <Placemark>
        <name>قاع صلاصل</name>
        <styleUrl>#icon-1739-757575-labelson-nodesc</styleUrl>
        <Point>
          <coordinates>
            43.436508,26.691971,0
          </coordinates>
        </Point>
      </Placemark>
      <Placemark>
        <name>قاع عبلا</name>
        <styleUrl>#icon-1739-757575-labelson-nodesc</styleUrl>
        <Point>
          <coordinates>
            43.769531,25.64415,0
          </coordinates>
        </Point>
      </Placemark>
      <Placemark>
        <name>قاع عريفجان</name>
        <styleUrl>#icon-1739-757575-labelson-nodesc</styleUrl>
        <Point>
          <coordinates>
            42.070599,25.365372,0
          </coordinates>
        </Point>
      </Placemark>
      <Placemark>
        <name>قاع عضي</name>
        <styleUrl>#icon-1739-757575-labelson-nodesc</styleUrl>
        <Point>
          <coordinates>
            43.418999,26.877644,0
          </coordinates>
        </Point>
      </Placemark>
      <Placemark>
        <name>قاع وعد</name>
        <styleUrl>#icon-1739-757575-labelson-nodesc</styleUrl>
        <Point>
          <coordinates>
            44.482613,27.266865,0
          </coordinates>
        </Point>
      </Placemark>
      <Placemark>
        <name>ظهرة البياض</name>
        <styleUrl>#icon-1739-757575-labelson-nodesc</styleUrl>
        <Point>
          <coordinates>
            41.901855,25.895119,0
          </coordinates>
        </Point>
      </Placemark>
      <Placemark>
        <name>ظهرة الرديفة</name>
        <styleUrl>#icon-1739-757575-labelson-nodesc</styleUrl>
        <Point>
          <coordinates>
            44.056034,27.745349,0
          </coordinates>
        </Point>
      </Placemark>
      <Placemark>
        <name>ظهرة الرديفة</name>
        <styleUrl>#icon-1739-757575-labelson-nodesc</styleUrl>
        <Point>
          <coordinates>
            44.041421,27.816803,0
          </coordinates>
        </Point>
      </Placemark>
      <Placemark>
        <name>عبلة البدائع</name>
        <styleUrl>#icon-1739-757575-labelson-nodesc</styleUrl>
        <Point>
          <coordinates>
            43.849032,25.851302,0
          </coordinates>
        </Point>
      </Placemark>
      <Placemark>
        <name>عبيد المستوي</name>
        <styleUrl>#icon-1739-757575-labelson-nodesc</styleUrl>
        <Point>
          <coordinates>
            44.661484,25.744743,0
          </coordinates>
        </Point>
      </Placemark>
      <Placemark>
        <name>قارة الاسلاف</name>
        <styleUrl>#icon-1739-757575-labelson-nodesc</styleUrl>
        <Point>
          <coordinates>
            43.430006,26.240737,0
          </coordinates>
        </Point>
      </Placemark>
      <Placemark>
        <name>قارة الاسلاف</name>
        <styleUrl>#icon-1739-757575-labelson-nodesc</styleUrl>
        <Point>
          <coordinates>
            43.430028,26.240759,0
          </coordinates>
        </Point>
      </Placemark>
      <Placemark>
        <name>قارة الحزقاء</name>
        <styleUrl>#icon-1739-757575-labelson-nodesc</styleUrl>
        <Point>
          <coordinates>
            43.378658,26.87582,0
          </coordinates>
        </Point>
      </Placemark>
      <Placemark>
        <name>قارة ام دبير</name>
        <styleUrl>#icon-1739-757575-labelson-nodesc</styleUrl>
        <Point>
          <coordinates>
            44.377213,26.374912,0
          </coordinates>
        </Point>
      </Placemark>
      <Placemark>
        <name>قارة ام رجوم</name>
        <styleUrl>#icon-1739-757575-labelson-nodesc</styleUrl>
        <Point>
          <coordinates>
            42.924271,26.903114,0
          </coordinates>
        </Point>
      </Placemark>
      <Placemark>
        <name>قارة ام روس</name>
        <styleUrl>#icon-1739-757575-labelson-nodesc</styleUrl>
        <Point>
          <coordinates>
            44.370003,26.404781,0
          </coordinates>
        </Point>
      </Placemark>
      <Placemark>
        <name>قارة حصاني</name>
        <styleUrl>#icon-1739-757575-labelson-nodesc</styleUrl>
        <Point>
          <coordinates>
            43.403292,26.306956,0
          </coordinates>
        </Point>
      </Placemark>
      <Placemark>
        <name>قارة حصاني</name>
        <styleUrl>#icon-1739-757575-labelson-nodesc</styleUrl>
        <Point>
          <coordinates>
            43.403292,26.306977,0
          </coordinates>
        </Point>
      </Placemark>
      <Placemark>
        <name>قارة حصاني</name>
        <styleUrl>#icon-1739-757575-labelson-nodesc</styleUrl>
        <Point>
          <coordinates>
            43.505001,26.162224,0
          </coordinates>
        </Point>
      </Placemark>
      <Placemark>
        <name>قارة حصني</name>
        <styleUrl>#icon-1739-757575-labelson-nodesc</styleUrl>
        <Point>
          <coordinates>
            43.432045,26.209087,0
          </coordinates>
        </Point>
      </Placemark>
      <Placemark>
        <name>قارة سالم</name>
        <styleUrl>#icon-1739-757575-labelson-nodesc</styleUrl>
        <Point>
          <coordinates>
            43.171484,26.42242,0
          </coordinates>
        </Point>
      </Placemark>
      <Placemark>
        <name>قارة سالم</name>
        <styleUrl>#icon-1739-757575-labelson-nodesc</styleUrl>
        <Point>
          <coordinates>
            43.171463,26.42242,0
          </coordinates>
        </Point>
      </Placemark>
      <Placemark>
        <name>قارة عدلان</name>
        <styleUrl>#icon-1739-757575-labelson-nodesc</styleUrl>
        <Point>
          <coordinates>
            43.139191,26.395683,0
          </coordinates>
        </Point>
      </Placemark>
      <Placemark>
        <name>قارة محمد عبد الوهاب</name>
        <styleUrl>#icon-1739-757575-labelson-nodesc</styleUrl>
        <Point>
          <coordinates>
            44.332602,26.439307,0
          </coordinates>
        </Point>
      </Placemark>
      <Placemark>
        <name>سناف اقمرا</name>
        <styleUrl>#icon-1739-757575-labelson-nodesc</styleUrl>
        <Point>
          <coordinates>
            42.553997,26.345387,0
          </coordinates>
        </Point>
      </Placemark>
      <Placemark>
        <name>سناف تركي</name>
        <styleUrl>#icon-1739-757575-labelson-nodesc</styleUrl>
        <Point>
          <coordinates>
            42.916203,24.926069,0
          </coordinates>
        </Point>
      </Placemark>
      <Placemark>
        <name>سناف جبيرة</name>
        <styleUrl>#icon-1739-757575-labelson-nodesc</styleUrl>
        <Point>
          <coordinates>
            41.843147,25.330524,0
          </coordinates>
        </Point>
      </Placemark>
      <Placemark>
        <name>سهلة اقمرا</name>
        <styleUrl>#icon-1739-757575-labelson-nodesc</styleUrl>
        <Point>
          <coordinates>
            42.588673,26.345494,0
          </coordinates>
        </Point>
      </Placemark>
      <Placemark>
        <name>صحراء زعرورة</name>
        <styleUrl>#icon-1739-757575-labelson-nodesc</styleUrl>
        <Point>
          <coordinates>
            43.743846,25.262783,0
          </coordinates>
        </Point>
      </Placemark>
      <Placemark>
        <name>صفاة الزراج</name>
        <styleUrl>#icon-1739-757575-labelson-nodesc</styleUrl>
        <Point>
          <coordinates>
            43.370397,25.770171,0
          </coordinates>
        </Point>
      </Placemark>
      <Placemark>
        <name>صفراء المستوي</name>
        <styleUrl>#icon-1739-757575-labelson-nodesc</styleUrl>
        <Point>
          <coordinates>
            44.407747,26.11918,0
          </coordinates>
        </Point>
      </Placemark>
      <Placemark>
        <name>صفراء المستوي</name>
        <styleUrl>#icon-1739-757575-labelson-nodesc</styleUrl>
        <Point>
          <coordinates>
            44.640541,25.672839,0
          </coordinates>
        </Point>
      </Placemark>
      <Placemark>
        <name>صفية</name>
        <styleUrl>#icon-1739-757575-labelson-nodesc</styleUrl>
        <Point>
          <coordinates>
            42.149434,25.456932,0
          </coordinates>
        </Point>
      </Placemark>
      <Placemark>
        <name>طراق ذايوف</name>
        <styleUrl>#icon-1739-757575-labelson-nodesc</styleUrl>
        <Point>
          <coordinates>
            44.033911,27.699559,0
          </coordinates>
        </Point>
      </Placemark>
      <Placemark>
        <name>طرقة الضبعة</name>
        <styleUrl>#icon-1739-757575-labelson-nodesc</styleUrl>
        <Point>
          <coordinates>
            44.399872,26.252003,0
          </coordinates>
        </Point>
      </Placemark>
      <Placemark>
        <name>سمار الحصاة</name>
        <styleUrl>#icon-1739-757575-labelson-nodesc</styleUrl>
        <Point>
          <coordinates>
            42.092571,25.821648,0
          </coordinates>
        </Point>
      </Placemark>
      <Placemark>
        <name>سمار سعيدة</name>
        <styleUrl>#icon-1739-757575-labelson-nodesc</styleUrl>
        <Point>
          <coordinates>
            43.386168,26.151838,0
          </coordinates>
        </Point>
      </Placemark>
      <Placemark>
        <name>ريع الحجاج</name>
        <styleUrl>#icon-1739-757575-labelson-nodesc</styleUrl>
        <Point>
          <coordinates>
            43.249912,25.181286,0
          </coordinates>
        </Point>
      </Placemark>
      <Placemark>
        <name>زبائر النعايم</name>
        <styleUrl>#icon-1739-757575-labelson-nodesc</styleUrl>
        <Point>
          <coordinates>
            43.957737,25.667946,0
          </coordinates>
        </Point>
      </Placemark>
      <Placemark>
        <name>زباير البريكة</name>
        <styleUrl>#icon-1739-757575-labelson-nodesc</styleUrl>
        <Point>
          <coordinates>
            44.751005,27.481012,0
          </coordinates>
        </Point>
      </Placemark>
      <Placemark>
        <name>زرب ثريبان</name>
        <styleUrl>#icon-1739-757575-labelson-nodesc</styleUrl>
        <Point>
          <coordinates>
            42.520823,24.967096,0
          </coordinates>
        </Point>
      </Placemark>
      <Placemark>
        <name>ساحوق</name>
        <styleUrl>#icon-1739-757575-labelson-nodesc</styleUrl>
        <Point>
          <coordinates>
            41.84555,25.304432,0
          </coordinates>
        </Point>
      </Placemark>
      <Placemark>
        <name>ساهبة الاشعل</name>
        <styleUrl>#icon-1739-757575-labelson-nodesc</styleUrl>
        <Point>
          <coordinates>
            43.37441,25.453584,0
          </coordinates>
        </Point>
      </Placemark>
      <Placemark>
        <name>ساهبة الحشارة</name>
        <styleUrl>#icon-1739-757575-labelson-nodesc</styleUrl>
        <Point>
          <coordinates>
            41.257997,25.487638,0
          </coordinates>
        </Point>
      </Placemark>
      <Placemark>
        <name>ساهبة الحمى</name>
        <styleUrl>#icon-1739-757575-labelson-nodesc</styleUrl>
        <Point>
          <coordinates>
            43.118784,26.097164,0
          </coordinates>
        </Point>
      </Placemark>
      <Placemark>
        <name>ساهبة الخيل</name>
        <styleUrl>#icon-1739-757575-labelson-nodesc</styleUrl>
        <Point>
          <coordinates>
            43.575919,25.464377,0
          </coordinates>
        </Point>
      </Placemark>
      <Placemark>
        <name>ساهبة الخيل</name>
        <styleUrl>#icon-1739-757575-labelson-nodesc</styleUrl>
        <Point>
          <coordinates>
            43.59551,25.485964,0
          </coordinates>
        </Point>
      </Placemark>
      <Placemark>
        <name>ساهبة الخيل</name>
        <styleUrl>#icon-1739-757575-labelson-nodesc</styleUrl>
        <Point>
          <coordinates>
            43.571134,25.463433,0
          </coordinates>
        </Point>
      </Placemark>
      <Placemark>
        <name>ساهبة السلسلة</name>
        <styleUrl>#icon-1739-757575-labelson-nodesc</styleUrl>
        <Point>
          <coordinates>
            42.622747,26.11903,0
          </coordinates>
        </Point>
      </Placemark>
      <Placemark>
        <name>ساهبة السلسلة</name>
        <styleUrl>#icon-1739-757575-labelson-nodesc</styleUrl>
        <Point>
          <coordinates>
            42.622061,26.129565,0
          </coordinates>
        </Point>
      </Placemark>
      <Placemark>
        <name>ساهبة السلسلة</name>
        <styleUrl>#icon-1739-757575-labelson-nodesc</styleUrl>
        <Point>
          <coordinates>
            42.615452,26.253033,0
          </coordinates>
        </Point>
      </Placemark>
      <Placemark>
        <name>ساهبة العميد</name>
        <styleUrl>#icon-1739-757575-labelson-nodesc</styleUrl>
        <Point>
          <coordinates>
            42.612491,26.140895,0
          </coordinates>
        </Point>
      </Placemark>
      <Placemark>
        <name>ساهبة العميد</name>
        <styleUrl>#icon-1739-757575-labelson-nodesc</styleUrl>
        <Point>
          <coordinates>
            42.590561,26.209259,0
          </coordinates>
        </Point>
      </Placemark>
      <Placemark>
        <name>ساهبة العميد</name>
        <styleUrl>#icon-1739-757575-labelson-nodesc</styleUrl>
        <Point>
          <coordinates>
            43.335636,25.274069,0
          </coordinates>
        </Point>
      </Placemark>
      <Placemark>
        <name>ساهبة ام عوشز</name>
        <styleUrl>#icon-1739-757575-labelson-nodesc</styleUrl>
        <Point>
          <coordinates>
            43.639305,25.664084,0
          </coordinates>
        </Point>
      </Placemark>
      <Placemark>
        <name>ساهبة ام عوشز</name>
        <styleUrl>#icon-1739-757575-labelson-nodesc</styleUrl>
        <Point>
          <coordinates>
            43.697412,25.556345,0
          </coordinates>
        </Point>
      </Placemark>
      <Placemark>
        <name>ساهبة ام عوشز</name>
        <styleUrl>#icon-1739-757575-labelson-nodesc</styleUrl>
        <Point>
          <coordinates>
            43.728998,25.48738,0
          </coordinates>
        </Point>
      </Placemark>
      <Placemark>
        <name>سبخة الجرفية</name>
        <styleUrl>#icon-1739-757575-labelson-nodesc</styleUrl>
        <Point>
          <coordinates>
            42.501812,24.607658,0
          </coordinates>
        </Point>
      </Placemark>
      <Placemark>
        <name>سبخة الطرفية</name>
        <styleUrl>#icon-1739-757575-labelson-nodesc</styleUrl>
        <Point>
          <coordinates>
            44.073544,26.528721,0
          </coordinates>
        </Point>
      </Placemark>
      <Placemark>
        <name>سبخة العوشزية</name>
        <styleUrl>#icon-1739-757575-labelson-nodesc</styleUrl>
        <Point>
          <coordinates>
            44.154804,26.058326,0
          </coordinates>
        </Point>
      </Placemark>
      <Placemark>
        <name>سبخة المشاش</name>
        <styleUrl>#icon-1739-757575-labelson-nodesc</styleUrl>
        <Point>
          <coordinates>
            42.559662,25.408974,0
          </coordinates>
        </Point>
      </Placemark>
      <Placemark>
        <name>سبخة غضراء</name>
        <styleUrl>#icon-1739-757575-labelson-nodesc</styleUrl>
        <Point>
          <coordinates>
            43.921516,26.026139,0
          </coordinates>
        </Point>
      </Placemark>
      <Placemark>
        <name>سبخة غضراء</name>
        <styleUrl>#icon-1739-757575-labelson-nodesc</styleUrl>
        <Point>
          <coordinates>
            43.918812,26.029315,0
          </coordinates>
        </Point>
      </Placemark>
      <Placemark>
        <name>سبخة غويمض</name>
        <styleUrl>#icon-1739-757575-labelson-nodesc</styleUrl>
        <Point>
          <coordinates>
            44.219112,26.189647,0
          </coordinates>
        </Point>
      </Placemark>
      <Placemark>
        <name>سبخة غويمض</name>
        <styleUrl>#icon-1739-757575-labelson-nodesc</styleUrl>
        <Point>
          <coordinates>
            44.213598,26.201341,0
          </coordinates>
        </Point>
      </Placemark>
      <Placemark>
        <name>سبخة غويمض</name>
        <styleUrl>#icon-1739-757575-labelson-nodesc</styleUrl>
        <Point>
          <coordinates>
            44.216151,26.181149,0
          </coordinates>
        </Point>
      </Placemark>
      <Placemark>
        <name>سبخة مشتت</name>
        <styleUrl>#icon-1739-757575-labelson-nodesc</styleUrl>
        <Point>
          <coordinates>
            44.254239,26.033885,0
          </coordinates>
        </Point>
      </Placemark>
      <Placemark>
        <name>سبخة مليح</name>
        <styleUrl>#icon-1739-757575-labelson-nodesc</styleUrl>
        <Point>
          <coordinates>
            42.533398,25.280914,0
          </coordinates>
        </Point>
      </Placemark>
      <Placemark>
        <name>ستار غسل</name>
        <styleUrl>#icon-1739-757575-labelson-nodesc</styleUrl>
        <Point>
          <coordinates>
            42.047789,26.074998,0
          </coordinates>
        </Point>
      </Placemark>
      <Placemark>
        <name>سحق ابو عوشزة</name>
        <styleUrl>#icon-1739-757575-labelson-nodesc</styleUrl>
        <Point>
          <coordinates>
            44.471648,26.099396,0
          </coordinates>
        </Point>
      </Placemark>
      <Placemark>
        <name>خشم البسيتين</name>
        <styleUrl>#icon-1739-757575-labelson-nodesc</styleUrl>
        <Point>
          <coordinates>
            44.1571,27.520666,0
          </coordinates>
        </Point>
      </Placemark>
      <Placemark>
        <name>خشم البعيثة</name>
        <styleUrl>#icon-1739-757575-labelson-nodesc</styleUrl>
        <Point>
          <coordinates>
            44.099035,27.638426,0
          </coordinates>
        </Point>
      </Placemark>
      <Placemark>
        <name>خشم الرعن</name>
        <styleUrl>#icon-1739-757575-labelson-nodesc</styleUrl>
        <Point>
          <coordinates>
            43.319242,26.875176,0
          </coordinates>
        </Point>
      </Placemark>
      <Placemark>
        <name>خشم الطليحي</name>
        <styleUrl>#icon-1739-757575-labelson-nodesc</styleUrl>
        <Point>
          <coordinates>
            44.13738,27.54281,0
          </coordinates>
        </Point>
      </Placemark>
      <Placemark>
        <name>خشم شعياء</name>
        <styleUrl>#icon-1739-757575-labelson-nodesc</styleUrl>
        <Point>
          <coordinates>
            42.654483,24.949758,0
          </coordinates>
        </Point>
      </Placemark>
      <Placemark>
        <name>خناصر صارة</name>
        <styleUrl>#icon-1739-757575-labelson-nodesc</styleUrl>
        <Point>
          <coordinates>
            43.131809,26.490097,0
          </coordinates>
        </Point>
      </Placemark>
      <Placemark>
        <name>خو</name>
        <styleUrl>#icon-1739-757575-labelson-nodesc</styleUrl>
        <Point>
          <coordinates>
            42.171664,26.103322,0
          </coordinates>
        </Point>
      </Placemark>
      <Placemark>
        <name>دحل ابو مراكي</name>
        <styleUrl>#icon-1739-757575-labelson-nodesc</styleUrl>
        <Point>
          <coordinates>
            44.254303,27.747517,0
          </coordinates>
        </Point>
      </Placemark>
      <Placemark>
        <name>دحلة البويب</name>
        <styleUrl>#icon-1739-757575-labelson-nodesc</styleUrl>
        <Point>
          <coordinates>
            42.93118,24.641325,0
          </coordinates>
        </Point>
      </Placemark>
      <Placemark>
        <name>دحلة الحريشاء</name>
        <styleUrl>#icon-1739-757575-labelson-nodesc</styleUrl>
        <Point>
          <coordinates>
            42.277815,24.884784,0
          </coordinates>
        </Point>
      </Placemark>
      <Placemark>
        <name>دحلة الحصاة</name>
        <styleUrl>#icon-1739-757575-labelson-nodesc</styleUrl>
        <Point>
          <coordinates>
            42.35532,25.809224,0
          </coordinates>
        </Point>
      </Placemark>
      <Placemark>
        <name>دحلة الهتيمة</name>
        <styleUrl>#icon-1739-757575-labelson-nodesc</styleUrl>
        <Point>
          <coordinates>
            42.359934,24.794426,0
          </coordinates>
        </Point>
      </Placemark>
      <Placemark>
        <name>دحلة الهتيمة</name>
        <styleUrl>#icon-1739-757575-labelson-nodesc</styleUrl>
        <Point>
          <coordinates>
            42.377787,24.803202,0
          </coordinates>
        </Point>
      </Placemark>
      <Placemark>
        <name>دحلة ام عجيلة</name>
        <styleUrl>#icon-1739-757575-labelson-nodesc</styleUrl>
        <Point>
          <coordinates>
            42.203829,25.039151,0
          </coordinates>
        </Point>
      </Placemark>
      <Placemark>
        <name>دحلة ام عجيلة</name>
        <styleUrl>#icon-1739-757575-labelson-nodesc</styleUrl>
        <Point>
          <coordinates>
            42.251766,24.990571,0
          </coordinates>
        </Point>
      </Placemark>
      <Placemark>
        <name>دعب البهم</name>
        <styleUrl>#icon-1739-757575-labelson-nodesc</styleUrl>
        <Point>
          <coordinates>
            42.554147,25.700476,0
          </coordinates>
        </Point>
      </Placemark>
      <Placemark>
        <name>دعب الجرير</name>
        <styleUrl>#icon-1739-757575-labelson-nodesc</styleUrl>
        <Point>
          <coordinates>
            42.626867,26.009188,0
          </coordinates>
        </Point>
      </Placemark>
      <Placemark>
        <name>دعب الخبراء</name>
        <styleUrl>#icon-1739-757575-labelson-nodesc</styleUrl>
        <Point>
          <coordinates>
            42.128685,26.120961,0
          </coordinates>
        </Point>
      </Placemark>
      <Placemark>
        <name>دعب حضيري</name>
        <styleUrl>#icon-1739-757575-labelson-nodesc</styleUrl>
        <Point>
          <coordinates>
            41.823578,25.943677,0
          </coordinates>
        </Point>
      </Placemark>
      <Placemark>
        <name>دعب خليف</name>
        <styleUrl>#icon-1739-757575-labelson-nodesc</styleUrl>
        <Point>
          <coordinates>
            42.49546,25.806885,0
          </coordinates>
        </Point>
      </Placemark>
      <Placemark>
        <name>دعب ذرعان الخيمة</name>
        <styleUrl>#icon-1739-757575-labelson-nodesc</styleUrl>
        <Point>
          <coordinates>
            42.408686,25.753047,0
          </coordinates>
        </Point>
      </Placemark>
      <Placemark>
        <name>دعب عويشز</name>
        <styleUrl>#icon-1739-757575-labelson-nodesc</styleUrl>
        <Point>
          <coordinates>
            42.423127,24.696107,0
          </coordinates>
        </Point>
      </Placemark>
      <Placemark>
        <name>دكاكة عرق الدسم</name>
        <styleUrl>#icon-1739-757575-labelson-nodesc</styleUrl>
        <Point>
          <coordinates>
            42.203894,25.317907,0
          </coordinates>
        </Point>
      </Placemark>
      <Placemark>
        <name>رجلة الضبعة</name>
        <styleUrl>#icon-1739-757575-labelson-nodesc</styleUrl>
        <Point>
          <coordinates>
            43.180389,25.575464,0
          </coordinates>
        </Point>
      </Placemark>
      <Placemark>
        <name>رجلة الضبعة</name>
        <styleUrl>#icon-1739-757575-labelson-nodesc</styleUrl>
        <Point>
          <coordinates>
            44.620414,27.41576,0
          </coordinates>
        </Point>
      </Placemark>
      <Placemark>
        <name>رجلة الهمل</name>
        <styleUrl>#icon-1739-757575-labelson-nodesc</styleUrl>
        <Point>
          <coordinates>
            42.771449,25.92797,0
          </coordinates>
        </Point>
      </Placemark>
      <Placemark>
        <name>رجلة الهمل</name>
        <styleUrl>#icon-1739-757575-labelson-nodesc</styleUrl>
        <Point>
          <coordinates>
            42.797048,25.89572,0
          </coordinates>
        </Point>
      </Placemark>
      <Placemark>
        <name>رجلة الهمل</name>
        <styleUrl>#icon-1739-757575-labelson-nodesc</styleUrl>
        <Point>
          <coordinates>
            42.7616,25.948055,0
          </coordinates>
        </Point>
      </Placemark>
      <Placemark>
        <name>رجلة الهميلية</name>
        <styleUrl>#icon-1739-757575-labelson-nodesc</styleUrl>
        <Point>
          <coordinates>
            41.891105,25.639172,0
          </coordinates>
        </Point>
      </Placemark>
      <Placemark>
        <name>رجلة ام جذرة</name>
        <styleUrl>#icon-1739-757575-labelson-nodesc</styleUrl>
        <Point>
          <coordinates>
            42.716603,26.81061,0
          </coordinates>
        </Point>
      </Placemark>
      <Placemark>
        <name>رجلة غزاي</name>
        <styleUrl>#icon-1739-757575-labelson-nodesc</styleUrl>
        <Point>
          <coordinates>
            42.71729,25.87924,0
          </coordinates>
        </Point>
      </Placemark>
      <Placemark>
        <name>رجلة مظيفر</name>
        <styleUrl>#icon-1739-757575-labelson-nodesc</styleUrl>
        <Point>
          <coordinates>
            43.05042,25.363097,0
          </coordinates>
        </Point>
      </Placemark>
      <Placemark>
        <name>رجم جبلة</name>
        <styleUrl>#icon-1739-757575-labelson-nodesc</styleUrl>
        <Point>
          <coordinates>
            44.402275,27.732496,0
          </coordinates>
        </Point>
      </Placemark>
      <Placemark>
        <name>خب القبر</name>
        <styleUrl>#icon-1739-757575-labelson-nodesc</styleUrl>
        <Point>
          <coordinates>
            44.034061,26.316204,0
          </coordinates>
        </Point>
      </Placemark>
      <Placemark>
        <name>جبلة</name>
        <styleUrl>#icon-1739-757575-labelson-nodesc</styleUrl>
        <Point>
          <coordinates>
            44.363093,27.742839,0
          </coordinates>
        </Point>
      </Placemark>
      <Placemark>
        <name>جفن</name>
        <styleUrl>#icon-1739-757575-labelson-nodesc</styleUrl>
        <Point>
          <coordinates>
            42.12611,25.695004,0
          </coordinates>
        </Point>
      </Placemark>
      <Placemark>
        <name>حجرة البيضة</name>
        <styleUrl>#icon-1739-757575-labelson-nodesc</styleUrl>
        <Point>
          <coordinates>
            43.029456,25.607886,0
          </coordinates>
        </Point>
      </Placemark>
      <Placemark>
        <name>حزم ابو شداد</name>
        <styleUrl>#icon-1739-757575-labelson-nodesc</styleUrl>
        <Point>
          <coordinates>
            44.451714,27.348061,0
          </coordinates>
        </Point>
      </Placemark>
      <Placemark>
        <name>حزوم العبيدات</name>
        <styleUrl>#icon-1739-757575-labelson-nodesc</styleUrl>
        <Point>
          <coordinates>
            44.405365,27.313213,0
          </coordinates>
        </Point>
      </Placemark>
      <Placemark>
        <name>حشاش القنيمة</name>
        <styleUrl>#icon-1739-757575-labelson-nodesc</styleUrl>
        <Point>
          <coordinates>
            43.085976,24.729023,0
          </coordinates>
        </Point>
      </Placemark>
      <Placemark>
        <name>حصاة الداب</name>
        <styleUrl>#icon-1739-757575-labelson-nodesc</styleUrl>
        <Point>
          <coordinates>
            41.668525,25.776908,0
          </coordinates>
        </Point>
      </Placemark>
      <Placemark>
        <name>حمر صبيح</name>
        <styleUrl>#icon-1739-757575-labelson-nodesc</styleUrl>
        <Point>
          <coordinates>
            43.035507,26.043606,0
          </coordinates>
        </Point>
      </Placemark>
      <Placemark>
        <name>برق ابا الحياص</name>
        <styleUrl>#icon-1739-757575-labelson-nodesc</styleUrl>
        <Point>
          <coordinates>
            44.635434,27.505667,0
          </coordinates>
        </Point>
      </Placemark>
      <Placemark>
        <name>برقان العيادي</name>
        <styleUrl>#icon-1739-757575-labelson-nodesc</styleUrl>
        <Point>
          <coordinates>
            42.924142,24.664714,0
          </coordinates>
        </Point>
      </Placemark>
      <Placemark>
        <name>برقان الغبية</name>
        <styleUrl>#icon-1739-757575-labelson-nodesc</styleUrl>
        <Point>
          <coordinates>
            44.375839,26.461086,0
          </coordinates>
        </Point>
      </Placemark>
      <Placemark>
        <name>برقان حجاب</name>
        <styleUrl>#icon-1739-757575-labelson-nodesc</styleUrl>
        <Point>
          <coordinates>
            42.353325,24.81451,0
          </coordinates>
        </Point>
      </Placemark>
      <Placemark>
        <name>برقة</name>
        <styleUrl>#icon-1739-757575-labelson-nodesc</styleUrl>
        <Point>
          <coordinates>
            44.349532,26.282945,0
          </coordinates>
        </Point>
      </Placemark>
      <Placemark>
        <name>بركسات الطبق</name>
        <styleUrl>#icon-1739-757575-labelson-nodesc</styleUrl>
        <Point>
          <coordinates>
            44.273958,26.329165,0
          </coordinates>
        </Point>
      </Placemark>
      <Placemark>
        <name>بركسات نفوذ الشماسيه</name>
        <styleUrl>#icon-1739-757575-labelson-nodesc</styleUrl>
        <Point>
          <coordinates>
            44.251127,26.302643,0
          </coordinates>
        </Point>
      </Placemark>
      <Placemark>
        <name>برمه</name>
        <styleUrl>#icon-1739-757575-labelson-nodesc</styleUrl>
        <Point>
          <coordinates>
            44.454374,26.313372,0
          </coordinates>
        </Point>
      </Placemark>
      <Placemark>
        <name>تلة المنبطحه</name>
        <styleUrl>#icon-1739-757575-labelson-nodesc</styleUrl>
        <Point>
          <coordinates>
            43.09061,25.434101,0
          </coordinates>
        </Point>
      </Placemark>
      <Placemark>
        <name>تلعة النمريه</name>
        <styleUrl>#icon-1739-757575-labelson-nodesc</styleUrl>
        <Point>
          <coordinates>
            43.000166,25.850101,0
          </coordinates>
        </Point>
      </Placemark>
      <Placemark>
        <name>جال الضبيب</name>
        <styleUrl>#icon-1739-757575-labelson-nodesc</styleUrl>
        <Point>
          <coordinates>
            43.8568,27.887914,0
          </coordinates>
        </Point>
      </Placemark>
      <Placemark>
        <name>جال الملحه</name>
        <styleUrl>#icon-1739-757575-labelson-nodesc</styleUrl>
        <Point>
          <coordinates>
            44.25396,27.471142,0
          </coordinates>
        </Point>
      </Placemark>
      <Placemark>
        <name>ابرق عويذ الله</name>
        <styleUrl>#icon-1739-757575-labelson-nodesc</styleUrl>
        <Point>
          <coordinates>
            42.292063,26.39122,0
          </coordinates>
        </Point>
      </Placemark>
      <Placemark>
        <name>أم طليحة</name>
        <styleUrl>#icon-1739-757575-labelson-nodesc</styleUrl>
        <Point>
          <coordinates>
            44.447937,25.932369,0
          </coordinates>
        </Point>
      </Placemark>
      <Placemark>
        <name>ابرق الاشعل</name>
        <styleUrl>#icon-1739-757575-labelson-nodesc</styleUrl>
        <Point>
          <coordinates>
            43.397906,26.096928,0
          </coordinates>
        </Point>
      </Placemark>
      <Placemark>
        <name>ابرق الضيان</name>
        <styleUrl>#icon-1739-757575-labelson-nodesc</styleUrl>
        <Point>
          <coordinates>
            43.223197,26.618114,0
          </coordinates>
        </Point>
      </Placemark>
      <Placemark>
        <name>ابرق الضيان</name>
        <styleUrl>#icon-1739-757575-labelson-nodesc</styleUrl>
        <Point>
          <coordinates>
            43.223219,26.618114,0
          </coordinates>
        </Point>
      </Placemark>
      <Placemark>
        <name>ابرق العمالة</name>
        <styleUrl>#icon-1739-757575-labelson-nodesc</styleUrl>
        <Point>
          <coordinates>
            43.100889,25.119939,0
          </coordinates>
        </Point>
      </Placemark>
      <Placemark>
        <name>ابرق المقاريب</name>
        <styleUrl>#icon-1739-757575-labelson-nodesc</styleUrl>
        <Point>
          <coordinates>
            43.115673,26.684697,0
          </coordinates>
        </Point>
      </Placemark>
      <Placemark>
        <name>ابرق المقاريب</name>
        <styleUrl>#icon-1739-757575-labelson-nodesc</styleUrl>
        <Point>
          <coordinates>
            43.115694,26.684697,0
          </coordinates>
        </Point>
      </Placemark>
      <Placemark>
        <name>ابرق النياق</name>
        <styleUrl>#icon-1739-757575-labelson-nodesc</styleUrl>
        <Point>
          <coordinates>
            43.202555,26.304145,0
          </coordinates>
        </Point>
      </Placemark>
      <Placemark>
        <name>ابرق عنز</name>
        <styleUrl>#icon-1739-757575-labelson-nodesc</styleUrl>
        <Point>
          <coordinates>
            43.411939,26.388731,0
          </coordinates>
        </Point>
      </Placemark>
      <Placemark>
        <name>ابرق عنز</name>
        <styleUrl>#icon-1739-757575-labelson-nodesc</styleUrl>
        <Point>
          <coordinates>
            43.411961,26.388731,0
          </coordinates>
        </Point>
      </Placemark>
      <Placemark>
        <name>ابو خشيبة</name>
        <styleUrl>#icon-1739-757575-labelson-nodesc</styleUrl>
        <Point>
          <coordinates>
            44.159439,25.974576,0
          </coordinates>
        </Point>
      </Placemark>
      <Placemark>
        <name>ابو شكاع</name>
        <styleUrl>#icon-1739-757575-labelson-nodesc</styleUrl>
        <Point>
          <coordinates>
            43.548088,25.792787,0
          </coordinates>
        </Point>
      </Placemark>
      <Placemark>
        <name>ابو علندا</name>
        <styleUrl>#icon-1739-757575-labelson-nodesc</styleUrl>
        <Point>
          <coordinates>
            44.49832,27.645121,0
          </coordinates>
        </Point>
      </Placemark>
      <Placemark>
        <name>اثلة ميثا</name>
        <styleUrl>#icon-1739-757575-labelson-nodesc</styleUrl>
        <Point>
          <coordinates>
            44.216452,26.573975,0
          </coordinates>
        </Point>
      </Placemark>
      <Placemark>
        <name>اصفر السيافية</name>
        <styleUrl>#icon-1739-757575-labelson-nodesc</styleUrl>
        <Point>
          <coordinates>
            41.376057,25.451374,0
          </coordinates>
        </Point>
      </Placemark>
      <Placemark>
        <name>اصفر الطريق</name>
        <styleUrl>#icon-1739-757575-labelson-nodesc</styleUrl>
        <Point>
          <coordinates>
            41.323614,25.460536,0
          </coordinates>
        </Point>
      </Placemark>
      <Placemark>
        <name>اكبرا</name>
        <styleUrl>#icon-1739-757575-labelson-nodesc</styleUrl>
        <Point>
          <coordinates>
            43.024993,25.784204,0
          </coordinates>
        </Point>
      </Placemark>
      <Placemark>
        <name>البرجسية</name>
        <styleUrl>#icon-1739-757575-labelson-nodesc</styleUrl>
        <Point>
          <coordinates>
            44.313526,26.206512,0
          </coordinates>
        </Point>
      </Placemark>
      <Placemark>
        <name>البويب</name>
        <styleUrl>#icon-1739-757575-labelson-nodesc</styleUrl>
        <Point>
          <coordinates>
            42.317383,26.041095,0
          </coordinates>
        </Point>
      </Placemark>
      <Placemark>
        <name>البياضة</name>
        <styleUrl>#icon-1739-757575-labelson-nodesc</styleUrl>
        <Point>
          <coordinates>
            41.714959,25.728135,0
          </coordinates>
        </Point>
      </Placemark>
      <Placemark>
        <name>البيضة</name>
        <styleUrl>#icon-1739-757575-labelson-nodesc</styleUrl>
        <Point>
          <coordinates>
            43.785238,26.932361,0
          </coordinates>
        </Point>
      </Placemark>
      <Placemark>
        <name>الثييلة</name>
        <styleUrl>#icon-1739-757575-labelson-nodesc</styleUrl>
        <Point>
          <coordinates>
            42.373881,26.06693,0
          </coordinates>
        </Point>
      </Placemark>
      <Placemark>
        <name>الجراحية</name>
        <styleUrl>#icon-1739-757575-labelson-nodesc</styleUrl>
        <Point>
          <coordinates>
            43.928576,25.917563,0
          </coordinates>
        </Point>
      </Placemark>
      <Placemark>
        <name>الحاجز</name>
        <styleUrl>#icon-1739-757575-labelson-nodesc</styleUrl>
        <Point>
          <coordinates>
            41.910288,26.026933,0
          </coordinates>
        </Point>
      </Placemark>
      <Placemark>
        <name>الحميمة</name>
        <styleUrl>#icon-1739-757575-labelson-nodesc</styleUrl>
        <Point>
          <coordinates>
            43.028297,25.616856,0
          </coordinates>
        </Point>
      </Placemark>
      <Placemark>
        <name>الخابية</name>
        <styleUrl>#icon-1739-757575-labelson-nodesc</styleUrl>
        <Point>
          <coordinates>
            44.377727,26.435509,0
          </coordinates>
        </Point>
      </Placemark>
      <Placemark>
        <name>الخارة</name>
        <styleUrl>#icon-1739-757575-labelson-nodesc</styleUrl>
        <Point>
          <coordinates>
            43.56916,26.468983,0
          </coordinates>
        </Point>
      </Placemark>
      <Placemark>
        <name>الخبوب</name>
        <styleUrl>#icon-1739-757575-labelson-nodesc</styleUrl>
        <Point>
          <coordinates>
            43.948595,26.291914,0
          </coordinates>
        </Point>
      </Placemark>
      <Placemark>
        <name>الخرشا</name>
        <styleUrl>#icon-1739-757575-labelson-nodesc</styleUrl>
        <Point>
          <coordinates>
            42.341394,25.264435,0
          </coordinates>
        </Point>
      </Placemark>
      <Placemark>
        <name>الدحية</name>
        <styleUrl>#icon-1739-757575-labelson-nodesc</styleUrl>
        <Point>
          <coordinates>
            41.982772,25.26334,0
          </coordinates>
        </Point>
      </Placemark>
      <Placemark>
        <name>الرضيمة</name>
        <styleUrl>#icon-1739-757575-labelson-nodesc</styleUrl>
        <Point>
          <coordinates>
            43.411252,25.778239,0
          </coordinates>
        </Point>
      </Placemark>
      <Placemark>
        <name>الرفيعة</name>
        <styleUrl>#icon-1739-757575-labelson-nodesc</styleUrl>
        <Point>
          <coordinates>
            41.921382,26.029165,0
          </coordinates>
        </Point>
      </Placemark>
      <Placemark>
        <name>الركية</name>
        <styleUrl>#icon-1739-757575-labelson-nodesc</styleUrl>
        <Point>
          <coordinates>
            44.187698,26.485291,0
          </coordinates>
        </Point>
      </Placemark>
      <Placemark>
        <name>الركية</name>
        <styleUrl>#icon-1739-757575-labelson-nodesc</styleUrl>
        <Point>
          <coordinates>
            44.235957,26.47027,0
          </coordinates>
        </Point>
      </Placemark>
      <Placemark>
        <name>الرويضات</name>
        <styleUrl>#icon-1739-757575-labelson-nodesc</styleUrl>
        <Point>
          <coordinates>
            44.278507,26.260414,0
          </coordinates>
        </Point>
      </Placemark>
      <Placemark>
        <name>الساهبه</name>
        <styleUrl>#icon-1739-757575-labelson-nodesc</styleUrl>
        <Point>
          <coordinates>
            41.266859,25.5021,0
          </coordinates>
        </Point>
      </Placemark>
      <Placemark>
        <name>السحيراء</name>
        <styleUrl>#icon-1739-757575-labelson-nodesc</styleUrl>
        <Point>
          <coordinates>
            44.20289,27.958059,0
          </coordinates>
        </Point>
      </Placemark>
      <Placemark>
        <name>السعيرة</name>
        <styleUrl>#icon-1739-757575-labelson-nodesc</styleUrl>
        <Point>
          <coordinates>
            42.920966,26.675169,0
          </coordinates>
        </Point>
      </Placemark>
      <Placemark>
        <name>السليل</name>
        <styleUrl>#icon-1739-757575-labelson-nodesc</styleUrl>
        <Point>
          <coordinates>
            42.994587,25.887694,0
          </coordinates>
        </Point>
      </Placemark>
      <Placemark>
        <name>السناف</name>
        <styleUrl>#icon-1739-757575-labelson-nodesc</styleUrl>
        <Point>
          <coordinates>
            43.170304,26.107357,0
          </coordinates>
        </Point>
      </Placemark>
      <Placemark>
        <name>السواهب</name>
        <styleUrl>#icon-1739-757575-labelson-nodesc</styleUrl>
        <Point>
          <coordinates>
            43.409235,25.426548,0
          </coordinates>
        </Point>
      </Placemark>
      <Placemark>
        <name>السويحبة</name>
        <styleUrl>#icon-1739-757575-labelson-nodesc</styleUrl>
        <Point>
          <coordinates>
            43.10812,25.751653,0
          </coordinates>
        </Point>
      </Placemark>
      <Placemark>
        <name>السيق</name>
        <styleUrl>#icon-1739-757575-labelson-nodesc</styleUrl>
        <Point>
          <coordinates>
            44.064553,26.99358,0
          </coordinates>
        </Point>
      </Placemark>
      <Placemark>
        <name>الشعفة</name>
        <styleUrl>#icon-1739-757575-labelson-nodesc</styleUrl>
        <Point>
          <coordinates>
            44.556684,27.613535,0
          </coordinates>
        </Point>
      </Placemark>
      <Placemark>
        <name>الشلاله</name>
        <styleUrl>#icon-1739-757575-labelson-nodesc</styleUrl>
        <Point>
          <coordinates>
            43.35233,25.401485,0
          </coordinates>
        </Point>
      </Placemark>
      <Placemark>
        <name>الصحيراء</name>
        <styleUrl>#icon-1739-757575-labelson-nodesc</styleUrl>
        <Point>
          <coordinates>
            43.893235,27.794573,0
          </coordinates>
        </Point>
      </Placemark>
      <Placemark>
        <name>الصقعا</name>
        <styleUrl>#icon-1739-757575-labelson-nodesc</styleUrl>
        <Point>
          <coordinates>
            41.87557,25.278897,0
          </coordinates>
        </Point>
      </Placemark>
      <Placemark>
        <name>الضعوية</name>
        <styleUrl>#icon-1739-757575-labelson-nodesc</styleUrl>
        <Point>
          <coordinates>
            42.342489,25.346661,0
          </coordinates>
        </Point>
      </Placemark>
      <Placemark>
        <name>الظهره</name>
        <styleUrl>#icon-1739-757575-labelson-nodesc</styleUrl>
        <Point>
          <coordinates>
            43.530879,26.289446,0
          </coordinates>
        </Point>
      </Placemark>
      <Placemark>
        <name>الظهره</name>
        <styleUrl>#icon-1739-757575-labelson-nodesc</styleUrl>
        <Point>
          <coordinates>
            43.530879,26.289468,0
          </coordinates>
        </Point>
      </Placemark>
      <Placemark>
        <name>العبله</name>
        <styleUrl>#icon-1739-757575-labelson-nodesc</styleUrl>
        <Point>
          <coordinates>
            42.114909,26.250029,0
          </coordinates>
        </Point>
      </Placemark>
      <Placemark>
        <name>العفجة</name>
        <styleUrl>#icon-1739-757575-labelson-nodesc</styleUrl>
        <Point>
          <coordinates>
            44.309578,26.596355,0
          </coordinates>
        </Point>
      </Placemark>
      <Placemark>
        <name>الغابة</name>
        <styleUrl>#icon-1739-757575-labelson-nodesc</styleUrl>
        <Point>
          <coordinates>
            42.448704,24.998939,0
          </coordinates>
        </Point>
      </Placemark>
      <Placemark>
        <name>الغميس</name>
        <styleUrl>#icon-1739-757575-labelson-nodesc</styleUrl>
        <Point>
          <coordinates>
            43.923211,25.970135,0
          </coordinates>
        </Point>
      </Placemark>
      <Placemark>
        <name>التيسية</name>
        <styleUrl>#icon-1739-757575-labelson-nodesc</styleUrl>
        <Point>
          <coordinates>
            44.265783,27.620316,0
          </coordinates>
        </Point>
      </Placemark>
      <Placemark>
        <name>الفريش</name>
        <styleUrl>#icon-1739-757575-labelson-nodesc</styleUrl>
        <Point>
          <coordinates>
            43.005552,25.881879,0
          </coordinates>
        </Point>
      </Placemark>
      <Placemark>
        <name>القرنين</name>
        <styleUrl>#icon-1739-757575-labelson-nodesc</styleUrl>
        <Point>
          <coordinates>
            42.023327,25.442212,0
          </coordinates>
        </Point>
      </Placemark>
      <Placemark>
        <name>القرينين</name>
        <styleUrl>#icon-1739-757575-labelson-nodesc</styleUrl>
        <Point>
          <coordinates>
            42.422783,26.207778,0
          </coordinates>
        </Point>
      </Placemark>
      <Placemark>
        <name>المحير</name>
        <styleUrl>#icon-1739-757575-labelson-nodesc</styleUrl>
        <Point>
          <coordinates>
            42.793636,25.647068,0
          </coordinates>
        </Point>
      </Placemark>
      <Placemark>
        <name>المشاحيذ</name>
        <styleUrl>#icon-1739-757575-labelson-nodesc</styleUrl>
        <Point>
          <coordinates>
            42.415853,26.210911,0
          </coordinates>
        </Point>
      </Placemark>
      <Placemark>
        <name>المصطفق</name>
        <styleUrl>#icon-1739-757575-labelson-nodesc</styleUrl>
        <Point>
          <coordinates>
            42.29305,25.804996,0
          </coordinates>
        </Point>
      </Placemark>
      <Placemark>
        <name>المعترض</name>
        <styleUrl>#icon-1739-757575-labelson-nodesc</styleUrl>
        <Point>
          <coordinates>
            44.240677,26.284382,0
          </coordinates>
        </Point>
      </Placemark>
      <Placemark>
        <name>المقطة</name>
        <styleUrl>#icon-1739-757575-labelson-nodesc</styleUrl>
        <Point>
          <coordinates>
            44.175596,26.858804,0
          </coordinates>
        </Point>
      </Placemark>
      <Placemark>
        <name>النومانية</name>
        <styleUrl>#icon-1739-757575-labelson-nodesc</styleUrl>
        <Point>
          <coordinates>
            42.121389,25.609431,0
          </coordinates>
        </Point>
      </Placemark>
      <Placemark>
        <name>الهرانيات</name>
        <styleUrl>#icon-1739-757575-labelson-nodesc</styleUrl>
        <Point>
          <coordinates>
            43.415287,27.42902,0
          </coordinates>
        </Point>
      </Placemark>
      <Placemark>
        <name>الودي</name>
        <styleUrl>#icon-1739-757575-labelson-nodesc</styleUrl>
        <Point>
          <coordinates>
            42.07444,26.079998,0
          </coordinates>
        </Point>
      </Placemark>
      <Placemark>
        <name>الوديات</name>
        <styleUrl>#icon-1739-757575-labelson-nodesc</styleUrl>
        <Point>
          <coordinates>
            42.133255,26.007729,0
          </coordinates>
        </Point>
      </Placemark>
      <Placemark>
        <name>الوركاء</name>
        <styleUrl>#icon-1739-757575-labelson-nodesc</styleUrl>
        <Point>
          <coordinates>
            42.176664,26.070278,0
          </coordinates>
        </Point>
      </Placemark>
      <Placemark>
        <name>ام حزم</name>
        <styleUrl>#icon-1739-757575-labelson-nodesc</styleUrl>
        <Point>
          <coordinates>
            44.592133,25.833492,0
          </coordinates>
        </Point>
      </Placemark>
      <Placemark>
        <name>ام دباب</name>
        <styleUrl>#icon-1739-757575-labelson-nodesc</styleUrl>
        <Point>
          <coordinates>
            44.374981,25.999317,0
          </coordinates>
        </Point>
      </Placemark>
      <Placemark>
        <name>ام روس</name>
        <styleUrl>#icon-1739-757575-labelson-nodesc</styleUrl>
        <Point>
          <coordinates>
            44.379702,26.414824,0
          </coordinates>
        </Point>
      </Placemark>
      <Placemark>
        <name>ام سدرة</name>
        <styleUrl>#icon-1739-757575-labelson-nodesc</styleUrl>
        <Point>
          <coordinates>
            44.365196,26.151409,0
          </coordinates>
        </Point>
      </Placemark>
      <Placemark>
        <name>كسر زيد - نفود الميسرية
</name>
        <styleUrl>#icon-1739-757575-labelson-nodesc</styleUrl>
        <Point>
          <coordinates>
            42.8258678,25.6580645,0
          </coordinates>
        </Point>
      </Placemark>
    </Folder>
    <Folder>
      <name>أسماء رئيسة</name>
      <Placemark>
        <name>بريدة</name>
        <styleUrl>#icon-1739-DB4436-labelson-nodesc</styleUrl>
        <Point>
          <coordinates>
            43.957415,26.348863,0
          </coordinates>
        </Point>
      </Placemark>
      <Placemark>
        <name>أبو عوشز</name>
        <styleUrl>#icon-1739-DB4436-labelson-nodesc</styleUrl>
        <Point>
          <coordinates>
            43.548088,26.914401,0
          </coordinates>
        </Point>
      </Placemark>
      <Placemark>
        <name>أم ارطى</name>
        <styleUrl>#icon-1739-DB4436-labelson-nodesc</styleUrl>
        <Point>
          <coordinates>
            42.966392,25.564907,0
          </coordinates>
        </Point>
      </Placemark>
      <Placemark>
        <name>أم الخراسع</name>
        <styleUrl>#icon-1739-DB4436-labelson-nodesc</styleUrl>
        <Point>
          <coordinates>
            44.252801,25.972924,0
          </coordinates>
        </Point>
      </Placemark>
      <Placemark>
        <name>أم المحاش</name>
        <styleUrl>#icon-1739-DB4436-labelson-nodesc</styleUrl>
        <Point>
          <coordinates>
            42.680469,24.89135,0
          </coordinates>
        </Point>
      </Placemark>
      <Placemark>
        <name>أم حزم</name>
        <styleUrl>#icon-1739-DB4436-labelson-nodesc</styleUrl>
        <Point>
          <coordinates>
            43.889437,25.319517,0
          </coordinates>
        </Point>
      </Placemark>
      <Placemark>
        <name>أم طليحة</name>
        <styleUrl>#icon-1739-DB4436-labelson-nodesc</styleUrl>
        <Point>
          <coordinates>
            43.916151,25.390327,0
          </coordinates>
        </Point>
      </Placemark>
      <Placemark>
        <name>أم غلس</name>
        <styleUrl>#icon-1739-DB4436-labelson-nodesc</styleUrl>
        <Point>
          <coordinates>
            43.125029,25.172725,0
          </coordinates>
        </Point>
      </Placemark>
      <Placemark>
        <name>أوثال</name>
        <styleUrl>#icon-1739-DB4436-labelson-nodesc</styleUrl>
        <Point>
          <coordinates>
            43.690374,26.523871,0
          </coordinates>
        </Point>
      </Placemark>
      <Placemark>
        <name>ابا الحياض</name>
        <styleUrl>#icon-1739-DB4436-labelson-nodesc</styleUrl>
        <Point>
          <coordinates>
            42.833526,25.525231,0
          </coordinates>
        </Point>
      </Placemark>
      <Placemark>
        <name>ابا الهدار</name>
        <styleUrl>#icon-1739-DB4436-labelson-nodesc</styleUrl>
        <Point>
          <coordinates>
            42.748339,25.553577,0
          </coordinates>
        </Point>
      </Placemark>
      <Placemark>
        <name>ابا الورود</name>
        <styleUrl>#icon-1739-DB4436-labelson-nodesc</styleUrl>
        <Point>
          <coordinates>
            44.07423,27.021432,0
          </coordinates>
        </Point>
      </Placemark>
      <Placemark>
        <name>ابار الشقيم</name>
        <styleUrl>#icon-1739-DB4436-labelson-nodesc</styleUrl>
        <Point>
          <coordinates>
            41.943955,25.044,0
          </coordinates>
        </Point>
      </Placemark>
      <Placemark>
        <name>ابن دهيثم</name>
        <styleUrl>#icon-1739-DB4436-labelson-nodesc</styleUrl>
        <Point>
          <coordinates>
            43.270082,27.316689,0
          </coordinates>
        </Point>
      </Placemark>
      <Placemark>
        <name>ابو بطحا</name>
        <styleUrl>#icon-1739-DB4436-labelson-nodesc</styleUrl>
        <Point>
          <coordinates>
            43.047888,25.835574,0
          </coordinates>
        </Point>
      </Placemark>
      <Placemark>
        <name>ابو جص</name>
        <styleUrl>#icon-1739-DB4436-labelson-nodesc</styleUrl>
        <Point>
          <coordinates>
            42.67607,25.591686,0
          </coordinates>
        </Point>
      </Placemark>
      <Placemark>
        <name>ابو جصيص</name>
        <styleUrl>#icon-1739-DB4436-labelson-nodesc</styleUrl>
        <Point>
          <coordinates>
            42.702312,25.589733,0
          </coordinates>
        </Point>
      </Placemark>
      <Placemark>
        <name>ابو جصيصة</name>
        <styleUrl>#icon-1739-DB4436-labelson-nodesc</styleUrl>
        <Point>
          <coordinates>
            42.679203,25.537419,0
          </coordinates>
        </Point>
      </Placemark>
      <Placemark>
        <name>ابو طلح</name>
        <styleUrl>#icon-1739-DB4436-labelson-nodesc</styleUrl>
        <Point>
          <coordinates>
            42.842689,25.430753,0
          </coordinates>
        </Point>
      </Placemark>
      <Placemark>
        <name>ابو قليبات</name>
        <styleUrl>#icon-1739-DB4436-labelson-nodesc</styleUrl>
        <Point>
          <coordinates>
            42.674289,25.524373,0
          </coordinates>
        </Point>
      </Placemark>
      <Placemark>
        <name>ابو نخلة</name>
        <styleUrl>#icon-1739-DB4436-labelson-nodesc</styleUrl>
        <Point>
          <coordinates>
            43.555362,26.922534,0
          </coordinates>
        </Point>
      </Placemark>
      <Placemark>
        <name>ابو نخلة</name>
        <styleUrl>#icon-1739-DB4436-labelson-nodesc</styleUrl>
        <Point>
          <coordinates>
            43.42417,25.195727,0
          </coordinates>
        </Point>
      </Placemark>
      <Placemark>
        <name>ال مطني</name>
        <styleUrl>#icon-1739-DB4436-labelson-nodesc</styleUrl>
        <Point>
          <coordinates>
            42.795868,24.722285,0
          </coordinates>
        </Point>
      </Placemark>
      <Placemark>
        <name>الأحمدية</name>
        <styleUrl>#icon-1739-DB4436-labelson-nodesc</styleUrl>
        <Point>
          <coordinates>
            43.78792,25.762618,0
          </coordinates>
        </Point>
      </Placemark>
      <Placemark>
        <name>الأشيعل</name>
        <styleUrl>#icon-1739-DB4436-labelson-nodesc</styleUrl>
        <Point>
          <coordinates>
            42.328606,26.24666,0
          </coordinates>
        </Point>
      </Placemark>
      <Placemark>
        <name>الارطاوي</name>
        <styleUrl>#icon-1739-DB4436-labelson-nodesc</styleUrl>
        <Point>
          <coordinates>
            42.678473,26.603565,0
          </coordinates>
        </Point>
      </Placemark>
      <Placemark>
        <name>الارطاوي الشمالي</name>
        <styleUrl>#icon-1739-DB4436-labelson-nodesc</styleUrl>
        <Point>
          <coordinates>
            42.689824,26.630237,0
          </coordinates>
        </Point>
      </Placemark>
      <Placemark>
        <name>الاسامر</name>
        <styleUrl>#icon-1739-DB4436-labelson-nodesc</styleUrl>
        <Point>
          <coordinates>
            43.224485,25.643849,0
          </coordinates>
        </Point>
      </Placemark>
      <Placemark>
        <name>الاشيعل</name>
        <styleUrl>#icon-1739-DB4436-labelson-nodesc</styleUrl>
        <Point>
          <coordinates>
            42.578373,26.034508,0
          </coordinates>
        </Point>
      </Placemark>
      <Placemark>
        <name>الاصفر</name>
        <styleUrl>#icon-1739-DB4436-labelson-nodesc</styleUrl>
        <Point>
          <coordinates>
            43.712153,25.984747,0
          </coordinates>
        </Point>
      </Placemark>
      <Placemark>
        <name>الافيهد</name>
        <styleUrl>#icon-1739-DB4436-labelson-nodesc</styleUrl>
        <Point>
          <coordinates>
            42.350235,25.688953,0
          </coordinates>
        </Point>
      </Placemark>
      <Placemark>
        <name>البتراء</name>
        <styleUrl>#icon-1739-DB4436-labelson-nodesc</styleUrl>
        <Point>
          <coordinates>
            42.956972,25.943034,0
          </coordinates>
        </Point>
      </Placemark>
      <Placemark>
        <name>البدائع العليا</name>
        <styleUrl>#icon-1739-DB4436-labelson-nodesc</styleUrl>
        <Point>
          <coordinates>
            43.699708,25.963612,0
          </coordinates>
        </Point>
      </Placemark>
      <Placemark>
        <name>البدائع الوسطى</name>
        <styleUrl>#icon-1739-DB4436-labelson-nodesc</styleUrl>
        <Point>
          <coordinates>
            43.725114,25.995519,0
          </coordinates>
        </Point>
      </Placemark>
      <Placemark>
        <name>البدائع ام تلعة</name>
        <styleUrl>#icon-1739-DB4436-labelson-nodesc</styleUrl>
        <Point>
          <coordinates>
            43.761892,26.023457,0
          </coordinates>
        </Point>
      </Placemark>
      <Placemark>
        <name>البدع</name>
        <styleUrl>#icon-1739-DB4436-labelson-nodesc</styleUrl>
        <Point>
          <coordinates>
            42.35384,26.272087,0
          </coordinates>
        </Point>
      </Placemark>
      <Placemark>
        <name>البديعة</name>
        <styleUrl>#icon-1739-DB4436-labelson-nodesc</styleUrl>
        <Point>
          <coordinates>
            42.087872,25.408502,0
          </coordinates>
        </Point>
      </Placemark>
      <Placemark>
        <name>البرود</name>
        <styleUrl>#icon-1739-DB4436-labelson-nodesc</styleUrl>
        <Point>
          <coordinates>
            44.148602,26.862195,0
          </coordinates>
        </Point>
      </Placemark>
      <Placemark>
        <name>البصر</name>
        <styleUrl>#icon-1739-DB4436-labelson-nodesc</styleUrl>
        <Point>
          <coordinates>
            43.881025,26.265521,0
          </coordinates>
        </Point>
      </Placemark>
      <Placemark>
        <name>البصيري</name>
        <styleUrl>#icon-1739-DB4436-labelson-nodesc</styleUrl>
        <Point>
          <coordinates>
            42.305753,25.194161,0
          </coordinates>
        </Point>
      </Placemark>
      <Placemark>
        <name>البطاح</name>
        <styleUrl>#icon-1739-DB4436-labelson-nodesc</styleUrl>
        <Point>
          <coordinates>
            43.398142,25.645695,0
          </coordinates>
        </Point>
      </Placemark>
      <Placemark>
        <name>البطين</name>
        <styleUrl>#icon-1739-DB4436-labelson-nodesc</styleUrl>
        <Point>
          <coordinates>
            43.874803,26.806898,0
          </coordinates>
        </Point>
      </Placemark>
      <Placemark>
        <name>البعجاء</name>
        <styleUrl>#icon-1739-DB4436-labelson-nodesc</styleUrl>
        <Point>
          <coordinates>
            42.227454,25.199096,0
          </coordinates>
        </Point>
      </Placemark>
      <Placemark>
        <name>البعيثة</name>
        <styleUrl>#icon-1739-DB4436-labelson-nodesc</styleUrl>
        <Point>
          <coordinates>
            44.074681,27.596605,0
          </coordinates>
        </Point>
      </Placemark>
      <Placemark>
        <name>البكرة</name>
        <styleUrl>#icon-1739-DB4436-labelson-nodesc</styleUrl>
        <Point>
          <coordinates>
            42.310174,25.943978,0
          </coordinates>
        </Point>
      </Placemark>
      <Placemark>
        <name>البكيرية</name>
        <styleUrl>#icon-1739-DB4436-labelson-nodesc</styleUrl>
        <Point>
          <coordinates>
            43.652737,26.147268,0
          </coordinates>
        </Point>
      </Placemark>
      <Placemark>
        <name>البندرية</name>
        <styleUrl>#icon-1739-DB4436-labelson-nodesc</styleUrl>
        <Point>
          <coordinates>
            44.274366,26.597579,0
          </coordinates>
        </Point>
      </Placemark>
      <Placemark>
        <name>التنومة</name>
        <styleUrl>#icon-1739-DB4436-labelson-nodesc</styleUrl>
        <Point>
          <coordinates>
            44.163709,26.862602,0
          </coordinates>
        </Point>
      </Placemark>
      <Placemark>
        <name>الثابتية</name>
        <styleUrl>#icon-1739-DB4436-labelson-nodesc</styleUrl>
        <Point>
          <coordinates>
            42.813892,26.448212,0
          </coordinates>
        </Point>
      </Placemark>
      <Placemark>
        <name>الثامرية</name>
        <styleUrl>#icon-1739-DB4436-labelson-nodesc</styleUrl>
        <Point>
          <coordinates>
            43.255084,25.711441,0
          </coordinates>
        </Point>
      </Placemark>
      <Placemark>
        <name>الثامرية</name>
        <styleUrl>#icon-1739-DB4436-labelson-nodesc</styleUrl>
        <Point>
          <coordinates>
            44.266684,25.955265,0
          </coordinates>
        </Point>
      </Placemark>
      <Placemark>
        <name>الثبرة</name>
        <styleUrl>#icon-1739-DB4436-labelson-nodesc</styleUrl>
        <Point>
          <coordinates>
            44.215851,26.741924,0
          </coordinates>
        </Point>
      </Placemark>
      <Placemark>
        <name>الجابرية</name>
        <styleUrl>#icon-1739-DB4436-labelson-nodesc</styleUrl>
        <Point>
          <coordinates>
            42.168038,26.271508,0
          </coordinates>
        </Point>
      </Placemark>
      <Placemark>
        <name>الجاهزة</name>
        <styleUrl>#icon-1739-DB4436-labelson-nodesc</styleUrl>
        <Point>
          <coordinates>
            43.711767,25.19165,0
          </coordinates>
        </Point>
      </Placemark>
      <Placemark>
        <name>الجرارية الشمالية</name>
        <styleUrl>#icon-1739-DB4436-labelson-nodesc</styleUrl>
        <Point>
          <coordinates>
            42.89423,25.539587,0
          </coordinates>
        </Point>
      </Placemark>
      <Placemark>
        <name>الجرثمي</name>
        <styleUrl>#icon-1739-DB4436-labelson-nodesc</styleUrl>
        <Point>
          <coordinates>
            42.842195,25.155408,0
          </coordinates>
        </Point>
      </Placemark>
      <Placemark>
        <name>الجرذاوية</name>
        <styleUrl>#icon-1739-DB4436-labelson-nodesc</styleUrl>
        <Point>
          <coordinates>
            42.7251,25.383525,0
          </coordinates>
        </Point>
      </Placemark>
      <Placemark>
        <name>الجريدة</name>
        <styleUrl>#icon-1739-DB4436-labelson-nodesc</styleUrl>
        <Point>
          <coordinates>
            43.332717,25.922649,0
          </coordinates>
        </Point>
      </Placemark>
      <Placemark>
        <name>الجرير</name>
        <styleUrl>#icon-1739-DB4436-labelson-nodesc</styleUrl>
        <Point>
          <coordinates>
            42.595024,26.060429,0
          </coordinates>
        </Point>
      </Placemark>
      <Placemark>
        <name>الجعلة</name>
        <styleUrl>#icon-1739-DB4436-labelson-nodesc</styleUrl>
        <Point>
          <coordinates>
            44.235935,26.69343,0
          </coordinates>
        </Point>
      </Placemark>
      <Placemark>
        <name>الجفن</name>
        <styleUrl>#icon-1739-DB4436-labelson-nodesc</styleUrl>
        <Point>
          <coordinates>
            41.614537,25.647068,0
          </coordinates>
        </Point>
      </Placemark>
      <Placemark>
        <name>الجفنية</name>
        <styleUrl>#icon-1739-DB4436-labelson-nodesc</styleUrl>
        <Point>
          <coordinates>
            41.556172,25.619688,0
          </coordinates>
        </Point>
      </Placemark>
      <Placemark>
        <name>الحجازية</name>
        <styleUrl>#icon-1739-DB4436-labelson-nodesc</styleUrl>
        <Point>
          <coordinates>
            43.234162,26.017728,0
          </coordinates>
        </Point>
      </Placemark>
      <Placemark>
        <name>الحجرة</name>
        <styleUrl>#icon-1739-DB4436-labelson-nodesc</styleUrl>
        <Point>
          <coordinates>
            43.275125,25.430303,0
          </coordinates>
        </Point>
      </Placemark>
      <Placemark>
        <name>الحجناوي</name>
        <styleUrl>#icon-1739-DB4436-labelson-nodesc</styleUrl>
        <Point>
          <coordinates>
            43.634241,25.935352,0
          </coordinates>
        </Point>
      </Placemark>
      <Placemark>
        <name>الحفيرة</name>
        <styleUrl>#icon-1739-DB4436-labelson-nodesc</styleUrl>
        <Point>
          <coordinates>
            43.921065,26.068153,0
          </coordinates>
        </Point>
      </Placemark>
      <Placemark>
        <name>الحقباء</name>
        <styleUrl>#icon-1739-DB4436-labelson-nodesc</styleUrl>
        <Point>
          <coordinates>
            44.240162,25.995798,0
          </coordinates>
        </Point>
      </Placemark>
      <Placemark>
        <name>الحلاج</name>
        <styleUrl>#icon-1739-DB4436-labelson-nodesc</styleUrl>
        <Point>
          <coordinates>
            42.55625,25.147254,0
          </coordinates>
        </Point>
      </Placemark>
      <Placemark>
        <name>الحمادة</name>
        <styleUrl>#icon-1739-DB4436-labelson-nodesc</styleUrl>
        <Point>
          <coordinates>
            43.149555,26.949055,0
          </coordinates>
        </Point>
      </Placemark>
      <Placemark>
        <name>الحمادة</name>
        <styleUrl>#icon-1739-DB4436-labelson-nodesc</styleUrl>
        <Point>
          <coordinates>
            43.342996,25.602887,0
          </coordinates>
        </Point>
      </Placemark>
      <Placemark>
        <name>الحمادة</name>
        <styleUrl>#icon-1739-DB4436-labelson-nodesc</styleUrl>
        <Point>
          <coordinates>
            42.426689,25.011921,0
          </coordinates>
        </Point>
      </Placemark>
      <Placemark>
        <name>الحمادة</name>
        <styleUrl>#icon-1739-DB4436-labelson-nodesc</styleUrl>
        <Point>
          <coordinates>
            43.352008,25.257783,0
          </coordinates>
        </Point>
      </Placemark>
      <Placemark>
        <name>الحملية</name>
        <styleUrl>#icon-1739-DB4436-labelson-nodesc</styleUrl>
        <Point>
          <coordinates>
            42.918606,26.19175,0
          </coordinates>
        </Point>
      </Placemark>
      <Placemark>
        <name>الحميانية</name>
        <styleUrl>#icon-1739-DB4436-labelson-nodesc</styleUrl>
        <Point>
          <coordinates>
            42.076929,24.984927,0
          </coordinates>
        </Point>
      </Placemark>
      <Placemark>
        <name>الحنينية</name>
        <styleUrl>#icon-1739-DB4436-labelson-nodesc</styleUrl>
        <Point>
          <coordinates>
            42.961328,25.513945,0
          </coordinates>
        </Point>
      </Placemark>
      <Placemark>
        <name>الحوطة</name>
        <styleUrl>#icon-1739-DB4436-labelson-nodesc</styleUrl>
        <Point>
          <coordinates>
            43.519936,25.85392,0
          </coordinates>
        </Point>
      </Placemark>
      <Placemark>
        <name>الحيسونية</name>
        <styleUrl>#icon-1739-DB4436-labelson-nodesc</styleUrl>
        <Point>
          <coordinates>
            41.726568,25.670457,0
          </coordinates>
        </Point>
      </Placemark>
      <Placemark>
        <name>الخبراء</name>
        <styleUrl>#icon-1739-DB4436-labelson-nodesc</styleUrl>
        <Point>
          <coordinates>
            43.627782,26.066673,0
          </coordinates>
        </Point>
      </Placemark>
      <Placemark>
        <name>الخرشاء</name>
        <styleUrl>#icon-1739-DB4436-labelson-nodesc</styleUrl>
        <Point>
          <coordinates>
            42.462695,26.29494,0
          </coordinates>
        </Point>
      </Placemark>
      <Placemark>
        <name>الخرماء الجنوبية</name>
        <styleUrl>#icon-1739-DB4436-labelson-nodesc</styleUrl>
        <Point>
          <coordinates>
            44.09543,25.570014,0
          </coordinates>
        </Point>
      </Placemark>
      <Placemark>
        <name>الخرماء الشمالية</name>
        <styleUrl>#icon-1739-DB4436-labelson-nodesc</styleUrl>
        <Point>
          <coordinates>
            44.060626,25.601385,0
          </coordinates>
        </Point>
      </Placemark>
      <Placemark>
        <name>الخريشاء</name>
        <styleUrl>#icon-1739-DB4436-labelson-nodesc</styleUrl>
        <Point>
          <coordinates>
            43.382134,25.420797,0
          </coordinates>
        </Point>
      </Placemark>
      <Placemark>
        <name>الخشيبي</name>
        <styleUrl>#icon-1739-DB4436-labelson-nodesc</styleUrl>
        <Point>
          <coordinates>
            43.356042,25.564392,0
          </coordinates>
        </Point>
      </Placemark>
      <Placemark>
        <name>الخطيم</name>
        <styleUrl>#icon-1739-DB4436-labelson-nodesc</styleUrl>
        <Point>
          <coordinates>
            42.544727,25.617027,0
          </coordinates>
        </Point>
      </Placemark>
      <Placemark>
        <name>الخفية</name>
        <styleUrl>#icon-1739-DB4436-labelson-nodesc</styleUrl>
        <Point>
          <coordinates>
            43.526995,27.209315,0
          </coordinates>
        </Point>
      </Placemark>
      <Placemark>
        <name>الخناصة</name>
        <styleUrl>#icon-1739-DB4436-labelson-nodesc</styleUrl>
        <Point>
          <coordinates>
            43.592119,26.845543,0
          </coordinates>
        </Point>
      </Placemark>
      <Placemark>
        <name>الخوة</name>
        <styleUrl>#icon-1739-DB4436-labelson-nodesc</styleUrl>
        <Point>
          <coordinates>
            42.334378,26.46806,0
          </coordinates>
        </Point>
      </Placemark>
      <Placemark>
        <name>الداث</name>
        <styleUrl>#icon-1739-DB4436-labelson-nodesc</styleUrl>
        <Point>
          <coordinates>
            43.15846,25.582716,0
          </coordinates>
        </Point>
      </Placemark>
      <Placemark>
        <name>الدارة</name>
        <styleUrl>#icon-1739-DB4436-labelson-nodesc</styleUrl>
        <Point>
          <coordinates>
            43.231974,25.74867,0
          </coordinates>
        </Point>
      </Placemark>
      <Placemark>
        <name>الدارة</name>
        <styleUrl>#icon-1739-DB4436-labelson-nodesc</styleUrl>
        <Point>
          <coordinates>
            43.121595,24.833865,0
          </coordinates>
        </Point>
      </Placemark>
      <Placemark>
        <name>الدبك</name>
        <styleUrl>#icon-1739-DB4436-labelson-nodesc</styleUrl>
        <Point>
          <coordinates>
            44.097404,26.416111,0
          </coordinates>
        </Point>
      </Placemark>
      <Placemark>
        <name>الدحلة</name>
        <styleUrl>#icon-1739-DB4436-labelson-nodesc</styleUrl>
        <Point>
          <coordinates>
            43.675804,25.932133,0
          </coordinates>
        </Point>
      </Placemark>
      <Placemark>
        <name>الدحلة</name>
        <styleUrl>#icon-1739-DB4436-labelson-nodesc</styleUrl>
        <Point>
          <coordinates>
            43.38001,25.411248,0
          </coordinates>
        </Point>
      </Placemark>
      <Placemark>
        <name>الدرعية</name>
        <styleUrl>#icon-1739-DB4436-labelson-nodesc</styleUrl>
        <Point>
          <coordinates>
            42.511597,26.218357,0
          </coordinates>
        </Point>
      </Placemark>
      <Placemark>
        <name>الدعثة</name>
        <styleUrl>#icon-1739-DB4436-labelson-nodesc</styleUrl>
        <Point>
          <coordinates>
            44.08777,25.958784,0
          </coordinates>
        </Point>
      </Placemark>
      <Placemark>
        <name>الدليمية</name>
        <styleUrl>#icon-1739-DB4436-labelson-nodesc</styleUrl>
        <Point>
          <coordinates>
            43.27961,26.027963,0
          </coordinates>
        </Point>
      </Placemark>
      <Placemark>
        <name>الدوحة</name>
        <styleUrl>#icon-1739-DB4436-labelson-nodesc</styleUrl>
        <Point>
          <coordinates>
            43.18275,25.874991,0
          </coordinates>
        </Point>
      </Placemark>
      <Placemark>
        <name>الذيبية</name>
        <styleUrl>#icon-1739-DB4436-labelson-nodesc</styleUrl>
        <Point>
          <coordinates>
            43.15331,26.027255,0
          </coordinates>
        </Point>
      </Placemark>
      <Placemark>
        <name>الذيبية القديمة</name>
        <styleUrl>#icon-1739-DB4436-labelson-nodesc</styleUrl>
        <Point>
          <coordinates>
            43.161614,26.062553,0
          </coordinates>
        </Point>
      </Placemark>
      <Placemark>
        <name>الراكبيات</name>
        <styleUrl>#icon-1739-DB4436-labelson-nodesc</styleUrl>
        <Point>
          <coordinates>
            43.830321,27.264462,0
          </coordinates>
        </Point>
      </Placemark>
      <Placemark>
        <name>الربيعية</name>
        <styleUrl>#icon-1739-DB4436-labelson-nodesc</styleUrl>
        <Point>
          <coordinates>
            44.233532,26.37635,0
          </coordinates>
        </Point>
      </Placemark>
      <Placemark>
        <name>الرحيمية</name>
        <styleUrl>#icon-1739-DB4436-labelson-nodesc</styleUrl>
        <Point>
          <coordinates>
            41.940308,25.282631,0
          </coordinates>
        </Point>
      </Placemark>
      <Placemark>
        <name>الرحيمية</name>
        <styleUrl>#icon-1739-DB4436-labelson-nodesc</styleUrl>
        <Point>
          <coordinates>
            44.333053,25.777273,0
          </coordinates>
        </Point>
      </Placemark>
      <Placemark>
        <name>الرس</name>
        <styleUrl>#icon-1739-DB4436-labelson-nodesc</styleUrl>
        <Point>
          <coordinates>
            43.498263,25.869627,0
          </coordinates>
        </Point>
      </Placemark>
      <Placemark>
        <name>الرسيس</name>
        <styleUrl>#icon-1739-DB4436-labelson-nodesc</styleUrl>
        <Point>
          <coordinates>
            43.404021,25.723436,0
          </coordinates>
        </Point>
      </Placemark>
      <Placemark>
        <name>الرضم</name>
        <styleUrl>#icon-1739-DB4436-labelson-nodesc</styleUrl>
        <Point>
          <coordinates>
            42.190869,24.835517,0
          </coordinates>
        </Point>
      </Placemark>
      <Placemark>
        <name>الرفائع</name>
        <styleUrl>#icon-1739-DB4436-labelson-nodesc</styleUrl>
        <Point>
          <coordinates>
            43.107262,26.048026,0
          </coordinates>
        </Point>
      </Placemark>
      <Placemark>
        <name>الرفائع</name>
        <styleUrl>#icon-1739-DB4436-labelson-nodesc</styleUrl>
        <Point>
          <coordinates>
            42.864768,24.802065,0
          </coordinates>
        </Point>
      </Placemark>
      <Placemark>
        <name>الرفايع</name>
        <styleUrl>#icon-1739-DB4436-labelson-nodesc</styleUrl>
        <Point>
          <coordinates>
            43.606324,25.319324,0
          </coordinates>
        </Point>
      </Placemark>
      <Placemark>
        <name>الرفيعاء</name>
        <styleUrl>#icon-1739-DB4436-labelson-nodesc</styleUrl>
        <Point>
          <coordinates>
            42.639656,26.593716,0
          </coordinates>
        </Point>
      </Placemark>
      <Placemark>
        <name>الرفيعة</name>
        <styleUrl>#icon-1739-DB4436-labelson-nodesc</styleUrl>
        <Point>
          <coordinates>
            43.511159,27.218177,0
          </coordinates>
        </Point>
      </Placemark>
      <Placemark>
        <name>الرفيعة</name>
        <styleUrl>#icon-1739-DB4436-labelson-nodesc</styleUrl>
        <Point>
          <coordinates>
            43.831694,26.436796,0
          </coordinates>
        </Point>
      </Placemark>
      <Placemark>
        <name>الركنة</name>
        <styleUrl>#icon-1739-DB4436-labelson-nodesc</styleUrl>
        <Point>
          <coordinates>
            42.57494,25.297694,0
          </coordinates>
        </Point>
      </Placemark>
      <Placemark>
        <name>الرميثية</name>
        <styleUrl>#icon-1739-DB4436-labelson-nodesc</styleUrl>
        <Point>
          <coordinates>
            42.951028,24.741125,0
          </coordinates>
        </Point>
      </Placemark>
      <Placemark>
        <name>الروضات</name>
        <styleUrl>#icon-1739-DB4436-labelson-nodesc</styleUrl>
        <Point>
          <coordinates>
            43.34394,25.793109,0
          </coordinates>
        </Point>
      </Placemark>
      <Placemark>
        <name>الروضة</name>
        <styleUrl>#icon-1739-DB4436-labelson-nodesc</styleUrl>
        <Point>
          <coordinates>
            43.858173,25.95417,0
          </coordinates>
        </Point>
      </Placemark>
      <Placemark>
        <name>الروضة</name>
        <styleUrl>#icon-1739-DB4436-labelson-nodesc</styleUrl>
        <Point>
          <coordinates>
            42.700489,25.550165,0
          </coordinates>
        </Point>
      </Placemark>
      <Placemark>
        <name>الروضتين</name>
        <styleUrl>#icon-1739-DB4436-labelson-nodesc</styleUrl>
        <Point>
          <coordinates>
            43.407905,25.306599,0
          </coordinates>
        </Point>
      </Placemark>
      <Placemark>
        <name>الرويضات</name>
        <styleUrl>#icon-1739-DB4436-labelson-nodesc</styleUrl>
        <Point>
          <coordinates>
            42.238977,26.254942,0
          </coordinates>
        </Point>
      </Placemark>
      <Placemark>
        <name>الرويضات</name>
        <styleUrl>#icon-1739-DB4436-labelson-nodesc</styleUrl>
        <Point>
          <coordinates>
            43.450756,25.882931,0
          </coordinates>
        </Point>
      </Placemark>
      <Placemark>
        <name>الرويضة</name>
        <styleUrl>#icon-1739-DB4436-labelson-nodesc</styleUrl>
        <Point>
          <coordinates>
            42.229536,26.186149,0
          </coordinates>
        </Point>
      </Placemark>
      <Placemark>
        <name>الرويضة</name>
        <styleUrl>#icon-1739-DB4436-labelson-nodesc</styleUrl>
        <Point>
          <coordinates>
            44.2204,26.407828,0
          </coordinates>
        </Point>
      </Placemark>
      <Placemark>
        <name>الزهيرية</name>
        <styleUrl>#icon-1739-DB4436-labelson-nodesc</styleUrl>
        <Point>
          <coordinates>
            43.01141,25.634408,0
          </coordinates>
        </Point>
      </Placemark>
      <Placemark>
        <name>السالمية</name>
        <styleUrl>#icon-1739-DB4436-labelson-nodesc</styleUrl>
        <Point>
          <coordinates>
            43.347995,25.537183,0
          </coordinates>
        </Point>
      </Placemark>
      <Placemark>
        <name>السحابين</name>
        <styleUrl>#icon-1739-DB4436-labelson-nodesc</styleUrl>
        <Point>
          <coordinates>
            43.603342,26.054721,0
          </coordinates>
        </Point>
      </Placemark>
      <Placemark>
        <name>السعيرة</name>
        <styleUrl>#icon-1739-DB4436-labelson-nodesc</styleUrl>
        <Point>
          <coordinates>
            43.965998,27.114966,0
          </coordinates>
        </Point>
      </Placemark>
      <Placemark>
        <name>السليسية</name>
        <styleUrl>#icon-1739-DB4436-labelson-nodesc</styleUrl>
        <Point>
          <coordinates>
            42.956243,24.941754,0
          </coordinates>
        </Point>
      </Placemark>
      <Placemark>
        <name>السمار</name>
        <styleUrl>#icon-1739-DB4436-labelson-nodesc</styleUrl>
        <Point>
          <coordinates>
            43.113592,26.119738,0
          </coordinates>
        </Point>
      </Placemark>
      <Placemark>
        <name>السمار</name>
        <styleUrl>#icon-1739-DB4436-labelson-nodesc</styleUrl>
        <Point>
          <coordinates>
            43.981512,25.61707,0
          </coordinates>
        </Point>
      </Placemark>
      <Placemark>
        <name>السيح</name>
        <styleUrl>#icon-1739-DB4436-labelson-nodesc</styleUrl>
        <Point>
          <coordinates>
            43.235128,25.99215,0
          </coordinates>
        </Point>
      </Placemark>
      <Placemark>
        <name>الشباكية</name>
        <styleUrl>#icon-1739-DB4436-labelson-nodesc</styleUrl>
        <Point>
          <coordinates>
            42.246551,26.165271,0
          </coordinates>
        </Point>
      </Placemark>
      <Placemark>
        <name>الشبيبة</name>
        <styleUrl>#icon-1739-DB4436-labelson-nodesc</styleUrl>
        <Point>
          <coordinates>
            43.740563,26.069183,0
          </coordinates>
        </Point>
      </Placemark>
      <Placemark>
        <name>الشبيكية</name>
        <styleUrl>#icon-1739-DB4436-labelson-nodesc</styleUrl>
        <Point>
          <coordinates>
            43.285489,25.254114,0
          </coordinates>
        </Point>
      </Placemark>
      <Placemark>
        <name>الشجراء</name>
        <styleUrl>#icon-1739-DB4436-labelson-nodesc</styleUrl>
        <Point>
          <coordinates>
            43.602076,26.866679,0
          </coordinates>
        </Point>
      </Placemark>
      <Placemark>
        <name>الشعيفانية</name>
        <styleUrl>#icon-1739-DB4436-labelson-nodesc</styleUrl>
        <Point>
          <coordinates>
            43.247509,25.590999,0
          </coordinates>
        </Point>
      </Placemark>
      <Placemark>
        <name>الشفاء</name>
        <styleUrl>#icon-1739-DB4436-labelson-nodesc</styleUrl>
        <Point>
          <coordinates>
            43.178909,26.063004,0
          </coordinates>
        </Point>
      </Placemark>
      <Placemark>
        <name>الشقة السفلى</name>
        <styleUrl>#icon-1739-DB4436-labelson-nodesc</styleUrl>
        <Point>
          <coordinates>
            43.859975,26.383517,0
          </coordinates>
        </Point>
      </Placemark>
      <Placemark>
        <name>الشقة العليا</name>
        <styleUrl>#icon-1739-DB4436-labelson-nodesc</styleUrl>
        <Point>
          <coordinates>
            43.856049,26.40137,0
          </coordinates>
        </Point>
      </Placemark>
      <Placemark>
        <name>الشقران</name>
        <styleUrl>#icon-1739-DB4436-labelson-nodesc</styleUrl>
        <Point>
          <coordinates>
            41.952796,25.94975,0
          </coordinates>
        </Point>
      </Placemark>
      <Placemark>
        <name>الشماسية</name>
        <styleUrl>#icon-1739-DB4436-labelson-nodesc</styleUrl>
        <Point>
          <coordinates>
            44.263744,26.317921,0
          </coordinates>
        </Point>
      </Placemark>
      <Placemark>
        <name>الشنانة</name>
        <styleUrl>#icon-1739-DB4436-labelson-nodesc</styleUrl>
        <Point>
          <coordinates>
            43.446293,25.811284,0
          </coordinates>
        </Point>
      </Placemark>
      <Placemark>
        <name>الشهيباء</name>
        <styleUrl>#icon-1739-DB4436-labelson-nodesc</styleUrl>
        <Point>
          <coordinates>
            43.106017,26.07914,0
          </coordinates>
        </Point>
      </Placemark>
      <Placemark>
        <name>الشورقية</name>
        <styleUrl>#icon-1739-DB4436-labelson-nodesc</styleUrl>
        <Point>
          <coordinates>
            44.246106,25.799224,0
          </coordinates>
        </Point>
      </Placemark>
      <Placemark>
        <name>الشيبانية</name>
        <styleUrl>#icon-1739-DB4436-labelson-nodesc</styleUrl>
        <Point>
          <coordinates>
            43.876905,27.338491,0
          </coordinates>
        </Point>
      </Placemark>
      <Placemark>
        <name>الشيحية</name>
        <styleUrl>#icon-1739-DB4436-labelson-nodesc</styleUrl>
        <Point>
          <coordinates>
            43.614178,26.250801,0
          </coordinates>
        </Point>
      </Placemark>
      <Placemark>
        <name>الصريف</name>
        <styleUrl>#icon-1739-DB4436-labelson-nodesc</styleUrl>
        <Point>
          <coordinates>
            44.217396,26.582794,0
          </coordinates>
        </Point>
      </Placemark>
      <Placemark>
        <name>الصعيقريه</name>
        <styleUrl>#icon-1739-DB4436-labelson-nodesc</styleUrl>
        <Point>
          <coordinates>
            43.649948,27.200668,0
          </coordinates>
        </Point>
      </Placemark>
      <Placemark>
        <name>الصغوى</name>
        <styleUrl>#icon-1739-DB4436-labelson-nodesc</styleUrl>
        <Point>
          <coordinates>
            42.695274,26.777565,0
          </coordinates>
        </Point>
      </Placemark>
      <Placemark>
        <name>الصفراء</name>
        <styleUrl>#icon-1739-DB4436-labelson-nodesc</styleUrl>
        <Point>
          <coordinates>
            42.133899,26.208057,0
          </coordinates>
        </Point>
      </Placemark>
      <Placemark>
        <name>الصقره</name>
        <styleUrl>#icon-1739-DB4436-labelson-nodesc</styleUrl>
        <Point>
          <coordinates>
            43.073981,25.784891,0
          </coordinates>
        </Point>
      </Placemark>
      <Placemark>
        <name>الصلبية</name>
        <styleUrl>#icon-1739-DB4436-labelson-nodesc</styleUrl>
        <Point>
          <coordinates>
            42.797241,26.750679,0
          </coordinates>
        </Point>
      </Placemark>
      <Placemark>
        <name>الصلبية الجديدة</name>
        <styleUrl>#icon-1739-DB4436-labelson-nodesc</styleUrl>
        <Point>
          <coordinates>
            42.995017,26.804216,0
          </coordinates>
        </Point>
      </Placemark>
      <Placemark>
        <name>الصليبي</name>
        <styleUrl>#icon-1739-DB4436-labelson-nodesc</styleUrl>
        <Point>
          <coordinates>
            43.04482,25.625653,0
          </coordinates>
        </Point>
      </Placemark>
      <Placemark>
        <name>الصمعورية</name>
        <styleUrl>#icon-1739-DB4436-labelson-nodesc</styleUrl>
        <Point>
          <coordinates>
            42.860005,24.841204,0
          </coordinates>
        </Point>
      </Placemark>
      <Placemark>
        <name>الصويتية</name>
        <styleUrl>#icon-1739-DB4436-labelson-nodesc</styleUrl>
        <Point>
          <coordinates>
            43.197899,25.64209,0
          </coordinates>
        </Point>
      </Placemark>
      <Placemark>
        <name>الضبة</name>
        <styleUrl>#icon-1739-DB4436-labelson-nodesc</styleUrl>
        <Point>
          <coordinates>
            44.140856,25.989425,0
          </coordinates>
        </Point>
      </Placemark>
      <Placemark>
        <name>الضبيعة</name>
        <styleUrl>#icon-1739-DB4436-labelson-nodesc</styleUrl>
        <Point>
          <coordinates>
            42.401648,24.707844,0
          </coordinates>
        </Point>
      </Placemark>
      <Placemark>
        <name>الضلعة</name>
        <styleUrl>#icon-1739-DB4436-labelson-nodesc</styleUrl>
        <Point>
          <coordinates>
            43.961728,25.981185,0
          </coordinates>
        </Point>
      </Placemark>
      <Placemark>
        <name>الضلعفة</name>
        <styleUrl>#icon-1739-DB4436-labelson-nodesc</styleUrl>
        <Point>
          <coordinates>
            43.675976,26.319938,0
          </coordinates>
        </Point>
      </Placemark>
      <Placemark>
        <name>الطارفة</name>
        <styleUrl>#icon-1739-DB4436-labelson-nodesc</styleUrl>
        <Point>
          <coordinates>
            43.143611,26.047125,0
          </coordinates>
        </Point>
      </Placemark>
      <Placemark>
        <name>الطراق</name>
        <styleUrl>#icon-1739-DB4436-labelson-nodesc</styleUrl>
        <Point>
          <coordinates>
            43.308105,26.679611,0
          </coordinates>
        </Point>
      </Placemark>
      <Placemark>
        <name>الطراق</name>
        <styleUrl>#icon-1739-DB4436-labelson-nodesc</styleUrl>
        <Point>
          <coordinates>
            44.543016,27.320316,0
          </coordinates>
        </Point>
      </Placemark>
      <Placemark>
        <name>الطرفاوي</name>
        <styleUrl>#icon-1739-DB4436-labelson-nodesc</styleUrl>
        <Point>
          <coordinates>
            42.129521,25.953162,0
          </coordinates>
        </Point>
      </Placemark>
      <Placemark>
        <name>الطرفية</name>
        <styleUrl>#icon-1739-DB4436-labelson-nodesc</styleUrl>
        <Point>
          <coordinates>
            44.020779,26.541102,0
          </coordinates>
        </Point>
      </Placemark>
      <Placemark>
        <name>الطرفية الغربية</name>
        <styleUrl>#icon-1739-DB4436-labelson-nodesc</styleUrl>
        <Point>
          <coordinates>
            42.309229,25.420883,0
          </coordinates>
        </Point>
      </Placemark>
      <Placemark>
        <name>الطعمية</name>
        <styleUrl>#icon-1739-DB4436-labelson-nodesc</styleUrl>
        <Point>
          <coordinates>
            44.094143,26.255929,0
          </coordinates>
        </Point>
      </Placemark>
      <Placemark>
        <name>الطوال</name>
        <styleUrl>#icon-1739-DB4436-labelson-nodesc</styleUrl>
        <Point>
          <coordinates>
            42.387357,26.00584,0
          </coordinates>
        </Point>
      </Placemark>
      <Placemark>
        <name>الطويلة</name>
        <styleUrl>#icon-1739-DB4436-labelson-nodesc</styleUrl>
        <Point>
          <coordinates>
            42.563267,25.081379,0
          </coordinates>
        </Point>
      </Placemark>
      <Placemark>
        <name>الظاهرية</name>
        <styleUrl>#icon-1739-DB4436-labelson-nodesc</styleUrl>
        <Point>
          <coordinates>
            42.410638,24.92888,0
          </coordinates>
        </Point>
      </Placemark>
      <Placemark>
        <name>ضبيعة</name>
        <styleUrl>#icon-1739-DB4436-labelson-nodesc</styleUrl>
        <Point>
          <coordinates>
            42.887278,25.430968,0
          </coordinates>
        </Point>
      </Placemark>
      <Placemark>
        <name>الظاهرية</name>
        <styleUrl>#icon-1739-DB4436-labelson-nodesc</styleUrl>
        <Point>
          <coordinates>
            42.902298,25.457897,0
          </coordinates>
        </Point>
      </Placemark>
      <Placemark>
        <name>العاقر</name>
        <styleUrl>#icon-1739-DB4436-labelson-nodesc</styleUrl>
        <Point>
          <coordinates>
            42.64384,25.104017,0
          </coordinates>
        </Point>
      </Placemark>
      <Placemark>
        <name>العبدلية</name>
        <styleUrl>#icon-1739-DB4436-labelson-nodesc</styleUrl>
        <Point>
          <coordinates>
            43.670311,25.918186,0
          </coordinates>
        </Point>
      </Placemark>
      <Placemark>
        <name>العبل</name>
        <styleUrl>#icon-1739-DB4436-labelson-nodesc</styleUrl>
        <Point>
          <coordinates>
            43.180347,25.801692,0
          </coordinates>
        </Point>
      </Placemark>
      <Placemark>
        <name>العردا</name>
        <styleUrl>#icon-1739-DB4436-labelson-nodesc</styleUrl>
        <Point>
          <coordinates>
            43.305788,25.734251,0
          </coordinates>
        </Point>
      </Placemark>
      <Placemark>
        <name>العشيرة</name>
        <styleUrl>#icon-1739-DB4436-labelson-nodesc</styleUrl>
        <Point>
          <coordinates>
            42.256572,26.090984,0
          </coordinates>
        </Point>
      </Placemark>
      <Placemark>
        <name>العشيره</name>
        <styleUrl>#icon-1739-DB4436-labelson-nodesc</styleUrl>
        <Point>
          <coordinates>
            42.256572,26.090984,0
          </coordinates>
        </Point>
      </Placemark>
      <Placemark>
        <name>العطشان</name>
        <styleUrl>#icon-1739-DB4436-labelson-nodesc</styleUrl>
        <Point>
          <coordinates>
            44.100172,26.960084,0
          </coordinates>
        </Point>
      </Placemark>
      <Placemark>
        <name>العقاب</name>
        <styleUrl>#icon-1739-DB4436-labelson-nodesc</styleUrl>
        <Point>
          <coordinates>
            42.119865,26.060901,0
          </coordinates>
        </Point>
      </Placemark>
      <Placemark>
        <name>العقلان</name>
        <styleUrl>#icon-1739-DB4436-labelson-nodesc</styleUrl>
        <Point>
          <coordinates>
            43.050957,26.095877,0
          </coordinates>
        </Point>
      </Placemark>
      <Placemark>
        <name>العقلة</name>
        <styleUrl>#icon-1739-DB4436-labelson-nodesc</styleUrl>
        <Point>
          <coordinates>
            43.493156,26.802199,0
          </coordinates>
        </Point>
      </Placemark>
      <Placemark>
        <name>العقلة</name>
        <styleUrl>#icon-1739-DB4436-labelson-nodesc</styleUrl>
        <Point>
          <coordinates>
            42.413621,24.979005,0
          </coordinates>
        </Point>
      </Placemark>
      <Placemark>
        <name>العقيلة</name>
        <styleUrl>#icon-1739-DB4436-labelson-nodesc</styleUrl>
        <Point>
          <coordinates>
            43.588171,26.901011,0
          </coordinates>
        </Point>
      </Placemark>
      <Placemark>
        <name>العقيلة</name>
        <styleUrl>#icon-1739-DB4436-labelson-nodesc</styleUrl>
        <Point>
          <coordinates>
            43.645055,25.905719,0
          </coordinates>
        </Point>
      </Placemark>
      <Placemark>
        <name>العلياء</name>
        <styleUrl>#icon-1739-DB4436-labelson-nodesc</styleUrl>
        <Point>
          <coordinates>
            42.570713,26.518979,0
          </coordinates>
        </Point>
      </Placemark>
      <Placemark>
        <name>العمار</name>
        <styleUrl>#icon-1739-DB4436-labelson-nodesc</styleUrl>
        <Point>
          <coordinates>
            44.313269,25.570228,0
          </coordinates>
        </Point>
      </Placemark>
      <Placemark>
        <name>العمودة</name>
        <styleUrl>#icon-1739-DB4436-labelson-nodesc</styleUrl>
        <Point>
          <coordinates>
            42.878523,25.37065,0
          </coordinates>
        </Point>
      </Placemark>
      <Placemark>
        <name>العمودة</name>
        <styleUrl>#icon-1739-DB4436-labelson-nodesc</styleUrl>
        <Point>
          <coordinates>
            43.143954,24.727907,0
          </coordinates>
        </Point>
      </Placemark>
      <Placemark>
        <name>العمودة الجنوبية</name>
        <styleUrl>#icon-1739-DB4436-labelson-nodesc</styleUrl>
        <Point>
          <coordinates>
            42.832046,26.110554,0
          </coordinates>
        </Point>
      </Placemark>
      <Placemark>
        <name>العمودة الشمالية</name>
        <styleUrl>#icon-1739-DB4436-labelson-nodesc</styleUrl>
        <Point>
          <coordinates>
            42.768037,26.145959,0
          </coordinates>
        </Point>
      </Placemark>
      <Placemark>
        <name>العمودية</name>
        <styleUrl>#icon-1739-DB4436-labelson-nodesc</styleUrl>
        <Point>
          <coordinates>
            43.578215,26.912856,0
          </coordinates>
        </Point>
      </Placemark>
      <Placemark>
        <name>العوشزية</name>
        <styleUrl>#icon-1739-DB4436-labelson-nodesc</styleUrl>
        <Point>
          <coordinates>
            44.131436,26.066351,0
          </coordinates>
        </Point>
      </Placemark>
      <Placemark>
        <name>العيثمه</name>
        <styleUrl>#icon-1739-DB4436-labelson-nodesc</styleUrl>
        <Point>
          <coordinates>
            41.30398,25.540488,0
          </coordinates>
        </Point>
      </Placemark>
      <Placemark>
        <name>الغبية</name>
        <styleUrl>#icon-1739-DB4436-labelson-nodesc</styleUrl>
        <Point>
          <coordinates>
            42.694373,25.191886,0
          </coordinates>
        </Point>
      </Placemark>
      <Placemark>
        <name>الغريبية</name>
        <styleUrl>#icon-1739-DB4436-labelson-nodesc</styleUrl>
        <Point>
          <coordinates>
            43.77629,25.934451,0
          </coordinates>
        </Point>
      </Placemark>
      <Placemark>
        <name>الغزالة</name>
        <styleUrl>#icon-1739-DB4436-labelson-nodesc</styleUrl>
        <Point>
          <coordinates>
            44.137745,25.737684,0
          </coordinates>
        </Point>
      </Placemark>
      <Placemark>
        <name>الغضياء</name>
        <styleUrl>#icon-1739-DB4436-labelson-nodesc</styleUrl>
        <Point>
          <coordinates>
            42.721624,25.574713,0
          </coordinates>
        </Point>
      </Placemark>
      <Placemark>
        <name>الغماس</name>
        <styleUrl>#icon-1739-DB4436-labelson-nodesc</styleUrl>
        <Point>
          <coordinates>
            43.886433,26.237497,0
          </coordinates>
        </Point>
      </Placemark>
      <Placemark>
        <name>الغيدانية</name>
        <styleUrl>#icon-1739-DB4436-labelson-nodesc</styleUrl>
        <Point>
          <coordinates>
            43.72447,25.228043,0
          </coordinates>
        </Point>
      </Placemark>
      <Placemark>
        <name>الغيدانية</name>
        <styleUrl>#icon-1739-DB4436-labelson-nodesc</styleUrl>
        <Point>
          <coordinates>
            43.636408,25.196929,0
          </coordinates>
        </Point>
      </Placemark>
      <Placemark>
        <name>الفايزية</name>
        <styleUrl>#icon-1739-DB4436-labelson-nodesc</styleUrl>
        <Point>
          <coordinates>
            43.132217,24.814532,0
          </coordinates>
        </Point>
      </Placemark>
      <Placemark>
        <name>الفرعة</name>
        <styleUrl>#icon-1739-DB4436-labelson-nodesc</styleUrl>
        <Point>
          <coordinates>
            42.759132,26.757545,0
          </coordinates>
        </Point>
      </Placemark>
      <Placemark>
        <name>الفوارة</name>
        <styleUrl>#icon-1739-DB4436-labelson-nodesc</styleUrl>
        <Point>
          <coordinates>
            42.656479,26.061544,0
          </coordinates>
        </Point>
      </Placemark>
      <Placemark>
        <name>الفويلق</name>
        <styleUrl>#icon-1739-DB4436-labelson-nodesc</styleUrl>
        <Point>
          <coordinates>
            43.267422,26.438942,0
          </coordinates>
        </Point>
      </Placemark>
      <Placemark>
        <name>الفيضة</name>
        <styleUrl>#icon-1739-DB4436-labelson-nodesc</styleUrl>
        <Point>
          <coordinates>
            42.100296,25.368805,0
          </coordinates>
        </Point>
      </Placemark>
      <Placemark>
        <name>الفيضة</name>
        <styleUrl>#icon-1739-DB4436-labelson-nodesc</styleUrl>
        <Point>
          <coordinates>
            42.676735,26.633327,0
          </coordinates>
        </Point>
      </Placemark>
      <Placemark>
        <name>القاعية</name>
        <styleUrl>#icon-1739-DB4436-labelson-nodesc</styleUrl>
        <Point>
          <coordinates>
            42.170248,24.901865,0
          </coordinates>
        </Point>
      </Placemark>
      <Placemark>
        <name>القرعاء</name>
        <styleUrl>#icon-1739-DB4436-labelson-nodesc</styleUrl>
        <Point>
          <coordinates>
            43.763587,26.406798,0
          </coordinates>
        </Point>
      </Placemark>
      <Placemark>
        <name>القرين</name>
        <styleUrl>#icon-1739-DB4436-labelson-nodesc</styleUrl>
        <Point>
          <coordinates>
            43.370526,26.013286,0
          </coordinates>
        </Point>
      </Placemark>
      <Placemark>
        <name>القصيباء</name>
        <styleUrl>#icon-1739-DB4436-labelson-nodesc</styleUrl>
        <Point>
          <coordinates>
            43.633318,26.879618,0
          </coordinates>
        </Point>
      </Placemark>
      <Placemark>
        <name>القصير</name>
        <styleUrl>#icon-1739-DB4436-labelson-nodesc</styleUrl>
        <Point>
          <coordinates>
            43.326602,27.424021,0
          </coordinates>
        </Point>
      </Placemark>
      <Placemark>
        <name>القعير</name>
        <styleUrl>#icon-1739-DB4436-labelson-nodesc</styleUrl>
        <Point>
          <coordinates>
            44.364295,25.619195,0
          </coordinates>
        </Point>
      </Placemark>
      <Placemark>
        <name>القهيبية</name>
        <styleUrl>#icon-1739-DB4436-labelson-nodesc</styleUrl>
        <Point>
          <coordinates>
            43.251135,25.46015,0
          </coordinates>
        </Point>
      </Placemark>
      <Placemark>
        <name>القوارة</name>
        <styleUrl>#icon-1739-DB4436-labelson-nodesc</styleUrl>
        <Point>
          <coordinates>
            43.474381,26.782093,0
          </coordinates>
        </Point>
      </Placemark>
      <Placemark>
        <name>القوعي</name>
        <styleUrl>#icon-1739-DB4436-labelson-nodesc</styleUrl>
        <Point>
          <coordinates>
            43.361192,25.772531,0
          </coordinates>
        </Point>
      </Placemark>
      <Placemark>
        <name>القويعية</name>
        <styleUrl>#icon-1739-DB4436-labelson-nodesc</styleUrl>
        <Point>
          <coordinates>
            42.469711,25.376873,0
          </coordinates>
        </Point>
      </Placemark>
      <Placemark>
        <name>القيصومة</name>
        <styleUrl>#icon-1739-DB4436-labelson-nodesc</styleUrl>
        <Point>
          <coordinates>
            43.175776,25.744121,0
          </coordinates>
        </Point>
      </Placemark>
      <Placemark>
        <name>الكداديات</name>
        <styleUrl>#icon-1739-DB4436-labelson-nodesc</styleUrl>
        <Point>
          <coordinates>
            43.335893,27.278903,0
          </coordinates>
        </Point>
      </Placemark>
      <Placemark>
        <name>الكفية</name>
        <styleUrl>#icon-1739-DB4436-labelson-nodesc</styleUrl>
        <Point>
          <coordinates>
            42.86346,24.527729,0
          </coordinates>
        </Point>
      </Placemark>
      <Placemark>
        <name>اللغفية</name>
        <styleUrl>#icon-1739-DB4436-labelson-nodesc</styleUrl>
        <Point>
          <coordinates>
            42.559147,25.521584,0
          </coordinates>
        </Point>
      </Placemark>
      <Placemark>
        <name>المتينيات</name>
        <styleUrl>#icon-1739-DB4436-labelson-nodesc</styleUrl>
        <Point>
          <coordinates>
            43.977499,26.409717,0
          </coordinates>
        </Point>
      </Placemark>
      <Placemark>
        <name>المحبه</name>
        <styleUrl>#icon-1739-DB4436-labelson-nodesc</styleUrl>
        <Point>
          <coordinates>
            42.393172,25.990863,0
          </coordinates>
        </Point>
      </Placemark>
      <Placemark>
        <name>المحسنية</name>
        <styleUrl>#icon-1739-DB4436-labelson-nodesc</styleUrl>
        <Point>
          <coordinates>
            42.783186,25.995069,0
          </coordinates>
        </Point>
      </Placemark>
      <Placemark>
        <name>المحلاني</name>
        <styleUrl>#icon-1739-DB4436-labelson-nodesc</styleUrl>
        <Point>
          <coordinates>
            42.218056,26.132569,0
          </coordinates>
        </Point>
      </Placemark>
      <Placemark>
        <name>المحمدية</name>
        <styleUrl>#icon-1739-DB4436-labelson-nodesc</styleUrl>
        <Point>
          <coordinates>
            43.240793,25.731268,0
          </coordinates>
        </Point>
      </Placemark>
      <Placemark>
        <name>المحوى</name>
        <styleUrl>#icon-1739-DB4436-labelson-nodesc</styleUrl>
        <Point>
          <coordinates>
            41.797142,25.861816,0
          </coordinates>
        </Point>
      </Placemark>
      <Placemark>
        <name>المحير</name>
        <styleUrl>#icon-1739-DB4436-labelson-nodesc</styleUrl>
        <Point>
          <coordinates>
            43.61244,27.373917,0
          </coordinates>
        </Point>
      </Placemark>
      <Placemark>
        <name>المخرم</name>
        <styleUrl>#icon-1739-DB4436-labelson-nodesc</styleUrl>
        <Point>
          <coordinates>
            43.233604,26.792908,0
          </coordinates>
        </Point>
      </Placemark>
      <Placemark>
        <name>المذنب</name>
        <styleUrl>#icon-1739-DB4436-labelson-nodesc</styleUrl>
        <Point>
          <coordinates>
            44.22085,25.859177,0
          </coordinates>
        </Point>
      </Placemark>
      <Placemark>
        <name>المربع</name>
        <styleUrl>#icon-1739-DB4436-labelson-nodesc</styleUrl>
        <Point>
          <coordinates>
            44.304085,25.727921,0
          </coordinates>
        </Point>
      </Placemark>
      <Placemark>
        <name>المرموثة</name>
        <styleUrl>#icon-1739-DB4436-labelson-nodesc</styleUrl>
        <Point>
          <coordinates>
            42.827647,25.566452,0
          </coordinates>
        </Point>
      </Placemark>
      <Placemark>
        <name>المرموثة الجنوبية</name>
        <styleUrl>#icon-1739-DB4436-labelson-nodesc</styleUrl>
        <Point>
          <coordinates>
            42.830543,25.550058,0
          </coordinates>
        </Point>
      </Placemark>
      <Placemark>
        <name>المرموثه</name>
        <styleUrl>#icon-1739-DB4436-labelson-nodesc</styleUrl>
        <Point>
          <coordinates>
            42.308435,25.978589,0
          </coordinates>
        </Point>
      </Placemark>
      <Placemark>
        <name>المشاش</name>
        <styleUrl>#icon-1739-DB4436-labelson-nodesc</styleUrl>
        <Point>
          <coordinates>
            42.064247,25.69921,0
          </coordinates>
        </Point>
      </Placemark>
      <Placemark>
        <name>المشاش</name>
        <styleUrl>#icon-1739-DB4436-labelson-nodesc</styleUrl>
        <Point>
          <coordinates>
            42.567558,25.382881,0
          </coordinates>
        </Point>
      </Placemark>
      <Placemark>
        <name>المصك</name>
        <styleUrl>#icon-1739-DB4436-labelson-nodesc</styleUrl>
        <Point>
          <coordinates>
            43.221974,26.125081,0
          </coordinates>
        </Point>
      </Placemark>
      <Placemark>
        <name>المطية</name>
        <styleUrl>#icon-1739-DB4436-labelson-nodesc</styleUrl>
        <Point>
          <coordinates>
            43.457665,25.790792,0
          </coordinates>
        </Point>
      </Placemark>
      <Placemark>
        <name>المطيوي</name>
        <styleUrl>#icon-1739-DB4436-labelson-nodesc</styleUrl>
        <Point>
          <coordinates>
            42.891161,24.712672,0
          </coordinates>
        </Point>
      </Placemark>
      <Placemark>
        <name>المطيوي الشمالي</name>
        <styleUrl>#icon-1739-DB4436-labelson-nodesc</styleUrl>
        <Point>
          <coordinates>
            42.590561,26.51516,0
          </coordinates>
        </Point>
      </Placemark>
      <Placemark>
        <name>المعدا</name>
        <styleUrl>#icon-1739-DB4436-labelson-nodesc</styleUrl>
        <Point>
          <coordinates>
            43.51161,26.327555,0
          </coordinates>
        </Point>
      </Placemark>
      <Placemark>
        <name>المفرق</name>
        <styleUrl>#icon-1739-DB4436-labelson-nodesc</styleUrl>
        <Point>
          <coordinates>
            43.574073,25.473561,0
          </coordinates>
        </Point>
      </Placemark>
      <Placemark>
        <name>المكحول</name>
        <styleUrl>#icon-1739-DB4436-labelson-nodesc</styleUrl>
        <Point>
          <coordinates>
            42.602556,26.625066,0
          </coordinates>
        </Point>
      </Placemark>
      <Placemark>
        <name>المكلاة</name>
        <styleUrl>#icon-1739-DB4436-labelson-nodesc</styleUrl>
        <Point>
          <coordinates>
            42.496834,24.529896,0
          </coordinates>
        </Point>
      </Placemark>
      <Placemark>
        <name>المكيلي</name>
        <styleUrl>#icon-1739-DB4436-labelson-nodesc</styleUrl>
        <Point>
          <coordinates>
            44.078393,25.86997,0
          </coordinates>
        </Point>
      </Placemark>
      <Placemark>
        <name>الملقاء</name>
        <styleUrl>#icon-1739-DB4436-labelson-nodesc</styleUrl>
        <Point>
          <coordinates>
            43.973186,25.387967,0
          </coordinates>
        </Point>
      </Placemark>
      <Placemark>
        <name>المندسة</name>
        <styleUrl>#icon-1739-DB4436-labelson-nodesc</styleUrl>
        <Point>
          <coordinates>
            42.410917,24.965551,0
          </coordinates>
        </Point>
      </Placemark>
      <Placemark>
        <name>المهاش</name>
        <styleUrl>#icon-1739-DB4436-labelson-nodesc</styleUrl>
        <Point>
          <coordinates>
            43.242552,25.7444,0
          </coordinates>
        </Point>
      </Placemark>
      <Placemark>
        <name>الناصرية</name>
        <styleUrl>#icon-1739-DB4436-labelson-nodesc</styleUrl>
        <Point>
          <coordinates>
            42.823699,26.020281,0
          </coordinates>
        </Point>
      </Placemark>
      <Placemark>
        <name>الناصفة</name>
        <styleUrl>#icon-1739-DB4436-labelson-nodesc</styleUrl>
        <Point>
          <coordinates>
            43.035572,25.776844,0
          </coordinates>
        </Point>
      </Placemark>
      <Placemark>
        <name>الناعمة</name>
        <styleUrl>#icon-1739-DB4436-labelson-nodesc</styleUrl>
        <Point>
          <coordinates>
            42.856121,25.451803,0
          </coordinates>
        </Point>
      </Placemark>
      <Placemark>
        <name>النبقية</name>
        <styleUrl>#icon-1739-DB4436-labelson-nodesc</styleUrl>
        <Point>
          <coordinates>
            44.298248,26.497736,0
          </coordinates>
        </Point>
      </Placemark>
      <Placemark>
        <name>النبهانية</name>
        <styleUrl>#icon-1739-DB4436-labelson-nodesc</styleUrl>
        <Point>
          <coordinates>
            43.066235,25.862525,0
          </coordinates>
        </Point>
      </Placemark>
      <Placemark>
        <name>النجبة</name>
        <styleUrl>#icon-1739-DB4436-labelson-nodesc</styleUrl>
        <Point>
          <coordinates>
            42.736301,26.600347,0
          </coordinates>
        </Point>
      </Placemark>
      <Placemark>
        <name>النعايم</name>
        <styleUrl>#icon-1739-DB4436-labelson-nodesc</styleUrl>
        <Point>
          <coordinates>
            43.943768,25.603123,0
          </coordinates>
        </Point>
      </Placemark>
      <Placemark>
        <name>النغابق</name>
        <styleUrl>#icon-1739-DB4436-labelson-nodesc</styleUrl>
        <Point>
          <coordinates>
            43.763695,26.850243,0
          </coordinates>
        </Point>
      </Placemark>
      <Placemark>
        <name>النقرة</name>
        <styleUrl>#icon-1739-DB4436-labelson-nodesc</styleUrl>
        <Point>
          <coordinates>
            41.446331,25.582051,0
          </coordinates>
        </Point>
      </Placemark>
      <Placemark>
        <name>النمرية</name>
        <styleUrl>#icon-1739-DB4436-labelson-nodesc</styleUrl>
        <Point>
          <coordinates>
            42.338304,26.39358,0
          </coordinates>
        </Point>
      </Placemark>
      <Placemark>
        <name>النومانية</name>
        <styleUrl>#icon-1739-DB4436-labelson-nodesc</styleUrl>
        <Point>
          <coordinates>
            42.597427,25.972881,0
          </coordinates>
        </Point>
      </Placemark>
      <Placemark>
        <name>النويصفة</name>
        <styleUrl>#icon-1739-DB4436-labelson-nodesc</styleUrl>
        <Point>
          <coordinates>
            42.880497,25.421312,0
          </coordinates>
        </Point>
      </Placemark>
      <Placemark>
        <name>الهبيرية</name>
        <styleUrl>#icon-1739-DB4436-labelson-nodesc</styleUrl>
        <Point>
          <coordinates>
            42.479174,26.20868,0
          </coordinates>
        </Point>
      </Placemark>
      <Placemark>
        <name>الهبيرية</name>
        <styleUrl>#icon-1739-DB4436-labelson-nodesc</styleUrl>
        <Point>
          <coordinates>
            43.531158,27.446101,0
          </coordinates>
        </Point>
      </Placemark>
      <Placemark>
        <name>الهبيرية القديمة</name>
        <styleUrl>#icon-1739-DB4436-labelson-nodesc</styleUrl>
        <Point>
          <coordinates>
            42.449906,26.25977,0
          </coordinates>
        </Point>
      </Placemark>
      <Placemark>
        <name>الهتيمية</name>
        <styleUrl>#icon-1739-DB4436-labelson-nodesc</styleUrl>
        <Point>
          <coordinates>
            42.327061,24.78668,0
          </coordinates>
        </Point>
      </Placemark>
      <Placemark>
        <name>الهلالية</name>
        <styleUrl>#icon-1739-DB4436-labelson-nodesc</styleUrl>
        <Point>
          <coordinates>
            43.677564,26.122763,0
          </coordinates>
        </Point>
      </Placemark>
      <Placemark>
        <name>الهمجة</name>
        <styleUrl>#icon-1739-DB4436-labelson-nodesc</styleUrl>
        <Point>
          <coordinates>
            43.06926,25.494096,0
          </coordinates>
        </Point>
      </Placemark>
      <Placemark>
        <name>الهميلية</name>
        <styleUrl>#icon-1739-DB4436-labelson-nodesc</styleUrl>
        <Point>
          <coordinates>
            41.905782,25.606964,0
          </coordinates>
        </Point>
      </Placemark>
      <Placemark>
        <name>الهواوية</name>
        <styleUrl>#icon-1739-DB4436-labelson-nodesc</styleUrl>
        <Point>
          <coordinates>
            42.88378,24.649994,0
          </coordinates>
        </Point>
      </Placemark>
      <Placemark>
        <name>الهيشة</name>
        <styleUrl>#icon-1739-DB4436-labelson-nodesc</styleUrl>
        <Point>
          <coordinates>
            44.188342,25.843363,0
          </coordinates>
        </Point>
      </Placemark>
      <Placemark>
        <name>الوثرة</name>
        <styleUrl>#icon-1739-DB4436-labelson-nodesc</styleUrl>
        <Point>
          <coordinates>
            43.673615,26.533484,0
          </coordinates>
        </Point>
      </Placemark>
      <Placemark>
        <name>الوسق</name>
        <styleUrl>#icon-1739-DB4436-labelson-nodesc</styleUrl>
        <Point>
          <coordinates>
            42.35193,26.013179,0
          </coordinates>
        </Point>
      </Placemark>
      <Placemark>
        <name>الوسيطاء</name>
        <styleUrl>#icon-1739-DB4436-labelson-nodesc</styleUrl>
        <Point>
          <coordinates>
            43.055162,25.975585,0
          </coordinates>
        </Point>
      </Placemark>
      <Placemark>
        <name>الوسيطاء</name>
        <styleUrl>#icon-1739-DB4436-labelson-nodesc</styleUrl>
        <Point>
          <coordinates>
            43.384988,25.665672,0
          </coordinates>
        </Point>
      </Placemark>
      <Placemark>
        <name>الوسيطاء</name>
        <styleUrl>#icon-1739-DB4436-labelson-nodesc</styleUrl>
        <Point>
          <coordinates>
            43.616281,26.259899,0
          </coordinates>
        </Point>
      </Placemark>
      <Placemark>
        <name>الوسيطاء</name>
        <styleUrl>#icon-1739-DB4436-labelson-nodesc</styleUrl>
        <Point>
          <coordinates>
            42.527711,25.243986,0
          </coordinates>
        </Point>
      </Placemark>
      <Placemark>
        <name>الوسيطة</name>
        <styleUrl>#icon-1739-DB4436-labelson-nodesc</styleUrl>
        <Point>
          <coordinates>
            43.165112,26.033671,0
          </coordinates>
        </Point>
      </Placemark>
      <Placemark>
        <name>الوسيطة</name>
        <styleUrl>#icon-1739-DB4436-labelson-nodesc</styleUrl>
        <Point>
          <coordinates>
            43.409665,25.237033,0
          </coordinates>
        </Point>
      </Placemark>
      <Placemark>
        <name>الوطاة</name>
        <styleUrl>#icon-1739-DB4436-labelson-nodesc</styleUrl>
        <Point>
          <coordinates>
            42.573051,25.528107,0
          </coordinates>
        </Point>
      </Placemark>
      <Placemark>
        <name>الوطاة</name>
        <styleUrl>#icon-1739-DB4436-labelson-nodesc</styleUrl>
        <Point>
          <coordinates>
            43.928061,26.503379,0
          </coordinates>
        </Point>
      </Placemark>
      <Placemark>
        <name>ام العراد</name>
        <styleUrl>#icon-1739-DB4436-labelson-nodesc</styleUrl>
        <Point>
          <coordinates>
            42.750206,26.455936,0
          </coordinates>
        </Point>
      </Placemark>
      <Placemark>
        <name>ام برقة</name>
        <styleUrl>#icon-1739-DB4436-labelson-nodesc</styleUrl>
        <Point>
          <coordinates>
            42.774711,25.345824,0
          </coordinates>
        </Point>
      </Placemark>
      <Placemark>
        <name>ام حرملة</name>
        <styleUrl>#icon-1739-DB4436-labelson-nodesc</styleUrl>
        <Point>
          <coordinates>
            42.800138,25.373676,0
          </coordinates>
        </Point>
      </Placemark>
      <Placemark>
        <name>ام خط</name>
        <styleUrl>#icon-1739-DB4436-labelson-nodesc</styleUrl>
        <Point>
          <coordinates>
            42.558739,25.138028,0
          </coordinates>
        </Point>
      </Placemark>
      <Placemark>
        <name>ام ساروت</name>
        <styleUrl>#icon-1739-DB4436-labelson-nodesc</styleUrl>
        <Point>
          <coordinates>
            43.429813,27.451959,0
          </coordinates>
        </Point>
      </Placemark>
      <Placemark>
        <name>ام سنون</name>
        <styleUrl>#icon-1739-DB4436-labelson-nodesc</styleUrl>
        <Point>
          <coordinates>
            43.393979,25.322306,0
          </coordinates>
        </Point>
      </Placemark>
      <Placemark>
        <name>ام صفيح</name>
        <styleUrl>#icon-1739-DB4436-labelson-nodesc</styleUrl>
        <Point>
          <coordinates>
            42.801297,25.286021,0
          </coordinates>
        </Point>
      </Placemark>
      <Placemark>
        <name>ام مكرية</name>
        <styleUrl>#icon-1739-DB4436-labelson-nodesc</styleUrl>
        <Point>
          <coordinates>
            43.57285,26.865113,0
          </coordinates>
        </Point>
      </Placemark>
      <Placemark>
        <name>امباري</name>
        <styleUrl>#icon-1739-DB4436-labelson-nodesc</styleUrl>
        <Point>
          <coordinates>
            42.2399,26.055386,0
          </coordinates>
        </Point>
      </Placemark>
      <Placemark>
        <name>بئر ضبيعة</name>
        <styleUrl>#icon-1739-DB4436-labelson-nodesc</styleUrl>
        <Point>
          <coordinates>
            42.899229,25.43601,0
          </coordinates>
        </Point>
      </Placemark>
      <Placemark>
        <name>باينة</name>
        <styleUrl>#icon-1739-DB4436-labelson-nodesc</styleUrl>
        <Point>
          <coordinates>
            43.12947,24.704154,0
          </coordinates>
        </Point>
      </Placemark>
      <Placemark>
        <name>بدائع الضبطان</name>
        <styleUrl>#icon-1739-DB4436-labelson-nodesc</styleUrl>
        <Point>
          <coordinates>
            42.94457,24.973791,0
          </coordinates>
        </Point>
      </Placemark>
      <Placemark>
        <name>بدائع المكحول</name>
        <styleUrl>#icon-1739-DB4436-labelson-nodesc</styleUrl>
        <Point>
          <coordinates>
            42.565327,26.588459,0
          </coordinates>
        </Point>
      </Placemark>
      <Placemark>
        <name>بدائع ريمان</name>
        <styleUrl>#icon-1739-DB4436-labelson-nodesc</styleUrl>
        <Point>
          <coordinates>
            42.688515,25.084684,0
          </coordinates>
        </Point>
      </Placemark>
      <Placemark>
        <name>بدائع مشرفة</name>
        <styleUrl>#icon-1739-DB4436-labelson-nodesc</styleUrl>
        <Point>
          <coordinates>
            42.699394,25.04885,0
          </coordinates>
        </Point>
      </Placemark>
      <Placemark>
        <name>بدائع هويشلة</name>
        <styleUrl>#icon-1739-DB4436-labelson-nodesc</styleUrl>
        <Point>
          <coordinates>
            42.760334,24.635232,0
          </coordinates>
        </Point>
      </Placemark>
      <Placemark>
        <name>بدايع الصغوى</name>
        <styleUrl>#icon-1739-DB4436-labelson-nodesc</styleUrl>
        <Point>
          <coordinates>
            42.727547,26.730938,0
          </coordinates>
        </Point>
      </Placemark>
      <Placemark>
        <name>بدرة</name>
        <styleUrl>#icon-1739-DB4436-labelson-nodesc</styleUrl>
        <Point>
          <coordinates>
            42.556765,25.128393,0
          </coordinates>
        </Point>
      </Placemark>
      <Placemark>
        <name>بقيعاء</name>
        <styleUrl>#icon-1739-DB4436-labelson-nodesc</styleUrl>
        <Point>
          <coordinates>
            42.934227,26.316204,0
          </coordinates>
        </Point>
      </Placemark>
      <Placemark>
        <name>بقيعاء</name>
        <styleUrl>#icon-1739-DB4436-labelson-nodesc</styleUrl>
        <Point>
          <coordinates>
            42.998772,25.049708,0
          </coordinates>
        </Point>
      </Placemark>
      <Placemark>
        <name>بقيعاء اللعاعة</name>
        <styleUrl>#icon-1739-DB4436-labelson-nodesc</styleUrl>
        <Point>
          <coordinates>
            43.148482,25.084169,0
          </coordinates>
        </Point>
      </Placemark>
      <Placemark>
        <name>بيضاء نثيل</name>
        <styleUrl>#icon-1739-DB4436-labelson-nodesc</styleUrl>
        <Point>
          <coordinates>
            42.882664,25.217013,0
          </coordinates>
        </Point>
      </Placemark>
      <Placemark>
        <name>ثادج</name>
        <styleUrl>#icon-1739-DB4436-labelson-nodesc</styleUrl>
        <Point>
          <coordinates>
            42.803121,25.858169,0
          </coordinates>
        </Point>
      </Placemark>
      <Placemark>
        <name>ثويدج</name>
        <styleUrl>#icon-1739-DB4436-labelson-nodesc</styleUrl>
        <Point>
          <coordinates>
            42.79428,25.802808,0
          </coordinates>
        </Point>
      </Placemark>
      <Placemark>
        <name>جبيرة</name>
        <styleUrl>#icon-1739-DB4436-labelson-nodesc</styleUrl>
        <Point>
          <coordinates>
            41.812334,25.392129,0
          </coordinates>
        </Point>
      </Placemark>
      <Placemark>
        <name>جديد</name>
        <styleUrl>#icon-1739-DB4436-labelson-nodesc</styleUrl>
        <Point>
          <coordinates>
            42.200546,26.00069,0
          </coordinates>
        </Point>
      </Placemark>
      <Placemark>
        <name>جرار</name>
        <styleUrl>#icon-1739-DB4436-labelson-nodesc</styleUrl>
        <Point>
          <coordinates>
            42.422504,26.349721,0
          </coordinates>
        </Point>
      </Placemark>
      <Placemark>
        <name>جردة البريكة</name>
        <styleUrl>#icon-1739-DB4436-labelson-nodesc</styleUrl>
        <Point>
          <coordinates>
            43.811095,25.989833,0
          </coordinates>
        </Point>
      </Placemark>
      <Placemark>
        <name>جريثم</name>
        <styleUrl>#icon-1739-DB4436-labelson-nodesc</styleUrl>
        <Point>
          <coordinates>
            42.879982,26.568332,0
          </coordinates>
        </Point>
      </Placemark>
      <Placemark>
        <name>جفرة</name>
        <styleUrl>#icon-1739-DB4436-labelson-nodesc</styleUrl>
        <Point>
          <coordinates>
            42.545285,24.680636,0
          </coordinates>
        </Point>
      </Placemark>
      <Placemark>
        <name>جفرة الجديدة</name>
        <styleUrl>#icon-1739-DB4436-labelson-nodesc</styleUrl>
        <Point>
          <coordinates>
            42.536144,24.730053,0
          </coordinates>
        </Point>
      </Placemark>
      <Placemark>
        <name>حليسة</name>
        <styleUrl>#icon-1739-DB4436-labelson-nodesc</styleUrl>
        <Point>
          <coordinates>
            43.424599,25.495105,0
          </coordinates>
        </Point>
      </Placemark>
      <Placemark>
        <name>حليوة</name>
        <styleUrl>#icon-1739-DB4436-labelson-nodesc</styleUrl>
        <Point>
          <coordinates>
            43.129706,24.607615,0
          </coordinates>
        </Point>
      </Placemark>
      <Placemark>
        <name>حنيضل</name>
        <styleUrl>#icon-1739-DB4436-labelson-nodesc</styleUrl>
        <Point>
          <coordinates>
            44.098606,26.977122,0
          </coordinates>
        </Point>
      </Placemark>
      <Placemark>
        <name>خريمان</name>
        <styleUrl>#icon-1739-DB4436-labelson-nodesc</styleUrl>
        <Point>
          <coordinates>
            44.16182,25.508666,0
          </coordinates>
        </Point>
      </Placemark>
      <Placemark>
        <name>خريمان الأشقر</name>
        <styleUrl>#icon-1739-DB4436-labelson-nodesc</styleUrl>
        <Point>
          <coordinates>
            44.144912,25.488195,0
          </coordinates>
        </Point>
      </Placemark>
      <Placemark>
        <name>خريمان الشمالية</name>
        <styleUrl>#icon-1739-DB4436-labelson-nodesc</styleUrl>
        <Point>
          <coordinates>
            44.142337,25.533578,0
          </coordinates>
        </Point>
      </Placemark>
      <Placemark>
        <name>خشيبي الحضر</name>
        <styleUrl>#icon-1739-DB4436-labelson-nodesc</styleUrl>
        <Point>
          <coordinates>
            43.282635,25.766931,0
          </coordinates>
        </Point>
      </Placemark>
      <Placemark>
        <name>خصيبة</name>
        <styleUrl>#icon-1739-DB4436-labelson-nodesc</styleUrl>
        <Point>
          <coordinates>
            44.146864,26.881764,0
          </coordinates>
        </Point>
      </Placemark>
      <Placemark>
        <name>خضراء</name>
        <styleUrl>#icon-1739-DB4436-labelson-nodesc</styleUrl>
        <Point>
          <coordinates>
            42.997334,25.495512,0
          </coordinates>
        </Point>
      </Placemark>
      <Placemark>
        <name>دخنة</name>
        <styleUrl>#icon-1739-DB4436-labelson-nodesc</styleUrl>
        <Point>
          <coordinates>
            43.614671,25.352647,0
          </coordinates>
        </Point>
      </Placemark>
      <Placemark>
        <name>درعة</name>
        <styleUrl>#icon-1739-DB4436-labelson-nodesc</styleUrl>
        <Point>
          <coordinates>
            43.557529,25.335546,0
          </coordinates>
        </Point>
      </Placemark>
      <Placemark>
        <name>دريميحة</name>
        <styleUrl>#icon-1739-DB4436-labelson-nodesc</styleUrl>
        <Point>
          <coordinates>
            43.125415,26.189024,0
          </coordinates>
        </Point>
      </Placemark>
      <Placemark>
        <name>دهيماء</name>
        <styleUrl>#icon-1739-DB4436-labelson-nodesc</styleUrl>
        <Point>
          <coordinates>
            43.837531,25.528793,0
          </coordinates>
        </Point>
      </Placemark>
      <Placemark>
        <name>دوبح</name>
        <styleUrl>#icon-1739-DB4436-labelson-nodesc</styleUrl>
        <Point>
          <coordinates>
            42.274232,25.633786,0
          </coordinates>
        </Point>
      </Placemark>
      <Placemark>
        <name>ديم</name>
        <styleUrl>#icon-1739-DB4436-labelson-nodesc</styleUrl>
        <Point>
          <coordinates>
            41.817055,25.711441,0
          </coordinates>
        </Point>
      </Placemark>
      <Placemark>
        <name>ذوقان الركايا</name>
        <styleUrl>#icon-1739-DB4436-labelson-nodesc</styleUrl>
        <Point>
          <coordinates>
            41.992278,25.86643,0
          </coordinates>
        </Point>
      </Placemark>
      <Placemark>
        <name>ذويبة</name>
        <styleUrl>#icon-1739-DB4436-labelson-nodesc</styleUrl>
        <Point>
          <coordinates>
            43.172879,26.02674,0
          </coordinates>
        </Point>
      </Placemark>
      <Placemark>
        <name>رامة</name>
        <styleUrl>#icon-1739-DB4436-labelson-nodesc</styleUrl>
        <Point>
          <coordinates>
            43.740671,25.823343,0
          </coordinates>
        </Point>
      </Placemark>
      <Placemark>
        <name>ربيدا</name>
        <styleUrl>#icon-1739-DB4436-labelson-nodesc</styleUrl>
        <Point>
          <coordinates>
            42.723813,24.984477,0
          </coordinates>
        </Point>
      </Placemark>
      <Placemark>
        <name>ربيق</name>
        <styleUrl>#icon-1739-DB4436-labelson-nodesc</styleUrl>
        <Point>
          <coordinates>
            43.875725,25.45013,0
          </coordinates>
        </Point>
      </Placemark>
      <Placemark>
        <name>رشيدة</name>
        <styleUrl>#icon-1739-DB4436-labelson-nodesc</styleUrl>
        <Point>
          <coordinates>
            42.532818,25.029237,0
          </coordinates>
        </Point>
      </Placemark>
      <Placemark>
        <name>رضيمة اعيلة</name>
        <styleUrl>#icon-1739-DB4436-labelson-nodesc</styleUrl>
        <Point>
          <coordinates>
            43.594608,25.485599,0
          </coordinates>
        </Point>
      </Placemark>
      <Placemark>
        <name>رغيلة</name>
        <styleUrl>#icon-1739-DB4436-labelson-nodesc</styleUrl>
        <Point>
          <coordinates>
            43.794014,26.239171,0
          </coordinates>
        </Point>
      </Placemark>
      <Placemark>
        <name>رفائع الحجرة</name>
        <styleUrl>#icon-1739-DB4436-labelson-nodesc</styleUrl>
        <Point>
          <coordinates>
            42.58215,25.32074,0
          </coordinates>
        </Point>
      </Placemark>
      <Placemark>
        <name>رفائع الحميمة</name>
        <styleUrl>#icon-1739-DB4436-labelson-nodesc</styleUrl>
        <Point>
          <coordinates>
            43.097563,25.514481,0
          </coordinates>
        </Point>
      </Placemark>
      <Placemark>
        <name>رفائع اللهيب</name>
        <styleUrl>#icon-1739-DB4436-labelson-nodesc</styleUrl>
        <Point>
          <coordinates>
            42.819386,25.207272,0
          </coordinates>
        </Point>
      </Placemark>
      <Placemark>
        <name>رفائع مطربة</name>
        <styleUrl>#icon-1739-DB4436-labelson-nodesc</styleUrl>
        <Point>
          <coordinates>
            42.228527,25.512722,0
          </coordinates>
        </Point>
      </Placemark>
      <Placemark>
        <name>رفايع النجج</name>
        <styleUrl>#icon-1739-DB4436-labelson-nodesc</styleUrl>
        <Point>
          <coordinates>
            42.402012,24.912508,0
          </coordinates>
        </Point>
      </Placemark>
      <Placemark>
        <name>رفايع عطا</name>
        <styleUrl>#icon-1739-DB4436-labelson-nodesc</styleUrl>
        <Point>
          <coordinates>
            42.69978,25.714917,0
          </coordinates>
        </Point>
      </Placemark>
      <Placemark>
        <name>روض الجوا</name>
        <styleUrl>#icon-1739-DB4436-labelson-nodesc</styleUrl>
        <Point>
          <coordinates>
            43.573945,26.529257,0
          </coordinates>
        </Point>
      </Placemark>
      <Placemark>
        <name>روضة الحسو</name>
        <styleUrl>#icon-1739-DB4436-labelson-nodesc</styleUrl>
        <Point>
          <coordinates>
            44.318526,25.809803,0
          </coordinates>
        </Point>
      </Placemark>
      <Placemark>
        <name>روضة الوسق</name>
        <styleUrl>#icon-1739-DB4436-labelson-nodesc</styleUrl>
        <Point>
          <coordinates>
            42.858417,25.468905,0
          </coordinates>
        </Point>
      </Placemark>
      <Placemark>
        <name>روضة الشقيقة</name>
        <styleUrl>#icon-1739-DB4436-labelson-nodesc</styleUrl>
        <Point>
          <coordinates>
            44.182377,25.645866,0
          </coordinates>
        </Point>
      </Placemark>
      <Placemark>
        <name>روضة اللواف</name>
        <styleUrl>#icon-1739-DB4436-labelson-nodesc</styleUrl>
        <Point>
          <coordinates>
            44.265547,25.945158,0
          </coordinates>
        </Point>
      </Placemark>
      <Placemark>
        <name>روضة طليحة</name>
        <styleUrl>#icon-1739-DB4436-labelson-nodesc</styleUrl>
        <Point>
          <coordinates>
            43.254676,27.409859,0
          </coordinates>
        </Point>
      </Placemark>
      <Placemark>
        <name>روضة عتيق</name>
        <styleUrl>#icon-1739-DB4436-labelson-nodesc</styleUrl>
        <Point>
          <coordinates>
            44.20877,25.915847,0
          </coordinates>
        </Point>
      </Placemark>
      <Placemark>
        <name>روضة عسعس</name>
        <styleUrl>#icon-1739-DB4436-labelson-nodesc</styleUrl>
        <Point>
          <coordinates>
            42.957487,24.549379,0
          </coordinates>
        </Point>
      </Placemark>
      <Placemark>
        <name>روضة قرادان</name>
        <styleUrl>#icon-1739-DB4436-labelson-nodesc</styleUrl>
        <Point>
          <coordinates>
            42.882814,25.908551,0
          </coordinates>
        </Point>
      </Placemark>
      <Placemark>
        <name>رياض الخبراء</name>
        <styleUrl>#icon-1739-DB4436-labelson-nodesc</styleUrl>
        <Point>
          <coordinates>
            43.56343,26.05794,0
          </coordinates>
        </Point>
      </Placemark>
      <Placemark>
        <name>زهلولة</name>
        <styleUrl>#icon-1739-DB4436-labelson-nodesc</styleUrl>
        <Point>
          <coordinates>
            44.085796,26.430509,0
          </coordinates>
        </Point>
      </Placemark>
      <Placemark>
        <name>ساق الجوى</name>
        <styleUrl>#icon-1739-DB4436-labelson-nodesc</styleUrl>
        <Point>
          <coordinates>
            43.276348,26.321182,0
          </coordinates>
        </Point>
      </Placemark>
      <Placemark>
        <name>سامودة</name>
        <styleUrl>#icon-1739-DB4436-labelson-nodesc</styleUrl>
        <Point>
          <coordinates>
            43.89287,25.424187,0
          </coordinates>
        </Point>
      </Placemark>
      <Placemark>
        <name>سامودة</name>
        <styleUrl>#icon-1739-DB4436-labelson-nodesc</styleUrl>
        <Point>
          <coordinates>
            43.099816,25.499976,0
          </coordinates>
        </Point>
      </Placemark>
      <Placemark>
        <name>سلام</name>
        <styleUrl>#icon-1739-DB4436-labelson-nodesc</styleUrl>
        <Point>
          <coordinates>
            43.128033,24.746597,0
          </coordinates>
        </Point>
      </Placemark>
      <Placemark>
        <name>سمحة</name>
        <styleUrl>#icon-1739-DB4436-labelson-nodesc</styleUrl>
        <Point>
          <coordinates>
            43.367414,25.48605,0
          </coordinates>
        </Point>
      </Placemark>
      <Placemark>
        <name>سميراء قطن</name>
        <styleUrl>#icon-1739-DB4436-labelson-nodesc</styleUrl>
        <Point>
          <coordinates>
            42.381799,25.975542,0
          </coordinates>
        </Point>
      </Placemark>
      <Placemark>
        <name>شري</name>
        <styleUrl>#icon-1739-DB4436-labelson-nodesc</styleUrl>
        <Point>
          <coordinates>
            43.400073,27.255085,0
          </coordinates>
        </Point>
      </Placemark>
      <Placemark>
        <name>شعيب الحمر</name>
        <styleUrl>#icon-1739-DB4436-labelson-nodesc</styleUrl>
        <Point>
          <coordinates>
            43.048596,26.062639,0
          </coordinates>
        </Point>
      </Placemark>
      <Placemark>
        <name>شعيلة</name>
        <styleUrl>#icon-1739-DB4436-labelson-nodesc</styleUrl>
        <Point>
          <coordinates>
            43.116767,26.098881,0
          </coordinates>
        </Point>
      </Placemark>
      <Placemark>
        <name>صبيح</name>
        <styleUrl>#icon-1739-DB4436-labelson-nodesc</styleUrl>
        <Point>
          <coordinates>
            43.02907,26.015282,0
          </coordinates>
        </Point>
      </Placemark>
      <Placemark>
        <name>صخيبرة</name>
        <styleUrl>#icon-1739-DB4436-labelson-nodesc</styleUrl>
        <Point>
          <coordinates>
            41.964726,25.463326,0
          </coordinates>
        </Point>
      </Placemark>
      <Placemark>
        <name>صعينين</name>
        <styleUrl>#icon-1739-DB4436-labelson-nodesc</styleUrl>
        <Point>
          <coordinates>
            42.543247,25.182917,0
          </coordinates>
        </Point>
      </Placemark>
      <Placemark>
        <name>صميعر</name>
        <styleUrl>#icon-1739-DB4436-labelson-nodesc</styleUrl>
        <Point>
          <coordinates>
            42.89835,24.864206,0
          </coordinates>
        </Point>
      </Placemark>
      <Placemark>
        <name>ضبيعة</name>
        <styleUrl>#icon-1739-DB4436-labelson-nodesc</styleUrl>
        <Point>
          <coordinates>
            42.409437,26.291399,0
          </coordinates>
        </Point>
      </Placemark>
      <Placemark>
        <name>ضرية</name>
        <styleUrl>#icon-1739-DB4436-labelson-nodesc</styleUrl>
        <Point>
          <coordinates>
            42.930965,24.715312,0
          </coordinates>
        </Point>
      </Placemark>
      <Placemark>
        <name>ضليع</name>
        <styleUrl>#icon-1739-DB4436-labelson-nodesc</styleUrl>
        <Point>
          <coordinates>
            42.87436,25.437341,0
          </coordinates>
        </Point>
      </Placemark>
      <Placemark>
        <name>ضليع رشيد</name>
        <styleUrl>#icon-1739-DB4436-labelson-nodesc</styleUrl>
        <Point>
          <coordinates>
            42.84138,25.504589,0
          </coordinates>
        </Point>
      </Placemark>
      <Placemark>
        <name>ضيدة</name>
        <styleUrl>#icon-1739-DB4436-labelson-nodesc</styleUrl>
        <Point>
          <coordinates>
            43.996811,27.169704,0
          </coordinates>
        </Point>
      </Placemark>
      <Placemark>
        <name>طريف</name>
        <styleUrl>#icon-1739-DB4436-labelson-nodesc</styleUrl>
        <Point>
          <coordinates>
            44.157357,26.827497,0
          </coordinates>
        </Point>
      </Placemark>
      <Placemark>
        <name>طفيلة</name>
        <styleUrl>#icon-1739-DB4436-labelson-nodesc</styleUrl>
        <Point>
          <coordinates>
            43.030336,24.664006,0
          </coordinates>
        </Point>
      </Placemark>
      <Placemark>
        <name>طلابات</name>
        <styleUrl>#icon-1739-DB4436-labelson-nodesc</styleUrl>
        <Point>
          <coordinates>
            43.71887,25.279605,0
          </coordinates>
        </Point>
      </Placemark>
      <Placemark>
        <name>طلحة</name>
        <styleUrl>#icon-1739-DB4436-labelson-nodesc</styleUrl>
        <Point>
          <coordinates>
            43.834569,27.213156,0
          </coordinates>
        </Point>
      </Placemark>
      <Placemark>
        <name>طمينة</name>
        <styleUrl>#icon-1739-DB4436-labelson-nodesc</styleUrl>
        <Point>
          <coordinates>
            42.728062,25.310612,0
          </coordinates>
        </Point>
      </Placemark>
      <Placemark>
        <name>طوال جبيرة</name>
        <styleUrl>#icon-1739-DB4436-labelson-nodesc</styleUrl>
        <Point>
          <coordinates>
            41.916618,25.372238,0
          </coordinates>
        </Point>
      </Placemark>
      <Placemark>
        <name>عدامة كحلة</name>
        <styleUrl>#icon-1739-DB4436-labelson-nodesc</styleUrl>
        <Point>
          <coordinates>
            42.69948,25.522699,0
          </coordinates>
        </Point>
      </Placemark>
      <Placemark>
        <name>عريفجان ساحوق</name>
        <styleUrl>#icon-1739-DB4436-labelson-nodesc</styleUrl>
        <Point>
          <coordinates>
            42.029829,25.362475,0
          </coordinates>
        </Point>
      </Placemark>
      <Placemark>
        <name>عسيلان</name>
        <styleUrl>#icon-1739-DB4436-labelson-nodesc</styleUrl>
        <Point>
          <coordinates>
            44.100516,26.479905,0
          </coordinates>
        </Point>
      </Placemark>
      <Placemark>
        <name>عسيلة</name>
        <styleUrl>#icon-1739-DB4436-labelson-nodesc</styleUrl>
        <Point>
          <coordinates>
            42.82505,26.567345,0
          </coordinates>
        </Point>
      </Placemark>
      <Placemark>
        <name>عشيرة</name>
        <styleUrl>#icon-1739-DB4436-labelson-nodesc</styleUrl>
        <Point>
          <coordinates>
            43.501074,25.65799,0
          </coordinates>
        </Point>
      </Placemark>
      <Placemark>
        <name>عطا</name>
        <styleUrl>#icon-1739-DB4436-labelson-nodesc</styleUrl>
        <Point>
          <coordinates>
            42.72656,25.709896,0
          </coordinates>
        </Point>
      </Placemark>
      <Placemark>
        <name>عطي</name>
        <styleUrl>#icon-1739-DB4436-labelson-nodesc</styleUrl>
        <Point>
          <coordinates>
            42.769389,25.755472,0
          </coordinates>
        </Point>
      </Placemark>
      <Placemark>
        <name>عقلة الصقور</name>
        <styleUrl>#icon-1739-DB4436-labelson-nodesc</styleUrl>
        <Point>
          <coordinates>
            42.205868,25.829029,0
          </coordinates>
        </Point>
      </Placemark>
      <Placemark>
        <name>علباء</name>
        <styleUrl>#icon-1739-DB4436-labelson-nodesc</styleUrl>
        <Point>
          <coordinates>
            43.847573,25.486929,0
          </coordinates>
        </Point>
      </Placemark>
      <Placemark>
        <name>علباء الجديدة</name>
        <styleUrl>#icon-1739-DB4436-labelson-nodesc</styleUrl>
        <Point>
          <coordinates>
            43.894072,25.590034,0
          </coordinates>
        </Point>
      </Placemark>
      <Placemark>
        <name>عماير سعيدة</name>
        <styleUrl>#icon-1739-DB4436-labelson-nodesc</styleUrl>
        <Point>
          <coordinates>
            41.955199,25.829394,0
          </coordinates>
        </Point>
      </Placemark>
      <Placemark>
        <name>عنيزة</name>
        <styleUrl>#icon-1739-DB4436-labelson-nodesc</styleUrl>
        <Point>
          <coordinates>
            43.987541,26.090941,0
          </coordinates>
        </Point>
      </Placemark>
      <Placemark>
        <name>عيدة</name>
        <styleUrl>#icon-1739-DB4436-labelson-nodesc</styleUrl>
        <Point>
          <coordinates>
            42.709179,24.802837,0
          </coordinates>
        </Point>
      </Placemark>
      <Placemark>
        <name>عين ابن فهيد</name>
        <styleUrl>#icon-1739-DB4436-labelson-nodesc</styleUrl>
        <Point>
          <coordinates>
            44.216495,26.775227,0
          </coordinates>
        </Point>
      </Placemark>
      <Placemark>
        <name>عيون الجوا</name>
        <styleUrl>#icon-1739-DB4436-labelson-nodesc</styleUrl>
        <Point>
          <coordinates>
            43.625314,26.49235,0
          </coordinates>
        </Point>
      </Placemark>
      <Placemark>
        <name>غاف الجواء</name>
        <styleUrl>#icon-1739-DB4436-labelson-nodesc</styleUrl>
        <Point>
          <coordinates>
            43.60317,26.533828,0
          </coordinates>
        </Point>
      </Placemark>
      <Placemark>
        <name>غضي</name>
        <styleUrl>#icon-1739-DB4436-labelson-nodesc</styleUrl>
        <Point>
          <coordinates>
            43.406038,26.891978,0
          </coordinates>
        </Point>
      </Placemark>
      <Placemark>
        <name>غضي</name>
        <styleUrl>#icon-1739-DB4436-labelson-nodesc</styleUrl>
        <Point>
          <coordinates>
            43.719213,26.395748,0
          </coordinates>
        </Point>
      </Placemark>
      <Placemark>
        <name>غين الربعي</name>
        <styleUrl>#icon-1739-DB4436-labelson-nodesc</styleUrl>
        <Point>
          <coordinates>
            44.057922,26.406498,0
          </coordinates>
        </Point>
      </Placemark>
      <Placemark>
        <name>فياضة</name>
        <styleUrl>#icon-1739-DB4436-labelson-nodesc</styleUrl>
        <Point>
          <coordinates>
            42.72701,25.517271,0
          </coordinates>
        </Point>
      </Placemark>
      <Placemark>
        <name>فيضة الحمر</name>
        <styleUrl>#icon-1739-DB4436-labelson-nodesc</styleUrl>
        <Point>
          <coordinates>
            43.125458,25.821412,0
          </coordinates>
        </Point>
      </Placemark>
      <Placemark>
        <name>فيضة الريشية</name>
        <styleUrl>#icon-1739-DB4436-labelson-nodesc</styleUrl>
        <Point>
          <coordinates>
            42.386906,25.050137,0
          </coordinates>
        </Point>
      </Placemark>
      <Placemark>
        <name>فيضة الشعب</name>
        <styleUrl>#icon-1739-DB4436-labelson-nodesc</styleUrl>
        <Point>
          <coordinates>
            42.68343,25.466716,0
          </coordinates>
        </Point>
      </Placemark>
      <Placemark>
        <name>فيضة ام عمائر</name>
        <styleUrl>#icon-1739-DB4436-labelson-nodesc</styleUrl>
        <Point>
          <coordinates>
            43.313942,27.195625,0
          </coordinates>
        </Point>
      </Placemark>
      <Placemark>
        <name>فيضة ذيبان</name>
        <styleUrl>#icon-1739-DB4436-labelson-nodesc</styleUrl>
        <Point>
          <coordinates>
            41.920609,25.87924,0
          </coordinates>
        </Point>
      </Placemark>
      <Placemark>
        <name>فيضة سلام</name>
        <styleUrl>#icon-1739-DB4436-labelson-nodesc</styleUrl>
        <Point>
          <coordinates>
            43.141701,24.782195,0
          </coordinates>
        </Point>
      </Placemark>
      <Placemark>
        <name>فيضة سواج</name>
        <styleUrl>#icon-1739-DB4436-labelson-nodesc</styleUrl>
        <Point>
          <coordinates>
            43.238282,25.120432,0
          </coordinates>
        </Point>
      </Placemark>
      <Placemark>
        <name>فيضة يكلب</name>
        <styleUrl>#icon-1739-DB4436-labelson-nodesc</styleUrl>
        <Point>
          <coordinates>
            43.14949,26.885433,0
          </coordinates>
        </Point>
      </Placemark>
      <Placemark>
        <name>قبة</name>
        <styleUrl>#icon-1739-DB4436-labelson-nodesc</styleUrl>
        <Point>
          <coordinates>
            44.331422,27.398422,0
          </coordinates>
        </Point>
      </Placemark>
      <Placemark>
        <name>قراضية</name>
        <styleUrl>#icon-1739-DB4436-labelson-nodesc</styleUrl>
        <Point>
          <coordinates>
            42.785225,25.422041,0
          </coordinates>
        </Point>
      </Placemark>
      <Placemark>
        <name>قرية ابا الجذوع</name>
        <styleUrl>#icon-1739-DB4436-labelson-nodesc</styleUrl>
        <Point>
          <coordinates>
            44.133582,26.397443,0
          </coordinates>
        </Point>
      </Placemark>
      <Placemark>
        <name>قرية البدع</name>
        <styleUrl>#icon-1739-DB4436-labelson-nodesc</styleUrl>
        <Point>
          <coordinates>
            43.27225,25.962839,0
          </coordinates>
        </Point>
      </Placemark>
      <Placemark>
        <name>قرية خيطان</name>
        <styleUrl>#icon-1739-DB4436-labelson-nodesc</styleUrl>
        <Point>
          <coordinates>
            42.917018,25.587609,0
          </coordinates>
        </Point>
      </Placemark>
      <Placemark>
        <name>قريطة</name>
        <styleUrl>#icon-1739-DB4436-labelson-nodesc</styleUrl>
        <Point>
          <coordinates>
            43.11533,26.010003,0
          </coordinates>
        </Point>
      </Placemark>
      <Placemark>
        <name>قصر ابن عقيل</name>
        <styleUrl>#icon-1739-DB4436-labelson-nodesc</styleUrl>
        <Point>
          <coordinates>
            43.369067,25.837204,0
          </coordinates>
        </Point>
      </Placemark>
      <Placemark>
        <name>قصر البطاح</name>
        <styleUrl>#icon-1739-DB4436-labelson-nodesc</styleUrl>
        <Point>
          <coordinates>
            43.339026,25.839243,0
          </coordinates>
        </Point>
      </Placemark>
      <Placemark>
        <name>قصر البلاجي</name>
        <styleUrl>#icon-1739-DB4436-labelson-nodesc</styleUrl>
        <Point>
          <coordinates>
            43.252144,25.852032,0
          </coordinates>
        </Point>
      </Placemark>
      <Placemark>
        <name>قصر عنتر</name>
        <styleUrl>#icon-1739-DB4436-labelson-nodesc</styleUrl>
        <Point>
          <coordinates>
            43.566713,26.874511,0
          </coordinates>
        </Point>
      </Placemark>
      <Placemark>
        <name>قصر فضل</name>
        <styleUrl>#icon-1739-DB4436-labelson-nodesc</styleUrl>
        <Point>
          <coordinates>
            44.146221,26.020131,0
          </coordinates>
        </Point>
      </Placemark>
      <Placemark>
        <name>قنا</name>
        <styleUrl>#icon-1739-DB4436-labelson-nodesc</styleUrl>
        <Point>
          <coordinates>
            42.287643,26.172738,0
          </coordinates>
        </Point>
      </Placemark>
      <Placemark>
        <name>كبد</name>
        <styleUrl>#icon-1739-DB4436-labelson-nodesc</styleUrl>
        <Point>
          <coordinates>
            43.357973,26.901526,0
          </coordinates>
        </Point>
      </Placemark>
      <Placemark>
        <name>كبيشة</name>
        <styleUrl>#icon-1739-DB4436-labelson-nodesc</styleUrl>
        <Point>
          <coordinates>
            43.201997,24.692609,0
          </coordinates>
        </Point>
      </Placemark>
      <Placemark>
        <name>كحلة</name>
        <styleUrl>#icon-1739-DB4436-labelson-nodesc</styleUrl>
        <Point>
          <coordinates>
            42.645922,26.611075,0
          </coordinates>
        </Point>
      </Placemark>
      <Placemark>
        <name>كحلة</name>
        <styleUrl>#icon-1739-DB4436-labelson-nodesc</styleUrl>
        <Point>
          <coordinates>
            42.693322,25.47251,0
          </coordinates>
        </Point>
      </Placemark>
      <Placemark>
        <name>لميليح</name>
        <styleUrl>#icon-1739-DB4436-labelson-nodesc</styleUrl>
        <Point>
          <coordinates>
            42.385511,25.62531,0
          </coordinates>
        </Point>
      </Placemark>
      <Placemark>
        <name>لوذان</name>
        <styleUrl>#icon-1739-DB4436-labelson-nodesc</styleUrl>
        <Point>
          <coordinates>
            43.319242,26.664741,0
          </coordinates>
        </Point>
      </Placemark>
      <Placemark>
        <name>ليم</name>
        <styleUrl>#icon-1739-DB4436-labelson-nodesc</styleUrl>
        <Point>
          <coordinates>
            43.018277,24.894891,0
          </coordinates>
        </Point>
      </Placemark>
      <Placemark>
        <name>مارونة</name>
        <styleUrl>#icon-1739-DB4436-labelson-nodesc</styleUrl>
        <Point>
          <coordinates>
            42.631609,25.323443,0
          </coordinates>
        </Point>
      </Placemark>
      <Placemark>
        <name>مبهل</name>
        <styleUrl>#icon-1739-DB4436-labelson-nodesc</styleUrl>
        <Point>
          <coordinates>
            42.217219,26.228893,0
          </coordinates>
        </Point>
      </Placemark>
      <Placemark>
        <name>مبهل</name>
        <styleUrl>#icon-1739-DB4436-labelson-nodesc</styleUrl>
        <Point>
          <coordinates>
            43.086491,25.222421,0
          </coordinates>
        </Point>
      </Placemark>
      <Placemark>
        <name>محرقا</name>
        <styleUrl>#icon-1739-DB4436-labelson-nodesc</styleUrl>
        <Point>
          <coordinates>
            42.80355,25.581965,0
          </coordinates>
        </Point>
      </Placemark>
      <Placemark>
        <name>محيوة</name>
        <styleUrl>#icon-1739-DB4436-labelson-nodesc</styleUrl>
        <Point>
          <coordinates>
            42.919185,25.652175,0
          </coordinates>
        </Point>
      </Placemark>
      <Placemark>
        <name>مدرج</name>
        <styleUrl>#icon-1739-DB4436-labelson-nodesc</styleUrl>
        <Point>
          <coordinates>
            43.71784,27.219143,0
          </coordinates>
        </Point>
      </Placemark>
      <Placemark>
        <name>مديسيس</name>
        <styleUrl>#icon-1739-DB4436-labelson-nodesc</styleUrl>
        <Point>
          <coordinates>
            43.430736,25.235209,0
          </coordinates>
        </Point>
      </Placemark>
      <Placemark>
        <name>مراغان</name>
        <styleUrl>#icon-1739-DB4436-labelson-nodesc</styleUrl>
        <Point>
          <coordinates>
            42.815845,26.001034,0
          </coordinates>
        </Point>
      </Placemark>
      <Placemark>
        <name>مريحة</name>
        <styleUrl>#icon-1739-DB4436-labelson-nodesc</styleUrl>
        <Point>
          <coordinates>
            43.253581,26.750872,0
          </coordinates>
        </Point>
      </Placemark>
      <Placemark>
        <name>مزارع القصيم</name>
        <styleUrl>#icon-1739-DB4436-labelson-nodesc</styleUrl>
        <Point>
          <coordinates>
            43.219872,27.057781,0
          </coordinates>
        </Point>
      </Placemark>
      <Placemark>
        <name>مسكة</name>
        <styleUrl>#icon-1739-DB4436-labelson-nodesc</styleUrl>
        <Point>
          <coordinates>
            42.918735,24.822428,0
          </coordinates>
        </Point>
      </Placemark>
      <Placemark>
        <name>مشاش جرود</name>
        <styleUrl>#icon-1739-DB4436-labelson-nodesc</styleUrl>
        <Point>
          <coordinates>
            42.782993,26.559792,0
          </coordinates>
        </Point>
      </Placemark>
      <Placemark>
        <name>مشاش ركيان</name>
        <styleUrl>#icon-1739-DB4436-labelson-nodesc</styleUrl>
        <Point>
          <coordinates>
            42.582407,25.352283,0
          </coordinates>
        </Point>
      </Placemark>
      <Placemark>
        <name>مشرف</name>
        <styleUrl>#icon-1739-DB4436-labelson-nodesc</styleUrl>
        <Point>
          <coordinates>
            44.266813,26.010003,0
          </coordinates>
        </Point>
      </Placemark>
      <Placemark>
        <name>مشرفة</name>
        <styleUrl>#icon-1739-DB4436-labelson-nodesc</styleUrl>
        <Point>
          <coordinates>
            43.340142,26.60702,0
          </coordinates>
        </Point>
      </Placemark>
      <Placemark>
        <name>مشرفة</name>
        <styleUrl>#icon-1739-DB4436-labelson-nodesc</styleUrl>
        <Point>
          <coordinates>
            44.073093,26.678538,0
          </coordinates>
        </Point>
      </Placemark>
      <Placemark>
        <name>مشرفة</name>
        <styleUrl>#icon-1739-DB4436-labelson-nodesc</styleUrl>
        <Point>
          <coordinates>
            43.123097,25.552697,0
          </coordinates>
        </Point>
      </Placemark>
      <Placemark>
        <name>مشرفة عسعس</name>
        <styleUrl>#icon-1739-DB4436-labelson-nodesc</styleUrl>
        <Point>
          <coordinates>
            42.976906,24.573927,0
          </coordinates>
        </Point>
      </Placemark>
      <Placemark>
        <name>مطربة</name>
        <styleUrl>#icon-1739-DB4436-labelson-nodesc</styleUrl>
        <Point>
          <coordinates>
            42.304144,25.489419,0
          </coordinates>
        </Point>
      </Placemark>
      <Placemark>
        <name>مظيفير</name>
        <styleUrl>#icon-1739-DB4436-labelson-nodesc</styleUrl>
        <Point>
          <coordinates>
            43.001518,25.383825,0
          </coordinates>
        </Point>
      </Placemark>
      <Placemark>
        <name>منيزلة</name>
        <styleUrl>#icon-1739-DB4436-labelson-nodesc</styleUrl>
        <Point>
          <coordinates>
            43.683829,25.964448,0
          </coordinates>
        </Point>
      </Placemark>
      <Placemark>
        <name>مهدومة</name>
        <styleUrl>#icon-1739-DB4436-labelson-nodesc</styleUrl>
        <Point>
          <coordinates>
            43.086319,25.689254,0
          </coordinates>
        </Point>
      </Placemark>
      <Placemark>
        <name>مهيضة</name>
        <styleUrl>#icon-1739-DB4436-labelson-nodesc</styleUrl>
        <Point>
          <coordinates>
            42.809665,25.411334,0
          </coordinates>
        </Point>
      </Placemark>
      <Placemark>
        <name>نبيها</name>
        <styleUrl>#icon-1739-DB4436-labelson-nodesc</styleUrl>
        <Point>
          <coordinates>
            43.057759,25.961981,0
          </coordinates>
        </Point>
      </Placemark>
      <Placemark>
        <name>نجخ الجنوبي</name>
        <styleUrl>#icon-1739-DB4436-labelson-nodesc</styleUrl>
        <Point>
          <coordinates>
            42.670341,24.996901,0
          </coordinates>
        </Point>
      </Placemark>
      <Placemark>
        <name>نجخ الشمالي</name>
        <styleUrl>#icon-1739-DB4436-labelson-nodesc</styleUrl>
        <Point>
          <coordinates>
            42.674503,25.014131,0
          </coordinates>
        </Point>
      </Placemark>
      <Placemark>
        <name>نفجة</name>
        <styleUrl>#icon-1739-DB4436-labelson-nodesc</styleUrl>
        <Point>
          <coordinates>
            43.375139,25.662539,0
          </coordinates>
        </Point>
      </Placemark>
      <Placemark>
        <name>نفجة</name>
        <styleUrl>#icon-1739-DB4436-labelson-nodesc</styleUrl>
        <Point>
          <coordinates>
            43.638468,26.190398,0
          </coordinates>
        </Point>
      </Placemark>
      <Placemark>
        <name>هجرة الشايدية</name>
        <styleUrl>#icon-1739-DB4436-labelson-nodesc</styleUrl>
        <Point>
          <coordinates>
            43.183951,25.152168,0
          </coordinates>
        </Point>
      </Placemark>
      <Placemark>
        <name>هجرة المطاق</name>
        <styleUrl>#icon-1739-DB4436-labelson-nodesc</styleUrl>
        <Point>
          <coordinates>
            43.109322,24.767218,0
          </coordinates>
        </Point>
      </Placemark>
      <Placemark>
        <name>هجرة شعيب الدارة</name>
        <styleUrl>#icon-1739-DB4436-labelson-nodesc</styleUrl>
        <Point>
          <coordinates>
            42.243483,25.521648,0
          </coordinates>
        </Point>
      </Placemark>
      <Placemark>
        <name>هجرة قطن القديمة</name>
        <styleUrl>#icon-1739-DB4436-labelson-nodesc</styleUrl>
        <Point>
          <coordinates>
            42.362251,25.969963,0
          </coordinates>
        </Point>
      </Placemark>
      <Placemark>
        <name>هجرة ملاح</name>
        <styleUrl>#icon-1739-DB4436-labelson-nodesc</styleUrl>
        <Point>
          <coordinates>
            42.530093,25.223601,0
          </coordinates>
        </Point>
      </Placemark>
      <Placemark>
        <name>هرمولة</name>
        <styleUrl>#icon-1739-DB4436-labelson-nodesc</styleUrl>
        <Point>
          <coordinates>
            43.09104,24.876094,0
          </coordinates>
        </Point>
      </Placemark>
      <Placemark>
        <name>وتدة</name>
        <styleUrl>#icon-1739-DB4436-labelson-nodesc</styleUrl>
        <Point>
          <coordinates>
            42.094309,26.291313,0
          </coordinates>
        </Point>
      </Placemark>
      <Placemark>
        <name>وتدة الجديدة</name>
        <styleUrl>#icon-1739-DB4436-labelson-nodesc</styleUrl>
        <Point>
          <coordinates>
            42.082851,26.243548,0
          </coordinates>
        </Point>
      </Placemark>
      <Placemark>
        <name>كفت</name>
        <styleUrl>#icon-1739-DB4436-labelson-nodesc</styleUrl>
        <Point>
          <coordinates>
            42.9169075,25.4133877,0
          </coordinates>
        </Point>
      </Placemark>
      <Placemark>
        <name>الخريشاء</name>
        <styleUrl>#icon-1739-DB4436-labelson-nodesc</styleUrl>
        <Point>
          <coordinates>
            42.8280218,25.5821728,0
          </coordinates>
        </Point>
      </Placemark>
      <Placemark>
        <name>وادي النخيل</name>
        <styleUrl>#icon-1739-DB4436-labelson-nodesc</styleUrl>
        <Point>
          <coordinates>
            42.8233693,25.4238161,0
          </coordinates>
        </Point>
      </Placemark>
      <Placemark>
        <name>الطلعة</name>
        <styleUrl>#icon-1739-DB4436-labelson-nodesc</styleUrl>
        <Point>
          <coordinates>
            44.0842548,25.8652153,0
          </coordinates>
        </Point>
      </Placemark>
      <Placemark>
        <name>الجرارية</name>
        <styleUrl>#icon-1739-DB4436-labelson-nodesc</styleUrl>
        <Point>
          <coordinates>
            42.9052098,25.4962889,0
          </coordinates>
        </Point>
      </Placemark>
      <Placemark>
        <name>فيضة الاخيضر</name>
        <styleUrl>#icon-1739-DB4436-labelson-nodesc</styleUrl>
        <Point>
          <coordinates>
            42.8814717,25.5255503,0
          </coordinates>
        </Point>
      </Placemark>
    </Folder>
  </Document>
</kml>
