<?xml version="1.0" encoding="UTF-8"?>
<kml xmlns="http://www.opengis.net/kml/2.2">
  <Document>
    <name>خريطة الجوف البرية</name>
    <description><![CDATA[نتمنى ترك المتنزهات والبراري نظيفة بعد مغادرتها ليصبح المكان أكثر جمالاً.<br>توضيح الوان النقاط في الخريطة :<br>الاحمر : أسماء مدن - محافظات - قرى - هجر<br>الرمادي : أسماء محلية - أسماء أماكن متعارف عليه<br>البني : جبال - هضاب - حزوم - كهوف<br>الازرق : وديان - شعبان - قيعان - سدود - خباري<br>الاخضر : آبار - عيون - ثمايل - موارد ماء<br>الاصفر : طعوس - عروق - نوازي - خبوب<br>الاسود : طرق صحراوية - ردميات - دروب غير معبدة<br>شعار القلعة : آثار - مواقع تاريخية - برك قديمة - نقوش<br>بيئتنا .. مسؤوليتنا <br>ـــــــــــ<br>إذا كان هناك مكان خاطئ أو موقع ناقص آمل التواصل تويتر ( الخرائط البرية maps_ksa@ ) <br>أو على الإميل wild.maps.sa@gmail.com<br>وسيتم التواصل معك بإذن الله<br>]]></description>
    <Style id="icon-1556-A52714-labelson-nodesc">
      <IconStyle>
        <color>ff1427a5</color>
        <scale>1</scale>
        <Icon>
          <href>https://www.gstatic.com/mapspro/images/stock/503-wht-blank_maps.png</href>
        </Icon>
      </IconStyle>
      <BalloonStyle>
        <text><![CDATA[<h3>$[name]</h3>]]></text>
      </BalloonStyle>
    </Style>
    <Style id="icon-1598-BDBDBD-nodesc-normal">
      <IconStyle>
        <color>ffbdbdbd</color>
        <scale>1</scale>
        <Icon>
          <href>https://www.gstatic.com/mapspro/images/stock/503-wht-blank_maps.png</href>
        </Icon>
      </IconStyle>
      <LabelStyle>
        <scale>0</scale>
      </LabelStyle>
      <BalloonStyle>
        <text><![CDATA[<h3>$[name]</h3>]]></text>
      </BalloonStyle>
    </Style>
    <Style id="icon-1598-BDBDBD-nodesc-highlight">
      <IconStyle>
        <color>ffbdbdbd</color>
        <scale>1</scale>
        <Icon>
          <href>https://www.gstatic.com/mapspro/images/stock/503-wht-blank_maps.png</href>
        </Icon>
      </IconStyle>
      <LabelStyle>
        <scale>1</scale>
      </LabelStyle>
      <BalloonStyle>
        <text><![CDATA[<h3>$[name]</h3>]]></text>
      </BalloonStyle>
    </Style>
    <StyleMap id="icon-1598-BDBDBD-nodesc">
      <Pair>
        <key>normal</key>
        <styleUrl>#icon-1598-BDBDBD-nodesc-normal</styleUrl>
      </Pair>
      <Pair>
        <key>highlight</key>
        <styleUrl>#icon-1598-BDBDBD-nodesc-highlight</styleUrl>
      </Pair>
    </StyleMap>
    <Style id="icon-1739-000000-labelson-nodesc">
      <IconStyle>
        <color>ff000000</color>
        <scale>1</scale>
        <Icon>
          <href>https://www.gstatic.com/mapspro/images/stock/503-wht-blank_maps.png</href>
        </Icon>
      </IconStyle>
      <BalloonStyle>
        <text><![CDATA[<h3>$[name]</h3>]]></text>
      </BalloonStyle>
    </Style>
    <Style id="icon-1739-0288D1-labelson-nodesc">
      <IconStyle>
        <color>ffd18802</color>
        <scale>1</scale>
        <Icon>
          <href>https://www.gstatic.com/mapspro/images/stock/503-wht-blank_maps.png</href>
        </Icon>
      </IconStyle>
      <BalloonStyle>
        <text><![CDATA[<h3>$[name]</h3>]]></text>
      </BalloonStyle>
    </Style>
    <Style id="icon-1739-0F9D58-labelson-nodesc">
      <IconStyle>
        <color>ff589d0f</color>
        <scale>1</scale>
        <Icon>
          <href>https://www.gstatic.com/mapspro/images/stock/503-wht-blank_maps.png</href>
        </Icon>
      </IconStyle>
      <BalloonStyle>
        <text><![CDATA[<h3>$[name]</h3>]]></text>
      </BalloonStyle>
    </Style>
    <Style id="icon-1739-757575-labelson-nodesc">
      <IconStyle>
        <color>ff757575</color>
        <scale>1</scale>
        <Icon>
          <href>https://www.gstatic.com/mapspro/images/stock/503-wht-blank_maps.png</href>
        </Icon>
      </IconStyle>
      <BalloonStyle>
        <text><![CDATA[<h3>$[name]</h3>]]></text>
      </BalloonStyle>
    </Style>
    <Style id="icon-1739-DB4436-labelson-nodesc">
      <IconStyle>
        <color>ff3644db</color>
        <scale>1</scale>
        <Icon>
          <href>https://www.gstatic.com/mapspro/images/stock/503-wht-blank_maps.png</href>
        </Icon>
      </IconStyle>
      <BalloonStyle>
        <text><![CDATA[<h3>$[name]</h3>]]></text>
      </BalloonStyle>
    </Style>
    <Style id="icon-1739-FBC02D-labelson-nodesc">
      <IconStyle>
        <color>ff2dc0fb</color>
        <scale>1</scale>
        <Icon>
          <href>https://www.gstatic.com/mapspro/images/stock/503-wht-blank_maps.png</href>
        </Icon>
      </IconStyle>
      <BalloonStyle>
        <text><![CDATA[<h3>$[name]</h3>]]></text>
      </BalloonStyle>
    </Style>
    <Folder>
      <name>مواقع خطرة</name>
      <Placemark>
        <name>مغارة ذئاب منطقة خطرة</name>
        <styleUrl>#icon-1556-A52714-labelson-nodesc</styleUrl>
        <Point>
          <coordinates>
            41.257696,29.975939,0
          </coordinates>
        </Point>
      </Placemark>
      <Placemark>
        <name>غار ذئاب منطقة خطرة</name>
        <styleUrl>#icon-1556-A52714-labelson-nodesc</styleUrl>
        <Point>
          <coordinates>
            41.39863,30.041943,0
          </coordinates>
        </Point>
      </Placemark>
      <Placemark>
        <name>خريب ذئاب منطقة خطرة</name>
        <styleUrl>#icon-1556-A52714-labelson-nodesc</styleUrl>
        <Point>
          <coordinates>
            41.004324,30.091381,0
          </coordinates>
        </Point>
      </Placemark>
      <Placemark>
        <name>منطقة ذئاب خطرة</name>
        <styleUrl>#icon-1556-A52714-labelson-nodesc</styleUrl>
        <Point>
          <coordinates>
            41.475277,30.150003,0
          </coordinates>
        </Point>
      </Placemark>
    </Folder>
    <Folder>
      <name>مواقع اثرية</name>
      <Placemark>
        <name>مساكن حجريه</name>
        <styleUrl>#icon-1598-BDBDBD-nodesc</styleUrl>
        <Point>
          <coordinates>
            37.362635,31.505227,0
          </coordinates>
        </Point>
      </Placemark>
      <Placemark>
        <name>كاف</name>
        <styleUrl>#icon-1598-BDBDBD-nodesc</styleUrl>
        <Point>
          <coordinates>
            37.502582,31.39457,0
          </coordinates>
        </Point>
      </Placemark>
      <Placemark>
        <name>قلعة زعبل الأثرية</name>
        <styleUrl>#icon-1598-BDBDBD-nodesc</styleUrl>
        <Point>
          <coordinates>
            40.201743,29.992976,0
          </coordinates>
        </Point>
      </Placemark>
      <Placemark>
        <name>قلعة مارد</name>
        <styleUrl>#icon-1598-BDBDBD-nodesc</styleUrl>
        <Point>
          <coordinates>
            39.867454,29.811702,0
          </coordinates>
        </Point>
      </Placemark>
      <Placemark>
        <name>قصر الرشرشيه</name>
        <styleUrl>#icon-1598-BDBDBD-nodesc</styleUrl>
        <Point>
          <coordinates>
            37.301137,31.45375,0
          </coordinates>
        </Point>
      </Placemark>
      <Placemark>
        <name>منزل وبئر الشراري الاثري</name>
        <styleUrl>#icon-1598-BDBDBD-nodesc</styleUrl>
        <Point>
          <coordinates>
            38.788133,30.779507,0
          </coordinates>
        </Point>
      </Placemark>
      <Placemark>
        <name>بئر سيسرا الأثري</name>
        <styleUrl>#icon-1598-BDBDBD-nodesc</styleUrl>
        <Point>
          <coordinates>
            40.198288,29.991839,0
          </coordinates>
        </Point>
      </Placemark>
      <Placemark>
        <name>اثار ونقش الحصان</name>
        <styleUrl>#icon-1598-BDBDBD-nodesc</styleUrl>
        <Point>
          <coordinates>
            37.349224,31.501451,0
          </coordinates>
        </Point>
      </Placemark>
      <Placemark>
        <name>اثار ونقش الحصان</name>
        <styleUrl>#icon-1598-BDBDBD-nodesc</styleUrl>
        <Point>
          <coordinates>
            37.36094,31.487718,0
          </coordinates>
        </Point>
      </Placemark>
      <Placemark>
        <name>اثار ونقوش صوفيه</name>
        <styleUrl>#icon-1598-BDBDBD-nodesc</styleUrl>
        <Point>
          <coordinates>
            37.582533,31.461282,0
          </coordinates>
        </Point>
      </Placemark>
      <Placemark>
        <name>اثار ونقوش عربيه</name>
        <styleUrl>#icon-1598-BDBDBD-nodesc</styleUrl>
        <Point>
          <coordinates>
            37.567964,31.477075,0
          </coordinates>
        </Point>
      </Placemark>
      <Placemark>
        <name>أثار الرجاجيل</name>
        <styleUrl>#icon-1598-BDBDBD-nodesc</styleUrl>
        <Point>
          <coordinates>
            40.21966,29.812732,0
          </coordinates>
        </Point>
      </Placemark>
      <Placemark>
        <name>غار حضرة الأثري</name>
        <styleUrl>#icon-1598-BDBDBD-nodesc</styleUrl>
        <Point>
          <coordinates>
            40.11894,29.594271,0
          </coordinates>
        </Point>
      </Placemark>
    </Folder>
    <Folder>
      <name>طرق صحراوية</name>
      <Placemark>
        <name>مفرق خب الجمل</name>
        <styleUrl>#icon-1739-000000-labelson-nodesc</styleUrl>
        <Point>
          <coordinates>
            38.814526,29.721429,0
          </coordinates>
        </Point>
      </Placemark>
    </Folder>
    <Folder>
      <name>نفود</name>
      <Placemark>
        <name>طعس ابو اذنتين</name>
        <styleUrl>#icon-1739-FBC02D-labelson-nodesc</styleUrl>
        <Point>
          <coordinates>
            39.850416,28.616981,0
          </coordinates>
        </Point>
      </Placemark>
      <Placemark>
        <name>طعس ابو راسين</name>
        <styleUrl>#icon-1739-FBC02D-labelson-nodesc</styleUrl>
        <Point>
          <coordinates>
            40.140953,29.566612,0
          </coordinates>
        </Point>
      </Placemark>
      <Placemark>
        <name>طعس اطناب</name>
        <styleUrl>#icon-1739-FBC02D-labelson-nodesc</styleUrl>
        <Point>
          <coordinates>
            40.316648,29.016781,0
          </coordinates>
        </Point>
      </Placemark>
      <Placemark>
        <name>طعس الدرو</name>
        <styleUrl>#icon-1739-FBC02D-labelson-nodesc</styleUrl>
        <Point>
          <coordinates>
            40.154858,29.431343,0
          </coordinates>
        </Point>
      </Placemark>
      <Placemark>
        <name>طعس القحام</name>
        <styleUrl>#icon-1739-FBC02D-labelson-nodesc</styleUrl>
        <Point>
          <coordinates>
            39.954379,29.587297,0
          </coordinates>
        </Point>
      </Placemark>
      <Placemark>
        <name>طعس الماكر</name>
        <styleUrl>#icon-1739-FBC02D-labelson-nodesc</styleUrl>
        <Point>
          <coordinates>
            40.459557,29.38448,0
          </coordinates>
        </Point>
      </Placemark>
      <Placemark>
        <name>طعس المثلوث</name>
        <styleUrl>#icon-1739-FBC02D-labelson-nodesc</styleUrl>
        <Point>
          <coordinates>
            40.362568,29.295559,0
          </coordinates>
        </Point>
      </Placemark>
      <Placemark>
        <name>طعس الناب</name>
        <styleUrl>#icon-1739-FBC02D-labelson-nodesc</styleUrl>
        <Point>
          <coordinates>
            40.031776,29.401989,0
          </coordinates>
        </Point>
      </Placemark>
      <Placemark>
        <name>طعس الويميه</name>
        <styleUrl>#icon-1739-FBC02D-labelson-nodesc</styleUrl>
        <Point>
          <coordinates>
            39.989119,28.98056,0
          </coordinates>
        </Point>
      </Placemark>
      <Placemark>
        <name>طعس تلال راشدة</name>
        <styleUrl>#icon-1739-FBC02D-labelson-nodesc</styleUrl>
        <Point>
          <coordinates>
            37.796659,29.971046,0
          </coordinates>
        </Point>
      </Placemark>
      <Placemark>
        <name>طعس خيران</name>
        <styleUrl>#icon-1739-FBC02D-labelson-nodesc</styleUrl>
        <Point>
          <coordinates>
            40.864334,29.056606,0
          </coordinates>
        </Point>
      </Placemark>
      <Placemark>
        <name>طعس سلمى</name>
        <styleUrl>#icon-1739-FBC02D-labelson-nodesc</styleUrl>
        <Point>
          <coordinates>
            41.22036,29.158401,0
          </coordinates>
        </Point>
      </Placemark>
      <Placemark>
        <name>طعس سودي</name>
        <styleUrl>#icon-1739-FBC02D-labelson-nodesc</styleUrl>
        <Point>
          <coordinates>
            40.456123,29.334698,0
          </coordinates>
        </Point>
      </Placemark>
      <Placemark>
        <name>طعس شومة</name>
        <styleUrl>#icon-1739-FBC02D-labelson-nodesc</styleUrl>
        <Point>
          <coordinates>
            39.480357,29.852128,0
          </coordinates>
        </Point>
      </Placemark>
      <Placemark>
        <name>طعس صفوان</name>
        <styleUrl>#icon-1739-FBC02D-labelson-nodesc</styleUrl>
        <Point>
          <coordinates>
            39.694805,29.62678,0
          </coordinates>
        </Point>
      </Placemark>
      <Placemark>
        <name>طعس عوفان</name>
        <styleUrl>#icon-1739-FBC02D-labelson-nodesc</styleUrl>
        <Point>
          <coordinates>
            40.704517,29.341736,0
          </coordinates>
        </Point>
      </Placemark>
      <Placemark>
        <name>طعس محسن</name>
        <styleUrl>#icon-1739-FBC02D-labelson-nodesc</styleUrl>
        <Point>
          <coordinates>
            39.820375,29.228611,0
          </coordinates>
        </Point>
      </Placemark>
      <Placemark>
        <name>طعس محقان</name>
        <styleUrl>#icon-1739-FBC02D-labelson-nodesc</styleUrl>
        <Point>
          <coordinates>
            40.183096,29.200287,0
          </coordinates>
        </Point>
      </Placemark>
      <Placemark>
        <name>طعس محقان الحدري</name>
        <styleUrl>#icon-1739-FBC02D-labelson-nodesc</styleUrl>
        <Point>
          <coordinates>
            40.303688,29.205265,0
          </coordinates>
        </Point>
      </Placemark>
      <Placemark>
        <name>طعس محقان الفوقي</name>
        <styleUrl>#icon-1739-FBC02D-labelson-nodesc</styleUrl>
        <Point>
          <coordinates>
            40.1228,29.179752,0
          </coordinates>
        </Point>
      </Placemark>
      <Placemark>
        <name>طعس مخاط</name>
        <styleUrl>#icon-1739-FBC02D-labelson-nodesc</styleUrl>
        <Point>
          <coordinates>
            40.181294,29.508419,0
          </coordinates>
        </Point>
      </Placemark>
      <Placemark>
        <name>طعوس اشباه الرماح</name>
        <styleUrl>#icon-1739-FBC02D-labelson-nodesc</styleUrl>
        <Point>
          <coordinates>
            41.060028,28.847008,0
          </coordinates>
        </Point>
      </Placemark>
      <Placemark>
        <name>طعوس الرماح</name>
        <styleUrl>#icon-1739-FBC02D-labelson-nodesc</styleUrl>
        <Point>
          <coordinates>
            41.155643,28.876705,0
          </coordinates>
        </Point>
      </Placemark>
      <Placemark>
        <name>طعوس الزمل</name>
        <styleUrl>#icon-1739-FBC02D-labelson-nodesc</styleUrl>
        <Point>
          <coordinates>
            39.364314,28.824112,0
          </coordinates>
        </Point>
      </Placemark>
      <Placemark>
        <name>طعوس هدبان</name>
        <styleUrl>#icon-1739-FBC02D-labelson-nodesc</styleUrl>
        <Point>
          <coordinates>
            40.253391,29.944117,0
          </coordinates>
        </Point>
      </Placemark>
      <Placemark>
        <name>طعيس الجليد</name>
        <styleUrl>#icon-1739-FBC02D-labelson-nodesc</styleUrl>
        <Point>
          <coordinates>
            40.707607,28.909836,0
          </coordinates>
        </Point>
      </Placemark>
      <Placemark>
        <name>طعيس الصقرة</name>
        <styleUrl>#icon-1739-FBC02D-labelson-nodesc</styleUrl>
        <Point>
          <coordinates>
            40.366001,29.5261,0
          </coordinates>
        </Point>
      </Placemark>
      <Placemark>
        <name>طعيس المسابق</name>
        <styleUrl>#icon-1739-FBC02D-labelson-nodesc</styleUrl>
        <Point>
          <coordinates>
            40.710525,29.036865,0
          </coordinates>
        </Point>
      </Placemark>
      <Placemark>
        <name>طعيس الملعب</name>
        <styleUrl>#icon-1739-FBC02D-labelson-nodesc</styleUrl>
        <Point>
          <coordinates>
            38.36488,30.436721,0
          </coordinates>
        </Point>
      </Placemark>
      <Placemark>
        <name>طعيس رخاء</name>
        <styleUrl>#icon-1739-FBC02D-labelson-nodesc</styleUrl>
        <Point>
          <coordinates>
            41.348591,29.056606,0
          </coordinates>
        </Point>
      </Placemark>
      <Placemark>
        <name>طعيسات العقاب</name>
        <styleUrl>#icon-1739-FBC02D-labelson-nodesc</styleUrl>
        <Point>
          <coordinates>
            40.721683,29.134541,0
          </coordinates>
        </Point>
      </Placemark>
      <Placemark>
        <name>طعيسات غربة</name>
        <styleUrl>#icon-1739-FBC02D-labelson-nodesc</styleUrl>
        <Point>
          <coordinates>
            41.11084,28.851128,0
          </coordinates>
        </Point>
      </Placemark>
      <Placemark>
        <name>خب الجمال</name>
        <styleUrl>#icon-1739-FBC02D-labelson-nodesc</styleUrl>
        <Point>
          <coordinates>
            38.933444,29.353859,0
          </coordinates>
        </Point>
      </Placemark>
      <Placemark>
        <name>خب الشنيفية</name>
        <styleUrl>#icon-1739-FBC02D-labelson-nodesc</styleUrl>
        <Point>
          <coordinates>
            41.362624,29.025664,0
          </coordinates>
        </Point>
      </Placemark>
      <Placemark>
        <name>خب الصفا</name>
        <styleUrl>#icon-1739-FBC02D-labelson-nodesc</styleUrl>
        <Point>
          <coordinates>
            40.962074,28.974509,0
          </coordinates>
        </Point>
      </Placemark>
      <Placemark>
        <name>خب العتيق</name>
        <styleUrl>#icon-1739-FBC02D-labelson-nodesc</styleUrl>
        <Point>
          <coordinates>
            40.643899,29.637573,0
          </coordinates>
        </Point>
      </Placemark>
      <Placemark>
        <name>خب المبارق</name>
        <styleUrl>#icon-1739-FBC02D-labelson-nodesc</styleUrl>
        <Point>
          <coordinates>
            41.096485,29.00867,0
          </coordinates>
        </Point>
      </Placemark>
      <Placemark>
        <name>خب المتلطمة</name>
        <styleUrl>#icon-1739-FBC02D-labelson-nodesc</styleUrl>
        <Point>
          <coordinates>
            41.219351,28.960562,0
          </coordinates>
        </Point>
      </Placemark>
      <Placemark>
        <name>خب المعيزيلة</name>
        <styleUrl>#icon-1739-FBC02D-labelson-nodesc</styleUrl>
        <Point>
          <coordinates>
            38.10756,29.779086,0
          </coordinates>
        </Point>
      </Placemark>
      <Placemark>
        <name>خب الناقة</name>
        <styleUrl>#icon-1739-FBC02D-labelson-nodesc</styleUrl>
        <Point>
          <coordinates>
            40.134172,28.917904,0
          </coordinates>
        </Point>
      </Placemark>
      <Placemark>
        <name>خب خبيتر</name>
        <styleUrl>#icon-1739-FBC02D-labelson-nodesc</styleUrl>
        <Point>
          <coordinates>
            41.034172,28.988478,0
          </coordinates>
        </Point>
      </Placemark>
      <Placemark>
        <name>نفود الغويطة</name>
        <styleUrl>#icon-1739-FBC02D-labelson-nodesc</styleUrl>
        <Point>
          <coordinates>
            39.19497,29.665575,0
          </coordinates>
        </Point>
      </Placemark>
      <Placemark>
        <name>نازية ابن قاران</name>
        <styleUrl>#icon-1739-FBC02D-labelson-nodesc</styleUrl>
        <Point>
          <coordinates>
            40.376129,29.451084,0
          </coordinates>
        </Point>
      </Placemark>
      <Placemark>
        <name>نازية البينة</name>
        <styleUrl>#icon-1739-FBC02D-labelson-nodesc</styleUrl>
        <Point>
          <coordinates>
            39.967017,28.866298,0
          </coordinates>
        </Point>
      </Placemark>
      <Placemark>
        <name>نازية البينة</name>
        <styleUrl>#icon-1739-FBC02D-labelson-nodesc</styleUrl>
        <Point>
          <coordinates>
            39.957898,28.649318,0
          </coordinates>
        </Point>
      </Placemark>
      <Placemark>
        <name>نازية التيوس</name>
        <styleUrl>#icon-1739-FBC02D-labelson-nodesc</styleUrl>
        <Point>
          <coordinates>
            40.327034,29.379501,0
          </coordinates>
        </Point>
      </Placemark>
      <Placemark>
        <name>نازية التيوس</name>
        <styleUrl>#icon-1739-FBC02D-labelson-nodesc</styleUrl>
        <Point>
          <coordinates>
            40.911198,29.127846,0
          </coordinates>
        </Point>
      </Placemark>
      <Placemark>
        <name>نازية الحريم</name>
        <styleUrl>#icon-1739-FBC02D-labelson-nodesc</styleUrl>
        <Point>
          <coordinates>
            41.197872,28.98674,0
          </coordinates>
        </Point>
      </Placemark>
      <Placemark>
        <name>نازية الدهيمنة</name>
        <styleUrl>#icon-1739-FBC02D-labelson-nodesc</styleUrl>
        <Point>
          <coordinates>
            40.519466,29.189472,0
          </coordinates>
        </Point>
      </Placemark>
      <Placemark>
        <name>نازية الذئبية</name>
        <styleUrl>#icon-1739-FBC02D-labelson-nodesc</styleUrl>
        <Point>
          <coordinates>
            40.935059,28.919106,0
          </coordinates>
        </Point>
      </Placemark>
      <Placemark>
        <name>نازية الذهب</name>
        <styleUrl>#icon-1739-FBC02D-labelson-nodesc</styleUrl>
        <Point>
          <coordinates>
            40.098209,29.32251,0
          </coordinates>
        </Point>
      </Placemark>
      <Placemark>
        <name>نازية الرقطاء</name>
        <styleUrl>#icon-1739-FBC02D-labelson-nodesc</styleUrl>
        <Point>
          <coordinates>
            41.254692,28.856449,0
          </coordinates>
        </Point>
      </Placemark>
      <Placemark>
        <name>نازية السادة</name>
        <styleUrl>#icon-1739-FBC02D-labelson-nodesc</styleUrl>
        <Point>
          <coordinates>
            40.364456,29.349117,0
          </coordinates>
        </Point>
      </Placemark>
      <Placemark>
        <name>نازية الشهباء</name>
        <styleUrl>#icon-1739-FBC02D-labelson-nodesc</styleUrl>
        <Point>
          <coordinates>
            40.590363,29.102783,0
          </coordinates>
        </Point>
      </Placemark>
      <Placemark>
        <name>نازية الشويهرية</name>
        <styleUrl>#icon-1739-FBC02D-labelson-nodesc</styleUrl>
        <Point>
          <coordinates>
            40.612335,29.484386,0
          </coordinates>
        </Point>
      </Placemark>
      <Placemark>
        <name>نازية الصليبخية</name>
        <styleUrl>#icon-1739-FBC02D-labelson-nodesc</styleUrl>
        <Point>
          <coordinates>
            40.82262,29.236164,0
          </coordinates>
        </Point>
      </Placemark>
      <Placemark>
        <name>نازية الضبعة</name>
        <styleUrl>#icon-1739-FBC02D-labelson-nodesc</styleUrl>
        <Point>
          <coordinates>
            41.201477,28.88134,0
          </coordinates>
        </Point>
      </Placemark>
      <Placemark>
        <name>نازية الطلوعية الشمالية</name>
        <styleUrl>#icon-1739-FBC02D-labelson-nodesc</styleUrl>
        <Point>
          <coordinates>
            41.074791,29.178829,0
          </coordinates>
        </Point>
      </Placemark>
      <Placemark>
        <name>نازية العاذرية</name>
        <styleUrl>#icon-1739-FBC02D-labelson-nodesc</styleUrl>
        <Point>
          <coordinates>
            40.096493,29.702568,0
          </coordinates>
        </Point>
      </Placemark>
      <Placemark>
        <name>نازية العسرة</name>
        <styleUrl>#icon-1739-FBC02D-labelson-nodesc</styleUrl>
        <Point>
          <coordinates>
            40.417671,29.3256,0
          </coordinates>
        </Point>
      </Placemark>
      <Placemark>
        <name>نازية العمدة</name>
        <styleUrl>#icon-1739-FBC02D-labelson-nodesc</styleUrl>
        <Point>
          <coordinates>
            40.049286,29.30088,0
          </coordinates>
        </Point>
      </Placemark>
      <Placemark>
        <name>نازية القصيمة</name>
        <styleUrl>#icon-1739-FBC02D-labelson-nodesc</styleUrl>
        <Point>
          <coordinates>
            40.591907,29.231186,0
          </coordinates>
        </Point>
      </Placemark>
      <Placemark>
        <name>نازية المتك</name>
        <styleUrl>#icon-1739-FBC02D-labelson-nodesc</styleUrl>
        <Point>
          <coordinates>
            41.638012,29.175568,0
          </coordinates>
        </Point>
      </Placemark>
      <Placemark>
        <name>نازية المدنقية</name>
        <styleUrl>#icon-1739-FBC02D-labelson-nodesc</styleUrl>
        <Point>
          <coordinates>
            40.687523,29.190331,0
          </coordinates>
        </Point>
      </Placemark>
      <Placemark>
        <name>نازية المزكي</name>
        <styleUrl>#icon-1739-FBC02D-labelson-nodesc</styleUrl>
        <Point>
          <coordinates>
            41.298637,29.157028,0
          </coordinates>
        </Point>
      </Placemark>
      <Placemark>
        <name>نازية المصلى</name>
        <styleUrl>#icon-1739-FBC02D-labelson-nodesc</styleUrl>
        <Point>
          <coordinates>
            40.593452,29.668064,0
          </coordinates>
        </Point>
      </Placemark>
      <Placemark>
        <name>نازية المعتادية</name>
        <styleUrl>#icon-1739-FBC02D-labelson-nodesc</styleUrl>
        <Point>
          <coordinates>
            40.5023,29.126129,0
          </coordinates>
        </Point>
      </Placemark>
      <Placemark>
        <name>نازية المعترضة</name>
        <styleUrl>#icon-1739-FBC02D-labelson-nodesc</styleUrl>
        <Point>
          <coordinates>
            40.7864,29.139862,0
          </coordinates>
        </Point>
      </Placemark>
      <Placemark>
        <name>نازية المعيد</name>
        <styleUrl>#icon-1739-FBC02D-labelson-nodesc</styleUrl>
        <Point>
          <coordinates>
            41.422577,29.203033,0
          </coordinates>
        </Point>
      </Placemark>
      <Placemark>
        <name>نازية المقرص</name>
        <styleUrl>#icon-1739-FBC02D-labelson-nodesc</styleUrl>
        <Point>
          <coordinates>
            40.998745,28.857822,0
          </coordinates>
        </Point>
      </Placemark>
      <Placemark>
        <name>نازية الهملان</name>
        <styleUrl>#icon-1739-FBC02D-labelson-nodesc</styleUrl>
        <Point>
          <coordinates>
            40.666237,29.075661,0
          </coordinates>
        </Point>
      </Placemark>
      <Placemark>
        <name>نازية الوطنية</name>
        <styleUrl>#icon-1739-FBC02D-labelson-nodesc</styleUrl>
        <Point>
          <coordinates>
            40.970592,28.93919,0
          </coordinates>
        </Point>
      </Placemark>
      <Placemark>
        <name>نازية الوعل</name>
        <styleUrl>#icon-1739-FBC02D-labelson-nodesc</styleUrl>
        <Point>
          <coordinates>
            41.169548,29.086132,0
          </coordinates>
        </Point>
      </Placemark>
      <Placemark>
        <name>نازية ام الركبان</name>
        <styleUrl>#icon-1739-FBC02D-labelson-nodesc</styleUrl>
        <Point>
          <coordinates>
            40.394325,29.59116,0
          </coordinates>
        </Point>
      </Placemark>
      <Placemark>
        <name>نازية ام الريلان</name>
        <styleUrl>#icon-1739-FBC02D-labelson-nodesc</styleUrl>
        <Point>
          <coordinates>
            41.045265,29.270325,0
          </coordinates>
        </Point>
      </Placemark>
      <Placemark>
        <name>نازية ام العلا</name>
        <styleUrl>#icon-1739-FBC02D-labelson-nodesc</styleUrl>
        <Point>
          <coordinates>
            41.303616,29.173851,0
          </coordinates>
        </Point>
      </Placemark>
      <Placemark>
        <name>نازية ام الهشيم</name>
        <styleUrl>#icon-1739-FBC02D-labelson-nodesc</styleUrl>
        <Point>
          <coordinates>
            41.071186,29.437695,0
          </coordinates>
        </Point>
      </Placemark>
      <Placemark>
        <name>نازية ام درفيل</name>
        <styleUrl>#icon-1739-FBC02D-labelson-nodesc</styleUrl>
        <Point>
          <coordinates>
            40.638943,29.523354,0
          </coordinates>
        </Point>
      </Placemark>
      <Placemark>
        <name>نازية ام دمان</name>
        <styleUrl>#icon-1739-FBC02D-labelson-nodesc</styleUrl>
        <Point>
          <coordinates>
            41.43837,29.139519,0
          </coordinates>
        </Point>
      </Placemark>
      <Placemark>
        <name>نازية ام رضمة</name>
        <styleUrl>#icon-1739-FBC02D-labelson-nodesc</styleUrl>
        <Point>
          <coordinates>
            40.818501,29.641457,0
          </coordinates>
        </Point>
      </Placemark>
      <Placemark>
        <name>نازية ام صداة</name>
        <styleUrl>#icon-1739-FBC02D-labelson-nodesc</styleUrl>
        <Point>
          <coordinates>
            40.135975,29.455204,0
          </coordinates>
        </Point>
      </Placemark>
      <Placemark>
        <name>نازية ام عنقور</name>
        <styleUrl>#icon-1739-FBC02D-labelson-nodesc</styleUrl>
        <Point>
          <coordinates>
            40.914459,28.984165,0
          </coordinates>
        </Point>
      </Placemark>
      <Placemark>
        <name>نازية بلالة</name>
        <styleUrl>#icon-1739-FBC02D-labelson-nodesc</styleUrl>
        <Point>
          <coordinates>
            40.562553,29.162521,0
          </coordinates>
        </Point>
      </Placemark>
      <Placemark>
        <name>نازية جزاع</name>
        <styleUrl>#icon-1739-FBC02D-labelson-nodesc</styleUrl>
        <Point>
          <coordinates>
            41.43425,29.170246,0
          </coordinates>
        </Point>
      </Placemark>
      <Placemark>
        <name>نازية جفلة</name>
        <styleUrl>#icon-1739-FBC02D-labelson-nodesc</styleUrl>
        <Point>
          <coordinates>
            40.839443,29.369373,0
          </coordinates>
        </Point>
      </Placemark>
      <Placemark>
        <name>نازية حسناء</name>
        <styleUrl>#icon-1739-FBC02D-labelson-nodesc</styleUrl>
        <Point>
          <coordinates>
            41.024151,28.932838,0
          </coordinates>
        </Point>
      </Placemark>
      <Placemark>
        <name>نازية خرساء البرصاء</name>
        <styleUrl>#icon-1739-FBC02D-labelson-nodesc</styleUrl>
        <Point>
          <coordinates>
            40.72134,29.494514,0
          </coordinates>
        </Point>
      </Placemark>
      <Placemark>
        <name>نازية خرساء ام ارطى</name>
        <styleUrl>#icon-1739-FBC02D-labelson-nodesc</styleUrl>
        <Point>
          <coordinates>
            40.815754,29.481983,0
          </coordinates>
        </Point>
      </Placemark>
      <Placemark>
        <name>نازية خرساء ام غضى</name>
        <styleUrl>#icon-1739-FBC02D-labelson-nodesc</styleUrl>
        <Point>
          <coordinates>
            40.766659,29.451942,0
          </coordinates>
        </Point>
      </Placemark>
      <Placemark>
        <name>نازية خريسان</name>
        <styleUrl>#icon-1739-FBC02D-labelson-nodesc</styleUrl>
        <Point>
          <coordinates>
            40.757389,29.548244,0
          </coordinates>
        </Point>
      </Placemark>
      <Placemark>
        <name>نازية خلف</name>
        <styleUrl>#icon-1739-FBC02D-labelson-nodesc</styleUrl>
        <Point>
          <coordinates>
            41.023636,29.207153,0
          </coordinates>
        </Point>
      </Placemark>
      <Placemark>
        <name>نازية داغش</name>
        <styleUrl>#icon-1739-FBC02D-labelson-nodesc</styleUrl>
        <Point>
          <coordinates>
            40.82777,29.348087,0
          </coordinates>
        </Point>
      </Placemark>
      <Placemark>
        <name>نازية دايس</name>
        <styleUrl>#icon-1739-FBC02D-labelson-nodesc</styleUrl>
        <Point>
          <coordinates>
            41.138992,29.281139,0
          </coordinates>
        </Point>
      </Placemark>
      <Placemark>
        <name>نازية درعاء ام ثور</name>
        <styleUrl>#icon-1739-FBC02D-labelson-nodesc</styleUrl>
        <Point>
          <coordinates>
            40.579205,29.390316,0
          </coordinates>
        </Point>
      </Placemark>
      <Placemark>
        <name>نازية درعاء ام غضى</name>
        <styleUrl>#icon-1739-FBC02D-labelson-nodesc</styleUrl>
        <Point>
          <coordinates>
            40.619888,29.403362,0
          </coordinates>
        </Point>
      </Placemark>
      <Placemark>
        <name>نازية شبه الوعل</name>
        <styleUrl>#icon-1739-FBC02D-labelson-nodesc</styleUrl>
        <Point>
          <coordinates>
            41.042519,29.048023,0
          </coordinates>
        </Point>
      </Placemark>
      <Placemark>
        <name>نازية عذيفاء</name>
        <styleUrl>#icon-1739-FBC02D-labelson-nodesc</styleUrl>
        <Point>
          <coordinates>
            41.514416,29.16441,0
          </coordinates>
        </Point>
      </Placemark>
      <Placemark>
        <name>نازية عنقاء</name>
        <styleUrl>#icon-1739-FBC02D-labelson-nodesc</styleUrl>
        <Point>
          <coordinates>
            41.080971,28.911209,0
          </coordinates>
        </Point>
      </Placemark>
      <Placemark>
        <name>نازية فيضة</name>
        <styleUrl>#icon-1739-FBC02D-labelson-nodesc</styleUrl>
        <Point>
          <coordinates>
            41.148949,28.942451,0
          </coordinates>
        </Point>
      </Placemark>
      <Placemark>
        <name>نازية وعيلة</name>
        <styleUrl>#icon-1739-FBC02D-labelson-nodesc</styleUrl>
        <Point>
          <coordinates>
            41.294517,29.117546,0
          </coordinates>
        </Point>
      </Placemark>
      <Placemark>
        <name>نازية وعيلة الحريم</name>
        <styleUrl>#icon-1739-FBC02D-labelson-nodesc</styleUrl>
        <Point>
          <coordinates>
            41.233578,28.985367,0
          </coordinates>
        </Point>
      </Placemark>
      <Placemark>
        <name>نفود سكاكا</name>
        <styleUrl>#icon-1739-FBC02D-labelson-nodesc</styleUrl>
        <Point>
          <coordinates>
            40.259056,29.915514,0
          </coordinates>
        </Point>
      </Placemark>
      <Placemark>
        <name>نفود قارا</name>
        <styleUrl>#icon-1739-FBC02D-labelson-nodesc</styleUrl>
        <Point>
          <coordinates>
            40.259228,29.859917,0
          </coordinates>
        </Point>
      </Placemark>
      <Placemark>
        <name>نفود هديب</name>
        <styleUrl>#icon-1739-FBC02D-labelson-nodesc</styleUrl>
        <Point>
          <coordinates>
            40.360529,30.01173,0
          </coordinates>
        </Point>
      </Placemark>
      <Placemark>
        <name>نوازي الصفوقيات</name>
        <styleUrl>#icon-1739-FBC02D-labelson-nodesc</styleUrl>
        <Point>
          <coordinates>
            40.635681,29.070168,0
          </coordinates>
        </Point>
      </Placemark>
      <Placemark>
        <name>نوازي الطرائف</name>
        <styleUrl>#icon-1739-FBC02D-labelson-nodesc</styleUrl>
        <Point>
          <coordinates>
            41.323872,28.897305,0
          </coordinates>
        </Point>
      </Placemark>
      <Placemark>
        <name>نوازي الطلوعيات القبليات</name>
        <styleUrl>#icon-1739-FBC02D-labelson-nodesc</styleUrl>
        <Point>
          <coordinates>
            41.057796,29.15823,0
          </coordinates>
        </Point>
      </Placemark>
      <Placemark>
        <name>نوازي الكعيد</name>
        <styleUrl>#icon-1739-FBC02D-labelson-nodesc</styleUrl>
        <Point>
          <coordinates>
            40.894546,29.040298,0
          </coordinates>
        </Point>
      </Placemark>
      <Placemark>
        <name>نوازي المعترضات</name>
        <styleUrl>#icon-1739-FBC02D-labelson-nodesc</styleUrl>
        <Point>
          <coordinates>
            40.224895,29.605751,0
          </coordinates>
        </Point>
      </Placemark>
      <Placemark>
        <name>نوازي المعيزيلات</name>
        <styleUrl>#icon-1739-FBC02D-labelson-nodesc</styleUrl>
        <Point>
          <coordinates>
            40.725546,29.697762,0
          </coordinates>
        </Point>
      </Placemark>
      <Placemark>
        <name>نوازي المنور</name>
        <styleUrl>#icon-1739-FBC02D-labelson-nodesc</styleUrl>
        <Point>
          <coordinates>
            41.297779,28.864517,0
          </coordinates>
        </Point>
      </Placemark>
      <Placemark>
        <name>نوازي النمليات</name>
        <styleUrl>#icon-1739-FBC02D-labelson-nodesc</styleUrl>
        <Point>
          <coordinates>
            39.663048,28.851686,0
          </coordinates>
        </Point>
      </Placemark>
      <Placemark>
        <name>نوازي حسن</name>
        <styleUrl>#icon-1739-FBC02D-labelson-nodesc</styleUrl>
        <Point>
          <coordinates>
            40.340424,29.600258,0
          </coordinates>
        </Point>
      </Placemark>
      <Placemark>
        <name>نوازي خمس الحفر</name>
        <styleUrl>#icon-1739-FBC02D-labelson-nodesc</styleUrl>
        <Point>
          <coordinates>
            40.849571,28.921165,0
          </coordinates>
        </Point>
      </Placemark>
      <Placemark>
        <name>نوازي خمس الحفر</name>
        <styleUrl>#icon-1739-FBC02D-labelson-nodesc</styleUrl>
        <Point>
          <coordinates>
            41.015353,28.955219,0
          </coordinates>
        </Point>
      </Placemark>
      <Placemark>
        <name>نوازي خمس الشقيق</name>
        <styleUrl>#icon-1739-FBC02D-labelson-nodesc</styleUrl>
        <Point>
          <coordinates>
            40.689411,28.971977,0
          </coordinates>
        </Point>
      </Placemark>
      <Placemark>
        <name>نوازي منيفات</name>
        <styleUrl>#icon-1739-FBC02D-labelson-nodesc</styleUrl>
        <Point>
          <coordinates>
            40.913773,29.387741,0
          </coordinates>
        </Point>
      </Placemark>
    </Folder>
    <Folder>
      <name>موارد مياه</name>
      <Placemark>
        <name>منبع عين الحواسي</name>
        <styleUrl>#icon-1739-0F9D58-labelson-nodesc</styleUrl>
        <Point>
          <coordinates>
            37.620728,31.349638,0
          </coordinates>
        </Point>
      </Placemark>
      <Placemark>
        <name>مطق ام رضمه (بئر الروسان)</name>
        <styleUrl>#icon-1739-0F9D58-labelson-nodesc</styleUrl>
        <Point>
          <coordinates>
            40.853691,29.655061,0
          </coordinates>
        </Point>
      </Placemark>
      <Placemark>
        <name>مارد ماء</name>
        <styleUrl>#icon-1739-0F9D58-labelson-nodesc</styleUrl>
        <Point>
          <coordinates>
            39.281723,29.38978,0
          </coordinates>
        </Point>
      </Placemark>
      <Placemark>
        <name>قليبات الوريك</name>
        <styleUrl>#icon-1739-0F9D58-labelson-nodesc</styleUrl>
        <Point>
          <coordinates>
            37.634525,31.299534,0
          </coordinates>
        </Point>
      </Placemark>
      <Placemark>
        <name>قلبان الامغر</name>
        <styleUrl>#icon-1739-0F9D58-labelson-nodesc</styleUrl>
        <Point>
          <coordinates>
            37.886074,30.83195,0
          </coordinates>
        </Point>
      </Placemark>
      <Placemark>
        <name>قلبان الجراوي</name>
        <styleUrl>#icon-1739-0F9D58-labelson-nodesc</styleUrl>
        <Point>
          <coordinates>
            38.768628,30.160003,0
          </coordinates>
        </Point>
      </Placemark>
      <Placemark>
        <name>قلبان الجربوعية</name>
        <styleUrl>#icon-1739-0F9D58-labelson-nodesc</styleUrl>
        <Point>
          <coordinates>
            37.784386,30.949516,0
          </coordinates>
        </Point>
      </Placemark>
      <Placemark>
        <name>قلبان العيساوية</name>
        <styleUrl>#icon-1739-0F9D58-labelson-nodesc</styleUrl>
        <Point>
          <coordinates>
            37.88161,30.634582,0
          </coordinates>
        </Point>
      </Placemark>
      <Placemark>
        <name>قلبان المحيضر</name>
        <styleUrl>#icon-1739-0F9D58-labelson-nodesc</styleUrl>
        <Point>
          <coordinates>
            37.70113,30.966167,0
          </coordinates>
        </Point>
      </Placemark>
      <Placemark>
        <name>قلبان المعاصر</name>
        <styleUrl>#icon-1739-0F9D58-labelson-nodesc</styleUrl>
        <Point>
          <coordinates>
            38.285379,30.745153,0
          </coordinates>
        </Point>
      </Placemark>
      <Placemark>
        <name>قلبان ام الفناجيل</name>
        <styleUrl>#icon-1739-0F9D58-labelson-nodesc</styleUrl>
        <Point>
          <coordinates>
            37.667828,30.949516,0
          </coordinates>
        </Point>
      </Placemark>
      <Placemark>
        <name>قلبان ام جماجم</name>
        <styleUrl>#icon-1739-0F9D58-labelson-nodesc</styleUrl>
        <Point>
          <coordinates>
            37.617702,30.932865,0
          </coordinates>
        </Point>
      </Placemark>
      <Placemark>
        <name>قلبان شغار</name>
        <styleUrl>#icon-1739-0F9D58-labelson-nodesc</styleUrl>
        <Point>
          <coordinates>
            38.818195,30.093226,0
          </coordinates>
        </Point>
      </Placemark>
      <Placemark>
        <name>قلبان عذفاء</name>
        <styleUrl>#icon-1739-0F9D58-labelson-nodesc</styleUrl>
        <Point>
          <coordinates>
            41.463089,29.179344,0
          </coordinates>
        </Point>
      </Placemark>
      <Placemark>
        <name>قلبان عرفجاء</name>
        <styleUrl>#icon-1739-0F9D58-labelson-nodesc</styleUrl>
        <Point>
          <coordinates>
            38.722837,30.051556,0
          </coordinates>
        </Point>
      </Placemark>
      <Placemark>
        <name>قلبان قراقر</name>
        <styleUrl>#icon-1739-0F9D58-labelson-nodesc</styleUrl>
        <Point>
          <coordinates>
            37.751083,31.26606,0
          </coordinates>
        </Point>
      </Placemark>
      <Placemark>
        <name>قليب البنات</name>
        <styleUrl>#icon-1739-0F9D58-labelson-nodesc</styleUrl>
        <Point>
          <coordinates>
            37.837257,30.979557,0
          </coordinates>
        </Point>
      </Placemark>
      <Placemark>
        <name>قليب الجوبة</name>
        <styleUrl>#icon-1739-0F9D58-labelson-nodesc</styleUrl>
        <Point>
          <coordinates>
            40.166616,29.916801,0
          </coordinates>
        </Point>
      </Placemark>
      <Placemark>
        <name>قليب الخشابية</name>
        <styleUrl>#icon-1739-0F9D58-labelson-nodesc</styleUrl>
        <Point>
          <coordinates>
            38.469679,30.63426,0
          </coordinates>
        </Point>
      </Placemark>
      <Placemark>
        <name>قليب الصطل</name>
        <styleUrl>#icon-1739-0F9D58-labelson-nodesc</styleUrl>
        <Point>
          <coordinates>
            37.886181,30.898876,0
          </coordinates>
        </Point>
      </Placemark>
      <Placemark>
        <name>قليب القدير</name>
        <styleUrl>#icon-1739-0F9D58-labelson-nodesc</styleUrl>
        <Point>
          <coordinates>
            38.191395,30.682755,0
          </coordinates>
        </Point>
      </Placemark>
      <Placemark>
        <name>قليب القفول</name>
        <styleUrl>#icon-1739-0F9D58-labelson-nodesc</styleUrl>
        <Point>
          <coordinates>
            37.816808,30.950589,0
          </coordinates>
        </Point>
      </Placemark>
      <Placemark>
        <name>قليب النصراني</name>
        <styleUrl>#icon-1739-0F9D58-labelson-nodesc</styleUrl>
        <Point>
          <coordinates>
            38.372283,30.729017,0
          </coordinates>
        </Point>
      </Placemark>
      <Placemark>
        <name>قليب الهرجاف</name>
        <styleUrl>#icon-1739-0F9D58-labelson-nodesc</styleUrl>
        <Point>
          <coordinates>
            38.077755,30.677261,0
          </coordinates>
        </Point>
      </Placemark>
      <Placemark>
        <name>قليب طيب اسم</name>
        <styleUrl>#icon-1739-0F9D58-labelson-nodesc</styleUrl>
        <Point>
          <coordinates>
            38.322201,30.654774,0
          </coordinates>
        </Point>
      </Placemark>
      <Placemark>
        <name>قليب عرقوب</name>
        <styleUrl>#icon-1739-0F9D58-labelson-nodesc</styleUrl>
        <Point>
          <coordinates>
            38.378871,30.648186,0
          </coordinates>
        </Point>
      </Placemark>
      <Placemark>
        <name>قليب مغيران</name>
        <styleUrl>#icon-1739-0F9D58-labelson-nodesc</styleUrl>
        <Point>
          <coordinates>
            38.130798,30.675888,0
          </coordinates>
        </Point>
      </Placemark>
      <Placemark>
        <name>عين الرقبان</name>
        <styleUrl>#icon-1739-0F9D58-labelson-nodesc</styleUrl>
        <Point>
          <coordinates>
            37.429197,31.446476,0
          </coordinates>
        </Point>
      </Placemark>
      <Placemark>
        <name>عيون القرقر</name>
        <styleUrl>#icon-1739-0F9D58-labelson-nodesc</styleUrl>
        <Point>
          <coordinates>
            37.538888,31.347749,0
          </coordinates>
        </Point>
      </Placemark>
      <Placemark>
        <name>بئر ابو مرادي</name>
        <styleUrl>#icon-1739-0F9D58-labelson-nodesc</styleUrl>
        <Point>
          <coordinates>
            41.177981,30.34692,0
          </coordinates>
        </Point>
      </Placemark>
      <Placemark>
        <name>بئر اطناب</name>
        <styleUrl>#icon-1739-0F9D58-labelson-nodesc</styleUrl>
        <Point>
          <coordinates>
            40.327549,29.043217,0
          </coordinates>
        </Point>
      </Placemark>
      <Placemark>
        <name>بئر الثميلة</name>
        <styleUrl>#icon-1739-0F9D58-labelson-nodesc</styleUrl>
        <Point>
          <coordinates>
            40.126405,30.282354,0
          </coordinates>
        </Point>
      </Placemark>
      <Placemark>
        <name>بئر الحصان</name>
        <styleUrl>#icon-1739-0F9D58-labelson-nodesc</styleUrl>
        <Point>
          <coordinates>
            41.627884,30.278664,0
          </coordinates>
        </Point>
      </Placemark>
      <Placemark>
        <name>بئر الضبيب</name>
        <styleUrl>#icon-1739-0F9D58-labelson-nodesc</styleUrl>
        <Point>
          <coordinates>
            41.554241,30.318832,0
          </coordinates>
        </Point>
      </Placemark>
      <Placemark>
        <name>بئر القيري</name>
        <styleUrl>#icon-1739-0F9D58-labelson-nodesc</styleUrl>
        <Point>
          <coordinates>
            41.646938,30.058894,0
          </coordinates>
        </Point>
      </Placemark>
      <Placemark>
        <name>بئر المابية</name>
        <styleUrl>#icon-1739-0F9D58-labelson-nodesc</styleUrl>
        <Point>
          <coordinates>
            38.106723,31.003203,0
          </coordinates>
        </Point>
      </Placemark>
      <Placemark>
        <name>بئر ام العبي</name>
        <styleUrl>#icon-1739-0F9D58-labelson-nodesc</styleUrl>
        <Point>
          <coordinates>
            37.765331,31.248379,0
          </coordinates>
        </Point>
      </Placemark>
      <Placemark>
        <name>بئر رحيه</name>
        <styleUrl>#icon-1739-0F9D58-labelson-nodesc</styleUrl>
        <Point>
          <coordinates>
            38.709383,30.098333,0
          </coordinates>
        </Point>
      </Placemark>
      <Placemark>
        <name>بئر شعار</name>
        <styleUrl>#icon-1739-0F9D58-labelson-nodesc</styleUrl>
        <Point>
          <coordinates>
            38.810792,30.110307,0
          </coordinates>
        </Point>
      </Placemark>
      <Placemark>
        <name>بئر عذفاء</name>
        <styleUrl>#icon-1739-0F9D58-labelson-nodesc</styleUrl>
        <Point>
          <coordinates>
            41.436653,29.26157,0
          </coordinates>
        </Point>
      </Placemark>
      <Placemark>
        <name>بئر كران</name>
        <styleUrl>#icon-1739-0F9D58-labelson-nodesc</styleUrl>
        <Point>
          <coordinates>
            41.365457,30.384836,0
          </coordinates>
        </Point>
      </Placemark>
      <Placemark>
        <name>ثمايل ابرق دمعه</name>
        <styleUrl>#icon-1739-0F9D58-labelson-nodesc</styleUrl>
        <Point>
          <coordinates>
            41.069298,30.060225,0
          </coordinates>
        </Point>
      </Placemark>
      <Placemark>
        <name>ابار ابو خرقة</name>
        <styleUrl>#icon-1739-0F9D58-labelson-nodesc</styleUrl>
        <Point>
          <coordinates>
            41.207829,30.017223,0
          </coordinates>
        </Point>
      </Placemark>
      <Placemark>
        <name>ابار الشقيق</name>
        <styleUrl>#icon-1739-0F9D58-labelson-nodesc</styleUrl>
        <Point>
          <coordinates>
            40.070658,29.389114,0
          </coordinates>
        </Point>
      </Placemark>
      <Placemark>
        <name>ابار ابو صفاة</name>
        <styleUrl>#icon-1739-0F9D58-labelson-nodesc</styleUrl>
        <Point>
          <coordinates>
            41.469162,30.114555,0
          </coordinates>
        </Point>
      </Placemark>
      <Placemark>
        <name>ابار البويتات</name>
        <styleUrl>#icon-1739-0F9D58-labelson-nodesc</styleUrl>
        <Point>
          <coordinates>
            41.198301,30.023232,0
          </coordinates>
        </Point>
      </Placemark>
      <Placemark>
        <name>ابار الجواري</name>
        <styleUrl>#icon-1739-0F9D58-labelson-nodesc</styleUrl>
        <Point>
          <coordinates>
            41.74751,29.991753,0
          </coordinates>
        </Point>
      </Placemark>
      <Placemark>
        <name>ابار الخفي</name>
        <styleUrl>#icon-1739-0F9D58-labelson-nodesc</styleUrl>
        <Point>
          <coordinates>
            41.271515,30.401058,0
          </coordinates>
        </Point>
      </Placemark>
      <Placemark>
        <name>ابار الرغيفيات</name>
        <styleUrl>#icon-1739-0F9D58-labelson-nodesc</styleUrl>
        <Point>
          <coordinates>
            40.130847,29.341114,0
          </coordinates>
        </Point>
      </Placemark>
      <Placemark>
        <name>ابار الزهيري</name>
        <styleUrl>#icon-1739-0F9D58-labelson-nodesc</styleUrl>
        <Point>
          <coordinates>
            40.22732,29.319506,0
          </coordinates>
        </Point>
      </Placemark>
      <Placemark>
        <name>ابار الصفر</name>
        <styleUrl>#icon-1739-0F9D58-labelson-nodesc</styleUrl>
        <Point>
          <coordinates>
            41.54613,30.146635,0
          </coordinates>
        </Point>
      </Placemark>
      <Placemark>
        <name>ابار المزبور</name>
        <styleUrl>#icon-1739-0F9D58-labelson-nodesc</styleUrl>
        <Point>
          <coordinates>
            41.218128,30.368614,0
          </coordinates>
        </Point>
      </Placemark>
      <Placemark>
        <name>ابار المطاوي</name>
        <styleUrl>#icon-1739-0F9D58-labelson-nodesc</styleUrl>
        <Point>
          <coordinates>
            40.11692,30.398376,0
          </coordinates>
        </Point>
      </Placemark>
      <Placemark>
        <name>ابار المنقوري</name>
        <styleUrl>#icon-1739-0F9D58-labelson-nodesc</styleUrl>
        <Point>
          <coordinates>
            41.570485,30.372412,0
          </coordinates>
        </Point>
      </Placemark>
      <Placemark>
        <name>ابار النخيلة</name>
        <styleUrl>#icon-1739-0F9D58-labelson-nodesc</styleUrl>
        <Point>
          <coordinates>
            41.312885,30.339775,0
          </coordinates>
        </Point>
      </Placemark>
      <Placemark>
        <name>ابار ام شويل</name>
        <styleUrl>#icon-1739-0F9D58-labelson-nodesc</styleUrl>
        <Point>
          <coordinates>
            41.341338,30.381467,0
          </coordinates>
        </Point>
      </Placemark>
      <Placemark>
        <name>ابار ام صويحات</name>
        <styleUrl>#icon-1739-0F9D58-labelson-nodesc</styleUrl>
        <Point>
          <coordinates>
            41.19858,30.027587,0
          </coordinates>
        </Point>
      </Placemark>
      <Placemark>
        <name>ابار اويسطات</name>
        <styleUrl>#icon-1739-0F9D58-labelson-nodesc</styleUrl>
        <Point>
          <coordinates>
            40.152819,29.331715,0
          </coordinates>
        </Point>
      </Placemark>
      <Placemark>
        <name>ابار شيبه</name>
        <styleUrl>#icon-1739-0F9D58-labelson-nodesc</styleUrl>
        <Point>
          <coordinates>
            38.546262,30.41934,0
          </coordinates>
        </Point>
      </Placemark>
      <Placemark>
        <name>ابار هويدي</name>
        <styleUrl>#icon-1739-0F9D58-labelson-nodesc</styleUrl>
        <Point>
          <coordinates>
            41.363697,30.4105,0
          </coordinates>
        </Point>
      </Placemark>
    </Folder>
    <Folder>
      <name>تجمع مياه</name>
      <Placemark>
        <name>مكامن ابا الرواث</name>
        <styleUrl>#icon-1739-0288D1-labelson-nodesc</styleUrl>
        <Point>
          <coordinates>
            41.349106,29.69656,0
          </coordinates>
        </Point>
      </Placemark>
      <Placemark>
        <name>مكمن الشداد</name>
        <styleUrl>#icon-1739-0288D1-labelson-nodesc</styleUrl>
        <Point>
          <coordinates>
            38.24182,30.996551,0
          </coordinates>
        </Point>
      </Placemark>
      <Placemark>
        <name>مكمن شما</name>
        <styleUrl>#icon-1739-0288D1-labelson-nodesc</styleUrl>
        <Point>
          <coordinates>
            39.226749,30.635848,0
          </coordinates>
        </Point>
      </Placemark>
      <Placemark>
        <name>مكمن طوقة</name>
        <styleUrl>#icon-1739-0288D1-labelson-nodesc</styleUrl>
        <Point>
          <coordinates>
            39.240696,30.861754,0
          </coordinates>
        </Point>
      </Placemark>
      <Placemark>
        <name>مكمن عذيفاء</name>
        <styleUrl>#icon-1739-0288D1-labelson-nodesc</styleUrl>
        <Point>
          <coordinates>
            41.615009,29.178314,0
          </coordinates>
        </Point>
      </Placemark>
      <Placemark>
        <name>مكمن ودي موت</name>
        <styleUrl>#icon-1739-0288D1-labelson-nodesc</styleUrl>
        <Point>
          <coordinates>
            39.471388,30.597589,0
          </coordinates>
        </Point>
      </Placemark>
      <Placemark>
        <name>مصب شعيب طوقه</name>
        <styleUrl>#icon-1739-0288D1-labelson-nodesc</styleUrl>
        <Point>
          <coordinates>
            38.797359,30.899477,0
          </coordinates>
        </Point>
      </Placemark>
      <Placemark>
        <name>قيعان الارينبات</name>
        <styleUrl>#icon-1739-0288D1-labelson-nodesc</styleUrl>
        <Point>
          <coordinates>
            39.592302,30.849674,0
          </coordinates>
        </Point>
      </Placemark>
      <Placemark>
        <name>قيعان الرصيف</name>
        <styleUrl>#icon-1739-0288D1-labelson-nodesc</styleUrl>
        <Point>
          <coordinates>
            40.407522,30.32512,0
          </coordinates>
        </Point>
      </Placemark>
      <Placemark>
        <name>قيعان العجرميات</name>
        <styleUrl>#icon-1739-0288D1-labelson-nodesc</styleUrl>
        <Point>
          <coordinates>
            39.81941,30.43273,0
          </coordinates>
        </Point>
      </Placemark>
      <Placemark>
        <name>قيعان القعيدات</name>
        <styleUrl>#icon-1739-0288D1-labelson-nodesc</styleUrl>
        <Point>
          <coordinates>
            37.832258,31.094055,0
          </coordinates>
        </Point>
      </Placemark>
      <Placemark>
        <name>قيعان الكهف</name>
        <styleUrl>#icon-1739-0288D1-labelson-nodesc</styleUrl>
        <Point>
          <coordinates>
            40.034373,29.886074,0
          </coordinates>
        </Point>
      </Placemark>
      <Placemark>
        <name>قيعان المحاص</name>
        <styleUrl>#icon-1739-0288D1-labelson-nodesc</styleUrl>
        <Point>
          <coordinates>
            39.639873,30.386403,0
          </coordinates>
        </Point>
      </Placemark>
      <Placemark>
        <name>فياض العوجاء</name>
        <styleUrl>#icon-1739-0288D1-labelson-nodesc</styleUrl>
        <Point>
          <coordinates>
            39.982789,30.402195,0
          </coordinates>
        </Point>
      </Placemark>
      <Placemark>
        <name>فياض الفسقانات</name>
        <styleUrl>#icon-1739-0288D1-labelson-nodesc</styleUrl>
        <Point>
          <coordinates>
            40.430138,30.415328,0
          </coordinates>
        </Point>
      </Placemark>
      <Placemark>
        <name>فياض ام تليل</name>
        <styleUrl>#icon-1739-0288D1-labelson-nodesc</styleUrl>
        <Point>
          <coordinates>
            41.059942,30.278127,0
          </coordinates>
        </Point>
      </Placemark>
      <Placemark>
        <name>فياض ام غدير</name>
        <styleUrl>#icon-1739-0288D1-labelson-nodesc</styleUrl>
        <Point>
          <coordinates>
            41.016104,30.297182,0
          </coordinates>
        </Point>
      </Placemark>
      <Placemark>
        <name>فياض حنين</name>
        <styleUrl>#icon-1739-0288D1-labelson-nodesc</styleUrl>
        <Point>
          <coordinates>
            40.042205,29.972763,0
          </coordinates>
        </Point>
      </Placemark>
      <Placemark>
        <name>فياض خش الثور</name>
        <styleUrl>#icon-1739-0288D1-labelson-nodesc</styleUrl>
        <Point>
          <coordinates>
            41.106527,30.048122,0
          </coordinates>
        </Point>
      </Placemark>
      <Placemark>
        <name>فياض هذيليل العفر</name>
        <styleUrl>#icon-1739-0288D1-labelson-nodesc</styleUrl>
        <Point>
          <coordinates>
            41.084876,29.916952,0
          </coordinates>
        </Point>
      </Placemark>
      <Placemark>
        <name>فيضة ابن زعيله</name>
        <styleUrl>#icon-1739-0288D1-labelson-nodesc</styleUrl>
        <Point>
          <coordinates>
            41.488602,30.142343,0
          </coordinates>
        </Point>
      </Placemark>
      <Placemark>
        <name>فيضة ابن غالية</name>
        <styleUrl>#icon-1739-0288D1-labelson-nodesc</styleUrl>
        <Point>
          <coordinates>
            37.523847,31.604898,0
          </coordinates>
        </Point>
      </Placemark>
      <Placemark>
        <name>فيضة ابو صفاء</name>
        <styleUrl>#icon-1739-0288D1-labelson-nodesc</styleUrl>
        <Point>
          <coordinates>
            41.484396,30.110393,0
          </coordinates>
        </Point>
      </Placemark>
      <Placemark>
        <name>فيضة ارفه</name>
        <styleUrl>#icon-1739-0288D1-labelson-nodesc</styleUrl>
        <Point>
          <coordinates>
            41.35417,29.998512,0
          </coordinates>
        </Point>
      </Placemark>
      <Placemark>
        <name>فيضة الابيض</name>
        <styleUrl>#icon-1739-0288D1-labelson-nodesc</styleUrl>
        <Point>
          <coordinates>
            37.94637,30.715799,0
          </coordinates>
        </Point>
      </Placemark>
      <Placemark>
        <name>فيضة الاصفر</name>
        <styleUrl>#icon-1739-0288D1-labelson-nodesc</styleUrl>
        <Point>
          <coordinates>
            41.081829,30.376339,0
          </coordinates>
        </Point>
      </Placemark>
      <Placemark>
        <name>فيضة البرقاء</name>
        <styleUrl>#icon-1739-0288D1-labelson-nodesc</styleUrl>
        <Point>
          <coordinates>
            40.156016,29.982333,0
          </coordinates>
        </Point>
      </Placemark>
      <Placemark>
        <name>فيضة البويتات</name>
        <styleUrl>#icon-1739-0288D1-labelson-nodesc</styleUrl>
        <Point>
          <coordinates>
            41.18268,30.019884,0
          </coordinates>
        </Point>
      </Placemark>
      <Placemark>
        <name>فيضة الثمد</name>
        <styleUrl>#icon-1739-0288D1-labelson-nodesc</styleUrl>
        <Point>
          <coordinates>
            41.10775,29.988556,0
          </coordinates>
        </Point>
      </Placemark>
      <Placemark>
        <name>فيضة الثنية</name>
        <styleUrl>#icon-1739-0288D1-labelson-nodesc</styleUrl>
        <Point>
          <coordinates>
            41.732769,30.028381,0
          </coordinates>
        </Point>
      </Placemark>
      <Placemark>
        <name>فيضة الجادة</name>
        <styleUrl>#icon-1739-0288D1-labelson-nodesc</styleUrl>
        <Point>
          <coordinates>
            41.672516,30.092068,0
          </coordinates>
        </Point>
      </Placemark>
      <Placemark>
        <name>فيضة الجلوي</name>
        <styleUrl>#icon-1739-0288D1-labelson-nodesc</styleUrl>
        <Point>
          <coordinates>
            41.284904,29.996452,0
          </coordinates>
        </Point>
      </Placemark>
      <Placemark>
        <name>فيضة الجندلي</name>
        <styleUrl>#icon-1739-0288D1-labelson-nodesc</styleUrl>
        <Point>
          <coordinates>
            41.586685,29.884357,0
          </coordinates>
        </Point>
      </Placemark>
      <Placemark>
        <name>فيضة الجويدية</name>
        <styleUrl>#icon-1739-0288D1-labelson-nodesc</styleUrl>
        <Point>
          <coordinates>
            40.979519,29.949718,0
          </coordinates>
        </Point>
      </Placemark>
      <Placemark>
        <name>فيضة الحمراء</name>
        <styleUrl>#icon-1739-0288D1-labelson-nodesc</styleUrl>
        <Point>
          <coordinates>
            41.582737,30.285702,0
          </coordinates>
        </Point>
      </Placemark>
      <Placemark>
        <name>فيضة الرشرشيه</name>
        <styleUrl>#icon-1739-0288D1-labelson-nodesc</styleUrl>
        <Point>
          <coordinates>
            37.367849,31.438451,0
          </coordinates>
        </Point>
      </Placemark>
      <Placemark>
        <name>فيضة الرغلية</name>
        <styleUrl>#icon-1739-0288D1-labelson-nodesc</styleUrl>
        <Point>
          <coordinates>
            39.545052,30.01394,0
          </coordinates>
        </Point>
      </Placemark>
      <Placemark>
        <name>فيضة الرغيلة السفلى</name>
        <styleUrl>#icon-1739-0288D1-labelson-nodesc</styleUrl>
        <Point>
          <coordinates>
            41.0446,30.239975,0
          </coordinates>
        </Point>
      </Placemark>
      <Placemark>
        <name>فيضة الرغيلة العليا</name>
        <styleUrl>#icon-1739-0288D1-labelson-nodesc</styleUrl>
        <Point>
          <coordinates>
            41.120625,30.215836,0
          </coordinates>
        </Point>
      </Placemark>
      <Placemark>
        <name>فيضة الرمادية</name>
        <styleUrl>#icon-1739-0288D1-labelson-nodesc</styleUrl>
        <Point>
          <coordinates>
            41.564541,30.109749,0
          </coordinates>
        </Point>
      </Placemark>
      <Placemark>
        <name>فيضة الروثية</name>
        <styleUrl>#icon-1739-0288D1-labelson-nodesc</styleUrl>
        <Point>
          <coordinates>
            41.195276,30.052629,0
          </coordinates>
        </Point>
      </Placemark>
      <Placemark>
        <name>فيضة السبتية</name>
        <styleUrl>#icon-1739-0288D1-labelson-nodesc</styleUrl>
        <Point>
          <coordinates>
            41.32988,30.012846,0
          </coordinates>
        </Point>
      </Placemark>
      <Placemark>
        <name>فيضة السويداء</name>
        <styleUrl>#icon-1739-0288D1-labelson-nodesc</styleUrl>
        <Point>
          <coordinates>
            41.325052,29.995315,0
          </coordinates>
        </Point>
      </Placemark>
      <Placemark>
        <name>فيضة الشفلحية</name>
        <styleUrl>#icon-1739-0288D1-labelson-nodesc</styleUrl>
        <Point>
          <coordinates>
            41.182702,30.090845,0
          </coordinates>
        </Point>
      </Placemark>
      <Placemark>
        <name>فيضة الشفلحيه</name>
        <styleUrl>#icon-1739-0288D1-labelson-nodesc</styleUrl>
        <Point>
          <coordinates>
            40.114195,30.707002,0
          </coordinates>
        </Point>
      </Placemark>
      <Placemark>
        <name>فيضة الشيحية</name>
        <styleUrl>#icon-1739-0288D1-labelson-nodesc</styleUrl>
        <Point>
          <coordinates>
            41.161695,29.981582,0
          </coordinates>
        </Point>
      </Placemark>
      <Placemark>
        <name>فيضة الصفر</name>
        <styleUrl>#icon-1739-0288D1-labelson-nodesc</styleUrl>
        <Point>
          <coordinates>
            41.55452,30.174229,0
          </coordinates>
        </Point>
      </Placemark>
      <Placemark>
        <name>فيضة العبيد</name>
        <styleUrl>#icon-1739-0288D1-labelson-nodesc</styleUrl>
        <Point>
          <coordinates>
            37.886674,30.708504,0
          </coordinates>
        </Point>
      </Placemark>
      <Placemark>
        <name>فيضة العزبة</name>
        <styleUrl>#icon-1739-0288D1-labelson-nodesc</styleUrl>
        <Point>
          <coordinates>
            41.223965,30.077047,0
          </coordinates>
        </Point>
      </Placemark>
      <Placemark>
        <name>فيضة العوس</name>
        <styleUrl>#icon-1739-0288D1-labelson-nodesc</styleUrl>
        <Point>
          <coordinates>
            40.032291,29.974136,0
          </coordinates>
        </Point>
      </Placemark>
      <Placemark>
        <name>فيضة الغرقانة</name>
        <styleUrl>#icon-1739-0288D1-labelson-nodesc</styleUrl>
        <Point>
          <coordinates>
            41.054235,30.316494,0
          </coordinates>
        </Point>
      </Placemark>
      <Placemark>
        <name>فيضة الغويسري</name>
        <styleUrl>#icon-1739-0288D1-labelson-nodesc</styleUrl>
        <Point>
          <coordinates>
            41.41571,30.299778,0
          </coordinates>
        </Point>
      </Placemark>
      <Placemark>
        <name>فيضة الفهد</name>
        <styleUrl>#icon-1739-0288D1-labelson-nodesc</styleUrl>
        <Point>
          <coordinates>
            41.133156,30.243988,0
          </coordinates>
        </Point>
      </Placemark>
      <Placemark>
        <name>فيضة القصل</name>
        <styleUrl>#icon-1739-0288D1-labelson-nodesc</styleUrl>
        <Point>
          <coordinates>
            40.098553,29.891911,0
          </coordinates>
        </Point>
      </Placemark>
      <Placemark>
        <name>فيضة القيصومية</name>
        <styleUrl>#icon-1739-0288D1-labelson-nodesc</styleUrl>
        <Point>
          <coordinates>
            41.113758,30.191975,0
          </coordinates>
        </Point>
      </Placemark>
      <Placemark>
        <name>فيضة الكليبة</name>
        <styleUrl>#icon-1739-0288D1-labelson-nodesc</styleUrl>
        <Point>
          <coordinates>
            41.169376,30.019455,0
          </coordinates>
        </Point>
      </Placemark>
      <Placemark>
        <name>فيضة المجراد</name>
        <styleUrl>#icon-1739-0288D1-labelson-nodesc</styleUrl>
        <Point>
          <coordinates>
            41.620331,30.22974,0
          </coordinates>
        </Point>
      </Placemark>
      <Placemark>
        <name>فيضة المرجومة</name>
        <styleUrl>#icon-1739-0288D1-labelson-nodesc</styleUrl>
        <Point>
          <coordinates>
            41.198988,29.976926,0
          </coordinates>
        </Point>
      </Placemark>
      <Placemark>
        <name>فيضة المريسي</name>
        <styleUrl>#icon-1739-0288D1-labelson-nodesc</styleUrl>
        <Point>
          <coordinates>
            41.507463,30.12331,0
          </coordinates>
        </Point>
      </Placemark>
      <Placemark>
        <name>فيضة المستورة</name>
        <styleUrl>#icon-1739-0288D1-labelson-nodesc</styleUrl>
        <Point>
          <coordinates>
            41.296148,29.996281,0
          </coordinates>
        </Point>
      </Placemark>
      <Placemark>
        <name>فيضة المعزولة</name>
        <styleUrl>#icon-1739-0288D1-labelson-nodesc</styleUrl>
        <Point>
          <coordinates>
            41.018486,30.401058,0
          </coordinates>
        </Point>
      </Placemark>
      <Placemark>
        <name>فيضة المنبطح</name>
        <styleUrl>#icon-1739-0288D1-labelson-nodesc</styleUrl>
        <Point>
          <coordinates>
            41.564949,30.146871,0
          </coordinates>
        </Point>
      </Placemark>
      <Placemark>
        <name>فيضة الموحل</name>
        <styleUrl>#icon-1739-0288D1-labelson-nodesc</styleUrl>
        <Point>
          <coordinates>
            41.22242,29.899635,0
          </coordinates>
        </Point>
      </Placemark>
      <Placemark>
        <name>فيضة المويشرية</name>
        <styleUrl>#icon-1739-0288D1-labelson-nodesc</styleUrl>
        <Point>
          <coordinates>
            41.026211,30.368958,0
          </coordinates>
        </Point>
      </Placemark>
      <Placemark>
        <name>فيضة النهار</name>
        <styleUrl>#icon-1739-0288D1-labelson-nodesc</styleUrl>
        <Point>
          <coordinates>
            41.337347,29.998512,0
          </coordinates>
        </Point>
      </Placemark>
      <Placemark>
        <name>فيضة ام الحمام</name>
        <styleUrl>#icon-1739-0288D1-labelson-nodesc</styleUrl>
        <Point>
          <coordinates>
            41.431117,29.92856,0
          </coordinates>
        </Point>
      </Placemark>
      <Placemark>
        <name>فيضة ام الصخال</name>
        <styleUrl>#icon-1739-0288D1-labelson-nodesc</styleUrl>
        <Point>
          <coordinates>
            40.186615,30.157814,0
          </coordinates>
        </Point>
      </Placemark>
      <Placemark>
        <name>فيضة ام الهمل</name>
        <styleUrl>#icon-1739-0288D1-labelson-nodesc</styleUrl>
        <Point>
          <coordinates>
            41.156974,30.33072,0
          </coordinates>
        </Point>
      </Placemark>
      <Placemark>
        <name>فيضة ام برميل</name>
        <styleUrl>#icon-1739-0288D1-labelson-nodesc</styleUrl>
        <Point>
          <coordinates>
            41.723671,30.172749,0
          </coordinates>
        </Point>
      </Placemark>
      <Placemark>
        <name>فيضة ام بنايا</name>
        <styleUrl>#icon-1739-0288D1-labelson-nodesc</styleUrl>
        <Point>
          <coordinates>
            41.068289,30.340075,0
          </coordinates>
        </Point>
      </Placemark>
      <Placemark>
        <name>فيضة ام تلول</name>
        <styleUrl>#icon-1739-0288D1-labelson-nodesc</styleUrl>
        <Point>
          <coordinates>
            41.158218,30.026236,0
          </coordinates>
        </Point>
      </Placemark>
      <Placemark>
        <name>فيضة ام تليل</name>
        <styleUrl>#icon-1739-0288D1-labelson-nodesc</styleUrl>
        <Point>
          <coordinates>
            41.649148,30.13185,0
          </coordinates>
        </Point>
      </Placemark>
      <Placemark>
        <name>فيضة ام تليل</name>
        <styleUrl>#icon-1739-0288D1-labelson-nodesc</styleUrl>
        <Point>
          <coordinates>
            41.200941,30.058637,0
          </coordinates>
        </Point>
      </Placemark>
      <Placemark>
        <name>فيضة ام خسيف</name>
        <styleUrl>#icon-1739-0288D1-labelson-nodesc</styleUrl>
        <Point>
          <coordinates>
            41.55452,30.241606,0
          </coordinates>
        </Point>
      </Placemark>
      <Placemark>
        <name>فيضة ام رجم</name>
        <styleUrl>#icon-1739-0288D1-labelson-nodesc</styleUrl>
        <Point>
          <coordinates>
            41.175127,30.017738,0
          </coordinates>
        </Point>
      </Placemark>
      <Placemark>
        <name>فيضة ام زباير</name>
        <styleUrl>#icon-1739-0288D1-labelson-nodesc</styleUrl>
        <Point>
          <coordinates>
            41.164055,30.025206,0
          </coordinates>
        </Point>
      </Placemark>
      <Placemark>
        <name>فيضة ام سوح</name>
        <styleUrl>#icon-1739-0288D1-labelson-nodesc</styleUrl>
        <Point>
          <coordinates>
            41.153755,30.030956,0
          </coordinates>
        </Point>
      </Placemark>
      <Placemark>
        <name>فيضة ام طريفات</name>
        <styleUrl>#icon-1739-0288D1-labelson-nodesc</styleUrl>
        <Point>
          <coordinates>
            41.053655,30.42419,0
          </coordinates>
        </Point>
      </Placemark>
      <Placemark>
        <name>فيضة ام غار</name>
        <styleUrl>#icon-1739-0288D1-labelson-nodesc</styleUrl>
        <Point>
          <coordinates>
            41.05093,29.948044,0
          </coordinates>
        </Point>
      </Placemark>
      <Placemark>
        <name>فيضة ام غدير</name>
        <styleUrl>#icon-1739-0288D1-labelson-nodesc</styleUrl>
        <Point>
          <coordinates>
            41.129208,29.963665,0
          </coordinates>
        </Point>
      </Placemark>
      <Placemark>
        <name>فيضة ام لقف</name>
        <styleUrl>#icon-1739-0288D1-labelson-nodesc</styleUrl>
        <Point>
          <coordinates>
            41.331596,29.767456,0
          </coordinates>
        </Point>
      </Placemark>
      <Placemark>
        <name>فيضة ام ماجد</name>
        <styleUrl>#icon-1739-0288D1-labelson-nodesc</styleUrl>
        <Point>
          <coordinates>
            40.941582,30.271454,0
          </coordinates>
        </Point>
      </Placemark>
      <Placemark>
        <name>فيضة ام نخيلة</name>
        <styleUrl>#icon-1739-0288D1-labelson-nodesc</styleUrl>
        <Point>
          <coordinates>
            41.590912,30.060675,0
          </coordinates>
        </Point>
      </Placemark>
      <Placemark>
        <name>فيضة ام نصال</name>
        <styleUrl>#icon-1739-0288D1-labelson-nodesc</styleUrl>
        <Point>
          <coordinates>
            41.083374,30.418568,0
          </coordinates>
        </Point>
      </Placemark>
      <Placemark>
        <name>فيضة ام نصال</name>
        <styleUrl>#icon-1739-0288D1-labelson-nodesc</styleUrl>
        <Point>
          <coordinates>
            41.443348,30.221157,0
          </coordinates>
        </Point>
      </Placemark>
      <Placemark>
        <name>فيضة ام نصيلة</name>
        <styleUrl>#icon-1739-0288D1-labelson-nodesc</styleUrl>
        <Point>
          <coordinates>
            40.930939,30.317287,0
          </coordinates>
        </Point>
      </Placemark>
      <Placemark>
        <name>فيضة ام نغور</name>
        <styleUrl>#icon-1739-0288D1-labelson-nodesc</styleUrl>
        <Point>
          <coordinates>
            41.218643,29.935169,0
          </coordinates>
        </Point>
      </Placemark>
      <Placemark>
        <name>فيضة ام هبنة</name>
        <styleUrl>#icon-1739-0288D1-labelson-nodesc</styleUrl>
        <Point>
          <coordinates>
            41.192207,29.950447,0
          </coordinates>
        </Point>
      </Placemark>
      <Placemark>
        <name>فيضة تويتان</name>
        <styleUrl>#icon-1739-0288D1-labelson-nodesc</styleUrl>
        <Point>
          <coordinates>
            41.749592,30.064602,0
          </coordinates>
        </Point>
      </Placemark>
      <Placemark>
        <name>فيضة جرذية</name>
        <styleUrl>#icon-1739-0288D1-labelson-nodesc</styleUrl>
        <Point>
          <coordinates>
            41.717856,30.326021,0
          </coordinates>
        </Point>
      </Placemark>
      <Placemark>
        <name>فيضة حمراء ام غار</name>
        <styleUrl>#icon-1739-0288D1-labelson-nodesc</styleUrl>
        <Point>
          <coordinates>
            41.660671,30.200558,0
          </coordinates>
        </Point>
      </Placemark>
      <Placemark>
        <name>فيضة خميس</name>
        <styleUrl>#icon-1739-0288D1-labelson-nodesc</styleUrl>
        <Point>
          <coordinates>
            41.266708,29.982891,0
          </coordinates>
        </Point>
      </Placemark>
      <Placemark>
        <name>فيضة رمادية</name>
        <styleUrl>#icon-1739-0288D1-labelson-nodesc</styleUrl>
        <Point>
          <coordinates>
            41.500812,30.108612,0
          </coordinates>
        </Point>
      </Placemark>
      <Placemark>
        <name>فيضة شافي</name>
        <styleUrl>#icon-1739-0288D1-labelson-nodesc</styleUrl>
        <Point>
          <coordinates>
            41.559134,30.371511,0
          </coordinates>
        </Point>
      </Placemark>
      <Placemark>
        <name>فيضة صفية</name>
        <styleUrl>#icon-1739-0288D1-labelson-nodesc</styleUrl>
        <Point>
          <coordinates>
            41.373138,30.021687,0
          </coordinates>
        </Point>
      </Placemark>
      <Placemark>
        <name>فيضة عرفه</name>
        <styleUrl>#icon-1739-0288D1-labelson-nodesc</styleUrl>
        <Point>
          <coordinates>
            41.426075,29.987977,0
          </coordinates>
        </Point>
      </Placemark>
      <Placemark>
        <name>فيضة عواد</name>
        <styleUrl>#icon-1739-0288D1-labelson-nodesc</styleUrl>
        <Point>
          <coordinates>
            41.153884,30.321879,0
          </coordinates>
        </Point>
      </Placemark>
      <Placemark>
        <name>فيضة غدير ابو مراسي</name>
        <styleUrl>#icon-1739-0288D1-labelson-nodesc</styleUrl>
        <Point>
          <coordinates>
            39.080086,30.665481,0
          </coordinates>
        </Point>
      </Placemark>
      <Placemark>
        <name>فيضة غدير الخيل</name>
        <styleUrl>#icon-1739-0288D1-labelson-nodesc</styleUrl>
        <Point>
          <coordinates>
            41.308937,30.020313,0
          </coordinates>
        </Point>
      </Placemark>
      <Placemark>
        <name>فيضة فاج الصليبي</name>
        <styleUrl>#icon-1739-0288D1-labelson-nodesc</styleUrl>
        <Point>
          <coordinates>
            41.142426,30.208454,0
          </coordinates>
        </Point>
      </Placemark>
      <Placemark>
        <name>فيضة كبد</name>
        <styleUrl>#icon-1739-0288D1-labelson-nodesc</styleUrl>
        <Point>
          <coordinates>
            41.068268,30.065374,0
          </coordinates>
        </Point>
      </Placemark>
      <Placemark>
        <name>فيضة كسر صفية</name>
        <styleUrl>#icon-1739-0288D1-labelson-nodesc</styleUrl>
        <Point>
          <coordinates>
            41.3711,29.985209,0
          </coordinates>
        </Point>
      </Placemark>
      <Placemark>
        <name>فيضة مديسيس</name>
        <styleUrl>#icon-1739-0288D1-labelson-nodesc</styleUrl>
        <Point>
          <coordinates>
            41.017284,29.967442,0
          </coordinates>
        </Point>
      </Placemark>
      <Placemark>
        <name>فيضة معاق دروث</name>
        <styleUrl>#icon-1739-0288D1-labelson-nodesc</styleUrl>
        <Point>
          <coordinates>
            41.681099,30.370266,0
          </coordinates>
        </Point>
      </Placemark>
      <Placemark>
        <name>فيضة مفيد</name>
        <styleUrl>#icon-1739-0288D1-labelson-nodesc</styleUrl>
        <Point>
          <coordinates>
            41.38155,30.269737,0
          </coordinates>
        </Point>
      </Placemark>
      <Placemark>
        <name>فيضة نومان</name>
        <styleUrl>#icon-1739-0288D1-labelson-nodesc</styleUrl>
        <Point>
          <coordinates>
            40.996256,30.092497,0
          </coordinates>
        </Point>
      </Placemark>
      <Placemark>
        <name>فيضة نيصوبة</name>
        <styleUrl>#icon-1739-0288D1-labelson-nodesc</styleUrl>
        <Point>
          <coordinates>
            39.84767,30.064301,0
          </coordinates>
        </Point>
      </Placemark>
      <Placemark>
        <name>فيضة هذيليل العفر</name>
        <styleUrl>#icon-1739-0288D1-labelson-nodesc</styleUrl>
        <Point>
          <coordinates>
            41.084876,29.916952,0
          </coordinates>
        </Point>
      </Placemark>
      <Placemark>
        <name>فيضة وعرة البويتات</name>
        <styleUrl>#icon-1739-0288D1-labelson-nodesc</styleUrl>
        <Point>
          <coordinates>
            41.198559,30.001688,0
          </coordinates>
        </Point>
      </Placemark>
      <Placemark>
        <name>فيضة عمر</name>
        <styleUrl>#icon-1739-0288D1-labelson-nodesc</styleUrl>
        <Point>
          <coordinates>
            41.110775,30.125456,0
          </coordinates>
        </Point>
      </Placemark>
      <Placemark>
        <name>غدير الأعيلي الفوقي</name>
        <styleUrl>#icon-1739-0288D1-labelson-nodesc</styleUrl>
        <Point>
          <coordinates>
            38.774679,30.905786,0
          </coordinates>
        </Point>
      </Placemark>
      <Placemark>
        <name>غدير الصلبي</name>
        <styleUrl>#icon-1739-0288D1-labelson-nodesc</styleUrl>
        <Point>
          <coordinates>
            41.281514,30.384729,0
          </coordinates>
        </Point>
      </Placemark>
      <Placemark>
        <name>غديرالسندله</name>
        <styleUrl>#icon-1739-0288D1-labelson-nodesc</styleUrl>
        <Point>
          <coordinates>
            38.92396,30.679858,0
          </coordinates>
        </Point>
      </Placemark>
      <Placemark>
        <name>شعبان التمريات</name>
        <styleUrl>#icon-1739-0288D1-labelson-nodesc</styleUrl>
        <Point>
          <coordinates>
            40.263305,30.53268,0
          </coordinates>
        </Point>
      </Placemark>
      <Placemark>
        <name>شعبان الحنظليات</name>
        <styleUrl>#icon-1739-0288D1-labelson-nodesc</styleUrl>
        <Point>
          <coordinates>
            40.390377,30.669215,0
          </coordinates>
        </Point>
      </Placemark>
      <Placemark>
        <name>شعبان الظليات</name>
        <styleUrl>#icon-1739-0288D1-labelson-nodesc</styleUrl>
        <Point>
          <coordinates>
            39.658778,29.887877,0
          </coordinates>
        </Point>
      </Placemark>
      <Placemark>
        <name>شعبان الناعم</name>
        <styleUrl>#icon-1739-0288D1-labelson-nodesc</styleUrl>
        <Point>
          <coordinates>
            37.660854,31.639423,0
          </coordinates>
        </Point>
      </Placemark>
      <Placemark>
        <name>شعيب أم غضاه</name>
        <styleUrl>#icon-1739-0288D1-labelson-nodesc</styleUrl>
        <Point>
          <coordinates>
            38.902953,30.836349,0
          </coordinates>
        </Point>
      </Placemark>
      <Placemark>
        <name>شعيب ابرق الحبيلي</name>
        <styleUrl>#icon-1739-0288D1-labelson-nodesc</styleUrl>
        <Point>
          <coordinates>
            39.4804,30.422001,0
          </coordinates>
        </Point>
      </Placemark>
      <Placemark>
        <name>شعيب اعيوج</name>
        <styleUrl>#icon-1739-0288D1-labelson-nodesc</styleUrl>
        <Point>
          <coordinates>
            40.68939,30.405221,0
          </coordinates>
        </Point>
      </Placemark>
      <Placemark>
        <name>شعيب الأسيد</name>
        <styleUrl>#icon-1739-0288D1-labelson-nodesc</styleUrl>
        <Point>
          <coordinates>
            38.140025,31.036012,0
          </coordinates>
        </Point>
      </Placemark>
      <Placemark>
        <name>شعيب الأسيد</name>
        <styleUrl>#icon-1739-0288D1-labelson-nodesc</styleUrl>
        <Point>
          <coordinates>
            38.176997,31.100192,0
          </coordinates>
        </Point>
      </Placemark>
      <Placemark>
        <name>شعيب البويب</name>
        <styleUrl>#icon-1739-0288D1-labelson-nodesc</styleUrl>
        <Point>
          <coordinates>
            40.427949,30.467298,0
          </coordinates>
        </Point>
      </Placemark>
      <Placemark>
        <name>شعيب التمرية ام رضمة</name>
        <styleUrl>#icon-1739-0288D1-labelson-nodesc</styleUrl>
        <Point>
          <coordinates>
            40.31182,30.468049,0
          </coordinates>
        </Point>
      </Placemark>
      <Placemark>
        <name>شعيب الجاردي</name>
        <styleUrl>#icon-1739-0288D1-labelson-nodesc</styleUrl>
        <Point>
          <coordinates>
            41.21212,29.400852,0
          </coordinates>
        </Point>
      </Placemark>
      <Placemark>
        <name>شعيب الجاردي</name>
        <styleUrl>#icon-1739-0288D1-labelson-nodesc</styleUrl>
        <Point>
          <coordinates>
            41.33239,29.718146,0
          </coordinates>
        </Point>
      </Placemark>
      <Placemark>
        <name>شعيب الجضيعة</name>
        <styleUrl>#icon-1739-0288D1-labelson-nodesc</styleUrl>
        <Point>
          <coordinates>
            37.528181,31.176281,0
          </coordinates>
        </Point>
      </Placemark>
      <Placemark>
        <name>شعيب الحديثة</name>
        <styleUrl>#icon-1739-0288D1-labelson-nodesc</styleUrl>
        <Point>
          <coordinates>
            37.167864,31.501236,0
          </coordinates>
        </Point>
      </Placemark>
      <Placemark>
        <name>شعيب الحنظلية ام رضمة</name>
        <styleUrl>#icon-1739-0288D1-labelson-nodesc</styleUrl>
        <Point>
          <coordinates>
            40.56663,30.788026,0
          </coordinates>
        </Point>
      </Placemark>
      <Placemark>
        <name>شعيب الحنظلية ام رمث</name>
        <styleUrl>#icon-1739-0288D1-labelson-nodesc</styleUrl>
        <Point>
          <coordinates>
            40.479641,30.716743,0
          </coordinates>
        </Point>
      </Placemark>
      <Placemark>
        <name>شعيب الحنظلية ام غدران</name>
        <styleUrl>#icon-1739-0288D1-labelson-nodesc</styleUrl>
        <Point>
          <coordinates>
            40.445137,30.796909,0
          </coordinates>
        </Point>
      </Placemark>
      <Placemark>
        <name>شعيب الخنصر</name>
        <styleUrl>#icon-1739-0288D1-labelson-nodesc</styleUrl>
        <Point>
          <coordinates>
            40.0701,30.067821,0
          </coordinates>
        </Point>
      </Placemark>
      <Placemark>
        <name>شعيب الساقي</name>
        <styleUrl>#icon-1739-0288D1-labelson-nodesc</styleUrl>
        <Point>
          <coordinates>
            41.696141,29.996281,0
          </coordinates>
        </Point>
      </Placemark>
      <Placemark>
        <name>شعيب الساقي</name>
        <styleUrl>#icon-1739-0288D1-labelson-nodesc</styleUrl>
        <Point>
          <coordinates>
            41.663482,29.953902,0
          </coordinates>
        </Point>
      </Placemark>
      <Placemark>
        <name>شعيب الطريفاوي</name>
        <styleUrl>#icon-1739-0288D1-labelson-nodesc</styleUrl>
        <Point>
          <coordinates>
            40.143635,30.290401,0
          </coordinates>
        </Point>
      </Placemark>
      <Placemark>
        <name>شعيب العاذرية</name>
        <styleUrl>#icon-1739-0288D1-labelson-nodesc</styleUrl>
        <Point>
          <coordinates>
            40.09527,30.202725,0
          </coordinates>
        </Point>
      </Placemark>
      <Placemark>
        <name>شعيب العبد</name>
        <styleUrl>#icon-1739-0288D1-labelson-nodesc</styleUrl>
        <Point>
          <coordinates>
            38.302202,30.918059,0
          </coordinates>
        </Point>
      </Placemark>
      <Placemark>
        <name>شعيب العوجاء</name>
        <styleUrl>#icon-1739-0288D1-labelson-nodesc</styleUrl>
        <Point>
          <coordinates>
            40.133636,30.368679,0
          </coordinates>
        </Point>
      </Placemark>
      <Placemark>
        <name>شعيب العوجاء</name>
        <styleUrl>#icon-1739-0288D1-labelson-nodesc</styleUrl>
        <Point>
          <coordinates>
            40.297122,30.171976,0
          </coordinates>
        </Point>
      </Placemark>
      <Placemark>
        <name>شعيب القدوري</name>
        <styleUrl>#icon-1739-0288D1-labelson-nodesc</styleUrl>
        <Point>
          <coordinates>
            41.175106,29.44396,0
          </coordinates>
        </Point>
      </Placemark>
      <Placemark>
        <name>شعيب القطب</name>
        <styleUrl>#icon-1739-0288D1-labelson-nodesc</styleUrl>
        <Point>
          <coordinates>
            38.992367,30.105393,0
          </coordinates>
        </Point>
      </Placemark>
      <Placemark>
        <name>شعيب القطب</name>
        <styleUrl>#icon-1739-0288D1-labelson-nodesc</styleUrl>
        <Point>
          <coordinates>
            39.20366,30.152171,0
          </coordinates>
        </Point>
      </Placemark>
      <Placemark>
        <name>شعيب القلتة</name>
        <styleUrl>#icon-1739-0288D1-labelson-nodesc</styleUrl>
        <Point>
          <coordinates>
            39.871123,29.932487,0
          </coordinates>
        </Point>
      </Placemark>
      <Placemark>
        <name>شعيب الكهف</name>
        <styleUrl>#icon-1739-0288D1-labelson-nodesc</styleUrl>
        <Point>
          <coordinates>
            39.941676,29.9368,0
          </coordinates>
        </Point>
      </Placemark>
      <Placemark>
        <name>شعيب المبرك</name>
        <styleUrl>#icon-1739-0288D1-labelson-nodesc</styleUrl>
        <Point>
          <coordinates>
            40.046496,30.065353,0
          </coordinates>
        </Point>
      </Placemark>
      <Placemark>
        <name>شعيب المزرقاني</name>
        <styleUrl>#icon-1739-0288D1-labelson-nodesc</styleUrl>
        <Point>
          <coordinates>
            41.372237,29.60573,0
          </coordinates>
        </Point>
      </Placemark>
      <Placemark>
        <name>شعيب المفرجية</name>
        <styleUrl>#icon-1739-0288D1-labelson-nodesc</styleUrl>
        <Point>
          <coordinates>
            39.168835,30.071983,0
          </coordinates>
        </Point>
      </Placemark>
      <Placemark>
        <name>شعيب النصي</name>
        <styleUrl>#icon-1739-0288D1-labelson-nodesc</styleUrl>
        <Point>
          <coordinates>
            40.016542,30.054495,0
          </coordinates>
        </Point>
      </Placemark>
      <Placemark>
        <name>شعيب ام المقابر</name>
        <styleUrl>#icon-1739-0288D1-labelson-nodesc</styleUrl>
        <Point>
          <coordinates>
            40.075185,30.160561,0
          </coordinates>
        </Point>
      </Placemark>
      <Placemark>
        <name>شعيب ام صبخاة</name>
        <styleUrl>#icon-1739-0288D1-labelson-nodesc</styleUrl>
        <Point>
          <coordinates>
            39.966159,30.012202,0
          </coordinates>
        </Point>
      </Placemark>
      <Placemark>
        <name>شعيب ام صبخاة</name>
        <styleUrl>#icon-1739-0288D1-labelson-nodesc</styleUrl>
        <Point>
          <coordinates>
            40.039008,29.990187,0
          </coordinates>
        </Point>
      </Placemark>
      <Placemark>
        <name>شعيب ام عدام</name>
        <styleUrl>#icon-1739-0288D1-labelson-nodesc</styleUrl>
        <Point>
          <coordinates>
            40.133958,30.092454,0
          </coordinates>
        </Point>
      </Placemark>
      <Placemark>
        <name>شعيب ام عدام</name>
        <styleUrl>#icon-1739-0288D1-labelson-nodesc</styleUrl>
        <Point>
          <coordinates>
            40.090506,30.173521,0
          </coordinates>
        </Point>
      </Placemark>
      <Placemark>
        <name>شعيب ام لويزة</name>
        <styleUrl>#icon-1739-0288D1-labelson-nodesc</styleUrl>
        <Point>
          <coordinates>
            38.82077,30.843236,0
          </coordinates>
        </Point>
      </Placemark>
      <Placemark>
        <name>شعيب ام لويزة</name>
        <styleUrl>#icon-1739-0288D1-labelson-nodesc</styleUrl>
        <Point>
          <coordinates>
            38.945761,30.928681,0
          </coordinates>
        </Point>
      </Placemark>
      <Placemark>
        <name>شعيب ام مرطة</name>
        <styleUrl>#icon-1739-0288D1-labelson-nodesc</styleUrl>
        <Point>
          <coordinates>
            39.570394,29.386432,0
          </coordinates>
        </Point>
      </Placemark>
      <Placemark>
        <name>شعيب طعيس الملعب</name>
        <styleUrl>#icon-1739-0288D1-labelson-nodesc</styleUrl>
        <Point>
          <coordinates>
            38.379235,30.33175,0
          </coordinates>
        </Point>
      </Placemark>
      <Placemark>
        <name>شعيب ظهير حمار الجنوبي</name>
        <styleUrl>#icon-1739-0288D1-labelson-nodesc</styleUrl>
        <Point>
          <coordinates>
            40.002787,29.950404,0
          </coordinates>
        </Point>
      </Placemark>
      <Placemark>
        <name>شعيب قارة المفرق</name>
        <styleUrl>#icon-1739-0288D1-labelson-nodesc</styleUrl>
        <Point>
          <coordinates>
            40.155008,30.025184,0
          </coordinates>
        </Point>
      </Placemark>
      <Placemark>
        <name>شعيب قارة المفرق</name>
        <styleUrl>#icon-1739-0288D1-labelson-nodesc</styleUrl>
        <Point>
          <coordinates>
            40.151896,30.044003,0
          </coordinates>
        </Point>
      </Placemark>
      <Placemark>
        <name>شعيب قارة المفرق</name>
        <styleUrl>#icon-1739-0288D1-labelson-nodesc</styleUrl>
        <Point>
          <coordinates>
            40.06289,30.150776,0
          </coordinates>
        </Point>
      </Placemark>
      <Placemark>
        <name>شعيب قريميز</name>
        <styleUrl>#icon-1739-0288D1-labelson-nodesc</styleUrl>
        <Point>
          <coordinates>
            39.301872,29.945641,0
          </coordinates>
        </Point>
      </Placemark>
      <Placemark>
        <name>شعيب مديسيس</name>
        <styleUrl>#icon-1739-0288D1-labelson-nodesc</styleUrl>
        <Point>
          <coordinates>
            37.554402,30.992968,0
          </coordinates>
        </Point>
      </Placemark>
      <Placemark>
        <name>شعيب معيلة الرغلية</name>
        <styleUrl>#icon-1739-0288D1-labelson-nodesc</styleUrl>
        <Point>
          <coordinates>
            40.915854,30.76159,0
          </coordinates>
        </Point>
      </Placemark>
      <Placemark>
        <name>سد القتب</name>
        <styleUrl>#icon-1739-0288D1-labelson-nodesc</styleUrl>
        <Point>
          <coordinates>
            37.912059,31.558871,0
          </coordinates>
        </Point>
      </Placemark>
      <Placemark>
        <name>سد حصيدة</name>
        <styleUrl>#icon-1739-0288D1-labelson-nodesc</styleUrl>
        <Point>
          <coordinates>
            37.247,31.423194,0
          </coordinates>
        </Point>
      </Placemark>
      <Placemark>
        <name>سد شعيب العوجاء</name>
        <styleUrl>#icon-1739-0288D1-labelson-nodesc</styleUrl>
        <Point>
          <coordinates>
            40.256782,30.184035,0
          </coordinates>
        </Point>
      </Placemark>
      <Placemark>
        <name>سد شويحط</name>
        <styleUrl>#icon-1739-0288D1-labelson-nodesc</styleUrl>
        <Point>
          <coordinates>
            40.188031,30.325785,0
          </coordinates>
        </Point>
      </Placemark>
      <Placemark>
        <name>ساقي غدير الخيل</name>
        <styleUrl>#icon-1739-0288D1-labelson-nodesc</styleUrl>
        <Point>
          <coordinates>
            41.296749,30.005121,0
          </coordinates>
        </Point>
      </Placemark>
      <Placemark>
        <name>ساقي فيضة نومان</name>
        <styleUrl>#icon-1739-0288D1-labelson-nodesc</styleUrl>
        <Point>
          <coordinates>
            40.994968,30.094986,0
          </coordinates>
        </Point>
      </Placemark>
      <Placemark>
        <name>ساقية الرديفة</name>
        <styleUrl>#icon-1739-0288D1-labelson-nodesc</styleUrl>
        <Point>
          <coordinates>
            39.59713,30.166247,0
          </coordinates>
        </Point>
      </Placemark>
      <Placemark>
        <name>ساقية الشيب</name>
        <styleUrl>#icon-1739-0288D1-labelson-nodesc</styleUrl>
        <Point>
          <coordinates>
            39.539473,30.138245,0
          </coordinates>
        </Point>
      </Placemark>
      <Placemark>
        <name>خباري الامحاص</name>
        <styleUrl>#icon-1739-0288D1-labelson-nodesc</styleUrl>
        <Point>
          <coordinates>
            39.604576,30.559287,0
          </coordinates>
        </Point>
      </Placemark>
      <Placemark>
        <name>خباري البريثات</name>
        <styleUrl>#icon-1739-0288D1-labelson-nodesc</styleUrl>
        <Point>
          <coordinates>
            37.816508,31.668434,0
          </coordinates>
        </Point>
      </Placemark>
      <Placemark>
        <name>خبراء اخيضر</name>
        <styleUrl>#icon-1739-0288D1-labelson-nodesc</styleUrl>
        <Point>
          <coordinates>
            37.961712,31.353285,0
          </coordinates>
        </Point>
      </Placemark>
      <Placemark>
        <name>خبراء البدرية</name>
        <styleUrl>#icon-1739-0288D1-labelson-nodesc</styleUrl>
        <Point>
          <coordinates>
            40.683746,30.493455,0
          </coordinates>
        </Point>
      </Placemark>
      <Placemark>
        <name>خبراء الثايه</name>
        <styleUrl>#icon-1739-0288D1-labelson-nodesc</styleUrl>
        <Point>
          <coordinates>
            39.41431,30.2477,0
          </coordinates>
        </Point>
      </Placemark>
      <Placemark>
        <name>خبراء الحجاجية</name>
        <styleUrl>#icon-1739-0288D1-labelson-nodesc</styleUrl>
        <Point>
          <coordinates>
            41.264477,29.85363,0
          </coordinates>
        </Point>
      </Placemark>
      <Placemark>
        <name>خبراء الحصان</name>
        <styleUrl>#icon-1739-0288D1-labelson-nodesc</styleUrl>
        <Point>
          <coordinates>
            39.686351,29.24685,0
          </coordinates>
        </Point>
      </Placemark>
      <Placemark>
        <name>خبراء الرحى</name>
        <styleUrl>#icon-1739-0288D1-labelson-nodesc</styleUrl>
        <Point>
          <coordinates>
            39.239902,30.820255,0
          </coordinates>
        </Point>
      </Placemark>
      <Placemark>
        <name>خبراء القيق</name>
        <styleUrl>#icon-1739-0288D1-labelson-nodesc</styleUrl>
        <Point>
          <coordinates>
            39.287968,30.950031,0
          </coordinates>
        </Point>
      </Placemark>
      <Placemark>
        <name>خبراء الكاسب</name>
        <styleUrl>#icon-1739-0288D1-labelson-nodesc</styleUrl>
        <Point>
          <coordinates>
            41.786156,30.283513,0
          </coordinates>
        </Point>
      </Placemark>
      <Placemark>
        <name>خبراء الوصفي</name>
        <styleUrl>#icon-1739-0288D1-labelson-nodesc</styleUrl>
        <Point>
          <coordinates>
            41.580827,30.121551,0
          </coordinates>
        </Point>
      </Placemark>
      <Placemark>
        <name>خبراء ام طرفاة</name>
        <styleUrl>#icon-1739-0288D1-labelson-nodesc</styleUrl>
        <Point>
          <coordinates>
            41.771951,30.019155,0
          </coordinates>
        </Point>
      </Placemark>
      <Placemark>
        <name>خبراء طوقة</name>
        <styleUrl>#icon-1739-0288D1-labelson-nodesc</styleUrl>
        <Point>
          <coordinates>
            39.321613,30.898705,0
          </coordinates>
        </Point>
      </Placemark>
      <Placemark>
        <name>خبراء مسحة</name>
        <styleUrl>#icon-1739-0288D1-labelson-nodesc</styleUrl>
        <Point>
          <coordinates>
            39.415512,30.702324,0
          </coordinates>
        </Point>
      </Placemark>
      <Placemark>
        <name>نصلة فيضة ظهرة كبد</name>
        <styleUrl>#icon-1739-0288D1-labelson-nodesc</styleUrl>
        <Point>
          <coordinates>
            41.085949,30.046492,0
          </coordinates>
        </Point>
      </Placemark>
      <Placemark>
        <name>روضة عمر</name>
        <styleUrl>#icon-1739-0288D1-labelson-nodesc</styleUrl>
        <Point>
          <coordinates>
            41.087666,30.163651,0
          </coordinates>
        </Point>
      </Placemark>
      <Placemark>
        <name>بحيرة دومة الجندل</name>
        <styleUrl>#icon-1739-0288D1-labelson-nodesc</styleUrl>
        <Point>
          <coordinates>
            39.911141,29.814084,0
          </coordinates>
        </Point>
      </Placemark>
      <Placemark>
        <name>وادي أم قريص</name>
        <styleUrl>#icon-1739-0288D1-labelson-nodesc</styleUrl>
        <Point>
          <coordinates>
            37.97184,30.630591,0
          </coordinates>
        </Point>
      </Placemark>
      <Placemark>
        <name>وادي أم قيعان</name>
        <styleUrl>#icon-1739-0288D1-labelson-nodesc</styleUrl>
        <Point>
          <coordinates>
            37.840369,30.723588,0
          </coordinates>
        </Point>
      </Placemark>
      <Placemark>
        <name>وادي ابا الرواث</name>
        <styleUrl>#icon-1739-0288D1-labelson-nodesc</styleUrl>
        <Point>
          <coordinates>
            41.963825,30.064645,0
          </coordinates>
        </Point>
      </Placemark>
      <Placemark>
        <name>وادي ابا الرواث</name>
        <styleUrl>#icon-1739-0288D1-labelson-nodesc</styleUrl>
        <Point>
          <coordinates>
            41.429787,29.725227,0
          </coordinates>
        </Point>
      </Placemark>
      <Placemark>
        <name>وادي ابا القور</name>
        <styleUrl>#icon-1739-0288D1-labelson-nodesc</styleUrl>
        <Point>
          <coordinates>
            40.813694,30.35368,0
          </coordinates>
        </Point>
      </Placemark>
      <Placemark>
        <name>وادي ابو بعيثرات</name>
        <styleUrl>#icon-1739-0288D1-labelson-nodesc</styleUrl>
        <Point>
          <coordinates>
            38.826499,29.487798,0
          </coordinates>
        </Point>
      </Placemark>
      <Placemark>
        <name>وادي ابو حوايا</name>
        <styleUrl>#icon-1739-0288D1-labelson-nodesc</styleUrl>
        <Point>
          <coordinates>
            38.156612,30.454252,0
          </coordinates>
        </Point>
      </Placemark>
      <Placemark>
        <name>وادي ابو حوايا</name>
        <styleUrl>#icon-1739-0288D1-labelson-nodesc</styleUrl>
        <Point>
          <coordinates>
            37.88161,30.160518,0
          </coordinates>
        </Point>
      </Placemark>
      <Placemark>
        <name>وادي ابو سليليات</name>
        <styleUrl>#icon-1739-0288D1-labelson-nodesc</styleUrl>
        <Point>
          <coordinates>
            37.987246,29.923217,0
          </coordinates>
        </Point>
      </Placemark>
      <Placemark>
        <name>وادي ابو سليليات</name>
        <styleUrl>#icon-1739-0288D1-labelson-nodesc</styleUrl>
        <Point>
          <coordinates>
            38.631084,30.619819,0
          </coordinates>
        </Point>
      </Placemark>
      <Placemark>
        <name>وادي ابو سليليات</name>
        <styleUrl>#icon-1739-0288D1-labelson-nodesc</styleUrl>
        <Point>
          <coordinates>
            38.697302,30.800643,0
          </coordinates>
        </Point>
      </Placemark>
      <Placemark>
        <name>وادي ابو سيلا</name>
        <styleUrl>#icon-1739-0288D1-labelson-nodesc</styleUrl>
        <Point>
          <coordinates>
            37.743788,29.816637,0
          </coordinates>
        </Point>
      </Placemark>
      <Placemark>
        <name>وادي ابو طرفاء</name>
        <styleUrl>#icon-1739-0288D1-labelson-nodesc</styleUrl>
        <Point>
          <coordinates>
            37.934332,31.283569,0
          </coordinates>
        </Point>
      </Placemark>
      <Placemark>
        <name>وادي ابو غريسة</name>
        <styleUrl>#icon-1739-0288D1-labelson-nodesc</styleUrl>
        <Point>
          <coordinates>
            37.777026,31.507673,0
          </coordinates>
        </Point>
      </Placemark>
      <Placemark>
        <name>وادي ابو نجيلة</name>
        <styleUrl>#icon-1739-0288D1-labelson-nodesc</styleUrl>
        <Point>
          <coordinates>
            38.040848,31.204283,0
          </coordinates>
        </Point>
      </Placemark>
      <Placemark>
        <name>وادي ابو نجيلة</name>
        <styleUrl>#icon-1739-0288D1-labelson-nodesc</styleUrl>
        <Point>
          <coordinates>
            38.046169,31.016872,0
          </coordinates>
        </Point>
      </Placemark>
      <Placemark>
        <name>وادي الأبيض</name>
        <styleUrl>#icon-1739-0288D1-labelson-nodesc</styleUrl>
        <Point>
          <coordinates>
            37.933001,30.640397,0
          </coordinates>
        </Point>
      </Placemark>
      <Placemark>
        <name>وادي الاعيلي</name>
        <styleUrl>#icon-1739-0288D1-labelson-nodesc</styleUrl>
        <Point>
          <coordinates>
            38.672562,30.608597,0
          </coordinates>
        </Point>
      </Placemark>
      <Placemark>
        <name>وادي الاعيلي</name>
        <styleUrl>#icon-1739-0288D1-labelson-nodesc</styleUrl>
        <Point>
          <coordinates>
            38.746591,30.931814,0
          </coordinates>
        </Point>
      </Placemark>
      <Placemark>
        <name>وادي التربة</name>
        <styleUrl>#icon-1739-0288D1-labelson-nodesc</styleUrl>
        <Point>
          <coordinates>
            38.944216,30.801201,0
          </coordinates>
        </Point>
      </Placemark>
      <Placemark>
        <name>وادي التربة</name>
        <styleUrl>#icon-1739-0288D1-labelson-nodesc</styleUrl>
        <Point>
          <coordinates>
            39.130297,30.873749,0
          </coordinates>
        </Point>
      </Placemark>
      <Placemark>
        <name>وادي التربة</name>
        <styleUrl>#icon-1739-0288D1-labelson-nodesc</styleUrl>
        <Point>
          <coordinates>
            39.175465,30.892375,0
          </coordinates>
        </Point>
      </Placemark>
      <Placemark>
        <name>وادي الحصاة</name>
        <styleUrl>#icon-1739-0288D1-labelson-nodesc</styleUrl>
        <Point>
          <coordinates>
            37.725313,30.872741,0
          </coordinates>
        </Point>
      </Placemark>
      <Placemark>
        <name>وادي الدسم</name>
        <styleUrl>#icon-1739-0288D1-labelson-nodesc</styleUrl>
        <Point>
          <coordinates>
            38.513989,30.795321,0
          </coordinates>
        </Point>
      </Placemark>
      <Placemark>
        <name>وادي الدسم</name>
        <styleUrl>#icon-1739-0288D1-labelson-nodesc</styleUrl>
        <Point>
          <coordinates>
            38.617609,30.862849,0
          </coordinates>
        </Point>
      </Placemark>
      <Placemark>
        <name>وادي الرتامي</name>
        <styleUrl>#icon-1739-0288D1-labelson-nodesc</styleUrl>
        <Point>
          <coordinates>
            37.900686,31.123817,0
          </coordinates>
        </Point>
      </Placemark>
      <Placemark>
        <name>وادي الرتامي</name>
        <styleUrl>#icon-1739-0288D1-labelson-nodesc</styleUrl>
        <Point>
          <coordinates>
            38.001452,31.188877,0
          </coordinates>
        </Point>
      </Placemark>
      <Placemark>
        <name>وادي السندلة</name>
        <styleUrl>#icon-1739-0288D1-labelson-nodesc</styleUrl>
        <Point>
          <coordinates>
            38.87126,30.628209,0
          </coordinates>
        </Point>
      </Placemark>
      <Placemark>
        <name>وادي الشراري</name>
        <styleUrl>#icon-1739-0288D1-labelson-nodesc</styleUrl>
        <Point>
          <coordinates>
            37.871246,31.313825,0
          </coordinates>
        </Point>
      </Placemark>
      <Placemark>
        <name>وادي الضباعية</name>
        <styleUrl>#icon-1739-0288D1-labelson-nodesc</styleUrl>
        <Point>
          <coordinates>
            38.325655,30.913918,0
          </coordinates>
        </Point>
      </Placemark>
      <Placemark>
        <name>وادي الطيري</name>
        <styleUrl>#icon-1739-0288D1-labelson-nodesc</styleUrl>
        <Point>
          <coordinates>
            40.810454,30.48852,0
          </coordinates>
        </Point>
      </Placemark>
      <Placemark>
        <name>وادي الطيري</name>
        <styleUrl>#icon-1739-0288D1-labelson-nodesc</styleUrl>
        <Point>
          <coordinates>
            40.963898,30.520363,0
          </coordinates>
        </Point>
      </Placemark>
      <Placemark>
        <name>وادي الغراء</name>
        <styleUrl>#icon-1739-0288D1-labelson-nodesc</styleUrl>
        <Point>
          <coordinates>
            37.568929,31.016057,0
          </coordinates>
        </Point>
      </Placemark>
      <Placemark>
        <name>وادي الغويل</name>
        <styleUrl>#icon-1739-0288D1-labelson-nodesc</styleUrl>
        <Point>
          <coordinates>
            38.057542,30.256691,0
          </coordinates>
        </Point>
      </Placemark>
      <Placemark>
        <name>وادي الغويل</name>
        <styleUrl>#icon-1739-0288D1-labelson-nodesc</styleUrl>
        <Point>
          <coordinates>
            38.170645,30.433073,0
          </coordinates>
        </Point>
      </Placemark>
      <Placemark>
        <name>وادي الغينة</name>
        <styleUrl>#icon-1739-0288D1-labelson-nodesc</styleUrl>
        <Point>
          <coordinates>
            38.248665,30.399599,0
          </coordinates>
        </Point>
      </Placemark>
      <Placemark>
        <name>وادي الغينه</name>
        <styleUrl>#icon-1739-0288D1-labelson-nodesc</styleUrl>
        <Point>
          <coordinates>
            38.013489,30.134876,0
          </coordinates>
        </Point>
      </Placemark>
      <Placemark>
        <name>وادي القلتة</name>
        <styleUrl>#icon-1739-0288D1-labelson-nodesc</styleUrl>
        <Point>
          <coordinates>
            38.480129,30.9799,0
          </coordinates>
        </Point>
      </Placemark>
      <Placemark>
        <name>وادي القلتة</name>
        <styleUrl>#icon-1739-0288D1-labelson-nodesc</styleUrl>
        <Point>
          <coordinates>
            38.414233,30.825534,0
          </coordinates>
        </Point>
      </Placemark>
      <Placemark>
        <name>وادي الكواكبة</name>
        <styleUrl>#icon-1739-0288D1-labelson-nodesc</styleUrl>
        <Point>
          <coordinates>
            37.59088,29.997869,0
          </coordinates>
        </Point>
      </Placemark>
      <Placemark>
        <name>وادي المابية</name>
        <styleUrl>#icon-1739-0288D1-labelson-nodesc</styleUrl>
        <Point>
          <coordinates>
            38.1002,31.028202,0
          </coordinates>
        </Point>
      </Placemark>
      <Placemark>
        <name>وادي المابية</name>
        <styleUrl>#icon-1739-0288D1-labelson-nodesc</styleUrl>
        <Point>
          <coordinates>
            38.132644,31.151991,0
          </coordinates>
        </Point>
      </Placemark>
      <Placemark>
        <name>وادي المحاص</name>
        <styleUrl>#icon-1739-0288D1-labelson-nodesc</styleUrl>
        <Point>
          <coordinates>
            39.676523,30.34265,0
          </coordinates>
        </Point>
      </Placemark>
      <Placemark>
        <name>وادي المرير</name>
        <styleUrl>#icon-1739-0288D1-labelson-nodesc</styleUrl>
        <Point>
          <coordinates>
            39.934144,30.044839,0
          </coordinates>
        </Point>
      </Placemark>
      <Placemark>
        <name>وادي المسماء</name>
        <styleUrl>#icon-1739-0288D1-labelson-nodesc</styleUrl>
        <Point>
          <coordinates>
            38.190751,30.9849,0
          </coordinates>
        </Point>
      </Placemark>
      <Placemark>
        <name>وادي المشوح</name>
        <styleUrl>#icon-1739-0288D1-labelson-nodesc</styleUrl>
        <Point>
          <coordinates>
            37.824748,30.760624,0
          </coordinates>
        </Point>
      </Placemark>
      <Placemark>
        <name>وادي المعتدل</name>
        <styleUrl>#icon-1739-0288D1-labelson-nodesc</styleUrl>
        <Point>
          <coordinates>
            40.554893,30.649409,0
          </coordinates>
        </Point>
      </Placemark>
      <Placemark>
        <name>وادي المندسة</name>
        <styleUrl>#icon-1739-0288D1-labelson-nodesc</styleUrl>
        <Point>
          <coordinates>
            37.811937,30.759573,0
          </coordinates>
        </Point>
      </Placemark>
      <Placemark>
        <name>وادي الهلالي</name>
        <styleUrl>#icon-1739-0288D1-labelson-nodesc</styleUrl>
        <Point>
          <coordinates>
            40.833735,30.574951,0
          </coordinates>
        </Point>
      </Placemark>
      <Placemark>
        <name>وادي الهلباء</name>
        <styleUrl>#icon-1739-0288D1-labelson-nodesc</styleUrl>
        <Point>
          <coordinates>
            41.29559,29.353924,0
          </coordinates>
        </Point>
      </Placemark>
      <Placemark>
        <name>وادي ام أرطى</name>
        <styleUrl>#icon-1739-0288D1-labelson-nodesc</styleUrl>
        <Point>
          <coordinates>
            38.054731,29.895365,0
          </coordinates>
        </Point>
      </Placemark>
      <Placemark>
        <name>وادي ام أرطى</name>
        <styleUrl>#icon-1739-0288D1-labelson-nodesc</styleUrl>
        <Point>
          <coordinates>
            38.303018,30.468628,0
          </coordinates>
        </Point>
      </Placemark>
      <Placemark>
        <name>وادي ام أرطى</name>
        <styleUrl>#icon-1739-0288D1-labelson-nodesc</styleUrl>
        <Point>
          <coordinates>
            38.263643,30.33205,0
          </coordinates>
        </Point>
      </Placemark>
      <Placemark>
        <name>وادي ام أرطى</name>
        <styleUrl>#icon-1739-0288D1-labelson-nodesc</styleUrl>
        <Point>
          <coordinates>
            38.275337,30.394771,0
          </coordinates>
        </Point>
      </Placemark>
      <Placemark>
        <name>وادي ام زوير</name>
        <styleUrl>#icon-1739-0288D1-labelson-nodesc</styleUrl>
        <Point>
          <coordinates>
            38.53946,30.801952,0
          </coordinates>
        </Point>
      </Placemark>
      <Placemark>
        <name>وادي ام طعيس</name>
        <styleUrl>#icon-1739-0288D1-labelson-nodesc</styleUrl>
        <Point>
          <coordinates>
            39.326098,30.289092,0
          </coordinates>
        </Point>
      </Placemark>
      <Placemark>
        <name>وادي ام قبور</name>
        <styleUrl>#icon-1739-0288D1-labelson-nodesc</styleUrl>
        <Point>
          <coordinates>
            37.590086,30.953186,0
          </coordinates>
        </Point>
      </Placemark>
      <Placemark>
        <name>وادي ام نخيلة</name>
        <styleUrl>#icon-1739-0288D1-labelson-nodesc</styleUrl>
        <Point>
          <coordinates>
            38.56744,29.566312,0
          </coordinates>
        </Point>
      </Placemark>
      <Placemark>
        <name>وادي ام نخيلة</name>
        <styleUrl>#icon-1739-0288D1-labelson-nodesc</styleUrl>
        <Point>
          <coordinates>
            38.912308,30.143781,0
          </coordinates>
        </Point>
      </Placemark>
      <Placemark>
        <name>وادي ام نخيلة</name>
        <styleUrl>#icon-1739-0288D1-labelson-nodesc</styleUrl>
        <Point>
          <coordinates>
            39.141819,30.266733,0
          </coordinates>
        </Point>
      </Placemark>
      <Placemark>
        <name>وادي ام نخيلة الجنوبي</name>
        <styleUrl>#icon-1739-0288D1-labelson-nodesc</styleUrl>
        <Point>
          <coordinates>
            39.061868,30.242078,0
          </coordinates>
        </Point>
      </Placemark>
      <Placemark>
        <name>وادي ام نخيلة الشمالي</name>
        <styleUrl>#icon-1739-0288D1-labelson-nodesc</styleUrl>
        <Point>
          <coordinates>
            39.028137,30.264931,0
          </coordinates>
        </Point>
      </Placemark>
      <Placemark>
        <name>وادي باير</name>
        <styleUrl>#icon-1739-0288D1-labelson-nodesc</styleUrl>
        <Point>
          <coordinates>
            37.507153,31.193254,0
          </coordinates>
        </Point>
      </Placemark>
      <Placemark>
        <name>وادي حدرج</name>
        <styleUrl>#icon-1739-0288D1-labelson-nodesc</styleUrl>
        <Point>
          <coordinates>
            37.971668,30.368958,0
          </coordinates>
        </Point>
      </Placemark>
      <Placemark>
        <name>وادي حدرج</name>
        <styleUrl>#icon-1739-0288D1-labelson-nodesc</styleUrl>
        <Point>
          <coordinates>
            38.148136,30.471418,0
          </coordinates>
        </Point>
      </Placemark>
      <Placemark>
        <name>وادي حصيدة الشرقي</name>
        <styleUrl>#icon-1739-0288D1-labelson-nodesc</styleUrl>
        <Point>
          <coordinates>
            37.401431,31.279042,0
          </coordinates>
        </Point>
      </Placemark>
      <Placemark>
        <name>وادي حصيدة الغربية</name>
        <styleUrl>#icon-1739-0288D1-labelson-nodesc</styleUrl>
        <Point>
          <coordinates>
            37.224469,31.411436,0
          </coordinates>
        </Point>
      </Placemark>
      <Placemark>
        <name>وادي رجلة الدعاجين</name>
        <styleUrl>#icon-1739-0288D1-labelson-nodesc</styleUrl>
        <Point>
          <coordinates>
            39.480765,30.328467,0
          </coordinates>
        </Point>
      </Placemark>
      <Placemark>
        <name>وادي سارمداء</name>
        <styleUrl>#icon-1739-0288D1-labelson-nodesc</styleUrl>
        <Point>
          <coordinates>
            37.558522,31.02906,0
          </coordinates>
        </Point>
      </Placemark>
      <Placemark>
        <name>وادي شما</name>
        <styleUrl>#icon-1739-0288D1-labelson-nodesc</styleUrl>
        <Point>
          <coordinates>
            39.191601,30.671639,0
          </coordinates>
        </Point>
      </Placemark>
      <Placemark>
        <name>وادي شويحط</name>
        <styleUrl>#icon-1739-0288D1-labelson-nodesc</styleUrl>
        <Point>
          <coordinates>
            39.445789,30.800858,0
          </coordinates>
        </Point>
      </Placemark>
      <Placemark>
        <name>وادي شويحط</name>
        <styleUrl>#icon-1739-0288D1-labelson-nodesc</styleUrl>
        <Point>
          <coordinates>
            39.725575,30.598447,0
          </coordinates>
        </Point>
      </Placemark>
      <Placemark>
        <name>وادي شويحط</name>
        <styleUrl>#icon-1739-0288D1-labelson-nodesc</styleUrl>
        <Point>
          <coordinates>
            40.199361,30.310078,0
          </coordinates>
        </Point>
      </Placemark>
      <Placemark>
        <name>وادي شويحط</name>
        <styleUrl>#icon-1739-0288D1-labelson-nodesc</styleUrl>
        <Point>
          <coordinates>
            40.301135,30.179551,0
          </coordinates>
        </Point>
      </Placemark>
      <Placemark>
        <name>وادي صديع</name>
        <styleUrl>#icon-1739-0288D1-labelson-nodesc</styleUrl>
        <Point>
          <coordinates>
            38.050632,30.567226,0
          </coordinates>
        </Point>
      </Placemark>
      <Placemark>
        <name>وادي صديع أبو غدير</name>
        <styleUrl>#icon-1739-0288D1-labelson-nodesc</styleUrl>
        <Point>
          <coordinates>
            37.999992,30.616665,0
          </coordinates>
        </Point>
      </Placemark>
      <Placemark>
        <name>وادي صديع البويب</name>
        <styleUrl>#icon-1739-0288D1-labelson-nodesc</styleUrl>
        <Point>
          <coordinates>
            37.947721,30.396295,0
          </coordinates>
        </Point>
      </Placemark>
      <Placemark>
        <name>وادي طبرجل</name>
        <styleUrl>#icon-1739-0288D1-labelson-nodesc</styleUrl>
        <Point>
          <coordinates>
            37.977183,30.196073,0
          </coordinates>
        </Point>
      </Placemark>
      <Placemark>
        <name>وادي طريف</name>
        <styleUrl>#icon-1739-0288D1-labelson-nodesc</styleUrl>
        <Point>
          <coordinates>
            38.082089,29.743423,0
          </coordinates>
        </Point>
      </Placemark>
      <Placemark>
        <name>وادي طريف</name>
        <styleUrl>#icon-1739-0288D1-labelson-nodesc</styleUrl>
        <Point>
          <coordinates>
            38.291688,30.335419,0
          </coordinates>
        </Point>
      </Placemark>
      <Placemark>
        <name>وادي طوقة</name>
        <styleUrl>#icon-1739-0288D1-labelson-nodesc</styleUrl>
        <Point>
          <coordinates>
            38.872375,30.923939,0
          </coordinates>
        </Point>
      </Placemark>
      <Placemark>
        <name>وادي فجر</name>
        <styleUrl>#icon-1739-0288D1-labelson-nodesc</styleUrl>
        <Point>
          <coordinates>
            38.158929,29.182241,0
          </coordinates>
        </Point>
      </Placemark>
      <Placemark>
        <name>وادي فجر</name>
        <styleUrl>#icon-1739-0288D1-labelson-nodesc</styleUrl>
        <Point>
          <coordinates>
            38.247313,29.626286,0
          </coordinates>
        </Point>
      </Placemark>
      <Placemark>
        <name>وادي فك</name>
        <styleUrl>#icon-1739-0288D1-labelson-nodesc</styleUrl>
        <Point>
          <coordinates>
            37.813246,30.836263,0
          </coordinates>
        </Point>
      </Placemark>
      <Placemark>
        <name>وادي مديسيس</name>
        <styleUrl>#icon-1739-0288D1-labelson-nodesc</styleUrl>
        <Point>
          <coordinates>
            38.913681,30.360718,0
          </coordinates>
        </Point>
      </Placemark>
      <Placemark>
        <name>وادي مديسيس</name>
        <styleUrl>#icon-1739-0288D1-labelson-nodesc</styleUrl>
        <Point>
          <coordinates>
            39.079099,30.480366,0
          </coordinates>
        </Point>
      </Placemark>
      <Placemark>
        <name>وادي معارك</name>
        <styleUrl>#icon-1739-0288D1-labelson-nodesc</styleUrl>
        <Point>
          <coordinates>
            38.897095,30.161204,0
          </coordinates>
        </Point>
      </Placemark>
      <Placemark>
        <name>وادي معارك</name>
        <styleUrl>#icon-1739-0288D1-labelson-nodesc</styleUrl>
        <Point>
          <coordinates>
            38.985007,30.287933,0
          </coordinates>
        </Point>
      </Placemark>
      <Placemark>
        <name>وادي معارك</name>
        <styleUrl>#icon-1739-0288D1-labelson-nodesc</styleUrl>
        <Point>
          <coordinates>
            39.083111,30.392561,0
          </coordinates>
        </Point>
      </Placemark>
      <Placemark>
        <name>وادي معيريك</name>
        <styleUrl>#icon-1739-0288D1-labelson-nodesc</styleUrl>
        <Point>
          <coordinates>
            39.169886,30.378849,0
          </coordinates>
        </Point>
      </Placemark>
      <Placemark>
        <name>وادي معيلة</name>
        <styleUrl>#icon-1739-0288D1-labelson-nodesc</styleUrl>
        <Point>
          <coordinates>
            40.734944,30.72155,0
          </coordinates>
        </Point>
      </Placemark>
      <Placemark>
        <name>وادي موت</name>
        <styleUrl>#icon-1739-0288D1-labelson-nodesc</styleUrl>
        <Point>
          <coordinates>
            39.489069,30.392625,0
          </coordinates>
        </Point>
      </Placemark>
      <Placemark>
        <name>وادي نجمة</name>
        <styleUrl>#icon-1739-0288D1-labelson-nodesc</styleUrl>
        <Point>
          <coordinates>
            39.442914,29.508612,0
          </coordinates>
        </Point>
      </Placemark>
      <Placemark>
        <name>ودي موت</name>
        <styleUrl>#icon-1739-0288D1-labelson-nodesc</styleUrl>
        <Point>
          <coordinates>
            39.379892,30.550919,0
          </coordinates>
        </Point>
      </Placemark>
      <Placemark>
        <name>وديان الرشيدة</name>
        <styleUrl>#icon-1739-0288D1-labelson-nodesc</styleUrl>
        <Point>
          <coordinates>
            38.919668,30.577998,0
          </coordinates>
        </Point>
      </Placemark>
      <Placemark>
        <name>وديان الرشيدة</name>
        <styleUrl>#icon-1739-0288D1-labelson-nodesc</styleUrl>
        <Point>
          <coordinates>
            39.105384,30.591817,0
          </coordinates>
        </Point>
      </Placemark>
    </Folder>
    <Folder>
      <name>جبال</name>
      <Placemark>
        <name>كهف المنبطح</name>
        <styleUrl>#icon-1739-DB4436-labelson-nodesc</styleUrl>
        <Point>
          <coordinates>
            41.611297,30.127559,0
          </coordinates>
        </Point>
      </Placemark>
      <Placemark>
        <name>كهف كفيتان</name>
        <styleUrl>#icon-1739-DB4436-labelson-nodesc</styleUrl>
        <Point>
          <coordinates>
            41.590998,30.119791,0
          </coordinates>
        </Point>
      </Placemark>
      <Placemark>
        <name>كهف مضرب النجم</name>
        <styleUrl>#icon-1739-DB4436-labelson-nodesc</styleUrl>
        <Point>
          <coordinates>
            41.638141,30.133116,0
          </coordinates>
        </Point>
      </Placemark>
      <Placemark>
        <name>غار ابو صفاء</name>
        <styleUrl>#icon-1739-DB4436-labelson-nodesc</styleUrl>
        <Point>
          <coordinates>
            41.527634,30.13052,0
          </coordinates>
        </Point>
      </Placemark>
      <Placemark>
        <name>غار الرشرشيه</name>
        <styleUrl>#icon-1739-DB4436-labelson-nodesc</styleUrl>
        <Point>
          <coordinates>
            37.294958,31.47347,0
          </coordinates>
        </Point>
      </Placemark>
      <Placemark>
        <name>غار القليب</name>
        <styleUrl>#icon-1739-DB4436-labelson-nodesc</styleUrl>
        <Point>
          <coordinates>
            41.278811,30.117559,0
          </coordinates>
        </Point>
      </Placemark>
      <Placemark>
        <name>غار برثة</name>
        <styleUrl>#icon-1739-DB4436-labelson-nodesc</styleUrl>
        <Point>
          <coordinates>
            39.609339,29.191961,0
          </coordinates>
        </Point>
      </Placemark>
      <Placemark>
        <name>عبد التربه</name>
        <styleUrl>#icon-1739-DB4436-labelson-nodesc</styleUrl>
        <Point>
          <coordinates>
            39.065752,30.852635,0
          </coordinates>
        </Point>
      </Placemark>
      <Placemark>
        <name>عبد المعاصر</name>
        <styleUrl>#icon-1739-DB4436-labelson-nodesc</styleUrl>
        <Point>
          <coordinates>
            38.304863,30.857849,0
          </coordinates>
        </Point>
      </Placemark>
      <Placemark>
        <name>عبد المعي</name>
        <styleUrl>#icon-1739-DB4436-labelson-nodesc</styleUrl>
        <Point>
          <coordinates>
            39.364529,29.536915,0
          </coordinates>
        </Point>
      </Placemark>
      <Placemark>
        <name>عبد ام ذروق</name>
        <styleUrl>#icon-1739-DB4436-labelson-nodesc</styleUrl>
        <Point>
          <coordinates>
            38.094449,31.097081,0
          </coordinates>
        </Point>
      </Placemark>
      <Placemark>
        <name>ضلعان الخسيف</name>
        <styleUrl>#icon-1739-DB4436-labelson-nodesc</styleUrl>
        <Point>
          <coordinates>
            41.516905,30.259588,0
          </coordinates>
        </Point>
      </Placemark>
      <Placemark>
        <name>سمر قراقر</name>
        <styleUrl>#icon-1739-DB4436-labelson-nodesc</styleUrl>
        <Point>
          <coordinates>
            37.697182,31.283612,0
          </coordinates>
        </Point>
      </Placemark>
      <Placemark>
        <name>سمرا ابو طلحه</name>
        <styleUrl>#icon-1739-DB4436-labelson-nodesc</styleUrl>
        <Point>
          <coordinates>
            37.472348,31.585951,0
          </coordinates>
        </Point>
      </Placemark>
      <Placemark>
        <name>سمرا الهزيم</name>
        <styleUrl>#icon-1739-DB4436-labelson-nodesc</styleUrl>
        <Point>
          <coordinates>
            37.275882,31.503339,0
          </coordinates>
        </Point>
      </Placemark>
      <Placemark>
        <name>سمراء الحديثه</name>
        <styleUrl>#icon-1739-DB4436-labelson-nodesc</styleUrl>
        <Point>
          <coordinates>
            37.268672,31.47023,0
          </coordinates>
        </Point>
      </Placemark>
      <Placemark>
        <name>تلول الرحى</name>
        <styleUrl>#icon-1739-DB4436-labelson-nodesc</styleUrl>
        <Point>
          <coordinates>
            39.220548,30.697088,0
          </coordinates>
        </Point>
      </Placemark>
      <Placemark>
        <name>تلول ذريع</name>
        <styleUrl>#icon-1739-DB4436-labelson-nodesc</styleUrl>
        <Point>
          <coordinates>
            41.459956,29.855218,0
          </coordinates>
        </Point>
      </Placemark>
      <Placemark>
        <name>تلول معارك</name>
        <styleUrl>#icon-1739-DB4436-labelson-nodesc</styleUrl>
        <Point>
          <coordinates>
            39.190958,30.411894,0
          </coordinates>
        </Point>
      </Placemark>
      <Placemark>
        <name>حزم البدرية</name>
        <styleUrl>#icon-1739-DB4436-labelson-nodesc</styleUrl>
        <Point>
          <coordinates>
            40.693145,30.475645,0
          </coordinates>
        </Point>
      </Placemark>
      <Placemark>
        <name>حزم التكسير</name>
        <styleUrl>#icon-1739-DB4436-labelson-nodesc</styleUrl>
        <Point>
          <coordinates>
            39.83325,30.136356,0
          </coordinates>
        </Point>
      </Placemark>
      <Placemark>
        <name>حزم ضبع</name>
        <styleUrl>#icon-1739-DB4436-labelson-nodesc</styleUrl>
        <Point>
          <coordinates>
            39.969893,30.258622,0
          </coordinates>
        </Point>
      </Placemark>
      <Placemark>
        <name>حزوم البدرية</name>
        <styleUrl>#icon-1739-DB4436-labelson-nodesc</styleUrl>
        <Point>
          <coordinates>
            40.659671,30.575531,0
          </coordinates>
        </Point>
      </Placemark>
      <Placemark>
        <name>جبال ابو سليلات</name>
        <styleUrl>#icon-1739-DB4436-labelson-nodesc</styleUrl>
        <Point>
          <coordinates>
            38.66503,30.826049,0
          </coordinates>
        </Point>
      </Placemark>
      <Placemark>
        <name>جبال البارده</name>
        <styleUrl>#icon-1739-DB4436-labelson-nodesc</styleUrl>
        <Point>
          <coordinates>
            39.180551,29.306395,0
          </coordinates>
        </Point>
      </Placemark>
      <Placemark>
        <name>جبال الحصان</name>
        <styleUrl>#icon-1739-DB4436-labelson-nodesc</styleUrl>
        <Point>
          <coordinates>
            37.457092,31.54943,0
          </coordinates>
        </Point>
      </Placemark>
      <Placemark>
        <name>جبال الحصان</name>
        <styleUrl>#icon-1739-DB4436-labelson-nodesc</styleUrl>
        <Point>
          <coordinates>
            39.661953,29.252579,0
          </coordinates>
        </Point>
      </Placemark>
      <Placemark>
        <name>جبال الحقنه</name>
        <styleUrl>#icon-1739-DB4436-labelson-nodesc</styleUrl>
        <Point>
          <coordinates>
            40.066581,29.860175,0
          </coordinates>
        </Point>
      </Placemark>
      <Placemark>
        <name>جبال الحوصاء</name>
        <styleUrl>#icon-1739-DB4436-labelson-nodesc</styleUrl>
        <Point>
          <coordinates>
            37.573693,29.899549,0
          </coordinates>
        </Point>
      </Placemark>
      <Placemark>
        <name>جبال الحوصاء</name>
        <styleUrl>#icon-1739-DB4436-labelson-nodesc</styleUrl>
        <Point>
          <coordinates>
            37.928882,29.887791,0
          </coordinates>
        </Point>
      </Placemark>
      <Placemark>
        <name>جبال السندلة</name>
        <styleUrl>#icon-1739-DB4436-labelson-nodesc</styleUrl>
        <Point>
          <coordinates>
            38.89924,30.700929,0
          </coordinates>
        </Point>
      </Placemark>
      <Placemark>
        <name>جبال الطويل</name>
        <styleUrl>#icon-1739-DB4436-labelson-nodesc</styleUrl>
        <Point>
          <coordinates>
            39.432185,29.495931,0
          </coordinates>
        </Point>
      </Placemark>
      <Placemark>
        <name>جبال القديريه</name>
        <styleUrl>#icon-1739-DB4436-labelson-nodesc</styleUrl>
        <Point>
          <coordinates>
            39.756904,29.285388,0
          </coordinates>
        </Point>
      </Placemark>
      <Placemark>
        <name>جبال القعيدات</name>
        <styleUrl>#icon-1739-DB4436-labelson-nodesc</styleUrl>
        <Point>
          <coordinates>
            37.800865,31.137078,0
          </coordinates>
        </Point>
      </Placemark>
      <Placemark>
        <name>جبال القوايم</name>
        <styleUrl>#icon-1739-DB4436-labelson-nodesc</styleUrl>
        <Point>
          <coordinates>
            40.201893,30.025141,0
          </coordinates>
        </Point>
      </Placemark>
      <Placemark>
        <name>جبال المابية</name>
        <styleUrl>#icon-1739-DB4436-labelson-nodesc</styleUrl>
        <Point>
          <coordinates>
            38.133974,31.080902,0
          </coordinates>
        </Point>
      </Placemark>
      <Placemark>
        <name>جبال النهيدين</name>
        <styleUrl>#icon-1739-DB4436-labelson-nodesc</styleUrl>
        <Point>
          <coordinates>
            38.528602,30.93883,0
          </coordinates>
        </Point>
      </Placemark>
      <Placemark>
        <name>جبال ام العنان</name>
        <styleUrl>#icon-1739-DB4436-labelson-nodesc</styleUrl>
        <Point>
          <coordinates>
            37.482519,31.478534,0
          </coordinates>
        </Point>
      </Placemark>
      <Placemark>
        <name>جبال بريمات</name>
        <styleUrl>#icon-1739-DB4436-labelson-nodesc</styleUrl>
        <Point>
          <coordinates>
            40.130718,30.130541,0
          </coordinates>
        </Point>
      </Placemark>
      <Placemark>
        <name>جبال حلمة</name>
        <styleUrl>#icon-1739-DB4436-labelson-nodesc</styleUrl>
        <Point>
          <coordinates>
            39.533701,29.217474,0
          </coordinates>
        </Point>
      </Placemark>
      <Placemark>
        <name>جبال ربدا</name>
        <styleUrl>#icon-1739-DB4436-labelson-nodesc</styleUrl>
        <Point>
          <coordinates>
            37.793806,31.295779,0
          </coordinates>
        </Point>
      </Placemark>
      <Placemark>
        <name>جبال غريفة</name>
        <styleUrl>#icon-1739-DB4436-labelson-nodesc</styleUrl>
        <Point>
          <coordinates>
            37.54524,31.555245,0
          </coordinates>
        </Point>
      </Placemark>
      <Placemark>
        <name>جبال معارك</name>
        <styleUrl>#icon-1739-DB4436-labelson-nodesc</styleUrl>
        <Point>
          <coordinates>
            39.138343,30.425005,0
          </coordinates>
        </Point>
      </Placemark>
      <Placemark>
        <name>جبال معيريك</name>
        <styleUrl>#icon-1739-DB4436-labelson-nodesc</styleUrl>
        <Point>
          <coordinates>
            39.321442,30.381317,0
          </coordinates>
        </Point>
      </Placemark>
      <Placemark>
        <name>جبال ودي موت</name>
        <styleUrl>#icon-1739-DB4436-labelson-nodesc</styleUrl>
        <Point>
          <coordinates>
            39.404139,30.471954,0
          </coordinates>
        </Point>
      </Placemark>
      <Placemark>
        <name>جبال وعلة</name>
        <styleUrl>#icon-1739-DB4436-labelson-nodesc</styleUrl>
        <Point>
          <coordinates>
            38.130562,29.669287,0
          </coordinates>
        </Point>
      </Placemark>
      <Placemark>
        <name>جبل الثايات</name>
        <styleUrl>#icon-1739-DB4436-labelson-nodesc</styleUrl>
        <Point>
          <coordinates>
            39.419117,30.2845,0
          </coordinates>
        </Point>
      </Placemark>
      <Placemark>
        <name>جبل الحماميات</name>
        <styleUrl>#icon-1739-DB4436-labelson-nodesc</styleUrl>
        <Point>
          <coordinates>
            39.921162,29.913475,0
          </coordinates>
        </Point>
      </Placemark>
      <Placemark>
        <name>جبل الصعيدي</name>
        <styleUrl>#icon-1739-DB4436-labelson-nodesc</styleUrl>
        <Point>
          <coordinates>
            37.495544,31.399291,0
          </coordinates>
        </Point>
      </Placemark>
      <Placemark>
        <name>جبل الظليات</name>
        <styleUrl>#icon-1739-DB4436-labelson-nodesc</styleUrl>
        <Point>
          <coordinates>
            39.654014,29.95388,0
          </coordinates>
        </Point>
      </Placemark>
      <Placemark>
        <name>جبل الكربه</name>
        <styleUrl>#icon-1739-DB4436-labelson-nodesc</styleUrl>
        <Point>
          <coordinates>
            40.92227,29.968986,0
          </coordinates>
        </Point>
      </Placemark>
      <Placemark>
        <name>جبل المسما</name>
        <styleUrl>#icon-1739-DB4436-labelson-nodesc</styleUrl>
        <Point>
          <coordinates>
            38.177576,31.127143,0
          </coordinates>
        </Point>
      </Placemark>
      <Placemark>
        <name>جبل المضبعة</name>
        <styleUrl>#icon-1739-DB4436-labelson-nodesc</styleUrl>
        <Point>
          <coordinates>
            38.378055,31.003568,0
          </coordinates>
        </Point>
      </Placemark>
      <Placemark>
        <name>جبل المندسة</name>
        <styleUrl>#icon-1739-DB4436-labelson-nodesc</styleUrl>
        <Point>
          <coordinates>
            39.735146,29.903412,0
          </coordinates>
        </Point>
      </Placemark>
      <Placemark>
        <name>جبل النصبة</name>
        <styleUrl>#icon-1739-DB4436-labelson-nodesc</styleUrl>
        <Point>
          <coordinates>
            39.535203,30.38445,0
          </coordinates>
        </Point>
      </Placemark>
      <Placemark>
        <name>جبل ام الاجراس</name>
        <styleUrl>#icon-1739-DB4436-labelson-nodesc</styleUrl>
        <Point>
          <coordinates>
            37.475867,31.407766,0
          </coordinates>
        </Point>
      </Placemark>
      <Placemark>
        <name>جبل ام رقيبة</name>
        <styleUrl>#icon-1739-DB4436-labelson-nodesc</styleUrl>
        <Point>
          <coordinates>
            39.689999,29.35873,0
          </coordinates>
        </Point>
      </Placemark>
      <Placemark>
        <name>جبل ام زوير</name>
        <styleUrl>#icon-1739-DB4436-labelson-nodesc</styleUrl>
        <Point>
          <coordinates>
            38.541584,30.884285,0
          </coordinates>
        </Point>
      </Placemark>
      <Placemark>
        <name>جبل ام زوير</name>
        <styleUrl>#icon-1739-DB4436-labelson-nodesc</styleUrl>
        <Point>
          <coordinates>
            38.608875,30.880852,0
          </coordinates>
        </Point>
      </Placemark>
      <Placemark>
        <name>جبل حدران</name>
        <styleUrl>#icon-1739-DB4436-labelson-nodesc</styleUrl>
        <Point>
          <coordinates>
            39.494905,30.719275,0
          </coordinates>
        </Point>
      </Placemark>
      <Placemark>
        <name>جبل حظوظاء</name>
        <styleUrl>#icon-1739-DB4436-labelson-nodesc</styleUrl>
        <Point>
          <coordinates>
            38.168907,30.806694,0
          </coordinates>
        </Point>
      </Placemark>
      <Placemark>
        <name>جبل راف</name>
        <styleUrl>#icon-1739-DB4436-labelson-nodesc</styleUrl>
        <Point>
          <coordinates>
            39.871273,29.196939,0
          </coordinates>
        </Point>
      </Placemark>
      <Placemark>
        <name>جبل طوقة</name>
        <styleUrl>#icon-1739-DB4436-labelson-nodesc</styleUrl>
        <Point>
          <coordinates>
            39.217715,30.873878,0
          </coordinates>
        </Point>
      </Placemark>
      <Placemark>
        <name>جبل قريميز</name>
        <styleUrl>#icon-1739-DB4436-labelson-nodesc</styleUrl>
        <Point>
          <coordinates>
            39.393389,29.927166,0
          </coordinates>
        </Point>
      </Placemark>
      <Placemark>
        <name>جبل قعمر</name>
        <styleUrl>#icon-1739-DB4436-labelson-nodesc</styleUrl>
        <Point>
          <coordinates>
            40.408337,30.750003,0
          </coordinates>
        </Point>
      </Placemark>
      <Placemark>
        <name>جبل قلب الجمل</name>
        <styleUrl>#icon-1739-DB4436-labelson-nodesc</styleUrl>
        <Point>
          <coordinates>
            39.648178,29.317167,0
          </coordinates>
        </Point>
      </Placemark>
      <Placemark>
        <name>جبل قيال الصغير</name>
        <styleUrl>#icon-1739-DB4436-labelson-nodesc</styleUrl>
        <Point>
          <coordinates>
            40.167732,30.066147,0
          </coordinates>
        </Point>
      </Placemark>
      <Placemark>
        <name>جبل قيال الكبير</name>
        <styleUrl>#icon-1739-DB4436-labelson-nodesc</styleUrl>
        <Point>
          <coordinates>
            40.167561,30.1161,0
          </coordinates>
        </Point>
      </Placemark>
      <Placemark>
        <name>جبل قيالات الكبير</name>
        <styleUrl>#icon-1739-DB4436-labelson-nodesc</styleUrl>
        <Point>
          <coordinates>
            40.085678,30.062542,0
          </coordinates>
        </Point>
      </Placemark>
      <Placemark>
        <name>جبل ليلى</name>
        <styleUrl>#icon-1739-DB4436-labelson-nodesc</styleUrl>
        <Point>
          <coordinates>
            38.696036,30.883706,0
          </coordinates>
        </Point>
      </Placemark>
      <Placemark>
        <name>جبل مغيرة</name>
        <styleUrl>#icon-1739-DB4436-labelson-nodesc</styleUrl>
        <Point>
          <coordinates>
            39.519689,29.444904,0
          </coordinates>
        </Point>
      </Placemark>
      <Placemark>
        <name>جبل مقل</name>
        <styleUrl>#icon-1739-DB4436-labelson-nodesc</styleUrl>
        <Point>
          <coordinates>
            37.575345,31.462891,0
          </coordinates>
        </Point>
      </Placemark>
      <Placemark>
        <name>جبل نعيج</name>
        <styleUrl>#icon-1739-DB4436-labelson-nodesc</styleUrl>
        <Point>
          <coordinates>
            37.930555,31.6538,0
          </coordinates>
        </Point>
      </Placemark>
      <Placemark>
        <name>جبل وريك</name>
        <styleUrl>#icon-1739-DB4436-labelson-nodesc</styleUrl>
        <Point>
          <coordinates>
            37.644997,31.306057,0
          </coordinates>
        </Point>
      </Placemark>
      <Placemark>
        <name>تل البريكات</name>
        <styleUrl>#icon-1739-DB4436-labelson-nodesc</styleUrl>
        <Point>
          <coordinates>
            37.834167,31.678648,0
          </coordinates>
        </Point>
      </Placemark>
      <Placemark>
        <name>تل الذويد</name>
        <styleUrl>#icon-1739-DB4436-labelson-nodesc</styleUrl>
        <Point>
          <coordinates>
            38.702903,30.302439,0
          </coordinates>
        </Point>
      </Placemark>
      <Placemark>
        <name>تل الصبخه</name>
        <styleUrl>#icon-1739-DB4436-labelson-nodesc</styleUrl>
        <Point>
          <coordinates>
            37.530262,31.366224,0
          </coordinates>
        </Point>
      </Placemark>
      <Placemark>
        <name>تل الصبخه</name>
        <styleUrl>#icon-1739-DB4436-labelson-nodesc</styleUrl>
        <Point>
          <coordinates>
            37.541978,31.352491,0
          </coordinates>
        </Point>
      </Placemark>
      <Placemark>
        <name>تل القلتة</name>
        <styleUrl>#icon-1739-DB4436-labelson-nodesc</styleUrl>
        <Point>
          <coordinates>
            38.489056,30.857677,0
          </coordinates>
        </Point>
      </Placemark>
      <Placemark>
        <name>تل المجدر</name>
        <styleUrl>#icon-1739-DB4436-labelson-nodesc</styleUrl>
        <Point>
          <coordinates>
            40.083189,30.033252,0
          </coordinates>
        </Point>
      </Placemark>
      <Placemark>
        <name>تل المرير</name>
        <styleUrl>#icon-1739-DB4436-labelson-nodesc</styleUrl>
        <Point>
          <coordinates>
            39.90479,30.085931,0
          </coordinates>
        </Point>
      </Placemark>
      <Placemark>
        <name>تل بغيث الجنوبي</name>
        <styleUrl>#icon-1739-DB4436-labelson-nodesc</styleUrl>
        <Point>
          <coordinates>
            37.705572,31.559665,0
          </coordinates>
        </Point>
      </Placemark>
      <Placemark>
        <name>تل بغيث الشرقي</name>
        <styleUrl>#icon-1739-DB4436-labelson-nodesc</styleUrl>
        <Point>
          <coordinates>
            37.791617,31.564837,0
          </coordinates>
        </Point>
      </Placemark>
      <Placemark>
        <name>تل بغيث الشمالي</name>
        <styleUrl>#icon-1739-DB4436-labelson-nodesc</styleUrl>
        <Point>
          <coordinates>
            37.7054,31.608009,0
          </coordinates>
        </Point>
      </Placemark>
      <Placemark>
        <name>تل صماخ</name>
        <styleUrl>#icon-1739-DB4436-labelson-nodesc</styleUrl>
        <Point>
          <coordinates>
            39.920797,29.100873,0
          </coordinates>
        </Point>
      </Placemark>
      <Placemark>
        <name>تل مسحا</name>
        <styleUrl>#icon-1739-DB4436-labelson-nodesc</styleUrl>
        <Point>
          <coordinates>
            39.407272,30.344667,0
          </coordinates>
        </Point>
      </Placemark>
      <Placemark>
        <name>تل مسحة</name>
        <styleUrl>#icon-1739-DB4436-labelson-nodesc</styleUrl>
        <Point>
          <coordinates>
            39.385257,30.699685,0
          </coordinates>
        </Point>
      </Placemark>
      <Placemark>
        <name>تلال بريمات</name>
        <styleUrl>#icon-1739-DB4436-labelson-nodesc</styleUrl>
        <Point>
          <coordinates>
            40.119839,30.154574,0
          </coordinates>
        </Point>
      </Placemark>
      <Placemark>
        <name>تلال بغيث</name>
        <styleUrl>#icon-1739-DB4436-labelson-nodesc</styleUrl>
        <Point>
          <coordinates>
            37.775159,31.597624,0
          </coordinates>
        </Point>
      </Placemark>
      <Placemark>
        <name>التل الاحمر</name>
        <styleUrl>#icon-1739-DB4436-labelson-nodesc</styleUrl>
        <Point>
          <coordinates>
            39.224281,30.572333,0
          </coordinates>
        </Point>
      </Placemark>
      <Placemark>
        <name>السمراء</name>
        <styleUrl>#icon-1739-DB4436-labelson-nodesc</styleUrl>
        <Point>
          <coordinates>
            37.302918,31.476667,0
          </coordinates>
        </Point>
      </Placemark>
    </Folder>
    <Folder>
      <name>أسماء ثانوية</name>
      <Placemark>
        <name>مقناص حباري</name>
        <styleUrl>#icon-1739-757575-labelson-nodesc</styleUrl>
        <Point>
          <coordinates>
            41.317863,30.008297,0
          </coordinates>
        </Point>
      </Placemark>
      <Placemark>
        <name>مقناص حباري</name>
        <styleUrl>#icon-1739-757575-labelson-nodesc</styleUrl>
        <Point>
          <coordinates>
            41.295633,30.132408,0
          </coordinates>
        </Point>
      </Placemark>
      <Placemark>
        <name>مقور صفية</name>
        <styleUrl>#icon-1739-757575-labelson-nodesc</styleUrl>
        <Point>
          <coordinates>
            41.371872,30.029926,0
          </coordinates>
        </Point>
      </Placemark>
      <Placemark>
        <name>منتزه الجوبه</name>
        <styleUrl>#icon-1739-757575-labelson-nodesc</styleUrl>
        <Point>
          <coordinates>
            40.222642,30.043359,0
          </coordinates>
        </Point>
      </Placemark>
      <Placemark>
        <name>مويسن</name>
        <styleUrl>#icon-1739-757575-labelson-nodesc</styleUrl>
        <Point>
          <coordinates>
            39.990449,29.845476,0
          </coordinates>
        </Point>
      </Placemark>
      <Placemark>
        <name>ناب السندله</name>
        <styleUrl>#icon-1739-757575-labelson-nodesc</styleUrl>
        <Point>
          <coordinates>
            38.869007,30.742772,0
          </coordinates>
        </Point>
      </Placemark>
      <Placemark>
        <name>ناصفة صوير</name>
        <styleUrl>#icon-1739-757575-labelson-nodesc</styleUrl>
        <Point>
          <coordinates>
            40.361044,30.152149,0
          </coordinates>
        </Point>
      </Placemark>
      <Placemark>
        <name>نخله القلته</name>
        <styleUrl>#icon-1739-757575-labelson-nodesc</styleUrl>
        <Point>
          <coordinates>
            38.353679,30.742664,0
          </coordinates>
        </Point>
      </Placemark>
      <Placemark>
        <name>نعجة</name>
        <styleUrl>#icon-1739-757575-labelson-nodesc</styleUrl>
        <Point>
          <coordinates>
            38.45468,29.317124,0
          </coordinates>
        </Point>
      </Placemark>
      <Placemark>
        <name>نقرة رباح</name>
        <styleUrl>#icon-1739-757575-labelson-nodesc</styleUrl>
        <Point>
          <coordinates>
            37.912209,31.635904,0
          </coordinates>
        </Point>
      </Placemark>
      <Placemark>
        <name>نهيدات الخادم</name>
        <styleUrl>#icon-1739-757575-labelson-nodesc</styleUrl>
        <Point>
          <coordinates>
            38.700886,29.556484,0
          </coordinates>
        </Point>
      </Placemark>
      <Placemark>
        <name>نويصلات جعلة</name>
        <styleUrl>#icon-1739-757575-labelson-nodesc</styleUrl>
        <Point>
          <coordinates>
            38.420863,29.572406,0
          </coordinates>
        </Point>
      </Placemark>
      <Placemark>
        <name>هذيليل العفر</name>
        <styleUrl>#icon-1739-757575-labelson-nodesc</styleUrl>
        <Point>
          <coordinates>
            41.006792,29.880602,0
          </coordinates>
        </Point>
      </Placemark>
      <Placemark>
        <name>مسيعيد</name>
        <styleUrl>#icon-1739-757575-labelson-nodesc</styleUrl>
        <Point>
          <coordinates>
            41.661208,30.010529,0
          </coordinates>
        </Point>
      </Placemark>
      <Placemark>
        <name>مشاش حصيدة</name>
        <styleUrl>#icon-1739-757575-labelson-nodesc</styleUrl>
        <Point>
          <coordinates>
            37.216702,31.403646,0
          </coordinates>
        </Point>
      </Placemark>
      <Placemark>
        <name>مشاش شيبة</name>
        <styleUrl>#icon-1739-757575-labelson-nodesc</styleUrl>
        <Point>
          <coordinates>
            39.788554,29.862299,0
          </coordinates>
        </Point>
      </Placemark>
      <Placemark>
        <name>مصمد الامغر</name>
        <styleUrl>#icon-1739-757575-labelson-nodesc</styleUrl>
        <Point>
          <coordinates>
            40.539722,30.165367,0
          </coordinates>
        </Point>
      </Placemark>
      <Placemark>
        <name>مصمد الحجاجية</name>
        <styleUrl>#icon-1739-757575-labelson-nodesc</styleUrl>
        <Point>
          <coordinates>
            41.295075,29.872899,0
          </coordinates>
        </Point>
      </Placemark>
      <Placemark>
        <name>مصمد الدروجية</name>
        <styleUrl>#icon-1739-757575-labelson-nodesc</styleUrl>
        <Point>
          <coordinates>
            40.634651,30.239031,0
          </coordinates>
        </Point>
      </Placemark>
      <Placemark>
        <name>مصمد العوج</name>
        <styleUrl>#icon-1739-757575-labelson-nodesc</styleUrl>
        <Point>
          <coordinates>
            40.987587,29.700508,0
          </coordinates>
        </Point>
      </Placemark>
      <Placemark>
        <name>مصمد القصورية</name>
        <styleUrl>#icon-1739-757575-labelson-nodesc</styleUrl>
        <Point>
          <coordinates>
            40.98896,29.761448,0
          </coordinates>
        </Point>
      </Placemark>
      <Placemark>
        <name>مصمد خرناء</name>
        <styleUrl>#icon-1739-757575-labelson-nodesc</styleUrl>
        <Point>
          <coordinates>
            41.098137,29.611073,0
          </coordinates>
        </Point>
      </Placemark>
      <Placemark>
        <name>مغيرا</name>
        <styleUrl>#icon-1739-757575-labelson-nodesc</styleUrl>
        <Point>
          <coordinates>
            38.833322,30.666661,0
          </coordinates>
        </Point>
      </Placemark>
      <Placemark>
        <name>قور السمر</name>
        <styleUrl>#icon-1739-757575-labelson-nodesc</styleUrl>
        <Point>
          <coordinates>
            40.156703,29.866848,0
          </coordinates>
        </Point>
      </Placemark>
      <Placemark>
        <name>قور العصل</name>
        <styleUrl>#icon-1739-757575-labelson-nodesc</styleUrl>
        <Point>
          <coordinates>
            40.904267,30.064859,0
          </coordinates>
        </Point>
      </Placemark>
      <Placemark>
        <name>قور ام طليحة</name>
        <styleUrl>#icon-1739-757575-labelson-nodesc</styleUrl>
        <Point>
          <coordinates>
            40.946174,30.102432,0
          </coordinates>
        </Point>
      </Placemark>
      <Placemark>
        <name>قور عقاب</name>
        <styleUrl>#icon-1739-757575-labelson-nodesc</styleUrl>
        <Point>
          <coordinates>
            40.928278,30.473113,0
          </coordinates>
        </Point>
      </Placemark>
      <Placemark>
        <name>قويرات ام الحمام</name>
        <styleUrl>#icon-1739-757575-labelson-nodesc</styleUrl>
        <Point>
          <coordinates>
            41.43573,29.894314,0
          </coordinates>
        </Point>
      </Placemark>
      <Placemark>
        <name>لغف الحصان</name>
        <styleUrl>#icon-1739-757575-labelson-nodesc</styleUrl>
        <Point>
          <coordinates>
            39.644959,29.183464,0
          </coordinates>
        </Point>
      </Placemark>
      <Placemark>
        <name>لغف المكيحيل</name>
        <styleUrl>#icon-1739-757575-labelson-nodesc</styleUrl>
        <Point>
          <coordinates>
            39.447677,28.700087,0
          </coordinates>
        </Point>
      </Placemark>
      <Placemark>
        <name>مجلس ام لقف</name>
        <styleUrl>#icon-1739-757575-labelson-nodesc</styleUrl>
        <Point>
          <coordinates>
            41.342583,29.747543,0
          </coordinates>
        </Point>
      </Placemark>
      <Placemark>
        <name>محفر خشمان</name>
        <styleUrl>#icon-1739-757575-labelson-nodesc</styleUrl>
        <Point>
          <coordinates>
            39.844129,28.739955,0
          </coordinates>
        </Point>
      </Placemark>
      <Placemark>
        <name>محمية عذفاء</name>
        <styleUrl>#icon-1739-757575-labelson-nodesc</styleUrl>
        <Point>
          <coordinates>
            41.535273,29.170675,0
          </coordinates>
        </Point>
      </Placemark>
      <Placemark>
        <name>محير ابو دويد</name>
        <styleUrl>#icon-1739-757575-labelson-nodesc</styleUrl>
        <Point>
          <coordinates>
            38.635311,30.380631,0
          </coordinates>
        </Point>
      </Placemark>
      <Placemark>
        <name>محير الباردة</name>
        <styleUrl>#icon-1739-757575-labelson-nodesc</styleUrl>
        <Point>
          <coordinates>
            39.153621,29.245477,0
          </coordinates>
        </Point>
      </Placemark>
      <Placemark>
        <name>محير الفج</name>
        <styleUrl>#icon-1739-757575-labelson-nodesc</styleUrl>
        <Point>
          <coordinates>
            41.065607,30.155325,0
          </coordinates>
        </Point>
      </Placemark>
      <Placemark>
        <name>محير فروان</name>
        <styleUrl>#icon-1739-757575-labelson-nodesc</styleUrl>
        <Point>
          <coordinates>
            39.11813,30.026901,0
          </coordinates>
        </Point>
      </Placemark>
      <Placemark>
        <name>محير كلاخ</name>
        <styleUrl>#icon-1739-757575-labelson-nodesc</styleUrl>
        <Point>
          <coordinates>
            39.276574,29.260025,0
          </coordinates>
        </Point>
      </Placemark>
      <Placemark>
        <name>محير الغينة</name>
        <styleUrl>#icon-1739-757575-labelson-nodesc</styleUrl>
        <Point>
          <coordinates>
            37.659159,30.00849,0
          </coordinates>
        </Point>
      </Placemark>
      <Placemark>
        <name>محير الكواكبة</name>
        <styleUrl>#icon-1739-757575-labelson-nodesc</styleUrl>
        <Point>
          <coordinates>
            37.612445,29.970574,0
          </coordinates>
        </Point>
      </Placemark>
      <Placemark>
        <name>مذبح الكلاب</name>
        <styleUrl>#icon-1739-757575-labelson-nodesc</styleUrl>
        <Point>
          <coordinates>
            37.859037,31.263785,0
          </coordinates>
        </Point>
      </Placemark>
      <Placemark>
        <name>مرقاب الرشرشيه</name>
        <styleUrl>#icon-1739-757575-labelson-nodesc</styleUrl>
        <Point>
          <coordinates>
            37.304378,31.472912,0
          </coordinates>
        </Point>
      </Placemark>
      <Placemark>
        <name>قصر عتيق</name>
        <styleUrl>#icon-1739-757575-labelson-nodesc</styleUrl>
        <Point>
          <coordinates>
            41.425924,29.938431,0
          </coordinates>
        </Point>
      </Placemark>
      <Placemark>
        <name>قصور البويتات</name>
        <styleUrl>#icon-1739-757575-labelson-nodesc</styleUrl>
        <Point>
          <coordinates>
            41.194868,30.024605,0
          </coordinates>
        </Point>
      </Placemark>
      <Placemark>
        <name>قصيمة ابن نصار</name>
        <styleUrl>#icon-1739-757575-labelson-nodesc</styleUrl>
        <Point>
          <coordinates>
            38.688633,30.468028,0
          </coordinates>
        </Point>
      </Placemark>
      <Placemark>
        <name>قصيمة ابو سليليات</name>
        <styleUrl>#icon-1739-757575-labelson-nodesc</styleUrl>
        <Point>
          <coordinates>
            38.601279,30.612395,0
          </coordinates>
        </Point>
      </Placemark>
      <Placemark>
        <name>قصيمة العير</name>
        <styleUrl>#icon-1739-757575-labelson-nodesc</styleUrl>
        <Point>
          <coordinates>
            38.601215,30.247464,0
          </coordinates>
        </Point>
      </Placemark>
      <Placemark>
        <name>قعر ابوصفا</name>
        <styleUrl>#icon-1739-757575-labelson-nodesc</styleUrl>
        <Point>
          <coordinates>
            39.858162,28.950691,0
          </coordinates>
        </Point>
      </Placemark>
      <Placemark>
        <name>قارة ابو صفاة</name>
        <styleUrl>#icon-1739-757575-labelson-nodesc</styleUrl>
        <Point>
          <coordinates>
            41.475985,30.098805,0
          </coordinates>
        </Point>
      </Placemark>
      <Placemark>
        <name>قارة الافعى</name>
        <styleUrl>#icon-1739-757575-labelson-nodesc</styleUrl>
        <Point>
          <coordinates>
            41.71483,29.954159,0
          </coordinates>
        </Point>
      </Placemark>
      <Placemark>
        <name>قارة الجواري</name>
        <styleUrl>#icon-1739-757575-labelson-nodesc</styleUrl>
        <Point>
          <coordinates>
            41.758153,29.979436,0
          </coordinates>
        </Point>
      </Placemark>
      <Placemark>
        <name>قارة الرجال</name>
        <styleUrl>#icon-1739-757575-labelson-nodesc</styleUrl>
        <Point>
          <coordinates>
            41.779246,30.022931,0
          </coordinates>
        </Point>
      </Placemark>
      <Placemark>
        <name>قارة الصنع</name>
        <styleUrl>#icon-1739-757575-labelson-nodesc</styleUrl>
        <Point>
          <coordinates>
            41.369469,30.058465,0
          </coordinates>
        </Point>
      </Placemark>
      <Placemark>
        <name>قارة الودعه</name>
        <styleUrl>#icon-1739-757575-labelson-nodesc</styleUrl>
        <Point>
          <coordinates>
            40.273175,30.279114,0
          </coordinates>
        </Point>
      </Placemark>
      <Placemark>
        <name>قارة ام صفية</name>
        <styleUrl>#icon-1739-757575-labelson-nodesc</styleUrl>
        <Point>
          <coordinates>
            41.372194,29.997976,0
          </coordinates>
        </Point>
      </Placemark>
      <Placemark>
        <name>قارة رحية</name>
        <styleUrl>#icon-1739-757575-labelson-nodesc</styleUrl>
        <Point>
          <coordinates>
            40.813651,29.959524,0
          </coordinates>
        </Point>
      </Placemark>
      <Placemark>
        <name>قارة شبيلي</name>
        <styleUrl>#icon-1739-757575-labelson-nodesc</styleUrl>
        <Point>
          <coordinates>
            41.496413,29.964395,0
          </coordinates>
        </Point>
      </Placemark>
      <Placemark>
        <name>قارة شغار</name>
        <styleUrl>#icon-1739-757575-labelson-nodesc</styleUrl>
        <Point>
          <coordinates>
            38.780537,30.066147,0
          </coordinates>
        </Point>
      </Placemark>
      <Placemark>
        <name>قارة شهباء الطوير</name>
        <styleUrl>#icon-1739-757575-labelson-nodesc</styleUrl>
        <Point>
          <coordinates>
            40.137434,29.904077,0
          </coordinates>
        </Point>
      </Placemark>
      <Placemark>
        <name>قارة عمرة</name>
        <styleUrl>#icon-1739-757575-labelson-nodesc</styleUrl>
        <Point>
          <coordinates>
            41.582866,29.978192,0
          </coordinates>
        </Point>
      </Placemark>
      <Placemark>
        <name>قارة كبد</name>
        <styleUrl>#icon-1739-757575-labelson-nodesc</styleUrl>
        <Point>
          <coordinates>
            41.045287,29.976046,0
          </coordinates>
        </Point>
      </Placemark>
      <Placemark>
        <name>قارة مطروحة</name>
        <styleUrl>#icon-1739-757575-labelson-nodesc</styleUrl>
        <Point>
          <coordinates>
            40.705268,30.02115,0
          </coordinates>
        </Point>
      </Placemark>
      <Placemark>
        <name>قارة نومان</name>
        <styleUrl>#icon-1739-757575-labelson-nodesc</styleUrl>
        <Point>
          <coordinates>
            41.023378,30.079558,0
          </coordinates>
        </Point>
      </Placemark>
      <Placemark>
        <name>قارت دويفنه</name>
        <styleUrl>#icon-1739-757575-labelson-nodesc</styleUrl>
        <Point>
          <coordinates>
            40.120397,29.857664,0
          </coordinates>
        </Point>
      </Placemark>
      <Placemark>
        <name>قاع ابو سليليات</name>
        <styleUrl>#icon-1739-757575-labelson-nodesc</styleUrl>
        <Point>
          <coordinates>
            38.565788,30.65855,0
          </coordinates>
        </Point>
      </Placemark>
      <Placemark>
        <name>قاع الامحاص</name>
        <styleUrl>#icon-1739-757575-labelson-nodesc</styleUrl>
        <Point>
          <coordinates>
            39.810441,30.551562,0
          </coordinates>
        </Point>
      </Placemark>
      <Placemark>
        <name>قاع التربة</name>
        <styleUrl>#icon-1739-757575-labelson-nodesc</styleUrl>
        <Point>
          <coordinates>
            38.967476,30.777855,0
          </coordinates>
        </Point>
      </Placemark>
      <Placemark>
        <name>قاع الحصاة</name>
        <styleUrl>#icon-1739-757575-labelson-nodesc</styleUrl>
        <Point>
          <coordinates>
            37.760181,30.871475,0
          </coordinates>
        </Point>
      </Placemark>
      <Placemark>
        <name>قاع الحقنه</name>
        <styleUrl>#icon-1739-757575-labelson-nodesc</styleUrl>
        <Point>
          <coordinates>
            40.066345,29.846227,0
          </coordinates>
        </Point>
      </Placemark>
      <Placemark>
        <name>قاع الرديفة</name>
        <styleUrl>#icon-1739-757575-labelson-nodesc</styleUrl>
        <Point>
          <coordinates>
            39.57284,30.201094,0
          </coordinates>
        </Point>
      </Placemark>
      <Placemark>
        <name>قاع الرشيدة</name>
        <styleUrl>#icon-1739-757575-labelson-nodesc</styleUrl>
        <Point>
          <coordinates>
            38.596859,30.423203,0
          </coordinates>
        </Point>
      </Placemark>
      <Placemark>
        <name>قاع الرغلية</name>
        <styleUrl>#icon-1739-757575-labelson-nodesc</styleUrl>
        <Point>
          <coordinates>
            39.579406,29.961219,0
          </coordinates>
        </Point>
      </Placemark>
      <Placemark>
        <name>قاع الريتين</name>
        <styleUrl>#icon-1739-757575-labelson-nodesc</styleUrl>
        <Point>
          <coordinates>
            39.660709,30.083528,0
          </coordinates>
        </Point>
      </Placemark>
      <Placemark>
        <name>قاع الشيب</name>
        <styleUrl>#icon-1739-757575-labelson-nodesc</styleUrl>
        <Point>
          <coordinates>
            39.533036,30.246949,0
          </coordinates>
        </Point>
      </Placemark>
      <Placemark>
        <name>قاع الطوسية</name>
        <styleUrl>#icon-1739-757575-labelson-nodesc</styleUrl>
        <Point>
          <coordinates>
            39.836683,30.699363,0
          </coordinates>
        </Point>
      </Placemark>
      <Placemark>
        <name>قاع الفريدة</name>
        <styleUrl>#icon-1739-757575-labelson-nodesc</styleUrl>
        <Point>
          <coordinates>
            40.269012,30.319519,0
          </coordinates>
        </Point>
      </Placemark>
      <Placemark>
        <name>قاع الفسقانات</name>
        <styleUrl>#icon-1739-757575-labelson-nodesc</styleUrl>
        <Point>
          <coordinates>
            40.389991,30.359194,0
          </coordinates>
        </Point>
      </Placemark>
      <Placemark>
        <name>قاع القطب</name>
        <styleUrl>#icon-1739-757575-labelson-nodesc</styleUrl>
        <Point>
          <coordinates>
            39.377575,30.12228,0
          </coordinates>
        </Point>
      </Placemark>
      <Placemark>
        <name>قاع المكمن</name>
        <styleUrl>#icon-1739-757575-labelson-nodesc</styleUrl>
        <Point>
          <coordinates>
            38.536091,30.945053,0
          </coordinates>
        </Point>
      </Placemark>
      <Placemark>
        <name>قاع ام اخبر</name>
        <styleUrl>#icon-1739-757575-labelson-nodesc</styleUrl>
        <Point>
          <coordinates>
            38.467147,30.659559,0
          </coordinates>
        </Point>
      </Placemark>
      <Placemark>
        <name>قاع ام اذان</name>
        <styleUrl>#icon-1739-757575-labelson-nodesc</styleUrl>
        <Point>
          <coordinates>
            40.206699,30.130177,0
          </coordinates>
        </Point>
      </Placemark>
      <Placemark>
        <name>قاع ام الشفلح</name>
        <styleUrl>#icon-1739-757575-labelson-nodesc</styleUrl>
        <Point>
          <coordinates>
            39.668734,30.42316,0
          </coordinates>
        </Point>
      </Placemark>
      <Placemark>
        <name>قاع ام شفلح</name>
        <styleUrl>#icon-1739-757575-labelson-nodesc</styleUrl>
        <Point>
          <coordinates>
            38.440475,30.698547,0
          </coordinates>
        </Point>
      </Placemark>
      <Placemark>
        <name>قاع ام طرفاء</name>
        <styleUrl>#icon-1739-757575-labelson-nodesc</styleUrl>
        <Point>
          <coordinates>
            39.637663,30.153158,0
          </coordinates>
        </Point>
      </Placemark>
      <Placemark>
        <name>قاع ام كهف</name>
        <styleUrl>#icon-1739-757575-labelson-nodesc</styleUrl>
        <Point>
          <coordinates>
            39.764478,29.780631,0
          </coordinates>
        </Point>
      </Placemark>
      <Placemark>
        <name>قاع بوهان</name>
        <styleUrl>#icon-1739-757575-labelson-nodesc</styleUrl>
        <Point>
          <coordinates>
            37.616844,31.457977,0
          </coordinates>
        </Point>
      </Placemark>
      <Placemark>
        <name>قاع ثنيات الريلان</name>
        <styleUrl>#icon-1739-757575-labelson-nodesc</styleUrl>
        <Point>
          <coordinates>
            38.220234,29.602661,0
          </coordinates>
        </Point>
      </Placemark>
      <Placemark>
        <name>قاع جعلة</name>
        <styleUrl>#icon-1739-757575-labelson-nodesc</styleUrl>
        <Point>
          <coordinates>
            38.449745,29.423618,0
          </coordinates>
        </Point>
      </Placemark>
      <Placemark>
        <name>قاع قصيمة الارنب</name>
        <styleUrl>#icon-1739-757575-labelson-nodesc</styleUrl>
        <Point>
          <coordinates>
            38.636856,29.742393,0
          </coordinates>
        </Point>
      </Placemark>
      <Placemark>
        <name>قاع ودي موت</name>
        <styleUrl>#icon-1739-757575-labelson-nodesc</styleUrl>
        <Point>
          <coordinates>
            39.345732,30.629454,0
          </coordinates>
        </Point>
      </Placemark>
      <Placemark>
        <name>قبر قريفان</name>
        <styleUrl>#icon-1739-757575-labelson-nodesc</styleUrl>
        <Point>
          <coordinates>
            38.86699,30.846155,0
          </coordinates>
        </Point>
      </Placemark>
      <Placemark>
        <name>قرو مشروع الجبيلي</name>
        <styleUrl>#icon-1739-757575-labelson-nodesc</styleUrl>
        <Point>
          <coordinates>
            41.60677,29.175289,0
          </coordinates>
        </Point>
      </Placemark>
      <Placemark>
        <name>قرية ام نسوق</name>
        <styleUrl>#icon-1739-757575-labelson-nodesc</styleUrl>
        <Point>
          <coordinates>
            40.70029,29.949675,0
          </coordinates>
        </Point>
      </Placemark>
      <Placemark>
        <name>قصايم الارنب</name>
        <styleUrl>#icon-1739-757575-labelson-nodesc</styleUrl>
        <Point>
          <coordinates>
            38.637865,29.800308,0
          </coordinates>
        </Point>
      </Placemark>
      <Placemark>
        <name>قصايم الدم</name>
        <styleUrl>#icon-1739-757575-labelson-nodesc</styleUrl>
        <Point>
          <coordinates>
            38.75159,29.799685,0
          </coordinates>
        </Point>
      </Placemark>
      <Placemark>
        <name>قصايم القطر</name>
        <styleUrl>#icon-1739-757575-labelson-nodesc</styleUrl>
        <Point>
          <coordinates>
            38.860209,29.847772,0
          </coordinates>
        </Point>
      </Placemark>
      <Placemark>
        <name>طلعة العوجاء</name>
        <styleUrl>#icon-1739-757575-labelson-nodesc</styleUrl>
        <Point>
          <coordinates>
            40.082824,30.394235,0
          </coordinates>
        </Point>
      </Placemark>
      <Placemark>
        <name>طلعة ريشان</name>
        <styleUrl>#icon-1739-757575-labelson-nodesc</styleUrl>
        <Point>
          <coordinates>
            39.757354,29.972291,0
          </coordinates>
        </Point>
      </Placemark>
      <Placemark>
        <name>طلعت الوايت</name>
        <styleUrl>#icon-1739-757575-labelson-nodesc</styleUrl>
        <Point>
          <coordinates>
            37.658343,29.931929,0
          </coordinates>
        </Point>
      </Placemark>
      <Placemark>
        <name>طويرف الغضاة</name>
        <styleUrl>#icon-1739-757575-labelson-nodesc</styleUrl>
        <Point>
          <coordinates>
            39.574578,28.951271,0
          </coordinates>
        </Point>
      </Placemark>
      <Placemark>
        <name>ظهرة الحنظليات</name>
        <styleUrl>#icon-1739-757575-labelson-nodesc</styleUrl>
        <Point>
          <coordinates>
            40.166788,30.736313,0
          </coordinates>
        </Point>
      </Placemark>
      <Placemark>
        <name>ظهرة الطوير</name>
        <styleUrl>#icon-1739-757575-labelson-nodesc</styleUrl>
        <Point>
          <coordinates>
            40.058599,29.897468,0
          </coordinates>
        </Point>
      </Placemark>
      <Placemark>
        <name>ظهرة خوعاء</name>
        <styleUrl>#icon-1739-757575-labelson-nodesc</styleUrl>
        <Point>
          <coordinates>
            40.398102,29.746299,0
          </coordinates>
        </Point>
      </Placemark>
      <Placemark>
        <name>ظهرة زلوم</name>
        <styleUrl>#icon-1739-757575-labelson-nodesc</styleUrl>
        <Point>
          <coordinates>
            40.311134,30.335226,0
          </coordinates>
        </Point>
      </Placemark>
      <Placemark>
        <name>ظهرة شويحط</name>
        <styleUrl>#icon-1739-757575-labelson-nodesc</styleUrl>
        <Point>
          <coordinates>
            40.172281,30.444124,0
          </coordinates>
        </Point>
      </Placemark>
      <Placemark>
        <name>ظهرة قارا</name>
        <styleUrl>#icon-1739-757575-labelson-nodesc</styleUrl>
        <Point>
          <coordinates>
            40.279527,29.770331,0
          </coordinates>
        </Point>
      </Placemark>
      <Placemark>
        <name>ظهير حمار</name>
        <styleUrl>#icon-1739-757575-labelson-nodesc</styleUrl>
        <Point>
          <coordinates>
            39.798017,30.030742,0
          </coordinates>
        </Point>
      </Placemark>
      <Placemark>
        <name>عايلة ام ضمران</name>
        <styleUrl>#icon-1739-757575-labelson-nodesc</styleUrl>
        <Point>
          <coordinates>
            39.01773,30.273664,0
          </coordinates>
        </Point>
      </Placemark>
      <Placemark>
        <name>عثة ابا القور</name>
        <styleUrl>#icon-1739-757575-labelson-nodesc</styleUrl>
        <Point>
          <coordinates>
            40.796249,30.323231,0
          </coordinates>
        </Point>
      </Placemark>
      <Placemark>
        <name>عرفجاء</name>
        <styleUrl>#icon-1739-757575-labelson-nodesc</styleUrl>
        <Point>
          <coordinates>
            38.717773,30.031106,0
          </coordinates>
        </Point>
      </Placemark>
      <Placemark>
        <name>عرق الحقنه</name>
        <styleUrl>#icon-1739-757575-labelson-nodesc</styleUrl>
        <Point>
          <coordinates>
            40.052483,29.82655,0
          </coordinates>
        </Point>
      </Placemark>
      <Placemark>
        <name>عريفج</name>
        <styleUrl>#icon-1739-757575-labelson-nodesc</styleUrl>
        <Point>
          <coordinates>
            38.687475,29.959095,0
          </coordinates>
        </Point>
      </Placemark>
      <Placemark>
        <name>عش الغراب</name>
        <styleUrl>#icon-1739-757575-labelson-nodesc</styleUrl>
        <Point>
          <coordinates>
            37.530992,31.491752,0
          </coordinates>
        </Point>
      </Placemark>
      <Placemark>
        <name>عشة القرية</name>
        <styleUrl>#icon-1739-757575-labelson-nodesc</styleUrl>
        <Point>
          <coordinates>
            41.104188,30.339174,0
          </coordinates>
        </Point>
      </Placemark>
      <Placemark>
        <name>عقلة القليب</name>
        <styleUrl>#icon-1739-757575-labelson-nodesc</styleUrl>
        <Point>
          <coordinates>
            41.401827,30.117753,0
          </coordinates>
        </Point>
      </Placemark>
      <Placemark>
        <name>عقيلات الصلبة</name>
        <styleUrl>#icon-1739-757575-labelson-nodesc</styleUrl>
        <Point>
          <coordinates>
            41.857138,30.085802,0
          </coordinates>
        </Point>
      </Placemark>
      <Placemark>
        <name>عقيلات عرفة</name>
        <styleUrl>#icon-1739-757575-labelson-nodesc</styleUrl>
        <Point>
          <coordinates>
            41.4026,29.982011,0
          </coordinates>
        </Point>
      </Placemark>
      <Placemark>
        <name>عين الشايب</name>
        <styleUrl>#icon-1739-757575-labelson-nodesc</styleUrl>
        <Point>
          <coordinates>
            37.525864,31.289406,0
          </coordinates>
        </Point>
      </Placemark>
      <Placemark>
        <name>عين الناقة</name>
        <styleUrl>#icon-1739-757575-labelson-nodesc</styleUrl>
        <Point>
          <coordinates>
            37.978878,30.828667,0
          </coordinates>
        </Point>
      </Placemark>
      <Placemark>
        <name>عين حظوظاء</name>
        <styleUrl>#icon-1739-757575-labelson-nodesc</styleUrl>
        <Point>
          <coordinates>
            38.221092,30.827637,0
          </coordinates>
        </Point>
      </Placemark>
      <Placemark>
        <name>غرائس</name>
        <styleUrl>#icon-1739-757575-labelson-nodesc</styleUrl>
        <Point>
          <coordinates>
            39.297946,30.206072,0
          </coordinates>
        </Point>
      </Placemark>
      <Placemark>
        <name>غرايس أم طعيس</name>
        <styleUrl>#icon-1739-757575-labelson-nodesc</styleUrl>
        <Point>
          <coordinates>
            39.181752,30.349324,0
          </coordinates>
        </Point>
      </Placemark>
      <Placemark>
        <name>غريسة أم نخله</name>
        <styleUrl>#icon-1739-757575-labelson-nodesc</styleUrl>
        <Point>
          <coordinates>
            39.04659,30.266218,0
          </coordinates>
        </Point>
      </Placemark>
      <Placemark>
        <name>غريسة ام غدران</name>
        <styleUrl>#icon-1739-757575-labelson-nodesc</styleUrl>
        <Point>
          <coordinates>
            38.931491,30.127108,0
          </coordinates>
        </Point>
      </Placemark>
      <Placemark>
        <name>غريسة ام غدران</name>
        <styleUrl>#icon-1739-757575-labelson-nodesc</styleUrl>
        <Point>
          <coordinates>
            39.174886,30.178735,0
          </coordinates>
        </Point>
      </Placemark>
      <Placemark>
        <name>غضيا الرشيده</name>
        <styleUrl>#icon-1739-757575-labelson-nodesc</styleUrl>
        <Point>
          <coordinates>
            38.86905,30.565295,0
          </coordinates>
        </Point>
      </Placemark>
      <Placemark>
        <name>غضيا الملح</name>
        <styleUrl>#icon-1739-757575-labelson-nodesc</styleUrl>
        <Point>
          <coordinates>
            38.924432,30.588491,0
          </coordinates>
        </Point>
      </Placemark>
      <Placemark>
        <name>غنمة</name>
        <styleUrl>#icon-1739-757575-labelson-nodesc</styleUrl>
        <Point>
          <coordinates>
            40.21584,30.324712,0
          </coordinates>
        </Point>
      </Placemark>
      <Placemark>
        <name>غويطة جراد</name>
        <styleUrl>#icon-1739-757575-labelson-nodesc</styleUrl>
        <Point>
          <coordinates>
            39.337771,29.617188,0
          </coordinates>
        </Point>
      </Placemark>
      <Placemark>
        <name>فاج الحداد</name>
        <styleUrl>#icon-1739-757575-labelson-nodesc</styleUrl>
        <Point>
          <coordinates>
            41.211219,30.313447,0
          </coordinates>
        </Point>
      </Placemark>
      <Placemark>
        <name>فاج الصليبي</name>
        <styleUrl>#icon-1739-757575-labelson-nodesc</styleUrl>
        <Point>
          <coordinates>
            41.638205,30.387776,0
          </coordinates>
        </Point>
      </Placemark>
      <Placemark>
        <name>فاج الطريفاوي</name>
        <styleUrl>#icon-1739-757575-labelson-nodesc</styleUrl>
        <Point>
          <coordinates>
            41.30559,30.226929,0
          </coordinates>
        </Point>
      </Placemark>
      <Placemark>
        <name>فاج القليب</name>
        <styleUrl>#icon-1739-757575-labelson-nodesc</styleUrl>
        <Point>
          <coordinates>
            41.526883,30.199828,0
          </coordinates>
        </Point>
      </Placemark>
      <Placemark>
        <name>فاج المشاش</name>
        <styleUrl>#icon-1739-757575-labelson-nodesc</styleUrl>
        <Point>
          <coordinates>
            41.402686,30.398548,0
          </coordinates>
        </Point>
      </Placemark>
      <Placemark>
        <name>فج البويتات</name>
        <styleUrl>#icon-1739-757575-labelson-nodesc</styleUrl>
        <Point>
          <coordinates>
            41.20019,29.992332,0
          </coordinates>
        </Point>
      </Placemark>
      <Placemark>
        <name>فرائد شويحط</name>
        <styleUrl>#icon-1739-757575-labelson-nodesc</styleUrl>
        <Point>
          <coordinates>
            40.01976,30.586495,0
          </coordinates>
        </Point>
      </Placemark>
      <Placemark>
        <name>فرش الكروان</name>
        <styleUrl>#icon-1739-757575-labelson-nodesc</styleUrl>
        <Point>
          <coordinates>
            40.869398,29.640255,0
          </coordinates>
        </Point>
      </Placemark>
      <Placemark>
        <name>فرشة الرشيده</name>
        <styleUrl>#icon-1739-757575-labelson-nodesc</styleUrl>
        <Point>
          <coordinates>
            38.890722,30.571346,0
          </coordinates>
        </Point>
      </Placemark>
      <Placemark>
        <name>فرشة بن ضبيعان</name>
        <styleUrl>#icon-1739-757575-labelson-nodesc</styleUrl>
        <Point>
          <coordinates>
            38.945417,30.716078,0
          </coordinates>
        </Point>
      </Placemark>
      <Placemark>
        <name>فلوق الراشد</name>
        <styleUrl>#icon-1739-757575-labelson-nodesc</styleUrl>
        <Point>
          <coordinates>
            40.112994,29.13836,0
          </coordinates>
        </Point>
      </Placemark>
      <Placemark>
        <name>طبقة كبد</name>
        <styleUrl>#icon-1739-757575-labelson-nodesc</styleUrl>
        <Point>
          <coordinates>
            41.008873,29.916093,0
          </coordinates>
        </Point>
      </Placemark>
      <Placemark>
        <name>سمنان</name>
        <styleUrl>#icon-1739-757575-labelson-nodesc</styleUrl>
        <Point>
          <coordinates>
            38.84182,29.668171,0
          </coordinates>
        </Point>
      </Placemark>
      <Placemark>
        <name>سمينين الرمل</name>
        <styleUrl>#icon-1739-757575-labelson-nodesc</styleUrl>
        <Point>
          <coordinates>
            38.865638,29.602919,0
          </coordinates>
        </Point>
      </Placemark>
      <Placemark>
        <name>سهلة ظلما</name>
        <styleUrl>#icon-1739-757575-labelson-nodesc</styleUrl>
        <Point>
          <coordinates>
            39.103668,30.147407,0
          </coordinates>
        </Point>
      </Placemark>
      <Placemark>
        <name>شاظي ام نسوق</name>
        <styleUrl>#icon-1739-757575-labelson-nodesc</styleUrl>
        <Point>
          <coordinates>
            40.637999,29.959888,0
          </coordinates>
        </Point>
      </Placemark>
      <Placemark>
        <name>شبه التوم</name>
        <styleUrl>#icon-1739-757575-labelson-nodesc</styleUrl>
        <Point>
          <coordinates>
            40.93523,29.101582,0
          </coordinates>
        </Point>
      </Placemark>
      <Placemark>
        <name>شجرة معارك</name>
        <styleUrl>#icon-1739-757575-labelson-nodesc</styleUrl>
        <Point>
          <coordinates>
            39.088004,30.361769,0
          </coordinates>
        </Point>
      </Placemark>
      <Placemark>
        <name>شداد المسماء</name>
        <styleUrl>#icon-1739-757575-labelson-nodesc</styleUrl>
        <Point>
          <coordinates>
            38.24873,31.013567,0
          </coordinates>
        </Point>
      </Placemark>
      <Placemark>
        <name>شطنة معارك</name>
        <styleUrl>#icon-1739-757575-labelson-nodesc</styleUrl>
        <Point>
          <coordinates>
            39.021614,30.315742,0
          </coordinates>
        </Point>
      </Placemark>
      <Placemark>
        <name>شعفة الارطاوية</name>
        <styleUrl>#icon-1739-757575-labelson-nodesc</styleUrl>
        <Point>
          <coordinates>
            41.034579,29.381111,0
          </coordinates>
        </Point>
      </Placemark>
      <Placemark>
        <name>شعفة سعد</name>
        <styleUrl>#icon-1739-757575-labelson-nodesc</styleUrl>
        <Point>
          <coordinates>
            40.904846,29.602919,0
          </coordinates>
        </Point>
      </Placemark>
      <Placemark>
        <name>شفلحية الحنظلية</name>
        <styleUrl>#icon-1739-757575-labelson-nodesc</styleUrl>
        <Point>
          <coordinates>
            40.195971,30.694942,0
          </coordinates>
        </Point>
      </Placemark>
      <Placemark>
        <name>شهبا التربه</name>
        <styleUrl>#icon-1739-757575-labelson-nodesc</styleUrl>
        <Point>
          <coordinates>
            38.93029,30.821178,0
          </coordinates>
        </Point>
      </Placemark>
      <Placemark>
        <name>شهبا معارك</name>
        <styleUrl>#icon-1739-757575-labelson-nodesc</styleUrl>
        <Point>
          <coordinates>
            38.994448,30.300422,0
          </coordinates>
        </Point>
      </Placemark>
      <Placemark>
        <name>شويحط</name>
        <styleUrl>#icon-1739-757575-labelson-nodesc</styleUrl>
        <Point>
          <coordinates>
            39.640367,30.677025,0
          </coordinates>
        </Point>
      </Placemark>
      <Placemark>
        <name>شويحط</name>
        <styleUrl>#icon-1739-757575-labelson-nodesc</styleUrl>
        <Point>
          <coordinates>
            40.130332,30.503776,0
          </coordinates>
        </Point>
      </Placemark>
      <Placemark>
        <name>صبخة الدروز</name>
        <styleUrl>#icon-1739-757575-labelson-nodesc</styleUrl>
        <Point>
          <coordinates>
            37.470932,31.317515,0
          </coordinates>
        </Point>
      </Placemark>
      <Placemark>
        <name>صحراء الجورعة</name>
        <styleUrl>#icon-1739-757575-labelson-nodesc</styleUrl>
        <Point>
          <coordinates>
            38.889949,30.474915,0
          </coordinates>
        </Point>
      </Placemark>
      <Placemark>
        <name>صخرة الرقبان</name>
        <styleUrl>#icon-1739-757575-labelson-nodesc</styleUrl>
        <Point>
          <coordinates>
            37.459559,31.449115,0
          </coordinates>
        </Point>
      </Placemark>
      <Placemark>
        <name>صليب الطرفاء</name>
        <styleUrl>#icon-1739-757575-labelson-nodesc</styleUrl>
        <Point>
          <coordinates>
            40.833349,29.916673,0
          </coordinates>
        </Point>
      </Placemark>
      <Placemark>
        <name>صوانة الحوي</name>
        <styleUrl>#icon-1739-757575-labelson-nodesc</styleUrl>
        <Point>
          <coordinates>
            38.184228,29.185245,0
          </coordinates>
        </Point>
      </Placemark>
      <Placemark>
        <name>ضاحك</name>
        <styleUrl>#icon-1739-757575-labelson-nodesc</styleUrl>
        <Point>
          <coordinates>
            37.187262,31.461389,0
          </coordinates>
        </Point>
      </Placemark>
      <Placemark>
        <name>خر السحامي</name>
        <styleUrl>#icon-1739-757575-labelson-nodesc</styleUrl>
        <Point>
          <coordinates>
            41.280291,29.679544,0
          </coordinates>
        </Point>
      </Placemark>
      <Placemark>
        <name>خر شخير</name>
        <styleUrl>#icon-1739-757575-labelson-nodesc</styleUrl>
        <Point>
          <coordinates>
            41.007993,29.567535,0
          </coordinates>
        </Point>
      </Placemark>
      <Placemark>
        <name>خر شخير</name>
        <styleUrl>#icon-1739-757575-labelson-nodesc</styleUrl>
        <Point>
          <coordinates>
            41.070864,29.61957,0
          </coordinates>
        </Point>
      </Placemark>
      <Placemark>
        <name>خر عنيزة</name>
        <styleUrl>#icon-1739-757575-labelson-nodesc</styleUrl>
        <Point>
          <coordinates>
            41.244414,29.737115,0
          </coordinates>
        </Point>
      </Placemark>
      <Placemark>
        <name>خر مسعود</name>
        <styleUrl>#icon-1739-757575-labelson-nodesc</styleUrl>
        <Point>
          <coordinates>
            41.385005,29.29101,0
          </coordinates>
        </Point>
      </Placemark>
      <Placemark>
        <name>خر مسعود</name>
        <styleUrl>#icon-1739-757575-labelson-nodesc</styleUrl>
        <Point>
          <coordinates>
            41.550121,29.340963,0
          </coordinates>
        </Point>
      </Placemark>
      <Placemark>
        <name>خريان القرية</name>
        <styleUrl>#icon-1739-757575-labelson-nodesc</styleUrl>
        <Point>
          <coordinates>
            41.735859,30.175903,0
          </coordinates>
        </Point>
      </Placemark>
      <Placemark>
        <name>خش الثور</name>
        <styleUrl>#icon-1739-757575-labelson-nodesc</styleUrl>
        <Point>
          <coordinates>
            41.114166,30.058379,0
          </coordinates>
        </Point>
      </Placemark>
      <Placemark>
        <name>خشة الثوير</name>
        <styleUrl>#icon-1739-757575-labelson-nodesc</styleUrl>
        <Point>
          <coordinates>
            41.058419,30.08076,0
          </coordinates>
        </Point>
      </Placemark>
      <Placemark>
        <name>خشم الأضارع</name>
        <styleUrl>#icon-1739-757575-labelson-nodesc</styleUrl>
        <Point>
          <coordinates>
            39.53546,29.827838,0
          </coordinates>
        </Point>
      </Placemark>
      <Placemark>
        <name>خشم الصنع</name>
        <styleUrl>#icon-1739-757575-labelson-nodesc</styleUrl>
        <Point>
          <coordinates>
            41.294947,30.046341,0
          </coordinates>
        </Point>
      </Placemark>
      <Placemark>
        <name>خشم العقاب</name>
        <styleUrl>#icon-1739-757575-labelson-nodesc</styleUrl>
        <Point>
          <coordinates>
            39.374785,29.617574,0
          </coordinates>
        </Point>
      </Placemark>
      <Placemark>
        <name>خشم المخروق</name>
        <styleUrl>#icon-1739-757575-labelson-nodesc</styleUrl>
        <Point>
          <coordinates>
            40.631733,30.053101,0
          </coordinates>
        </Point>
      </Placemark>
      <Placemark>
        <name>خشم الهلالي</name>
        <styleUrl>#icon-1739-757575-labelson-nodesc</styleUrl>
        <Point>
          <coordinates>
            41.047883,30.687025,0
          </coordinates>
        </Point>
      </Placemark>
      <Placemark>
        <name>خشم زلوم</name>
        <styleUrl>#icon-1739-757575-labelson-nodesc</styleUrl>
        <Point>
          <coordinates>
            40.34435,30.301752,0
          </coordinates>
        </Point>
      </Placemark>
      <Placemark>
        <name>خشم كبد</name>
        <styleUrl>#icon-1739-757575-labelson-nodesc</styleUrl>
        <Point>
          <coordinates>
            41.049621,30.035698,0
          </coordinates>
        </Point>
      </Placemark>
      <Placemark>
        <name>خشم نخرير</name>
        <styleUrl>#icon-1739-757575-labelson-nodesc</styleUrl>
        <Point>
          <coordinates>
            41.315246,30.183392,0
          </coordinates>
        </Point>
      </Placemark>
      <Placemark>
        <name>خط السلطاني</name>
        <styleUrl>#icon-1739-757575-labelson-nodesc</styleUrl>
        <Point>
          <coordinates>
            40.850258,29.690723,0
          </coordinates>
        </Point>
      </Placemark>
      <Placemark>
        <name>خفس القرية</name>
        <styleUrl>#icon-1739-757575-labelson-nodesc</styleUrl>
        <Point>
          <coordinates>
            41.537697,29.837301,0
          </coordinates>
        </Point>
      </Placemark>
      <Placemark>
        <name>خفس النجم</name>
        <styleUrl>#icon-1739-757575-labelson-nodesc</styleUrl>
        <Point>
          <coordinates>
            37.850454,30.18822,0
          </coordinates>
        </Point>
      </Placemark>
      <Placemark>
        <name>خل ابو قاع</name>
        <styleUrl>#icon-1739-757575-labelson-nodesc</styleUrl>
        <Point>
          <coordinates>
            38.620141,29.22183,0
          </coordinates>
        </Point>
      </Placemark>
      <Placemark>
        <name>خناصر البويتات</name>
        <styleUrl>#icon-1739-757575-labelson-nodesc</styleUrl>
        <Point>
          <coordinates>
            41.236238,29.990208,0
          </coordinates>
        </Point>
      </Placemark>
      <Placemark>
        <name>خويمات حدرج</name>
        <styleUrl>#icon-1739-757575-labelson-nodesc</styleUrl>
        <Point>
          <coordinates>
            37.763121,30.246027,0
          </coordinates>
        </Point>
      </Placemark>
      <Placemark>
        <name>خيل النصلة</name>
        <styleUrl>#icon-1739-757575-labelson-nodesc</styleUrl>
        <Point>
          <coordinates>
            39.546769,30.432429,0
          </coordinates>
        </Point>
      </Placemark>
      <Placemark>
        <name>دحل ابو تينة</name>
        <styleUrl>#icon-1739-757575-labelson-nodesc</styleUrl>
        <Point>
          <coordinates>
            41.610138,30.024755,0
          </coordinates>
        </Point>
      </Placemark>
      <Placemark>
        <name>دحل ذريع</name>
        <styleUrl>#icon-1739-757575-labelson-nodesc</styleUrl>
        <Point>
          <coordinates>
            41.476071,29.903026,0
          </coordinates>
        </Point>
      </Placemark>
      <Placemark>
        <name>دحل ذهيبة</name>
        <styleUrl>#icon-1739-757575-labelson-nodesc</styleUrl>
        <Point>
          <coordinates>
            41.610482,30.011022,0
          </coordinates>
        </Point>
      </Placemark>
      <Placemark>
        <name>دحل زعال</name>
        <styleUrl>#icon-1739-757575-labelson-nodesc</styleUrl>
        <Point>
          <coordinates>
            41.526732,29.841893,0
          </coordinates>
        </Point>
      </Placemark>
      <Placemark>
        <name>دحل عبيد</name>
        <styleUrl>#icon-1739-757575-labelson-nodesc</styleUrl>
        <Point>
          <coordinates>
            41.52596,29.858222,0
          </coordinates>
        </Point>
      </Placemark>
      <Placemark>
        <name>دحل مسيعيد</name>
        <styleUrl>#icon-1739-757575-labelson-nodesc</styleUrl>
        <Point>
          <coordinates>
            41.576643,30.043337,0
          </coordinates>
        </Point>
      </Placemark>
      <Placemark>
        <name>دحول ابو مقام</name>
        <styleUrl>#icon-1739-757575-labelson-nodesc</styleUrl>
        <Point>
          <coordinates>
            41.541538,29.855089,0
          </coordinates>
        </Point>
      </Placemark>
      <Placemark>
        <name>دويخلة الحنظليات</name>
        <styleUrl>#icon-1739-757575-labelson-nodesc</styleUrl>
        <Point>
          <coordinates>
            40.378425,30.590959,0
          </coordinates>
        </Point>
      </Placemark>
      <Placemark>
        <name>دويخلة الحنظليات</name>
        <styleUrl>#icon-1739-757575-labelson-nodesc</styleUrl>
        <Point>
          <coordinates>
            40.492859,30.680523,0
          </coordinates>
        </Point>
      </Placemark>
      <Placemark>
        <name>دويخلة الهلباء</name>
        <styleUrl>#icon-1739-757575-labelson-nodesc</styleUrl>
        <Point>
          <coordinates>
            41.436653,29.522839,0
          </coordinates>
        </Point>
      </Placemark>
      <Placemark>
        <name>ذبه</name>
        <styleUrl>#icon-1739-757575-labelson-nodesc</styleUrl>
        <Point>
          <coordinates>
            38.267355,30.967412,0
          </coordinates>
        </Point>
      </Placemark>
      <Placemark>
        <name>ذخر</name>
        <styleUrl>#icon-1739-757575-labelson-nodesc</styleUrl>
        <Point>
          <coordinates>
            40.801399,30.108333,0
          </coordinates>
        </Point>
      </Placemark>
      <Placemark>
        <name>راس شويحط</name>
        <styleUrl>#icon-1739-757575-labelson-nodesc</styleUrl>
        <Point>
          <coordinates>
            39.36661,30.844953,0
          </coordinates>
        </Point>
      </Placemark>
      <Placemark>
        <name>رجلة الشيخ</name>
        <styleUrl>#icon-1739-757575-labelson-nodesc</styleUrl>
        <Point>
          <coordinates>
            39.569042,29.824383,0
          </coordinates>
        </Point>
      </Placemark>
      <Placemark>
        <name>رجم الحوصاء</name>
        <styleUrl>#icon-1739-757575-labelson-nodesc</styleUrl>
        <Point>
          <coordinates>
            41.316319,29.563694,0
          </coordinates>
        </Point>
      </Placemark>
      <Placemark>
        <name>رجم الخدام</name>
        <styleUrl>#icon-1739-757575-labelson-nodesc</styleUrl>
        <Point>
          <coordinates>
            40.950508,29.68111,0
          </coordinates>
        </Point>
      </Placemark>
      <Placemark>
        <name>رجم الخفي</name>
        <styleUrl>#icon-1739-757575-labelson-nodesc</styleUrl>
        <Point>
          <coordinates>
            41.352024,29.281654,0
          </coordinates>
        </Point>
      </Placemark>
      <Placemark>
        <name>رجم الداب</name>
        <styleUrl>#icon-1739-757575-labelson-nodesc</styleUrl>
        <Point>
          <coordinates>
            37.814898,31.582131,0
          </coordinates>
        </Point>
      </Placemark>
      <Placemark>
        <name>رجم الشبلي</name>
        <styleUrl>#icon-1739-757575-labelson-nodesc</styleUrl>
        <Point>
          <coordinates>
            41.480427,29.989843,0
          </coordinates>
        </Point>
      </Placemark>
      <Placemark>
        <name>رجم الطير</name>
        <styleUrl>#icon-1739-757575-labelson-nodesc</styleUrl>
        <Point>
          <coordinates>
            39.73242,30.197425,0
          </coordinates>
        </Point>
      </Placemark>
      <Placemark>
        <name>رجم الظهرة</name>
        <styleUrl>#icon-1739-757575-labelson-nodesc</styleUrl>
        <Point>
          <coordinates>
            40.256395,29.751148,0
          </coordinates>
        </Point>
      </Placemark>
      <Placemark>
        <name>رجم العرفجي</name>
        <styleUrl>#icon-1739-757575-labelson-nodesc</styleUrl>
        <Point>
          <coordinates>
            41.543598,29.252987,0
          </coordinates>
        </Point>
      </Placemark>
      <Placemark>
        <name>رجم المجدورة</name>
        <styleUrl>#icon-1739-757575-labelson-nodesc</styleUrl>
        <Point>
          <coordinates>
            40.761681,29.793549,0
          </coordinates>
        </Point>
      </Placemark>
      <Placemark>
        <name>رجم المريكاني</name>
        <styleUrl>#icon-1739-757575-labelson-nodesc</styleUrl>
        <Point>
          <coordinates>
            39.741454,30.506094,0
          </coordinates>
        </Point>
      </Placemark>
      <Placemark>
        <name>رجم المسائر</name>
        <styleUrl>#icon-1739-757575-labelson-nodesc</styleUrl>
        <Point>
          <coordinates>
            40.94656,30.732279,0
          </coordinates>
        </Point>
      </Placemark>
      <Placemark>
        <name>رجم ام اذان</name>
        <styleUrl>#icon-1739-757575-labelson-nodesc</styleUrl>
        <Point>
          <coordinates>
            40.866673,29.849961,0
          </coordinates>
        </Point>
      </Placemark>
      <Placemark>
        <name>رجم رشمة</name>
        <styleUrl>#icon-1739-757575-labelson-nodesc</styleUrl>
        <Point>
          <coordinates>
            41.270485,29.393578,0
          </coordinates>
        </Point>
      </Placemark>
      <Placemark>
        <name>رجم شعفة ام الحمام</name>
        <styleUrl>#icon-1739-757575-labelson-nodesc</styleUrl>
        <Point>
          <coordinates>
            40.894718,29.617681,0
          </coordinates>
        </Point>
      </Placemark>
      <Placemark>
        <name>رجم عبيدالله</name>
        <styleUrl>#icon-1739-757575-labelson-nodesc</styleUrl>
        <Point>
          <coordinates>
            41.403351,29.261913,0
          </coordinates>
        </Point>
      </Placemark>
      <Placemark>
        <name>رجم غريسة</name>
        <styleUrl>#icon-1739-757575-labelson-nodesc</styleUrl>
        <Point>
          <coordinates>
            39.120812,30.25624,0
          </coordinates>
        </Point>
      </Placemark>
      <Placemark>
        <name>رجم قعيد</name>
        <styleUrl>#icon-1739-757575-labelson-nodesc</styleUrl>
        <Point>
          <coordinates>
            41.385498,29.623604,0
          </coordinates>
        </Point>
      </Placemark>
      <Placemark>
        <name>رجم لوي</name>
        <styleUrl>#icon-1739-757575-labelson-nodesc</styleUrl>
        <Point>
          <coordinates>
            41.176329,30.015678,0
          </coordinates>
        </Point>
      </Placemark>
      <Placemark>
        <name>رجم مجول</name>
        <styleUrl>#icon-1739-757575-labelson-nodesc</styleUrl>
        <Point>
          <coordinates>
            40.79773,29.756126,0
          </coordinates>
        </Point>
      </Placemark>
      <Placemark>
        <name>رجوم الضيرين</name>
        <styleUrl>#icon-1739-757575-labelson-nodesc</styleUrl>
        <Point>
          <coordinates>
            40.550108,29.733725,0
          </coordinates>
        </Point>
      </Placemark>
      <Placemark>
        <name>رجوم الكلاب</name>
        <styleUrl>#icon-1739-757575-labelson-nodesc</styleUrl>
        <Point>
          <coordinates>
            40.631583,29.833975,0
          </coordinates>
        </Point>
      </Placemark>
      <Placemark>
        <name>رجوم الكلب</name>
        <styleUrl>#icon-1739-757575-labelson-nodesc</styleUrl>
        <Point>
          <coordinates>
            40.871458,29.746342,0
          </coordinates>
        </Point>
      </Placemark>
      <Placemark>
        <name>رجوم صامد</name>
        <styleUrl>#icon-1739-757575-labelson-nodesc</styleUrl>
        <Point>
          <coordinates>
            39.217265,30.307696,0
          </coordinates>
        </Point>
      </Placemark>
      <Placemark>
        <name>رجوم ضويرين</name>
        <styleUrl>#icon-1739-757575-labelson-nodesc</styleUrl>
        <Point>
          <coordinates>
            40.568476,29.6842,0
          </coordinates>
        </Point>
      </Placemark>
      <Placemark>
        <name>رديفة العزبة</name>
        <styleUrl>#icon-1739-757575-labelson-nodesc</styleUrl>
        <Point>
          <coordinates>
            41.216412,30.070481,0
          </coordinates>
        </Point>
      </Placemark>
      <Placemark>
        <name>رضمة عبوان</name>
        <styleUrl>#icon-1739-757575-labelson-nodesc</styleUrl>
        <Point>
          <coordinates>
            39.845481,28.794565,0
          </coordinates>
        </Point>
      </Placemark>
      <Placemark>
        <name>رضوى</name>
        <styleUrl>#icon-1739-757575-labelson-nodesc</styleUrl>
        <Point>
          <coordinates>
            37.655833,31.376674,0
          </coordinates>
        </Point>
      </Placemark>
      <Placemark>
        <name>ريش الغينة</name>
        <styleUrl>#icon-1739-757575-labelson-nodesc</styleUrl>
        <Point>
          <coordinates>
            37.805371,30.018682,0
          </coordinates>
        </Point>
      </Placemark>
      <Placemark>
        <name>ريضان الزبيدي</name>
        <styleUrl>#icon-1739-757575-labelson-nodesc</styleUrl>
        <Point>
          <coordinates>
            41.016684,30.0949,0
          </coordinates>
        </Point>
      </Placemark>
      <Placemark>
        <name>ريع الثنية</name>
        <styleUrl>#icon-1739-757575-labelson-nodesc</styleUrl>
        <Point>
          <coordinates>
            38.083141,29.69347,0
          </coordinates>
        </Point>
      </Placemark>
      <Placemark>
        <name>ريع الخيل</name>
        <styleUrl>#icon-1739-757575-labelson-nodesc</styleUrl>
        <Point>
          <coordinates>
            37.6524,29.912767,0
          </coordinates>
        </Point>
      </Placemark>
      <Placemark>
        <name>ريع المعي</name>
        <styleUrl>#icon-1739-757575-labelson-nodesc</styleUrl>
        <Point>
          <coordinates>
            39.320691,29.47046,0
          </coordinates>
        </Point>
      </Placemark>
      <Placemark>
        <name>ريع ام رقيبة</name>
        <styleUrl>#icon-1739-757575-labelson-nodesc</styleUrl>
        <Point>
          <coordinates>
            39.673176,29.360855,0
          </coordinates>
        </Point>
      </Placemark>
      <Placemark>
        <name>سبتيا</name>
        <styleUrl>#icon-1739-757575-labelson-nodesc</styleUrl>
        <Point>
          <coordinates>
            41.35123,30.033381,0
          </coordinates>
        </Point>
      </Placemark>
      <Placemark>
        <name>سبخة اثرة</name>
        <styleUrl>#icon-1739-757575-labelson-nodesc</styleUrl>
        <Point>
          <coordinates>
            37.613583,31.380215,0
          </coordinates>
        </Point>
      </Placemark>
      <Placemark>
        <name>سبخة الجوف</name>
        <styleUrl>#icon-1739-757575-labelson-nodesc</styleUrl>
        <Point>
          <coordinates>
            39.896293,29.812045,0
          </coordinates>
        </Point>
      </Placemark>
      <Placemark>
        <name>سبخة حظوظاء</name>
        <styleUrl>#icon-1739-757575-labelson-nodesc</styleUrl>
        <Point>
          <coordinates>
            38.151054,30.736763,0
          </coordinates>
        </Point>
      </Placemark>
      <Placemark>
        <name>سبخة شغار</name>
        <styleUrl>#icon-1739-757575-labelson-nodesc</styleUrl>
        <Point>
          <coordinates>
            38.79163,30.100436,0
          </coordinates>
        </Point>
      </Placemark>
      <Placemark>
        <name>الرجم الأسود</name>
        <styleUrl>#icon-1739-757575-labelson-nodesc</styleUrl>
        <Point>
          <coordinates>
            40.278196,30.627737,0
          </coordinates>
        </Point>
      </Placemark>
      <Placemark>
        <name>الرجم الابيض</name>
        <styleUrl>#icon-1739-757575-labelson-nodesc</styleUrl>
        <Point>
          <coordinates>
            38.843322,30.85197,0
          </coordinates>
        </Point>
      </Placemark>
      <Placemark>
        <name>الرحى</name>
        <styleUrl>#icon-1739-757575-labelson-nodesc</styleUrl>
        <Point>
          <coordinates>
            39.21557,30.759423,0
          </coordinates>
        </Point>
      </Placemark>
      <Placemark>
        <name>الردمه ام قبور</name>
        <styleUrl>#icon-1739-757575-labelson-nodesc</styleUrl>
        <Point>
          <coordinates>
            39.162526,30.283513,0
          </coordinates>
        </Point>
      </Placemark>
      <Placemark>
        <name>الردهه</name>
        <styleUrl>#icon-1739-757575-labelson-nodesc</styleUrl>
        <Point>
          <coordinates>
            39.581637,29.383922,0
          </coordinates>
        </Point>
      </Placemark>
      <Placemark>
        <name>الرسلانية</name>
        <styleUrl>#icon-1739-757575-labelson-nodesc</styleUrl>
        <Point>
          <coordinates>
            37.503891,31.143064,0
          </coordinates>
        </Point>
      </Placemark>
      <Placemark>
        <name>الرشيدة</name>
        <styleUrl>#icon-1739-757575-labelson-nodesc</styleUrl>
        <Point>
          <coordinates>
            38.782854,30.512853,0
          </coordinates>
        </Point>
      </Placemark>
      <Placemark>
        <name>الرمانتان</name>
        <styleUrl>#icon-1739-757575-labelson-nodesc</styleUrl>
        <Point>
          <coordinates>
            39.533336,29.949996,0
          </coordinates>
        </Point>
      </Placemark>
      <Placemark>
        <name>الريتين</name>
        <styleUrl>#icon-1739-757575-labelson-nodesc</styleUrl>
        <Point>
          <coordinates>
            39.695857,30.073078,0
          </coordinates>
        </Point>
      </Placemark>
      <Placemark>
        <name>الزينه</name>
        <styleUrl>#icon-1739-757575-labelson-nodesc</styleUrl>
        <Point>
          <coordinates>
            39.730296,29.265518,0
          </coordinates>
        </Point>
      </Placemark>
      <Placemark>
        <name>الساقي</name>
        <styleUrl>#icon-1739-757575-labelson-nodesc</styleUrl>
        <Point>
          <coordinates>
            40.735674,29.951477,0
          </coordinates>
        </Point>
      </Placemark>
      <Placemark>
        <name>الساقي</name>
        <styleUrl>#icon-1739-757575-labelson-nodesc</styleUrl>
        <Point>
          <coordinates>
            41.149378,30.204163,0
          </coordinates>
        </Point>
      </Placemark>
      <Placemark>
        <name>السبخانية</name>
        <styleUrl>#icon-1739-757575-labelson-nodesc</styleUrl>
        <Point>
          <coordinates>
            39.800827,30.115564,0
          </coordinates>
        </Point>
      </Placemark>
      <Placemark>
        <name>السرحان</name>
        <styleUrl>#icon-1739-757575-labelson-nodesc</styleUrl>
        <Point>
          <coordinates>
            38.249996,30.750003,0
          </coordinates>
        </Point>
      </Placemark>
      <Placemark>
        <name>الشامه</name>
        <styleUrl>#icon-1739-757575-labelson-nodesc</styleUrl>
        <Point>
          <coordinates>
            37.908583,31.515484,0
          </coordinates>
        </Point>
      </Placemark>
      <Placemark>
        <name>الشيره (خب الجمل)</name>
        <styleUrl>#icon-1739-757575-labelson-nodesc</styleUrl>
        <Point>
          <coordinates>
            38.836412,29.398234,0
          </coordinates>
        </Point>
      </Placemark>
      <Placemark>
        <name>الصوان</name>
        <styleUrl>#icon-1739-757575-labelson-nodesc</styleUrl>
        <Point>
          <coordinates>
            37.491746,31.088669,0
          </coordinates>
        </Point>
      </Placemark>
      <Placemark>
        <name>الضبعيه</name>
        <styleUrl>#icon-1739-757575-labelson-nodesc</styleUrl>
        <Point>
          <coordinates>
            40.110011,30.059946,0
          </coordinates>
        </Point>
      </Placemark>
      <Placemark>
        <name>الطلحات</name>
        <styleUrl>#icon-1739-757575-labelson-nodesc</styleUrl>
        <Point>
          <coordinates>
            38.101187,30.276411,0
          </coordinates>
        </Point>
      </Placemark>
      <Placemark>
        <name>الطوسية</name>
        <styleUrl>#icon-1739-757575-labelson-nodesc</styleUrl>
        <Point>
          <coordinates>
            39.879599,30.747643,0
          </coordinates>
        </Point>
      </Placemark>
      <Placemark>
        <name>الظريفيه</name>
        <styleUrl>#icon-1739-757575-labelson-nodesc</styleUrl>
        <Point>
          <coordinates>
            39.527328,30.192833,0
          </coordinates>
        </Point>
      </Placemark>
      <Placemark>
        <name>الظليات</name>
        <styleUrl>#icon-1739-757575-labelson-nodesc</styleUrl>
        <Point>
          <coordinates>
            39.596379,30.026579,0
          </coordinates>
        </Point>
      </Placemark>
      <Placemark>
        <name>العاذرية</name>
        <styleUrl>#icon-1739-757575-labelson-nodesc</styleUrl>
        <Point>
          <coordinates>
            40.086386,30.231071,0
          </coordinates>
        </Point>
      </Placemark>
      <Placemark>
        <name>العجرميات</name>
        <styleUrl>#icon-1739-757575-labelson-nodesc</styleUrl>
        <Point>
          <coordinates>
            39.895198,30.4476,0
          </coordinates>
        </Point>
      </Placemark>
      <Placemark>
        <name>العجرمية  ام خمة</name>
        <styleUrl>#icon-1739-757575-labelson-nodesc</styleUrl>
        <Point>
          <coordinates>
            39.94277,30.536671,0
          </coordinates>
        </Point>
      </Placemark>
      <Placemark>
        <name>العدام</name>
        <styleUrl>#icon-1739-757575-labelson-nodesc</styleUrl>
        <Point>
          <coordinates>
            40.522664,30.031428,0
          </coordinates>
        </Point>
      </Placemark>
      <Placemark>
        <name>العريق</name>
        <styleUrl>#icon-1739-757575-labelson-nodesc</styleUrl>
        <Point>
          <coordinates>
            38.979878,28.984272,0
          </coordinates>
        </Point>
      </Placemark>
      <Placemark>
        <name>العريق</name>
        <styleUrl>#icon-1739-757575-labelson-nodesc</styleUrl>
        <Point>
          <coordinates>
            39.416671,29.81668,0
          </coordinates>
        </Point>
      </Placemark>
      <Placemark>
        <name>العصبي</name>
        <styleUrl>#icon-1739-757575-labelson-nodesc</styleUrl>
        <Point>
          <coordinates>
            38.135819,30.603619,0
          </coordinates>
        </Point>
      </Placemark>
      <Placemark>
        <name>العوجاء</name>
        <styleUrl>#icon-1739-757575-labelson-nodesc</styleUrl>
        <Point>
          <coordinates>
            40.072975,30.377562,0
          </coordinates>
        </Point>
      </Placemark>
      <Placemark>
        <name>الغضبا</name>
        <styleUrl>#icon-1739-757575-labelson-nodesc</styleUrl>
        <Point>
          <coordinates>
            37.538288,31.431777,0
          </coordinates>
        </Point>
      </Placemark>
      <Placemark>
        <name>الطويل</name>
        <styleUrl>#icon-1739-757575-labelson-nodesc</styleUrl>
        <Point>
          <coordinates>
            39.401586,29.356778,0
          </coordinates>
        </Point>
      </Placemark>
      <Placemark>
        <name>اللبه</name>
        <styleUrl>#icon-1739-757575-labelson-nodesc</styleUrl>
        <Point>
          <coordinates>
            41.479697,29.42703,0
          </coordinates>
        </Point>
      </Placemark>
      <Placemark>
        <name>الفريدة</name>
        <styleUrl>#icon-1739-757575-labelson-nodesc</styleUrl>
        <Point>
          <coordinates>
            41.530251,29.873993,0
          </coordinates>
        </Point>
      </Placemark>
      <Placemark>
        <name>الفياض</name>
        <styleUrl>#icon-1739-757575-labelson-nodesc</styleUrl>
        <Point>
          <coordinates>
            40.037034,30.028853,0
          </coordinates>
        </Point>
      </Placemark>
      <Placemark>
        <name>القرا</name>
        <styleUrl>#icon-1739-757575-labelson-nodesc</styleUrl>
        <Point>
          <coordinates>
            37.708769,30.956104,0
          </coordinates>
        </Point>
      </Placemark>
      <Placemark>
        <name>القرو</name>
        <styleUrl>#icon-1739-757575-labelson-nodesc</styleUrl>
        <Point>
          <coordinates>
            40.851545,29.653645,0
          </coordinates>
        </Point>
      </Placemark>
      <Placemark>
        <name>القرية</name>
        <styleUrl>#icon-1739-757575-labelson-nodesc</styleUrl>
        <Point>
          <coordinates>
            41.272953,29.925642,0
          </coordinates>
        </Point>
      </Placemark>
      <Placemark>
        <name>القرينية</name>
        <styleUrl>#icon-1739-757575-labelson-nodesc</styleUrl>
        <Point>
          <coordinates>
            37.791874,31.334832,0
          </coordinates>
        </Point>
      </Placemark>
      <Placemark>
        <name>القصاص</name>
        <styleUrl>#icon-1739-757575-labelson-nodesc</styleUrl>
        <Point>
          <coordinates>
            39.208746,30.02439,0
          </coordinates>
        </Point>
      </Placemark>
      <Placemark>
        <name>القصايم</name>
        <styleUrl>#icon-1739-757575-labelson-nodesc</styleUrl>
        <Point>
          <coordinates>
            38.789656,29.907725,0
          </coordinates>
        </Point>
      </Placemark>
      <Placemark>
        <name>القصوريات</name>
        <styleUrl>#icon-1739-757575-labelson-nodesc</styleUrl>
        <Point>
          <coordinates>
            40.920596,29.87807,0
          </coordinates>
        </Point>
      </Placemark>
      <Placemark>
        <name>الكدره</name>
        <styleUrl>#icon-1739-757575-labelson-nodesc</styleUrl>
        <Point>
          <coordinates>
            38.921664,29.494901,0
          </coordinates>
        </Point>
      </Placemark>
      <Placemark>
        <name>اللغف</name>
        <styleUrl>#icon-1739-757575-labelson-nodesc</styleUrl>
        <Point>
          <coordinates>
            38.673356,29.350812,0
          </coordinates>
        </Point>
      </Placemark>
      <Placemark>
        <name>المبرز</name>
        <styleUrl>#icon-1739-757575-labelson-nodesc</styleUrl>
        <Point>
          <coordinates>
            40.449171,29.808054,0
          </coordinates>
        </Point>
      </Placemark>
      <Placemark>
        <name>المتاهة</name>
        <styleUrl>#icon-1739-757575-labelson-nodesc</styleUrl>
        <Point>
          <coordinates>
            39.163942,29.458165,0
          </coordinates>
        </Point>
      </Placemark>
      <Placemark>
        <name>المحاص</name>
        <styleUrl>#icon-1739-757575-labelson-nodesc</styleUrl>
        <Point>
          <coordinates>
            39.608588,30.341535,0
          </coordinates>
        </Point>
      </Placemark>
      <Placemark>
        <name>المحيرثات</name>
        <styleUrl>#icon-1739-757575-labelson-nodesc</styleUrl>
        <Point>
          <coordinates>
            40.732541,29.280667,0
          </coordinates>
        </Point>
      </Placemark>
      <Placemark>
        <name>المحيضر</name>
        <styleUrl>#icon-1739-757575-labelson-nodesc</styleUrl>
        <Point>
          <coordinates>
            37.792668,30.961876,0
          </coordinates>
        </Point>
      </Placemark>
      <Placemark>
        <name>المروت</name>
        <styleUrl>#icon-1739-757575-labelson-nodesc</styleUrl>
        <Point>
          <coordinates>
            39.877818,29.305408,0
          </coordinates>
        </Point>
      </Placemark>
      <Placemark>
        <name>المشراف</name>
        <styleUrl>#icon-1739-757575-labelson-nodesc</styleUrl>
        <Point>
          <coordinates>
            39.532306,29.235156,0
          </coordinates>
        </Point>
      </Placemark>
      <Placemark>
        <name>المطرح</name>
        <styleUrl>#icon-1739-757575-labelson-nodesc</styleUrl>
        <Point>
          <coordinates>
            39.786537,30.552163,0
          </coordinates>
        </Point>
      </Placemark>
      <Placemark>
        <name>المطق</name>
        <styleUrl>#icon-1739-757575-labelson-nodesc</styleUrl>
        <Point>
          <coordinates>
            40.496721,29.284937,0
          </coordinates>
        </Point>
      </Placemark>
      <Placemark>
        <name>المعاصر</name>
        <styleUrl>#icon-1739-757575-labelson-nodesc</styleUrl>
        <Point>
          <coordinates>
            38.317738,30.749531,0
          </coordinates>
        </Point>
      </Placemark>
      <Placemark>
        <name>المعترضة</name>
        <styleUrl>#icon-1739-757575-labelson-nodesc</styleUrl>
        <Point>
          <coordinates>
            39.478254,29.95079,0
          </coordinates>
        </Point>
      </Placemark>
      <Placemark>
        <name>المعيزيلة</name>
        <styleUrl>#icon-1739-757575-labelson-nodesc</styleUrl>
        <Point>
          <coordinates>
            38.16365,29.75044,0
          </coordinates>
        </Point>
      </Placemark>
      <Placemark>
        <name>المعيلة</name>
        <styleUrl>#icon-1739-757575-labelson-nodesc</styleUrl>
        <Point>
          <coordinates>
            40.666516,30.671618,0
          </coordinates>
        </Point>
      </Placemark>
      <Placemark>
        <name>المفازة</name>
        <styleUrl>#icon-1739-757575-labelson-nodesc</styleUrl>
        <Point>
          <coordinates>
            39.079335,30.603426,0
          </coordinates>
        </Point>
      </Placemark>
      <Placemark>
        <name>المفرجية</name>
        <styleUrl>#icon-1739-757575-labelson-nodesc</styleUrl>
        <Point>
          <coordinates>
            39.261253,30.097282,0
          </coordinates>
        </Point>
      </Placemark>
      <Placemark>
        <name>المكيحيل</name>
        <styleUrl>#icon-1739-757575-labelson-nodesc</styleUrl>
        <Point>
          <coordinates>
            39.436862,28.653696,0
          </coordinates>
        </Point>
      </Placemark>
      <Placemark>
        <name>المهملة</name>
        <styleUrl>#icon-1739-757575-labelson-nodesc</styleUrl>
        <Point>
          <coordinates>
            40.100398,30.637436,0
          </coordinates>
        </Point>
      </Placemark>
      <Placemark>
        <name>الموحل</name>
        <styleUrl>#icon-1739-757575-labelson-nodesc</styleUrl>
        <Point>
          <coordinates>
            41.311812,30.101166,0
          </coordinates>
        </Point>
      </Placemark>
      <Placemark>
        <name>الناعم</name>
        <styleUrl>#icon-1739-757575-labelson-nodesc</styleUrl>
        <Point>
          <coordinates>
            37.758229,31.633415,0
          </coordinates>
        </Point>
      </Placemark>
      <Placemark>
        <name>النظيم</name>
        <styleUrl>#icon-1739-757575-labelson-nodesc</styleUrl>
        <Point>
          <coordinates>
            39.569578,29.226272,0
          </coordinates>
        </Point>
      </Placemark>
      <Placemark>
        <name>النهدين</name>
        <styleUrl>#icon-1739-757575-labelson-nodesc</styleUrl>
        <Point>
          <coordinates>
            39.164908,29.851871,0
          </coordinates>
        </Point>
      </Placemark>
      <Placemark>
        <name>النهيدين</name>
        <styleUrl>#icon-1739-757575-labelson-nodesc</styleUrl>
        <Point>
          <coordinates>
            40.76226,30.771911,0
          </coordinates>
        </Point>
      </Placemark>
      <Placemark>
        <name>الهمر</name>
        <styleUrl>#icon-1739-757575-labelson-nodesc</styleUrl>
        <Point>
          <coordinates>
            40.116878,30.049474,0
          </coordinates>
        </Point>
      </Placemark>
      <Placemark>
        <name>الهنديات</name>
        <styleUrl>#icon-1739-757575-labelson-nodesc</styleUrl>
        <Point>
          <coordinates>
            39.854279,29.238331,0
          </coordinates>
        </Point>
      </Placemark>
      <Placemark>
        <name>الوديان</name>
        <styleUrl>#icon-1739-757575-labelson-nodesc</styleUrl>
        <Point>
          <coordinates>
            40.937655,30.650997,0
          </coordinates>
        </Point>
      </Placemark>
      <Placemark>
        <name>ام الشنين</name>
        <styleUrl>#icon-1739-757575-labelson-nodesc</styleUrl>
        <Point>
          <coordinates>
            39.157462,28.836751,0
          </coordinates>
        </Point>
      </Placemark>
      <Placemark>
        <name>ام المقابر</name>
        <styleUrl>#icon-1739-757575-labelson-nodesc</styleUrl>
        <Point>
          <coordinates>
            39.999998,30.033317,0
          </coordinates>
        </Point>
      </Placemark>
      <Placemark>
        <name>ام المقابر</name>
        <styleUrl>#icon-1739-757575-labelson-nodesc</styleUrl>
        <Point>
          <coordinates>
            40.040209,30.171998,0
          </coordinates>
        </Point>
      </Placemark>
      <Placemark>
        <name>ام نخلة</name>
        <styleUrl>#icon-1739-757575-labelson-nodesc</styleUrl>
        <Point>
          <coordinates>
            37.371304,31.21351,0
          </coordinates>
        </Point>
      </Placemark>
      <Placemark>
        <name>ام نخيلة</name>
        <styleUrl>#icon-1739-757575-labelson-nodesc</styleUrl>
        <Point>
          <coordinates>
            38.551047,29.499021,0
          </coordinates>
        </Point>
      </Placemark>
      <Placemark>
        <name>باعجة المعتدل</name>
        <styleUrl>#icon-1739-757575-labelson-nodesc</styleUrl>
        <Point>
          <coordinates>
            40.572853,30.601559,0
          </coordinates>
        </Point>
      </Placemark>
      <Placemark>
        <name>باعجة المعتدل</name>
        <styleUrl>#icon-1739-757575-labelson-nodesc</styleUrl>
        <Point>
          <coordinates>
            40.580277,30.512853,0
          </coordinates>
        </Point>
      </Placemark>
      <Placemark>
        <name>بتراء شيبة</name>
        <styleUrl>#icon-1739-757575-labelson-nodesc</styleUrl>
        <Point>
          <coordinates>
            38.66282,30.554266,0
          </coordinates>
        </Point>
      </Placemark>
      <Placemark>
        <name>براعم الرتم</name>
        <styleUrl>#icon-1739-757575-labelson-nodesc</styleUrl>
        <Point>
          <coordinates>
            37.644825,31.483576,0
          </coordinates>
        </Point>
      </Placemark>
      <Placemark>
        <name>بربك البويتات</name>
        <styleUrl>#icon-1739-757575-labelson-nodesc</styleUrl>
        <Point>
          <coordinates>
            41.19386,30.006623,0
          </coordinates>
        </Point>
      </Placemark>
      <Placemark>
        <name>بربك خشة الثوير</name>
        <styleUrl>#icon-1739-757575-labelson-nodesc</styleUrl>
        <Point>
          <coordinates>
            41.054621,30.070868,0
          </coordinates>
        </Point>
      </Placemark>
      <Placemark>
        <name>برثة حلمه</name>
        <styleUrl>#icon-1739-757575-labelson-nodesc</styleUrl>
        <Point>
          <coordinates>
            39.585736,29.186232,0
          </coordinates>
        </Point>
      </Placemark>
      <Placemark>
        <name>برقا رغيان</name>
        <styleUrl>#icon-1739-757575-labelson-nodesc</styleUrl>
        <Point>
          <coordinates>
            38.885937,29.497583,0
          </coordinates>
        </Point>
      </Placemark>
      <Placemark>
        <name>برقاء الربيعان</name>
        <styleUrl>#icon-1739-757575-labelson-nodesc</styleUrl>
        <Point>
          <coordinates>
            40.901585,30.38887,0
          </coordinates>
        </Point>
      </Placemark>
      <Placemark>
        <name>برقاء الشراري</name>
        <styleUrl>#icon-1739-757575-labelson-nodesc</styleUrl>
        <Point>
          <coordinates>
            37.895279,31.340389,0
          </coordinates>
        </Point>
      </Placemark>
      <Placemark>
        <name>برقاء قنيفذات</name>
        <styleUrl>#icon-1739-757575-labelson-nodesc</styleUrl>
        <Point>
          <coordinates>
            38.93265,29.671476,0
          </coordinates>
        </Point>
      </Placemark>
      <Placemark>
        <name>بركة ابن كساب</name>
        <styleUrl>#icon-1739-757575-labelson-nodesc</styleUrl>
        <Point>
          <coordinates>
            38.88628,30.237679,0
          </coordinates>
        </Point>
      </Placemark>
      <Placemark>
        <name>بركة الهدهد</name>
        <styleUrl>#icon-1739-757575-labelson-nodesc</styleUrl>
        <Point>
          <coordinates>
            39.711928,29.35873,0
          </coordinates>
        </Point>
      </Placemark>
      <Placemark>
        <name>بركة فايض القريطه</name>
        <styleUrl>#icon-1739-757575-labelson-nodesc</styleUrl>
        <Point>
          <coordinates>
            38.545039,30.629497,0
          </coordinates>
        </Point>
      </Placemark>
      <Placemark>
        <name>بركة وثرالجاثي</name>
        <styleUrl>#icon-1739-757575-labelson-nodesc</styleUrl>
        <Point>
          <coordinates>
            38.374472,30.730798,0
          </coordinates>
        </Point>
      </Placemark>
      <Placemark>
        <name>بسيطاء المندسة</name>
        <styleUrl>#icon-1739-757575-labelson-nodesc</styleUrl>
        <Point>
          <coordinates>
            38.088098,29.865904,0
          </coordinates>
        </Point>
      </Placemark>
      <Placemark>
        <name>بطن الرعن</name>
        <styleUrl>#icon-1739-757575-labelson-nodesc</styleUrl>
        <Point>
          <coordinates>
            41.325245,30.03499,0
          </coordinates>
        </Point>
      </Placemark>
      <Placemark>
        <name>بقالة الغينة</name>
        <styleUrl>#icon-1739-757575-labelson-nodesc</styleUrl>
        <Point>
          <coordinates>
            37.743723,30.018253,0
          </coordinates>
        </Point>
      </Placemark>
      <Placemark>
        <name>بقايا قصيمه</name>
        <styleUrl>#icon-1739-757575-labelson-nodesc</styleUrl>
        <Point>
          <coordinates>
            37.421236,31.447999,0
          </coordinates>
        </Point>
      </Placemark>
      <Placemark>
        <name>بنية الشنيفي</name>
        <styleUrl>#icon-1739-757575-labelson-nodesc</styleUrl>
        <Point>
          <coordinates>
            41.387558,29.020901,0
          </coordinates>
        </Point>
      </Placemark>
      <Placemark>
        <name>بنية الغالبية</name>
        <styleUrl>#icon-1739-757575-labelson-nodesc</styleUrl>
        <Point>
          <coordinates>
            40.567918,29.018326,0
          </coordinates>
        </Point>
      </Placemark>
      <Placemark>
        <name>بنية بطحا</name>
        <styleUrl>#icon-1739-757575-labelson-nodesc</styleUrl>
        <Point>
          <coordinates>
            40.04611,28.647795,0
          </coordinates>
        </Point>
      </Placemark>
      <Placemark>
        <name>بنية حواس</name>
        <styleUrl>#icon-1739-757575-labelson-nodesc</styleUrl>
        <Point>
          <coordinates>
            40.517557,28.946443,0
          </coordinates>
        </Point>
      </Placemark>
      <Placemark>
        <name>بنية دمج</name>
        <styleUrl>#icon-1739-757575-labelson-nodesc</styleUrl>
        <Point>
          <coordinates>
            40.834465,29.039955,0
          </coordinates>
        </Point>
      </Placemark>
      <Placemark>
        <name>بنية رويعي</name>
        <styleUrl>#icon-1739-757575-labelson-nodesc</styleUrl>
        <Point>
          <coordinates>
            41.309109,29.04768,0
          </coordinates>
        </Point>
      </Placemark>
      <Placemark>
        <name>بنية سهيل</name>
        <styleUrl>#icon-1739-757575-labelson-nodesc</styleUrl>
        <Point>
          <coordinates>
            40.822105,29.017639,0
          </coordinates>
        </Point>
      </Placemark>
      <Placemark>
        <name>بنية مناحي</name>
        <styleUrl>#icon-1739-757575-labelson-nodesc</styleUrl>
        <Point>
          <coordinates>
            41.316662,28.939533,0
          </coordinates>
        </Point>
      </Placemark>
      <Placemark>
        <name>بنية ناصر</name>
        <styleUrl>#icon-1739-757575-labelson-nodesc</styleUrl>
        <Point>
          <coordinates>
            40.541611,29.056435,0
          </coordinates>
        </Point>
      </Placemark>
      <Placemark>
        <name>بيضان الوجيه</name>
        <styleUrl>#icon-1739-757575-labelson-nodesc</styleUrl>
        <Point>
          <coordinates>
            40.855064,30.77116,0
          </coordinates>
        </Point>
      </Placemark>
      <Placemark>
        <name>تلعة الشيب</name>
        <styleUrl>#icon-1739-757575-labelson-nodesc</styleUrl>
        <Point>
          <coordinates>
            39.541254,30.288856,0
          </coordinates>
        </Point>
      </Placemark>
      <Placemark>
        <name>تلعة الضبعه</name>
        <styleUrl>#icon-1739-757575-labelson-nodesc</styleUrl>
        <Point>
          <coordinates>
            37.643108,31.560545,0
          </coordinates>
        </Point>
      </Placemark>
      <Placemark>
        <name>تلعة الضروية</name>
        <styleUrl>#icon-1739-757575-labelson-nodesc</styleUrl>
        <Point>
          <coordinates>
            41.020181,30.47219,0
          </coordinates>
        </Point>
      </Placemark>
      <Placemark>
        <name>تلعة العرفجي الشرقية</name>
        <styleUrl>#icon-1739-757575-labelson-nodesc</styleUrl>
        <Point>
          <coordinates>
            41.59456,29.290645,0
          </coordinates>
        </Point>
      </Placemark>
      <Placemark>
        <name>تلعة العرفجي الغربية</name>
        <styleUrl>#icon-1739-757575-labelson-nodesc</styleUrl>
        <Point>
          <coordinates>
            41.560743,29.295859,0
          </coordinates>
        </Point>
      </Placemark>
      <Placemark>
        <name>تلعة العرفجي الغربية</name>
        <styleUrl>#icon-1739-757575-labelson-nodesc</styleUrl>
        <Point>
          <coordinates>
            41.574326,29.332466,0
          </coordinates>
        </Point>
      </Placemark>
      <Placemark>
        <name>تلعة المفازة</name>
        <styleUrl>#icon-1739-757575-labelson-nodesc</styleUrl>
        <Point>
          <coordinates>
            39.081609,30.614412,0
          </coordinates>
        </Point>
      </Placemark>
      <Placemark>
        <name>تلعة ام تليل</name>
        <styleUrl>#icon-1739-757575-labelson-nodesc</styleUrl>
        <Point>
          <coordinates>
            40.869827,30.461504,0
          </coordinates>
        </Point>
      </Placemark>
      <Placemark>
        <name>تلعة ليلى الشماليه</name>
        <styleUrl>#icon-1739-757575-labelson-nodesc</styleUrl>
        <Point>
          <coordinates>
            38.686595,30.90173,0
          </coordinates>
        </Point>
      </Placemark>
      <Placemark>
        <name>تليل السبوق</name>
        <styleUrl>#icon-1739-757575-labelson-nodesc</styleUrl>
        <Point>
          <coordinates>
            37.935512,31.498296,0
          </coordinates>
        </Point>
      </Placemark>
      <Placemark>
        <name>تليل الصقار</name>
        <styleUrl>#icon-1739-757575-labelson-nodesc</styleUrl>
        <Point>
          <coordinates>
            38.606815,29.577084,0
          </coordinates>
        </Point>
      </Placemark>
      <Placemark>
        <name>تليل الصقار</name>
        <styleUrl>#icon-1739-757575-labelson-nodesc</styleUrl>
        <Point>
          <coordinates>
            40.383339,30.249996,0
          </coordinates>
        </Point>
      </Placemark>
      <Placemark>
        <name>تليل الصقار</name>
        <styleUrl>#icon-1739-757575-labelson-nodesc</styleUrl>
        <Point>
          <coordinates>
            40.475564,30.178564,0
          </coordinates>
        </Point>
      </Placemark>
      <Placemark>
        <name>تليل القراب</name>
        <styleUrl>#icon-1739-757575-labelson-nodesc</styleUrl>
        <Point>
          <coordinates>
            38.427429,30.959988,0
          </coordinates>
        </Point>
      </Placemark>
      <Placemark>
        <name>تليل المهمر</name>
        <styleUrl>#icon-1739-757575-labelson-nodesc</styleUrl>
        <Point>
          <coordinates>
            40.663426,30.27463,0
          </coordinates>
        </Point>
      </Placemark>
      <Placemark>
        <name>تليل عفرات</name>
        <styleUrl>#icon-1739-757575-labelson-nodesc</styleUrl>
        <Point>
          <coordinates>
            37.205436,31.484199,0
          </coordinates>
        </Point>
      </Placemark>
      <Placemark>
        <name>تليلات الدسم</name>
        <styleUrl>#icon-1739-757575-labelson-nodesc</styleUrl>
        <Point>
          <coordinates>
            38.564243,30.911579,0
          </coordinates>
        </Point>
      </Placemark>
      <Placemark>
        <name>تليلات الضبيب</name>
        <styleUrl>#icon-1739-757575-labelson-nodesc</styleUrl>
        <Point>
          <coordinates>
            41.524866,30.325227,0
          </coordinates>
        </Point>
      </Placemark>
      <Placemark>
        <name>ثقب قارة ام طليحة</name>
        <styleUrl>#icon-1739-757575-labelson-nodesc</styleUrl>
        <Point>
          <coordinates>
            40.994024,30.101337,0
          </coordinates>
        </Point>
      </Placemark>
      <Placemark>
        <name>جابية ابن نصار</name>
        <styleUrl>#icon-1739-757575-labelson-nodesc</styleUrl>
        <Point>
          <coordinates>
            38.696187,30.472255,0
          </coordinates>
        </Point>
      </Placemark>
      <Placemark>
        <name>جال الامغر</name>
        <styleUrl>#icon-1739-757575-labelson-nodesc</styleUrl>
        <Point>
          <coordinates>
            40.577488,30.168822,0
          </coordinates>
        </Point>
      </Placemark>
      <Placemark>
        <name>جال الجوبة الشرقي</name>
        <styleUrl>#icon-1739-757575-labelson-nodesc</styleUrl>
        <Point>
          <coordinates>
            40.612893,29.771769,0
          </coordinates>
        </Point>
      </Placemark>
      <Placemark>
        <name>جال الجوبة الغربي</name>
        <styleUrl>#icon-1739-757575-labelson-nodesc</styleUrl>
        <Point>
          <coordinates>
            40.099411,30.35471,0
          </coordinates>
        </Point>
      </Placemark>
      <Placemark>
        <name>جال ام طليحة</name>
        <styleUrl>#icon-1739-757575-labelson-nodesc</styleUrl>
        <Point>
          <coordinates>
            41.009538,30.11301,0
          </coordinates>
        </Point>
      </Placemark>
      <Placemark>
        <name>جال ظهرة</name>
        <styleUrl>#icon-1739-757575-labelson-nodesc</styleUrl>
        <Point>
          <coordinates>
            40.092888,30.110092,0
          </coordinates>
        </Point>
      </Placemark>
      <Placemark>
        <name>جال قيالات</name>
        <styleUrl>#icon-1739-757575-labelson-nodesc</styleUrl>
        <Point>
          <coordinates>
            39.999354,30.099106,0
          </coordinates>
        </Point>
      </Placemark>
      <Placemark>
        <name>جبية النظيم</name>
        <styleUrl>#icon-1739-757575-labelson-nodesc</styleUrl>
        <Point>
          <coordinates>
            41.346145,29.34195,0
          </coordinates>
        </Point>
      </Placemark>
      <Placemark>
        <name>جرعا المعيد</name>
        <styleUrl>#icon-1739-757575-labelson-nodesc</styleUrl>
        <Point>
          <coordinates>
            41.079254,28.881598,0
          </coordinates>
        </Point>
      </Placemark>
      <Placemark>
        <name>جعلة السوداء</name>
        <styleUrl>#icon-1739-757575-labelson-nodesc</styleUrl>
        <Point>
          <coordinates>
            38.492575,29.455504,0
          </coordinates>
        </Point>
      </Placemark>
      <Placemark>
        <name>جفر نصار</name>
        <styleUrl>#icon-1739-757575-labelson-nodesc</styleUrl>
        <Point>
          <coordinates>
            40.663898,30.198541,0
          </coordinates>
        </Point>
      </Placemark>
      <Placemark>
        <name>جفرة الحصان</name>
        <styleUrl>#icon-1739-757575-labelson-nodesc</styleUrl>
        <Point>
          <coordinates>
            37.470632,31.512244,0
          </coordinates>
        </Point>
      </Placemark>
      <Placemark>
        <name>جيلان ظهير حمار</name>
        <styleUrl>#icon-1739-757575-labelson-nodesc</styleUrl>
        <Point>
          <coordinates>
            39.943693,29.994242,0
          </coordinates>
        </Point>
      </Placemark>
      <Placemark>
        <name>حدرج</name>
        <styleUrl>#icon-1739-757575-labelson-nodesc</styleUrl>
        <Point>
          <coordinates>
            37.70452,30.30937,0
          </coordinates>
        </Point>
      </Placemark>
      <Placemark>
        <name>حرة الامغر</name>
        <styleUrl>#icon-1739-757575-labelson-nodesc</styleUrl>
        <Point>
          <coordinates>
            37.951283,30.85433,0
          </coordinates>
        </Point>
      </Placemark>
      <Placemark>
        <name>حرة المابية</name>
        <styleUrl>#icon-1739-757575-labelson-nodesc</styleUrl>
        <Point>
          <coordinates>
            38.070781,30.943551,0
          </coordinates>
        </Point>
      </Placemark>
      <Placemark>
        <name>حرة المحيضر</name>
        <styleUrl>#icon-1739-757575-labelson-nodesc</styleUrl>
        <Point>
          <coordinates>
            37.801037,30.916214,0
          </coordinates>
        </Point>
      </Placemark>
      <Placemark>
        <name>حرة حظوظاء</name>
        <styleUrl>#icon-1739-757575-labelson-nodesc</styleUrl>
        <Point>
          <coordinates>
            38.14642,30.93647,0
          </coordinates>
        </Point>
      </Placemark>
      <Placemark>
        <name>حرة قليب خضر</name>
        <styleUrl>#icon-1739-757575-labelson-nodesc</styleUrl>
        <Point>
          <coordinates>
            37.817688,30.866089,0
          </coordinates>
        </Point>
      </Placemark>
      <Placemark>
        <name>حفاير ام غضي</name>
        <styleUrl>#icon-1739-757575-labelson-nodesc</styleUrl>
        <Point>
          <coordinates>
            40.925596,28.883679,0
          </coordinates>
        </Point>
      </Placemark>
      <Placemark>
        <name>حفر الرخيص</name>
        <styleUrl>#icon-1739-757575-labelson-nodesc</styleUrl>
        <Point>
          <coordinates>
            41.234179,29.045277,0
          </coordinates>
        </Point>
      </Placemark>
      <Placemark>
        <name>حفيرة المعاركية</name>
        <styleUrl>#icon-1739-757575-labelson-nodesc</styleUrl>
        <Point>
          <coordinates>
            40.590255,28.961527,0
          </coordinates>
        </Point>
      </Placemark>
      <Placemark>
        <name>حفيرة صومة</name>
        <styleUrl>#icon-1739-757575-labelson-nodesc</styleUrl>
        <Point>
          <coordinates>
            41.089554,29.030106,0
          </coordinates>
        </Point>
      </Placemark>
      <Placemark>
        <name>حفيرة قرطان</name>
        <styleUrl>#icon-1739-757575-labelson-nodesc</styleUrl>
        <Point>
          <coordinates>
            41.276557,28.905716,0
          </coordinates>
        </Point>
      </Placemark>
      <Placemark>
        <name>حفيرة مجول</name>
        <styleUrl>#icon-1739-757575-labelson-nodesc</styleUrl>
        <Point>
          <coordinates>
            40.522685,28.880095,0
          </coordinates>
        </Point>
      </Placemark>
      <Placemark>
        <name>حمراء الضبي</name>
        <styleUrl>#icon-1739-757575-labelson-nodesc</styleUrl>
        <Point>
          <coordinates>
            41.621103,30.374451,0
          </coordinates>
        </Point>
      </Placemark>
      <Placemark>
        <name>حوش مقل</name>
        <styleUrl>#icon-1739-757575-labelson-nodesc</styleUrl>
        <Point>
          <coordinates>
            37.597811,31.435897,0
          </coordinates>
        </Point>
      </Placemark>
      <Placemark>
        <name>حويصلات الحوصاء</name>
        <styleUrl>#icon-1739-757575-labelson-nodesc</styleUrl>
        <Point>
          <coordinates>
            37.987826,29.968193,0
          </coordinates>
        </Point>
      </Placemark>
      <Placemark>
        <name>حيكة الوادي</name>
        <styleUrl>#icon-1739-757575-labelson-nodesc</styleUrl>
        <Point>
          <coordinates>
            40.249872,30.003147,0
          </coordinates>
        </Point>
      </Placemark>
      <Placemark>
        <name>خبطة الحوار</name>
        <styleUrl>#icon-1739-757575-labelson-nodesc</styleUrl>
        <Point>
          <coordinates>
            41.012306,29.771748,0
          </coordinates>
        </Point>
      </Placemark>
      <Placemark>
        <name>الامحاص</name>
        <styleUrl>#icon-1739-757575-labelson-nodesc</styleUrl>
        <Point>
          <coordinates>
            39.782031,30.60025,0
          </coordinates>
        </Point>
      </Placemark>
      <Placemark>
        <name>البدع</name>
        <styleUrl>#icon-1739-757575-labelson-nodesc</styleUrl>
        <Point>
          <coordinates>
            40.170028,30.020013,0
          </coordinates>
        </Point>
      </Placemark>
      <Placemark>
        <name>البسيطاء</name>
        <styleUrl>#icon-1739-757575-labelson-nodesc</styleUrl>
        <Point>
          <coordinates>
            38.301966,30.007203,0
          </coordinates>
        </Point>
      </Placemark>
      <Placemark>
        <name>البسيطة</name>
        <styleUrl>#icon-1739-757575-labelson-nodesc</styleUrl>
        <Point>
          <coordinates>
            38.349988,30.883319,0
          </coordinates>
        </Point>
      </Placemark>
      <Placemark>
        <name>البصيله</name>
        <styleUrl>#icon-1739-757575-labelson-nodesc</styleUrl>
        <Point>
          <coordinates>
            37.602811,31.450746,0
          </coordinates>
        </Point>
      </Placemark>
      <Placemark>
        <name>البقار</name>
        <styleUrl>#icon-1739-757575-labelson-nodesc</styleUrl>
        <Point>
          <coordinates>
            38.77882,29.988921,0
          </coordinates>
        </Point>
      </Placemark>
      <Placemark>
        <name>البويتات</name>
        <styleUrl>#icon-1739-757575-labelson-nodesc</styleUrl>
        <Point>
          <coordinates>
            41.214781,30.009928,0
          </coordinates>
        </Point>
      </Placemark>
      <Placemark>
        <name>التجر</name>
        <styleUrl>#icon-1739-757575-labelson-nodesc</styleUrl>
        <Point>
          <coordinates>
            40.099862,29.933195,0
          </coordinates>
        </Point>
      </Placemark>
      <Placemark>
        <name>التربه</name>
        <styleUrl>#icon-1739-757575-labelson-nodesc</styleUrl>
        <Point>
          <coordinates>
            38.887653,30.829375,0
          </coordinates>
        </Point>
      </Placemark>
      <Placemark>
        <name>التمريات</name>
        <styleUrl>#icon-1739-757575-labelson-nodesc</styleUrl>
        <Point>
          <coordinates>
            40.381429,30.510814,0
          </coordinates>
        </Point>
      </Placemark>
      <Placemark>
        <name>الثرثار</name>
        <styleUrl>#icon-1739-757575-labelson-nodesc</styleUrl>
        <Point>
          <coordinates>
            40.481637,29.911072,0
          </coordinates>
        </Point>
      </Placemark>
      <Placemark>
        <name>الجذوا</name>
        <styleUrl>#icon-1739-757575-labelson-nodesc</styleUrl>
        <Point>
          <coordinates>
            39.41798,29.773979,0
          </coordinates>
        </Point>
      </Placemark>
      <Placemark>
        <name>الجراوي</name>
        <styleUrl>#icon-1739-757575-labelson-nodesc</styleUrl>
        <Point>
          <coordinates>
            38.740561,30.153501,0
          </coordinates>
        </Point>
      </Placemark>
      <Placemark>
        <name>الجربوعية</name>
        <styleUrl>#icon-1739-757575-labelson-nodesc</styleUrl>
        <Point>
          <coordinates>
            37.754323,30.934281,0
          </coordinates>
        </Point>
      </Placemark>
      <Placemark>
        <name>الجفيرات</name>
        <styleUrl>#icon-1739-757575-labelson-nodesc</styleUrl>
        <Point>
          <coordinates>
            37.702396,31.18643,0
          </coordinates>
        </Point>
      </Placemark>
      <Placemark>
        <name>الجوخاء</name>
        <styleUrl>#icon-1739-757575-labelson-nodesc</styleUrl>
        <Point>
          <coordinates>
            38.67666,30.304434,0
          </coordinates>
        </Point>
      </Placemark>
      <Placemark>
        <name>الجوية</name>
        <styleUrl>#icon-1739-757575-labelson-nodesc</styleUrl>
        <Point>
          <coordinates>
            40.166681,30.166676,0
          </coordinates>
        </Point>
      </Placemark>
      <Placemark>
        <name>الحديثة</name>
        <styleUrl>#icon-1739-757575-labelson-nodesc</styleUrl>
        <Point>
          <coordinates>
            37.160375,31.441841,0
          </coordinates>
        </Point>
      </Placemark>
      <Placemark>
        <name>الحرة</name>
        <styleUrl>#icon-1739-757575-labelson-nodesc</styleUrl>
        <Point>
          <coordinates>
            38.750002,30.750003,0
          </coordinates>
        </Point>
      </Placemark>
      <Placemark>
        <name>الحجرة</name>
        <styleUrl>#icon-1739-757575-labelson-nodesc</styleUrl>
        <Point>
          <coordinates>
            41.619279,30.172019,0
          </coordinates>
        </Point>
      </Placemark>
      <Placemark>
        <name>الحنظلية</name>
        <styleUrl>#icon-1739-757575-labelson-nodesc</styleUrl>
        <Point>
          <coordinates>
            40.352483,30.634947,0
          </coordinates>
        </Point>
      </Placemark>
      <Placemark>
        <name>الخزيزة</name>
        <styleUrl>#icon-1739-757575-labelson-nodesc</styleUrl>
        <Point>
          <coordinates>
            41.2289,29.271398,0
          </coordinates>
        </Point>
      </Placemark>
      <Placemark>
        <name>الخشرقية</name>
        <styleUrl>#icon-1739-757575-labelson-nodesc</styleUrl>
        <Point>
          <coordinates>
            39.265609,29.537923,0
          </coordinates>
        </Point>
      </Placemark>
      <Placemark>
        <name>أباير</name>
        <styleUrl>#icon-1739-757575-labelson-nodesc</styleUrl>
        <Point>
          <coordinates>
            37.469773,31.349766,0
          </coordinates>
        </Point>
      </Placemark>
      <Placemark>
        <name>أم جثجاث</name>
        <styleUrl>#icon-1739-757575-labelson-nodesc</styleUrl>
        <Point>
          <coordinates>
            38.76837,29.366047,0
          </coordinates>
        </Point>
      </Placemark>
      <Placemark>
        <name>أم رجمين</name>
        <styleUrl>#icon-1739-757575-labelson-nodesc</styleUrl>
        <Point>
          <coordinates>
            37.665274,31.364079,0
          </coordinates>
        </Point>
      </Placemark>
      <Placemark>
        <name>ابرق الحبيلي</name>
        <styleUrl>#icon-1739-757575-labelson-nodesc</styleUrl>
        <Point>
          <coordinates>
            39.559021,30.4632,0
          </coordinates>
        </Point>
      </Placemark>
      <Placemark>
        <name>ابرق السندله</name>
        <styleUrl>#icon-1739-757575-labelson-nodesc</styleUrl>
        <Point>
          <coordinates>
            38.991015,30.69653,0
          </coordinates>
        </Point>
      </Placemark>
      <Placemark>
        <name>ابرق الضيان</name>
        <styleUrl>#icon-1739-757575-labelson-nodesc</styleUrl>
        <Point>
          <coordinates>
            39.103539,29.364824,0
          </coordinates>
        </Point>
      </Placemark>
      <Placemark>
        <name>ابرق الهيق</name>
        <styleUrl>#icon-1739-757575-labelson-nodesc</styleUrl>
        <Point>
          <coordinates>
            38.712151,29.530563,0
          </coordinates>
        </Point>
      </Placemark>
      <Placemark>
        <name>ابرق دمعة</name>
        <styleUrl>#icon-1739-757575-labelson-nodesc</styleUrl>
        <Point>
          <coordinates>
            40.93302,29.99598,0
          </coordinates>
        </Point>
      </Placemark>
      <Placemark>
        <name>ابرق مديسيس</name>
        <styleUrl>#icon-1739-757575-labelson-nodesc</styleUrl>
        <Point>
          <coordinates>
            39.137549,30.513024,0
          </coordinates>
        </Point>
      </Placemark>
      <Placemark>
        <name>ابو حنظل</name>
        <styleUrl>#icon-1739-757575-labelson-nodesc</styleUrl>
        <Point>
          <coordinates>
            39.111993,29.951713,0
          </coordinates>
        </Point>
      </Placemark>
      <Placemark>
        <name>اديرع</name>
        <styleUrl>#icon-1739-757575-labelson-nodesc</styleUrl>
        <Point>
          <coordinates>
            37.707331,29.937615,0
          </coordinates>
        </Point>
      </Placemark>
      <Placemark>
        <name>اشجار</name>
        <styleUrl>#icon-1739-757575-labelson-nodesc</styleUrl>
        <Point>
          <coordinates>
            40.150995,29.016781,0
          </coordinates>
        </Point>
      </Placemark>
      <Placemark>
        <name>الابرق</name>
        <styleUrl>#icon-1739-757575-labelson-nodesc</styleUrl>
        <Point>
          <coordinates>
            38.940311,30.28332,0
          </coordinates>
        </Point>
      </Placemark>
      <Placemark>
        <name>الاجلال</name>
        <styleUrl>#icon-1739-757575-labelson-nodesc</styleUrl>
        <Point>
          <coordinates>
            41.209288,29.925041,0
          </coordinates>
        </Point>
      </Placemark>
      <Placemark>
        <name>الاصابع</name>
        <styleUrl>#icon-1739-757575-labelson-nodesc</styleUrl>
        <Point>
          <coordinates>
            40.791206,30.024691,0
          </coordinates>
        </Point>
      </Placemark>
      <Placemark>
        <name>الاضارع</name>
        <styleUrl>#icon-1739-757575-labelson-nodesc</styleUrl>
        <Point>
          <coordinates>
            39.520762,29.843287,0
          </coordinates>
        </Point>
      </Placemark>
    </Folder>
    <Folder>
      <name>أسماء رئيسة</name>
      <Placemark>
        <name>أبو عجرم</name>
        <styleUrl>#icon-1739-DB4436-labelson-nodesc</styleUrl>
        <Point>
          <coordinates>
            39.316678,29.887469,0
          </coordinates>
        </Point>
      </Placemark>
      <Placemark>
        <name>مركز البتراء</name>
        <styleUrl>#icon-1739-DB4436-labelson-nodesc</styleUrl>
        <Point>
          <coordinates>
            38.673205,30.537486,0
          </coordinates>
        </Point>
      </Placemark>
      <Placemark>
        <name>مركز الحصاة</name>
        <styleUrl>#icon-1739-DB4436-labelson-nodesc</styleUrl>
        <Point>
          <coordinates>
            37.691581,30.852721,0
          </coordinates>
        </Point>
      </Placemark>
      <Placemark>
        <name>مركز الخفية</name>
        <styleUrl>#icon-1739-DB4436-labelson-nodesc</styleUrl>
        <Point>
          <coordinates>
            37.896481,30.414855,0
          </coordinates>
        </Point>
      </Placemark>
      <Placemark>
        <name>مركز الرصد</name>
        <styleUrl>#icon-1739-DB4436-labelson-nodesc</styleUrl>
        <Point>
          <coordinates>
            37.198977,31.48555,0
          </coordinates>
        </Point>
      </Placemark>
      <Placemark>
        <name>مركز ام طلحة</name>
        <styleUrl>#icon-1739-DB4436-labelson-nodesc</styleUrl>
        <Point>
          <coordinates>
            37.566805,30.07973,0
          </coordinates>
        </Point>
      </Placemark>
      <Placemark>
        <name>مركز باير</name>
        <styleUrl>#icon-1739-DB4436-labelson-nodesc</styleUrl>
        <Point>
          <coordinates>
            37.407804,31.117101,0
          </coordinates>
        </Point>
      </Placemark>
      <Placemark>
        <name>مركز حدودي</name>
        <styleUrl>#icon-1739-DB4436-labelson-nodesc</styleUrl>
        <Point>
          <coordinates>
            37.090144,31.423581,0
          </coordinates>
        </Point>
      </Placemark>
      <Placemark>
        <name>مركز حصيدة</name>
        <styleUrl>#icon-1739-DB4436-labelson-nodesc</styleUrl>
        <Point>
          <coordinates>
            37.239554,31.27902,0
          </coordinates>
        </Point>
      </Placemark>
      <Placemark>
        <name>مركز قتب الشامه</name>
        <styleUrl>#icon-1739-DB4436-labelson-nodesc</styleUrl>
        <Point>
          <coordinates>
            37.90339,31.584148,0
          </coordinates>
        </Point>
      </Placemark>
      <Placemark>
        <name>مركز نعيج</name>
        <styleUrl>#icon-1739-DB4436-labelson-nodesc</styleUrl>
        <Point>
          <coordinates>
            38.000679,31.642685,0
          </coordinates>
        </Point>
      </Placemark>
      <Placemark>
        <name>أثره</name>
        <styleUrl>#icon-1739-DB4436-labelson-nodesc</styleUrl>
        <Point>
          <coordinates>
            37.627058,31.385386,0
          </coordinates>
        </Point>
      </Placemark>
      <Placemark>
        <name>أجربة</name>
        <styleUrl>#icon-1739-DB4436-labelson-nodesc</styleUrl>
        <Point>
          <coordinates>
            39.792395,29.935899,0
          </coordinates>
        </Point>
      </Placemark>
      <Placemark>
        <name>أصفان</name>
        <styleUrl>#icon-1739-DB4436-labelson-nodesc</styleUrl>
        <Point>
          <coordinates>
            39.676223,29.670339,0
          </coordinates>
        </Point>
      </Placemark>
      <Placemark>
        <name>أويسط</name>
        <styleUrl>#icon-1739-DB4436-labelson-nodesc</styleUrl>
        <Point>
          <coordinates>
            38.173842,30.536134,0
          </coordinates>
        </Point>
      </Placemark>
      <Placemark>
        <name>البحيرات</name>
        <styleUrl>#icon-1739-DB4436-labelson-nodesc</styleUrl>
        <Point>
          <coordinates>
            39.878612,29.829533,0
          </coordinates>
        </Point>
      </Placemark>
      <Placemark>
        <name>البديع</name>
        <styleUrl>#icon-1739-DB4436-labelson-nodesc</styleUrl>
        <Point>
          <coordinates>
            37.748916,30.978184,0
          </coordinates>
        </Point>
      </Placemark>
      <Placemark>
        <name>الجبيلي</name>
        <styleUrl>#icon-1739-DB4436-labelson-nodesc</styleUrl>
        <Point>
          <coordinates>
            41.613851,29.18222,0
          </coordinates>
        </Point>
      </Placemark>
      <Placemark>
        <name>الدويحات</name>
        <styleUrl>#icon-1739-DB4436-labelson-nodesc</styleUrl>
        <Point>
          <coordinates>
            38.730755,30.283899,0
          </coordinates>
        </Point>
      </Placemark>
      <Placemark>
        <name>الرديفة</name>
        <styleUrl>#icon-1739-DB4436-labelson-nodesc</styleUrl>
        <Point>
          <coordinates>
            37.69274,30.984106,0
          </coordinates>
        </Point>
      </Placemark>
      <Placemark>
        <name>الرديفة</name>
        <styleUrl>#icon-1739-DB4436-labelson-nodesc</styleUrl>
        <Point>
          <coordinates>
            39.679696,29.800593,0
          </coordinates>
        </Point>
      </Placemark>
      <Placemark>
        <name>الرشرشيه</name>
        <styleUrl>#icon-1739-DB4436-labelson-nodesc</styleUrl>
        <Point>
          <coordinates>
            37.314248,31.449502,0
          </coordinates>
        </Point>
      </Placemark>
      <Placemark>
        <name>الرفيعه</name>
        <styleUrl>#icon-1739-DB4436-labelson-nodesc</styleUrl>
        <Point>
          <coordinates>
            40.316262,30.064795,0
          </coordinates>
        </Point>
      </Placemark>
      <Placemark>
        <name>الشعيره</name>
        <styleUrl>#icon-1739-DB4436-labelson-nodesc</styleUrl>
        <Point>
          <coordinates>
            39.553185,29.495738,0
          </coordinates>
        </Point>
      </Placemark>
      <Placemark>
        <name>الشقيق</name>
        <styleUrl>#icon-1739-DB4436-labelson-nodesc</styleUrl>
        <Point>
          <coordinates>
            39.92835,29.30176,0
          </coordinates>
        </Point>
      </Placemark>
      <Placemark>
        <name>الشويحطية</name>
        <styleUrl>#icon-1739-DB4436-labelson-nodesc</styleUrl>
        <Point>
          <coordinates>
            40.190005,30.312502,0
          </coordinates>
        </Point>
      </Placemark>
      <Placemark>
        <name>الضبيعه</name>
        <styleUrl>#icon-1739-DB4436-labelson-nodesc</styleUrl>
        <Point>
          <coordinates>
            40.143936,30.010335,0
          </coordinates>
        </Point>
      </Placemark>
      <Placemark>
        <name>الطيري</name>
        <styleUrl>#icon-1739-DB4436-labelson-nodesc</styleUrl>
        <Point>
          <coordinates>
            40.931497,30.52268,0
          </coordinates>
        </Point>
      </Placemark>
      <Placemark>
        <name>العقيلة</name>
        <styleUrl>#icon-1739-DB4436-labelson-nodesc</styleUrl>
        <Point>
          <coordinates>
            37.440248,31.303933,0
          </coordinates>
        </Point>
      </Placemark>
      <Placemark>
        <name>العمارية</name>
        <styleUrl>#icon-1739-DB4436-labelson-nodesc</styleUrl>
        <Point>
          <coordinates>
            40.5603,30.658207,0
          </coordinates>
        </Point>
      </Placemark>
      <Placemark>
        <name>العوينه</name>
        <styleUrl>#icon-1739-DB4436-labelson-nodesc</styleUrl>
        <Point>
          <coordinates>
            40.259314,29.984243,0
          </coordinates>
        </Point>
      </Placemark>
      <Placemark>
        <name>العيساوية</name>
        <styleUrl>#icon-1739-DB4436-labelson-nodesc</styleUrl>
        <Point>
          <coordinates>
            37.986646,30.72258,0
          </coordinates>
        </Point>
      </Placemark>
      <Placemark>
        <name>العين البيضاء</name>
        <styleUrl>#icon-1739-DB4436-labelson-nodesc</styleUrl>
        <Point>
          <coordinates>
            37.63135,31.156304,0
          </coordinates>
        </Point>
      </Placemark>
      <Placemark>
        <name>الفياض</name>
        <styleUrl>#icon-1739-DB4436-labelson-nodesc</styleUrl>
        <Point>
          <coordinates>
            38.107367,30.60246,0
          </coordinates>
        </Point>
      </Placemark>
      <Placemark>
        <name>الفياض</name>
        <styleUrl>#icon-1739-DB4436-labelson-nodesc</styleUrl>
        <Point>
          <coordinates>
            40.088339,29.978771,0
          </coordinates>
        </Point>
      </Placemark>
      <Placemark>
        <name>القرعا</name>
        <styleUrl>#icon-1739-DB4436-labelson-nodesc</styleUrl>
        <Point>
          <coordinates>
            40.175843,30.006022,0
          </coordinates>
        </Point>
      </Placemark>
      <Placemark>
        <name>القرقر</name>
        <styleUrl>#icon-1739-DB4436-labelson-nodesc</styleUrl>
        <Point>
          <coordinates>
            37.579894,31.360989,0
          </coordinates>
        </Point>
      </Placemark>
      <Placemark>
        <name>القريات</name>
        <styleUrl>#icon-1739-DB4436-labelson-nodesc</styleUrl>
        <Point>
          <coordinates>
            37.366927,31.343951,0
          </coordinates>
        </Point>
      </Placemark>
      <Placemark>
        <name>القريات</name>
        <styleUrl>#icon-1739-DB4436-labelson-nodesc</styleUrl>
        <Point>
          <coordinates>
            37.345319,31.331162,0
          </coordinates>
        </Point>
      </Placemark>
      <Placemark>
        <name>القنيطرة</name>
        <styleUrl>#icon-1739-DB4436-labelson-nodesc</styleUrl>
        <Point>
          <coordinates>
            40.110912,29.974694,0
          </coordinates>
        </Point>
      </Placemark>
      <Placemark>
        <name>الكيسومة</name>
        <styleUrl>#icon-1739-DB4436-labelson-nodesc</styleUrl>
        <Point>
          <coordinates>
            40.10308,30.003233,0
          </coordinates>
        </Point>
      </Placemark>
      <Placemark>
        <name>اللقايط</name>
        <styleUrl>#icon-1739-DB4436-labelson-nodesc</styleUrl>
        <Point>
          <coordinates>
            40.243864,29.982634,0
          </coordinates>
        </Point>
      </Placemark>
      <Placemark>
        <name>المدرة</name>
        <styleUrl>#icon-1739-DB4436-labelson-nodesc</styleUrl>
        <Point>
          <coordinates>
            40.237834,29.812002,0
          </coordinates>
        </Point>
      </Placemark>
      <Placemark>
        <name>المرير</name>
        <styleUrl>#icon-1739-DB4436-labelson-nodesc</styleUrl>
        <Point>
          <coordinates>
            39.915862,30.050461,0
          </coordinates>
        </Point>
      </Placemark>
      <Placemark>
        <name>المزيرير</name>
        <styleUrl>#icon-1739-DB4436-labelson-nodesc</styleUrl>
        <Point>
          <coordinates>
            40.184147,29.822023,0
          </coordinates>
        </Point>
      </Placemark>
      <Placemark>
        <name>المسيجيد</name>
        <styleUrl>#icon-1739-DB4436-labelson-nodesc</styleUrl>
        <Point>
          <coordinates>
            37.416923,31.272519,0
          </coordinates>
        </Point>
      </Placemark>
      <Placemark>
        <name>الميسري</name>
        <styleUrl>#icon-1739-DB4436-labelson-nodesc</styleUrl>
        <Point>
          <coordinates>
            38.31557,30.466633,0
          </coordinates>
        </Point>
      </Placemark>
      <Placemark>
        <name>الناصفة</name>
        <styleUrl>#icon-1739-DB4436-labelson-nodesc</styleUrl>
        <Point>
          <coordinates>
            37.626114,31.082382,0
          </coordinates>
        </Point>
      </Placemark>
      <Placemark>
        <name>النباج</name>
        <styleUrl>#icon-1739-DB4436-labelson-nodesc</styleUrl>
        <Point>
          <coordinates>
            38.402495,30.424082,0
          </coordinates>
        </Point>
      </Placemark>
      <Placemark>
        <name>النبك ابو قصر</name>
        <styleUrl>#icon-1739-DB4436-labelson-nodesc</styleUrl>
        <Point>
          <coordinates>
            38.699169,30.292032,0
          </coordinates>
        </Point>
      </Placemark>
      <Placemark>
        <name>النظايم</name>
        <styleUrl>#icon-1739-DB4436-labelson-nodesc</styleUrl>
        <Point>
          <coordinates>
            40.319545,30.141871,0
          </coordinates>
        </Point>
      </Placemark>
      <Placemark>
        <name>النعيم</name>
        <styleUrl>#icon-1739-DB4436-labelson-nodesc</styleUrl>
        <Point>
          <coordinates>
            38.087111,30.623617,0
          </coordinates>
        </Point>
      </Placemark>
      <Placemark>
        <name>الوادي</name>
        <styleUrl>#icon-1739-DB4436-labelson-nodesc</styleUrl>
        <Point>
          <coordinates>
            39.88153,29.83773,0
          </coordinates>
        </Point>
      </Placemark>
      <Placemark>
        <name>اليابس</name>
        <styleUrl>#icon-1739-DB4436-labelson-nodesc</styleUrl>
        <Point>
          <coordinates>
            40.260258,29.999499,0
          </coordinates>
        </Point>
      </Placemark>
      <Placemark>
        <name>ام فرس</name>
        <styleUrl>#icon-1739-DB4436-labelson-nodesc</styleUrl>
        <Point>
          <coordinates>
            40.098081,29.953794,0
          </coordinates>
        </Point>
      </Placemark>
      <Placemark>
        <name>ام نخيلة</name>
        <styleUrl>#icon-1739-DB4436-labelson-nodesc</styleUrl>
        <Point>
          <coordinates>
            38.193476,29.208891,0
          </coordinates>
        </Point>
      </Placemark>
      <Placemark>
        <name>باير</name>
        <styleUrl>#icon-1739-DB4436-labelson-nodesc</styleUrl>
        <Point>
          <coordinates>
            37.523332,31.244366,0
          </coordinates>
        </Point>
      </Placemark>
      <Placemark>
        <name>جماجم</name>
        <styleUrl>#icon-1739-DB4436-labelson-nodesc</styleUrl>
        <Point>
          <coordinates>
            37.678363,31.003032,0
          </coordinates>
        </Point>
      </Placemark>
      <Placemark>
        <name>حصيبا</name>
        <styleUrl>#icon-1739-DB4436-labelson-nodesc</styleUrl>
        <Point>
          <coordinates>
            39.862776,29.790823,0
          </coordinates>
        </Point>
      </Placemark>
      <Placemark>
        <name>حصيده</name>
        <styleUrl>#icon-1739-DB4436-labelson-nodesc</styleUrl>
        <Point>
          <coordinates>
            37.368772,31.321013,0
          </coordinates>
        </Point>
      </Placemark>
      <Placemark>
        <name>خوعاء</name>
        <styleUrl>#icon-1739-DB4436-labelson-nodesc</styleUrl>
        <Point>
          <coordinates>
            40.440073,29.802346,0
          </coordinates>
        </Point>
      </Placemark>
      <Placemark>
        <name>دومة الجندل</name>
        <styleUrl>#icon-1739-DB4436-labelson-nodesc</styleUrl>
        <Point>
          <coordinates>
            39.859862,29.804679,0
          </coordinates>
        </Point>
      </Placemark>
      <Placemark>
        <name>روض المزارع</name>
        <styleUrl>#icon-1739-DB4436-labelson-nodesc</styleUrl>
        <Point>
          <coordinates>
            39.825718,29.902575,0
          </coordinates>
        </Point>
      </Placemark>
      <Placemark>
        <name>زلوم</name>
        <styleUrl>#icon-1739-DB4436-labelson-nodesc</styleUrl>
        <Point>
          <coordinates>
            40.296071,30.169916,0
          </coordinates>
        </Point>
      </Placemark>
      <Placemark>
        <name>سكاكا</name>
        <styleUrl>#icon-1739-DB4436-labelson-nodesc</styleUrl>
        <Point>
          <coordinates>
            40.198113,29.965963,0
          </coordinates>
        </Point>
      </Placemark>
      <Placemark>
        <name>شغار</name>
        <styleUrl>#icon-1739-DB4436-labelson-nodesc</styleUrl>
        <Point>
          <coordinates>
            38.821306,30.096745,0
          </coordinates>
        </Point>
      </Placemark>
      <Placemark>
        <name>شيبة</name>
        <styleUrl>#icon-1739-DB4436-labelson-nodesc</styleUrl>
        <Point>
          <coordinates>
            38.548408,30.431442,0
          </coordinates>
        </Point>
      </Placemark>
      <Placemark>
        <name>صبيحة</name>
        <styleUrl>#icon-1739-DB4436-labelson-nodesc</styleUrl>
        <Point>
          <coordinates>
            38.835425,30.041149,0
          </coordinates>
        </Point>
      </Placemark>
      <Placemark>
        <name>صديع</name>
        <styleUrl>#icon-1739-DB4436-labelson-nodesc</styleUrl>
        <Point>
          <coordinates>
            38.06812,30.653894,0
          </coordinates>
        </Point>
      </Placemark>
      <Placemark>
        <name>صوير</name>
        <styleUrl>#icon-1739-DB4436-labelson-nodesc</styleUrl>
        <Point>
          <coordinates>
            40.383232,30.12301,0
          </coordinates>
        </Point>
      </Placemark>
      <Placemark>
        <name>طبرجل</name>
        <styleUrl>#icon-1739-DB4436-labelson-nodesc</styleUrl>
        <Point>
          <coordinates>
            38.24034,30.52386,0
          </coordinates>
        </Point>
      </Placemark>
      <Placemark>
        <name>طوير</name>
        <styleUrl>#icon-1739-DB4436-labelson-nodesc</styleUrl>
        <Point>
          <coordinates>
            40.083854,29.928646,0
          </coordinates>
        </Point>
      </Placemark>
      <Placemark>
        <name>عجيربة</name>
        <styleUrl>#icon-1739-DB4436-labelson-nodesc</styleUrl>
        <Point>
          <coordinates>
            39.783168,29.933324,0
          </coordinates>
        </Point>
      </Placemark>
      <Placemark>
        <name>عذفاء</name>
        <styleUrl>#icon-1739-DB4436-labelson-nodesc</styleUrl>
        <Point>
          <coordinates>
            41.440065,29.257042,0
          </coordinates>
        </Point>
      </Placemark>
      <Placemark>
        <name>عقلة هويدي</name>
        <styleUrl>#icon-1739-DB4436-labelson-nodesc</styleUrl>
        <Point>
          <coordinates>
            41.360049,30.411851,0
          </coordinates>
        </Point>
      </Placemark>
      <Placemark>
        <name>عين الحواسي</name>
        <styleUrl>#icon-1739-DB4436-labelson-nodesc</styleUrl>
        <Point>
          <coordinates>
            37.600751,31.37249,0
          </coordinates>
        </Point>
      </Placemark>
      <Placemark>
        <name>غطي</name>
        <styleUrl>#icon-1739-DB4436-labelson-nodesc</styleUrl>
        <Point>
          <coordinates>
            37.534683,31.264729,0
          </coordinates>
        </Point>
      </Placemark>
      <Placemark>
        <name>قارا</name>
        <styleUrl>#icon-1739-DB4436-labelson-nodesc</styleUrl>
        <Point>
          <coordinates>
            40.227985,29.876461,0
          </coordinates>
        </Point>
      </Placemark>
      <Placemark>
        <name>قراطين</name>
        <styleUrl>#icon-1739-DB4436-labelson-nodesc</styleUrl>
        <Point>
          <coordinates>
            39.877088,29.821229,0
          </coordinates>
        </Point>
      </Placemark>
      <Placemark>
        <name>قراقر</name>
        <styleUrl>#icon-1739-DB4436-labelson-nodesc</styleUrl>
        <Point>
          <coordinates>
            37.771339,31.259193,0
          </coordinates>
        </Point>
      </Placemark>
      <Placemark>
        <name>قرية الأضارع</name>
        <styleUrl>#icon-1739-DB4436-labelson-nodesc</styleUrl>
        <Point>
          <coordinates>
            39.575458,29.82758,0
          </coordinates>
        </Point>
      </Placemark>
      <Placemark>
        <name>قصيبة</name>
        <styleUrl>#icon-1739-DB4436-labelson-nodesc</styleUrl>
        <Point>
          <coordinates>
            37.63489,31.25252,0
          </coordinates>
        </Point>
      </Placemark>
      <Placemark>
        <name>قليب خضر</name>
        <styleUrl>#icon-1739-DB4436-labelson-nodesc</styleUrl>
        <Point>
          <coordinates>
            37.87101,30.833151,0
          </coordinates>
        </Point>
      </Placemark>
      <Placemark>
        <name>قيال</name>
        <styleUrl>#icon-1739-DB4436-labelson-nodesc</styleUrl>
        <Point>
          <coordinates>
            40.101449,30.068722,0
          </coordinates>
        </Point>
      </Placemark>
      <Placemark>
        <name>محجة</name>
        <styleUrl>#icon-1739-DB4436-labelson-nodesc</styleUrl>
        <Point>
          <coordinates>
            40.046561,29.922509,0
          </coordinates>
        </Point>
      </Placemark>
      <Placemark>
        <name>مركز العيساوية</name>
        <styleUrl>#icon-1739-DB4436-labelson-nodesc</styleUrl>
        <Point>
          <coordinates>
            37.878392,30.635633,0
          </coordinates>
        </Point>
      </Placemark>
      <Placemark>
        <name>مركز المرير</name>
        <styleUrl>#icon-1739-DB4436-labelson-nodesc</styleUrl>
        <Point>
          <coordinates>
            39.900842,30.070095,0
          </coordinates>
        </Point>
      </Placemark>
      <Placemark>
        <name>مغيراء</name>
        <styleUrl>#icon-1739-DB4436-labelson-nodesc</styleUrl>
        <Point>
          <coordinates>
            40.419838,29.858243,0
          </coordinates>
        </Point>
      </Placemark>
      <Placemark>
        <name>منوى</name>
        <styleUrl>#icon-1739-DB4436-labelson-nodesc</styleUrl>
        <Point>
          <coordinates>
            37.582512,31.377339,0
          </coordinates>
        </Point>
      </Placemark>
      <Placemark>
        <name>ميقوع</name>
        <styleUrl>#icon-1739-DB4436-labelson-nodesc</styleUrl>
        <Point>
          <coordinates>
            38.921535,29.819663,0
          </coordinates>
        </Point>
      </Placemark>
      <Placemark>
        <name>هجرة دعبوس</name>
        <styleUrl>#icon-1739-DB4436-labelson-nodesc</styleUrl>
        <Point>
          <coordinates>
            37.413597,31.326141,0
          </coordinates>
        </Point>
      </Placemark>
      <Placemark>
        <name>هدبان</name>
        <styleUrl>#icon-1739-DB4436-labelson-nodesc</styleUrl>
        <Point>
          <coordinates>
            40.35008,30.073078,0
          </coordinates>
        </Point>
      </Placemark>
      <Placemark>
        <name>هديب</name>
        <styleUrl>#icon-1739-DB4436-labelson-nodesc</styleUrl>
        <Point>
          <coordinates>
            40.393381,30.072134,0
          </coordinates>
        </Point>
      </Placemark>
    </Folder>
  </Document>
</kml>
