<?xml version="1.0" encoding="UTF-8"?>
<kml xmlns="http://www.opengis.net/kml/2.2">
  <Document>
    <name>خريطة مكة البرية</name>
    <description><![CDATA[نتمنى ترك المتنزهات والبراري نظيفة بعد مغادرتها ليصبح المكان أكثر جمالاً.<br>توضيح الوان النقاط في الخريطة :<br>الاحمر : أسماء مدن - محافظات - قرى - هجر<br>الرمادي : أسماء محلية - أسماء أماكن متعارف عليه<br>البني : جبال - هضاب - حزوم - كهوف<br>الازرق : وديان - شعبان - قيعان - سدود - خباري<br>الاخضر : آبار - عيون - ثمايل - موارد ماء<br>الاصفر : طعوس - عروق - نوازي - خبوب<br>الاسود : طرق صحراوية - ردميات - دروب غير معبدة<br>شعار القلعة : آثار - مواقع تاريخية - برك قديمة - نقوش<br>بيئتنا .. مسؤوليتنا <br>ـــــــــــ<br>إذا كان هناك مكان خاطئ أو موقع ناقص آمل التواصل تويتر ( الخرائط البرية maps_ksa@ ) <br>أو على الإميل wild.maps.sa@gmail.com<br>وسيتم التواصل معك بإذن الله<br>]]></description>
    <Style id="icon-1598-BDBDBD-labelson-nodesc">
      <IconStyle>
        <color>ffbdbdbd</color>
        <scale>1</scale>
        <Icon>
          <href>https://www.gstatic.com/mapspro/images/stock/503-wht-blank_maps.png</href>
        </Icon>
      </IconStyle>
      <BalloonStyle>
        <text><![CDATA[<h3>$[name]</h3>]]></text>
      </BalloonStyle>
    </Style>
    <Style id="icon-1739-000000-labelson-nodesc">
      <IconStyle>
        <color>ff000000</color>
        <scale>1</scale>
        <Icon>
          <href>https://www.gstatic.com/mapspro/images/stock/503-wht-blank_maps.png</href>
        </Icon>
      </IconStyle>
      <BalloonStyle>
        <text><![CDATA[<h3>$[name]</h3>]]></text>
      </BalloonStyle>
    </Style>
    <Style id="icon-1739-0288D1-labelson-nodesc">
      <IconStyle>
        <color>ffd18802</color>
        <scale>1</scale>
        <Icon>
          <href>https://www.gstatic.com/mapspro/images/stock/503-wht-blank_maps.png</href>
        </Icon>
      </IconStyle>
      <BalloonStyle>
        <text><![CDATA[<h3>$[name]</h3>]]></text>
      </BalloonStyle>
    </Style>
    <Style id="icon-1739-0F9D58-labelson-nodesc">
      <IconStyle>
        <color>ff589d0f</color>
        <scale>1</scale>
        <Icon>
          <href>https://www.gstatic.com/mapspro/images/stock/503-wht-blank_maps.png</href>
        </Icon>
      </IconStyle>
      <BalloonStyle>
        <text><![CDATA[<h3>$[name]</h3>]]></text>
      </BalloonStyle>
    </Style>
    <Style id="icon-1739-757575-labelson-nodesc">
      <IconStyle>
        <color>ff757575</color>
        <scale>1</scale>
        <Icon>
          <href>https://www.gstatic.com/mapspro/images/stock/503-wht-blank_maps.png</href>
        </Icon>
      </IconStyle>
      <BalloonStyle>
        <text><![CDATA[<h3>$[name]</h3>]]></text>
      </BalloonStyle>
    </Style>
    <Style id="icon-1739-FBC02D-labelson-nodesc">
      <IconStyle>
        <color>ff2dc0fb</color>
        <scale>1</scale>
        <Icon>
          <href>https://www.gstatic.com/mapspro/images/stock/503-wht-blank_maps.png</href>
        </Icon>
      </IconStyle>
      <BalloonStyle>
        <text><![CDATA[<h3>$[name]</h3>]]></text>
      </BalloonStyle>
    </Style>
    <Style id="icon-1899-DB4436-labelson-nodesc">
      <IconStyle>
        <color>ff3644db</color>
        <scale>1</scale>
        <Icon>
          <href>https://www.gstatic.com/mapspro/images/stock/503-wht-blank_maps.png</href>
        </Icon>
        <hotSpot x="32" xunits="pixels" y="64" yunits="insetPixels"/>
      </IconStyle>
      <BalloonStyle>
        <text><![CDATA[<h3>$[name]</h3>]]></text>
      </BalloonStyle>
    </Style>
    <Style id="line-000000-1200-nodesc-normal">
      <LineStyle>
        <color>ff000000</color>
        <width>1.2</width>
      </LineStyle>
      <BalloonStyle>
        <text><![CDATA[<h3>$[name]</h3>]]></text>
      </BalloonStyle>
    </Style>
    <Style id="line-000000-1200-nodesc-highlight">
      <LineStyle>
        <color>ff000000</color>
        <width>1.8</width>
      </LineStyle>
      <BalloonStyle>
        <text><![CDATA[<h3>$[name]</h3>]]></text>
      </BalloonStyle>
    </Style>
    <StyleMap id="line-000000-1200-nodesc">
      <Pair>
        <key>normal</key>
        <styleUrl>#line-000000-1200-nodesc-normal</styleUrl>
      </Pair>
      <Pair>
        <key>highlight</key>
        <styleUrl>#line-000000-1200-nodesc-highlight</styleUrl>
      </Pair>
    </StyleMap>
    <Style id="line-006064-1200-nodesc-normal">
      <LineStyle>
        <color>ff646000</color>
        <width>1.2</width>
      </LineStyle>
      <BalloonStyle>
        <text><![CDATA[<h3>$[name]</h3>]]></text>
      </BalloonStyle>
    </Style>
    <Style id="line-006064-1200-nodesc-highlight">
      <LineStyle>
        <color>ff646000</color>
        <width>1.8</width>
      </LineStyle>
      <BalloonStyle>
        <text><![CDATA[<h3>$[name]</h3>]]></text>
      </BalloonStyle>
    </Style>
    <StyleMap id="line-006064-1200-nodesc">
      <Pair>
        <key>normal</key>
        <styleUrl>#line-006064-1200-nodesc-normal</styleUrl>
      </Pair>
      <Pair>
        <key>highlight</key>
        <styleUrl>#line-006064-1200-nodesc-highlight</styleUrl>
      </Pair>
    </StyleMap>
    <Folder>
      <name>حدود</name>
      <Placemark>
        <name>محمية محازة الصيد</name>
        <styleUrl>#line-006064-1200-nodesc</styleUrl>
        <LineString>
          <tessellate>1</tessellate>
          <coordinates>
            41.49107,22.249181,0
            41.475105,22.236478,0
            41.491756,22.223775,0
            41.521969,22.205064,0
            41.565914,22.187898,0
          </coordinates>
        </LineString>
      </Placemark>
      <Placemark>
        <name>محمية محازة الصيد</name>
        <styleUrl>#line-006064-1200-nodesc</styleUrl>
        <LineString>
          <tessellate>1</tessellate>
          <coordinates>
            41.565914,22.187898,0
            41.586514,22.165754,0
            41.592865,22.161806,0
            41.601963,22.160776,0
            41.615353,22.158544,0
            41.638527,22.147214,0
          </coordinates>
        </LineString>
      </Placemark>
      <Placemark>
        <name>محمية محازة الصيد</name>
        <styleUrl>#line-006064-1200-nodesc</styleUrl>
        <LineString>
          <tessellate>1</tessellate>
          <coordinates>
            41.562653,22.329175,0
            41.49107,22.249181,0
          </coordinates>
        </LineString>
      </Placemark>
      <Placemark>
        <name>محمية محازة الصيد</name>
        <styleUrl>#line-006064-1200-nodesc</styleUrl>
        <LineString>
          <tessellate>1</tessellate>
          <coordinates>
            41.573467,22.34411,0
            41.562653,22.329175,0
          </coordinates>
        </LineString>
      </Placemark>
      <Placemark>
        <name>محمية محازة الصيد</name>
        <styleUrl>#line-006064-1200-nodesc</styleUrl>
        <LineString>
          <tessellate>1</tessellate>
          <coordinates>
            41.664448,22.396123,0
            41.579819,22.349603,0
            41.573467,22.34411,0
          </coordinates>
        </LineString>
      </Placemark>
      <Placemark>
        <name>محمية محازة الصيد</name>
        <styleUrl>#line-006064-1200-nodesc</styleUrl>
        <LineString>
          <tessellate>1</tessellate>
          <coordinates>
            41.724529,22.40814,0
            41.70702,22.407453,0
            41.673203,22.398527,0
            41.671658,22.396123,0
            41.668739,22.394578,0
            41.664448,22.396123,0
          </coordinates>
        </LineString>
      </Placemark>
      <Placemark>
        <name>محمية محازة الصيد</name>
        <styleUrl>#line-006064-1200-nodesc</styleUrl>
        <LineString>
          <tessellate>1</tessellate>
          <coordinates>
            41.638527,22.147214,0
            41.665649,22.133138,0
            41.696377,22.112539,0
            41.728306,22.098119,0
          </coordinates>
        </LineString>
      </Placemark>
      <Placemark>
        <name>محمية محازة الصيد</name>
        <styleUrl>#line-006064-1200-nodesc</styleUrl>
        <LineString>
          <tessellate>1</tessellate>
          <coordinates>
            41.728306,22.098119,0
            41.738949,22.091081,0
            41.76178,22.072542,0
            41.813965,22.041814,0
          </coordinates>
        </LineString>
      </Placemark>
      <Placemark>
        <name>محمية محازة الصيد</name>
        <styleUrl>#line-006064-1200-nodesc</styleUrl>
        <LineString>
          <tessellate>1</tessellate>
          <coordinates>
            41.810682,22.413504,0
            41.801949,22.425992,0
            41.799374,22.428911,0
            41.772079,22.408311,0
            41.765213,22.403162,0
            41.759377,22.401445,0
            41.724529,22.40814,0
          </coordinates>
        </LineString>
      </Placemark>
      <Placemark>
        <name>محمية محازة الصيد</name>
        <styleUrl>#line-006064-1200-nodesc</styleUrl>
        <LineString>
          <tessellate>1</tessellate>
          <coordinates>
            41.87439,22.322309,0
            41.810682,22.413504,0
          </coordinates>
        </LineString>
      </Placemark>
      <Placemark>
        <name>محمية محازة الصيد</name>
        <styleUrl>#line-006064-1200-nodesc</styleUrl>
        <LineString>
          <tessellate>1</tessellate>
          <coordinates>
            41.939106,21.987913,0
            41.993008,22.077005,0
          </coordinates>
        </LineString>
      </Placemark>
      <Placemark>
        <name>محمية محازة الصيد</name>
        <styleUrl>#line-006064-1200-nodesc</styleUrl>
        <LineString>
          <tessellate>1</tessellate>
          <coordinates>
            41.897736,22.002676,0
            41.927433,21.992033,0
            41.939106,21.987913,0
          </coordinates>
        </LineString>
      </Placemark>
      <Placemark>
        <name>محمية محازة الصيد</name>
        <styleUrl>#line-006064-1200-nodesc</styleUrl>
        <LineString>
          <tessellate>1</tessellate>
          <coordinates>
            41.813965,22.041814,0
            41.857052,22.023618,0
            41.897736,22.002676,0
          </coordinates>
        </LineString>
      </Placemark>
      <Placemark>
        <name>محمية محازة الصيد</name>
        <styleUrl>#line-006064-1200-nodesc</styleUrl>
        <LineString>
          <tessellate>1</tessellate>
          <coordinates>
            41.993008,22.077005,0
            42.02116,22.119749,0
          </coordinates>
        </LineString>
      </Placemark>
      <Placemark>
        <name>محمية محازة الصيد</name>
        <styleUrl>#line-006064-1200-nodesc</styleUrl>
        <LineString>
          <tessellate>1</tessellate>
          <coordinates>
            41.927433,22.355096,0
            41.891384,22.33278,0
            41.87439,22.322309,0
          </coordinates>
        </LineString>
      </Placemark>
      <Placemark>
        <name>محمية محازة الصيد</name>
        <styleUrl>#line-006064-1200-nodesc</styleUrl>
        <LineString>
          <tessellate>1</tessellate>
          <coordinates>
            42.007084,22.404192,0
            42.000046,22.399728,0
            41.927433,22.355096,0
          </coordinates>
        </LineString>
      </Placemark>
      <Placemark>
        <name>محمية محازة الصيد</name>
        <styleUrl>#line-006064-1200-nodesc</styleUrl>
        <LineString>
          <tessellate>1</tessellate>
          <coordinates>
            42.098923,22.127988,0
            42.152567,22.219183,0
          </coordinates>
        </LineString>
      </Placemark>
      <Placemark>
        <name>محمية محازة الصيد</name>
        <styleUrl>#line-006064-1200-nodesc</styleUrl>
        <LineString>
          <tessellate>1</tessellate>
          <coordinates>
            42.094417,22.459273,0
            42.007084,22.404192,0
          </coordinates>
        </LineString>
      </Placemark>
      <Placemark>
        <name>محمية محازة الصيد</name>
        <styleUrl>#line-006064-1200-nodesc</styleUrl>
        <LineString>
          <tessellate>1</tessellate>
          <coordinates>
            42.192135,22.404192,0
            42.190075,22.44024,0
          </coordinates>
        </LineString>
      </Placemark>
      <Placemark>
        <name>محمية محازة الصيد</name>
        <styleUrl>#line-006064-1200-nodesc</styleUrl>
        <LineString>
          <tessellate>1</tessellate>
          <coordinates>
            42.190075,22.44024,0
            42.185612,22.516801,0
          </coordinates>
        </LineString>
      </Placemark>
      <Placemark>
        <name>محمية محازة الصيد</name>
        <styleUrl>#line-006064-1200-nodesc</styleUrl>
        <LineString>
          <tessellate>1</tessellate>
          <coordinates>
            42.185612,22.516801,0
            42.094417,22.459273,0
          </coordinates>
        </LineString>
      </Placemark>
      <Placemark>
        <name>محمية محازة الصيد</name>
        <styleUrl>#line-006064-1200-nodesc</styleUrl>
        <LineString>
          <tessellate>1</tessellate>
          <coordinates>
            42.19574,22.340505,0
            42.194023,22.373292,0
            42.192135,22.404192,0
          </coordinates>
        </LineString>
      </Placemark>
      <Placemark>
        <name>محمية محازة الصيد</name>
        <styleUrl>#line-006064-1200-nodesc</styleUrl>
        <LineString>
          <tessellate>1</tessellate>
          <coordinates>
            42.178187,22.262721,0
            42.204666,22.307718,0
            42.19574,22.340505,0
          </coordinates>
        </LineString>
      </Placemark>
      <Placemark>
        <name>محمية محازة الصيد</name>
        <styleUrl>#line-006064-1200-nodesc</styleUrl>
        <LineString>
          <tessellate>1</tessellate>
          <coordinates>
            42.02116,22.119749,0
            42.098923,22.127988,0
          </coordinates>
        </LineString>
      </Placemark>
      <Placemark>
        <name>محمية محازة الصيد</name>
        <styleUrl>#line-006064-1200-nodesc</styleUrl>
        <LineString>
          <tessellate>1</tessellate>
          <coordinates>
            42.152567,22.219183,0
            42.178187,22.262721,0
          </coordinates>
        </LineString>
      </Placemark>
      <Placemark>
        <name>منطقة مغلقة</name>
        <styleUrl>#line-006064-1200-nodesc</styleUrl>
        <LineString>
          <tessellate>1</tessellate>
          <coordinates>
            39.75008,20.3932,0
            39.752998,20.401096,0
            39.75729,20.405903,0
            39.75832,20.40659,0
            39.761066,20.407963,0
            39.771881,20.411224,0
            39.788704,20.418263,0
            39.798145,20.414143,0
          </coordinates>
        </LineString>
      </Placemark>
      <Placemark>
        <name>منطقة مغلقة</name>
        <styleUrl>#line-006064-1200-nodesc</styleUrl>
        <LineString>
          <tessellate>1</tessellate>
          <coordinates>
            39.804497,20.410538,0
            39.809647,20.40556,0
            39.81823,20.400925,0
            39.820805,20.398521,0
            39.823551,20.39423,0
            39.824066,20.389938,0
            39.825439,20.38805,0
            39.825096,20.385647,0
            39.824066,20.384102,0
            39.824924,20.379639,0
            39.826641,20.375175,0
            39.826984,20.365047,0
            39.817715,20.364704,0
            39.80381,20.362129,0
            39.79866,20.360241,0
            39.79454,20.359383,0
            39.792824,20.359554,0
            39.788704,20.361786,0
            39.785614,20.363846,0
            39.783382,20.365906,0
            39.780979,20.369682,0
          </coordinates>
        </LineString>
      </Placemark>
      <Placemark>
        <name>منطقة مغلقة</name>
        <styleUrl>#line-006064-1200-nodesc</styleUrl>
        <LineString>
          <tessellate>1</tessellate>
          <coordinates>
            39.75008,20.3932,0
            39.750423,20.391827,0
            39.751453,20.390453,0
            39.755402,20.386162,0
            39.757118,20.384788,0
            39.769135,20.377922,0
          </coordinates>
        </LineString>
      </Placemark>
      <Placemark>
        <name>منطقة مغلقة</name>
        <styleUrl>#line-006064-1200-nodesc</styleUrl>
        <LineString>
          <tessellate>1</tessellate>
          <coordinates>
            39.780979,20.369682,0
            39.769135,20.377922,0
          </coordinates>
        </LineString>
      </Placemark>
      <Placemark>
        <name>منطقة مغلقة</name>
        <styleUrl>#line-006064-1200-nodesc</styleUrl>
        <LineString>
          <tessellate>1</tessellate>
          <coordinates>
            39.798145,20.414143,0
            39.804497,20.410538,0
          </coordinates>
        </LineString>
      </Placemark>
      <Placemark>
        <name>منطقة مغلقة</name>
        <styleUrl>#line-006064-1200-nodesc</styleUrl>
        <LineString>
          <tessellate>1</tessellate>
          <coordinates>
            39.149094,21.252022,0
            39.163857,21.26112,0
            39.180164,21.239319,0
            39.165745,21.230221,0
            39.149094,21.252022,0
          </coordinates>
        </LineString>
      </Placemark>
      <Placemark>
        <name>منطقة مغلقة</name>
        <styleUrl>#line-006064-1200-nodesc</styleUrl>
        <LineString>
          <tessellate>1</tessellate>
          <coordinates>
            39.11253,21.858845,0
            39.122658,21.857643,0
            39.124031,21.867428,0
          </coordinates>
        </LineString>
      </Placemark>
      <Placemark>
        <name>منطقة مغلقة</name>
        <styleUrl>#line-006064-1200-nodesc</styleUrl>
        <LineString>
          <tessellate>1</tessellate>
          <coordinates>
            39.11253,21.858845,0
            39.112873,21.866398,0
          </coordinates>
        </LineString>
      </Placemark>
      <Placemark>
        <name>منطقة مغلقة</name>
        <styleUrl>#line-006064-1200-nodesc</styleUrl>
        <LineString>
          <tessellate>1</tessellate>
          <coordinates>
            39.124031,21.867428,0
            39.113045,21.868114,0
            39.112873,21.866398,0
          </coordinates>
        </LineString>
      </Placemark>
      <Placemark>
        <name>منطقة مغلقة</name>
        <styleUrl>#line-006064-1200-nodesc</styleUrl>
        <LineString>
          <tessellate>1</tessellate>
          <coordinates>
            39.152699,21.655598,0
            39.1539,21.652164,0
            39.162312,21.654739,0
          </coordinates>
        </LineString>
      </Placemark>
      <Placemark>
        <name>منطقة مغلقة</name>
        <styleUrl>#line-006064-1200-nodesc</styleUrl>
        <LineString>
          <tessellate>1</tessellate>
          <coordinates>
            39.177568,21.710079,0
            39.174328,21.718426,0
            39.146175,21.709328,0
            39.14566,21.711216,0
            39.126606,21.704693,0
          </coordinates>
        </LineString>
      </Placemark>
      <Placemark>
        <name>منطقة مغلقة</name>
        <styleUrl>#line-006064-1200-nodesc</styleUrl>
        <LineString>
          <tessellate>1</tessellate>
          <coordinates>
            39.179328,21.705573,0
            39.177568,21.710079,0
          </coordinates>
        </LineString>
      </Placemark>
      <Placemark>
        <name>منطقة مغلقة</name>
        <styleUrl>#line-006064-1200-nodesc</styleUrl>
        <LineString>
          <tessellate>1</tessellate>
          <coordinates>
            39.199562,21.653538,0
            39.179328,21.705573,0
          </coordinates>
        </LineString>
      </Placemark>
      <Placemark>
        <name>منطقة مغلقة</name>
        <styleUrl>#line-006064-1200-nodesc</styleUrl>
        <LineString>
          <tessellate>1</tessellate>
          <coordinates>
            39.162312,21.654739,0
            39.165058,21.647015,0
            39.185314,21.653538,0
            39.187202,21.649761,0
            39.199562,21.653538,0
          </coordinates>
        </LineString>
      </Placemark>
      <Placemark>
        <name>منطقة مغلقة</name>
        <styleUrl>#line-006064-1200-nodesc</styleUrl>
        <LineString>
          <tessellate>1</tessellate>
          <coordinates>
            39.126606,21.704693,0
            39.136391,21.678772,0
            39.132442,21.677055,0
            39.136391,21.666756,0
            39.140167,21.667957,0
            39.143257,21.659546,0
            39.152699,21.655598,0
          </coordinates>
        </LineString>
      </Placemark>
      <Placemark>
        <name>منطقة مغلقة</name>
        <styleUrl>#line-006064-1200-nodesc</styleUrl>
        <LineString>
          <tessellate>1</tessellate>
          <coordinates>
            39.42049,21.386261,0
            39.429417,21.386261,0
            39.429073,21.37476,0
            39.42049,21.37476,0
            39.42049,21.386261,0
          </coordinates>
        </LineString>
      </Placemark>
    </Folder>
    <Folder>
      <name>مواقع اثرية</name>
      <Placemark>
        <name>متحف مكة</name>
        <styleUrl>#icon-1598-BDBDBD-labelson-nodesc</styleUrl>
        <Point>
          <coordinates>
            39.808788,21.445656,0
          </coordinates>
        </Point>
      </Placemark>
      <Placemark>
        <name>قلعة الصريف</name>
        <styleUrl>#icon-1598-BDBDBD-labelson-nodesc</styleUrl>
        <Point>
          <coordinates>
            41.158605,20.376592,0
          </coordinates>
        </Point>
      </Placemark>
      <Placemark>
        <name>قصر علياء</name>
        <styleUrl>#icon-1598-BDBDBD-labelson-nodesc</styleUrl>
        <Point>
          <coordinates>
            39.137421,22.739639,0
          </coordinates>
        </Point>
      </Placemark>
      <Placemark>
        <name>قصر المويه الأثري</name>
        <styleUrl>#icon-1598-BDBDBD-labelson-nodesc</styleUrl>
        <Point>
          <coordinates>
            41.589861,22.745476,0
          </coordinates>
        </Point>
      </Placemark>
      <Placemark>
        <name>قصر المويه الأثري</name>
        <styleUrl>#icon-1598-BDBDBD-labelson-nodesc</styleUrl>
        <Point>
          <coordinates>
            41.589518,22.746184,0
          </coordinates>
        </Point>
      </Placemark>
      <Placemark>
        <name>سوق حُباشة</name>
        <styleUrl>#icon-1598-BDBDBD-labelson-nodesc</styleUrl>
        <Point>
          <coordinates>
            41.6218125,19.4280625,0
          </coordinates>
        </Point>
      </Placemark>
      <Placemark>
        <name>رصعة أبي زيد</name>
        <styleUrl>#icon-1598-BDBDBD-labelson-nodesc</styleUrl>
        <Point>
          <coordinates>
            41.61895,19.463511,0
          </coordinates>
        </Point>
      </Placemark>
      <Placemark>
        <name>قلعة آل بن معيض</name>
        <styleUrl>#icon-1598-BDBDBD-labelson-nodesc</styleUrl>
        <Point>
          <coordinates>
            41.652813,19.520235,0
          </coordinates>
        </Point>
      </Placemark>
      <Placemark>
        <name>حصن فارس</name>
        <styleUrl>#icon-1598-BDBDBD-labelson-nodesc</styleUrl>
        <Point>
          <coordinates>
            41.6539299999999,19.531088,0
          </coordinates>
        </Point>
      </Placemark>
      <Placemark>
        <name>قلعة خميس ناخس</name>
        <styleUrl>#icon-1598-BDBDBD-labelson-nodesc</styleUrl>
        <Point>
          <coordinates>
            41.742983,19.54619,0
          </coordinates>
        </Point>
      </Placemark>
      <Placemark>
        <name>قصر تُغلب</name>
        <styleUrl>#icon-1598-BDBDBD-labelson-nodesc</styleUrl>
        <Point>
          <coordinates>
            41.6847956,19.5928529,0
          </coordinates>
        </Point>
      </Placemark>
    </Folder>
    <Folder>
      <name>طرق صحراوية</name>
      <Placemark>
        <name>عقبة شيعات</name>
        <styleUrl>#icon-1739-000000-labelson-nodesc</styleUrl>
        <Point>
          <coordinates>
            39.818959,22.735927,0
          </coordinates>
        </Point>
      </Placemark>
      <Placemark>
        <name>عقبة هضاض</name>
        <styleUrl>#icon-1739-000000-labelson-nodesc</styleUrl>
        <Point>
          <coordinates>
            40.964413,20.583551,0
          </coordinates>
        </Point>
      </Placemark>
      <Placemark>
        <name>طريق انابيب رابغ</name>
        <styleUrl>#line-000000-1200-nodesc</styleUrl>
        <LineString>
          <tessellate>1</tessellate>
          <coordinates>
            38.878212,23.384914,0
            38.884563,23.41311,0
          </coordinates>
        </LineString>
      </Placemark>
      <Placemark>
        <name>طريق انابيب رابغ</name>
        <styleUrl>#line-000000-1200-nodesc</styleUrl>
        <LineString>
          <tessellate>1</tessellate>
          <coordinates>
            38.888683,23.345153,0
            38.876839,23.377705,0
            38.87701,23.379765,0
            38.878212,23.384914,0
          </coordinates>
        </LineString>
      </Placemark>
      <Placemark>
        <name>طريق انابيب رابغ</name>
        <styleUrl>#line-000000-1200-nodesc</styleUrl>
        <LineString>
          <tessellate>1</tessellate>
          <coordinates>
            38.909283,23.288612,0
            38.888683,23.345153,0
          </coordinates>
        </LineString>
      </Placemark>
      <Placemark>
        <name>طريق انابيب رابغ</name>
        <styleUrl>#line-000000-1200-nodesc</styleUrl>
        <LineString>
          <tessellate>1</tessellate>
          <coordinates>
            38.895164,23.459888,0
            38.897781,23.47126,0
          </coordinates>
        </LineString>
      </Placemark>
      <Placemark>
        <name>طريق انابيب رابغ</name>
        <styleUrl>#line-000000-1200-nodesc</styleUrl>
        <LineString>
          <tessellate>1</tessellate>
          <coordinates>
            38.884563,23.41311,0
            38.892975,23.450317,0
            38.895164,23.459888,0
          </coordinates>
        </LineString>
      </Placemark>
      <Placemark>
        <name>طريق انابيب رابغ</name>
        <styleUrl>#line-000000-1200-nodesc</styleUrl>
        <LineString>
          <tessellate>1</tessellate>
          <coordinates>
            38.966789,23.130169,0
            38.946276,23.18671,0
          </coordinates>
        </LineString>
      </Placemark>
      <Placemark>
        <name>طريق انابيب رابغ</name>
        <styleUrl>#line-000000-1200-nodesc</styleUrl>
        <LineString>
          <tessellate>1</tessellate>
          <coordinates>
            38.973935,23.107767,0
            38.966789,23.130169,0
          </coordinates>
        </LineString>
      </Placemark>
      <Placemark>
        <name>طريق انابيب رابغ</name>
        <styleUrl>#line-000000-1200-nodesc</styleUrl>
        <LineString>
          <tessellate>1</tessellate>
          <coordinates>
            38.925762,23.243251,0
            38.919582,23.260288,0
            38.919239,23.26149,0
            38.920784,23.265953,0
            38.920784,23.266811,0
            38.910656,23.285179,0
            38.909283,23.288612,0
          </coordinates>
        </LineString>
      </Placemark>
      <Placemark>
        <name>طريق انابيب رابغ</name>
        <styleUrl>#line-000000-1200-nodesc</styleUrl>
        <LineString>
          <tessellate>1</tessellate>
          <coordinates>
            38.946276,23.18671,0
            38.925762,23.243251,0
          </coordinates>
        </LineString>
      </Placemark>
      <Placemark>
        <name>طريق انابيب رابغ</name>
        <styleUrl>#line-000000-1200-nodesc</styleUrl>
        <LineString>
          <tessellate>1</tessellate>
          <coordinates>
            39.023437,22.970867,0
            39.020176,22.97945,0
            39.019489,22.981682,0
            39.017773,22.985115,0
            39.017258,22.988033,0
            39.016743,22.98975,0
            39.015713,22.992325,0
            39.015369,22.993698,0
            39.00919,23.011208,0
            39.007301,23.016357,0
            39.006271,23.019447,0
          </coordinates>
        </LineString>
      </Placemark>
      <Placemark>
        <name>طريق انابيب رابغ</name>
        <styleUrl>#line-000000-1200-nodesc</styleUrl>
        <LineString>
          <tessellate>1</tessellate>
          <coordinates>
            39.041634,22.918425,0
            39.039187,22.925763,0
            39.037986,22.928982,0
            39.036441,22.933316,0
            39.033051,22.943015,0
            39.023437,22.970867,0
          </coordinates>
        </LineString>
      </Placemark>
      <Placemark>
        <name>طريق انابيب رابغ</name>
        <styleUrl>#line-000000-1200-nodesc</styleUrl>
        <LineString>
          <tessellate>1</tessellate>
          <coordinates>
            39.060559,22.864866,0
            39.056697,22.875638,0
            39.056053,22.877612,0
            39.054251,22.882676,0
            39.053392,22.885251,0
            39.05159,22.890272,0
            39.050646,22.89319,0
            39.048843,22.898083,0
            39.047213,22.902975,0
            39.043651,22.913103,0
            39.041634,22.918425,0
          </coordinates>
        </LineString>
      </Placemark>
      <Placemark>
        <name>طريق انابيب رابغ</name>
        <styleUrl>#line-000000-1200-nodesc</styleUrl>
        <LineString>
          <tessellate>1</tessellate>
          <coordinates>
            39.085021,22.809677,0
            39.085107,22.80972,0
            39.084935,22.809806,0
            39.084592,22.809763,0
            39.084163,22.809591,0
            39.083133,22.809548,0
            39.082403,22.809291,0
            39.080515,22.808733,0
            39.080129,22.808862,0
            39.079828,22.809677,0
            39.077382,22.816887,0
            39.076438,22.819419,0
            39.07558,22.822037,0
            39.073691,22.82723,0
            39.072876,22.829762,0
            39.071932,22.832336,0
            39.071159,22.834525,0
            39.070301,22.8371,0
            39.06837,22.842422,0
            39.065838,22.84976,0
            39.063048,22.857571,0
            39.062147,22.860146,0
            39.060559,22.864866,0
          </coordinates>
        </LineString>
      </Placemark>
      <Placemark>
        <name>طريق انابيب رابغ</name>
        <styleUrl>#line-000000-1200-nodesc</styleUrl>
        <LineString>
          <tessellate>1</tessellate>
          <coordinates>
            39.006271,23.019447,0
            39.000263,23.036442,0
            38.993912,23.054123,0
            38.988075,23.070946,0
          </coordinates>
        </LineString>
      </Placemark>
      <Placemark>
        <name>طريق انابيب رابغ</name>
        <styleUrl>#line-000000-1200-nodesc</styleUrl>
        <LineString>
          <tessellate>1</tessellate>
          <coordinates>
            38.988075,23.070946,0
            38.983955,23.082447,0
            38.982239,23.088627,0
            38.981895,23.089314,0
            38.981552,23.089657,0
            38.978806,23.090858,0
            38.977947,23.091545,0
            38.977604,23.09309,0
            38.975887,23.101673,0
            38.973935,23.107767,0
          </coordinates>
        </LineString>
      </Placemark>
      <Placemark>
        <name/>
        <styleUrl>#line-000000-1200-nodesc</styleUrl>
        <LineString>
          <tessellate>1</tessellate>
          <coordinates>
            39.08987,23.095665,0
            39.08987,23.097553,0
            39.090042,23.098583,0
            39.090385,23.09927,0
            39.090729,23.099613,0
            39.092081,23.099592,0
            39.092188,23.099699,0
          </coordinates>
        </LineString>
      </Placemark>
      <Placemark>
        <name/>
        <styleUrl>#line-000000-1200-nodesc</styleUrl>
        <LineString>
          <tessellate>1</tessellate>
          <coordinates>
            39.149394,23.15167,0
            39.149609,23.151283,0
            39.151325,23.145618,0
            39.154758,23.137894,0
            39.159222,23.126392,0
            39.16111,23.119526,0
            39.16111,23.114891,0
            39.159565,23.1106,0
            39.159908,23.101158,0
          </coordinates>
        </LineString>
      </Placemark>
    </Folder>
    <Folder>
      <name>جبال</name>
      <Placemark>
        <name>جبل ام الرمث</name>
        <styleUrl>#icon-1899-DB4436-labelson-nodesc</styleUrl>
        <Point>
          <coordinates>
            41.390146,19.102416,0
          </coordinates>
        </Point>
      </Placemark>
      <Placemark>
        <name>جبل أثرب</name>
        <styleUrl>#icon-1899-DB4436-labelson-nodesc</styleUrl>
        <Point>
          <coordinates>
            41.704874,19.78363,0
          </coordinates>
        </Point>
      </Placemark>
      <Placemark>
        <name>جبل القرن</name>
        <styleUrl>#icon-1899-DB4436-labelson-nodesc</styleUrl>
        <Point>
          <coordinates>
            41.402557,18.91762,0
          </coordinates>
        </Point>
      </Placemark>
      <Placemark>
        <name>جبل الصدره</name>
        <styleUrl>#icon-1899-DB4436-labelson-nodesc</styleUrl>
        <Point>
          <coordinates>
            41.698051,19.352224,0
          </coordinates>
        </Point>
      </Placemark>
      <Placemark>
        <name>جبل ظلمان</name>
        <styleUrl>#icon-1899-DB4436-labelson-nodesc</styleUrl>
        <Point>
          <coordinates>
            41.641531,19.655399,0
          </coordinates>
        </Point>
      </Placemark>
      <Placemark>
        <name>جبل ظورت</name>
        <styleUrl>#icon-1899-DB4436-labelson-nodesc</styleUrl>
        <Point>
          <coordinates>
            41.645823,19.719601,0
          </coordinates>
        </Point>
      </Placemark>
      <Placemark>
        <name>جبل جبحة</name>
        <styleUrl>#icon-1899-DB4436-labelson-nodesc</styleUrl>
        <Point>
          <coordinates>
            41.6569807,19.5454598,0
          </coordinates>
        </Point>
      </Placemark>
      <Placemark>
        <name>جبال المبدر</name>
        <styleUrl>#icon-1899-DB4436-labelson-nodesc</styleUrl>
        <Point>
          <coordinates>
            41.647389,19.503286,0
          </coordinates>
        </Point>
      </Placemark>
      <Placemark>
        <name>جبل اثبج</name>
        <styleUrl>#icon-1899-DB4436-labelson-nodesc</styleUrl>
        <Point>
          <coordinates>
            41.793323,19.76361,0
          </coordinates>
        </Point>
      </Placemark>
      <Placemark>
        <name>جبل السفحه</name>
        <styleUrl>#icon-1899-DB4436-labelson-nodesc</styleUrl>
        <Point>
          <coordinates>
            41.849585,19.310102,0
          </coordinates>
        </Point>
      </Placemark>
      <Placemark>
        <name>جبل قثيثه</name>
        <styleUrl>#icon-1899-DB4436-labelson-nodesc</styleUrl>
        <Point>
          <coordinates>
            41.836839,19.38587,0
          </coordinates>
        </Point>
      </Placemark>
      <Placemark>
        <name>جبل الشوحطه</name>
        <styleUrl>#icon-1899-DB4436-labelson-nodesc</styleUrl>
        <Point>
          <coordinates>
            41.835551,19.40855,0
          </coordinates>
        </Point>
      </Placemark>
      <Placemark>
        <name>جبل حضوضا</name>
        <styleUrl>#icon-1899-DB4436-labelson-nodesc</styleUrl>
        <Point>
          <coordinates>
            41.867223,19.476678,0
          </coordinates>
        </Point>
      </Placemark>
      <Placemark>
        <name>جبل القرن</name>
        <styleUrl>#icon-1899-DB4436-labelson-nodesc</styleUrl>
        <Point>
          <coordinates>
            41.826947,19.541395,0
          </coordinates>
        </Point>
      </Placemark>
      <Placemark>
        <name>جبل قاعد</name>
        <styleUrl>#icon-1899-DB4436-labelson-nodesc</styleUrl>
        <Point>
          <coordinates>
            41.804266,19.576564,0
          </coordinates>
        </Point>
      </Placemark>
      <Placemark>
        <name>جبل ام فروه</name>
        <styleUrl>#icon-1899-DB4436-labelson-nodesc</styleUrl>
        <Point>
          <coordinates>
            41.834457,19.582615,0
          </coordinates>
        </Point>
      </Placemark>
      <Placemark>
        <name>نقرة</name>
        <styleUrl>#icon-1899-DB4436-labelson-nodesc</styleUrl>
        <Point>
          <coordinates>
            39.333329,21.982334,0
          </coordinates>
        </Point>
      </Placemark>
      <Placemark>
        <name>هجل خليفه</name>
        <styleUrl>#icon-1899-DB4436-labelson-nodesc</styleUrl>
        <Point>
          <coordinates>
            40.862231,20.67584,0
          </coordinates>
        </Point>
      </Placemark>
      <Placemark>
        <name>هذيل</name>
        <styleUrl>#icon-1899-DB4436-labelson-nodesc</styleUrl>
        <Point>
          <coordinates>
            40.27251,21.121838,0
          </coordinates>
        </Point>
      </Placemark>
      <Placemark>
        <name>هضاب السبعانة</name>
        <styleUrl>#icon-1899-DB4436-labelson-nodesc</styleUrl>
        <Point>
          <coordinates>
            42.981949,21.22344,0
          </coordinates>
        </Point>
      </Placemark>
      <Placemark>
        <name>هضاب الصباعين</name>
        <styleUrl>#icon-1899-DB4436-labelson-nodesc</styleUrl>
        <Point>
          <coordinates>
            42.540436,21.18295,0
          </coordinates>
        </Point>
      </Placemark>
      <Placemark>
        <name>هضاب حبان</name>
        <styleUrl>#icon-1899-DB4436-labelson-nodesc</styleUrl>
        <Point>
          <coordinates>
            42.911439,21.409671,0
          </coordinates>
        </Point>
      </Placemark>
      <Placemark>
        <name>هضاب خديعات</name>
        <styleUrl>#icon-1899-DB4436-labelson-nodesc</styleUrl>
        <Point>
          <coordinates>
            42.567129,20.804136,0
          </coordinates>
        </Point>
      </Placemark>
      <Placemark>
        <name>هضاب خديعات</name>
        <styleUrl>#icon-1899-DB4436-labelson-nodesc</styleUrl>
        <Point>
          <coordinates>
            42.597513,20.875139,0
          </coordinates>
        </Point>
      </Placemark>
      <Placemark>
        <name>هضاب ضبع</name>
        <styleUrl>#icon-1899-DB4436-labelson-nodesc</styleUrl>
        <Point>
          <coordinates>
            42.896268,20.884795,0
          </coordinates>
        </Point>
      </Placemark>
      <Placemark>
        <name>هضاب ضلماء</name>
        <styleUrl>#icon-1899-DB4436-labelson-nodesc</styleUrl>
        <Point>
          <coordinates>
            42.873502,21.440098,0
          </coordinates>
        </Point>
      </Placemark>
      <Placemark>
        <name>هضبة الشعيراء</name>
        <styleUrl>#icon-1899-DB4436-labelson-nodesc</styleUrl>
        <Point>
          <coordinates>
            40.548327,20.112212,0
          </coordinates>
        </Point>
      </Placemark>
      <Placemark>
        <name>هضبة الملك</name>
        <styleUrl>#icon-1899-DB4436-labelson-nodesc</styleUrl>
        <Point>
          <coordinates>
            40.587444,21.156943,0
          </coordinates>
        </Point>
      </Placemark>
      <Placemark>
        <name>هضبة ام عنيق</name>
        <styleUrl>#icon-1899-DB4436-labelson-nodesc</styleUrl>
        <Point>
          <coordinates>
            43.489788,22.121615,0
          </coordinates>
        </Point>
      </Placemark>
      <Placemark>
        <name>هضبة خشرم</name>
        <styleUrl>#icon-1899-DB4436-labelson-nodesc</styleUrl>
        <Point>
          <coordinates>
            42.728319,20.863531,0
          </coordinates>
        </Point>
      </Placemark>
      <Placemark>
        <name>هضبة رغله</name>
        <styleUrl>#icon-1899-DB4436-labelson-nodesc</styleUrl>
        <Point>
          <coordinates>
            41.355908,20.890932,0
          </coordinates>
        </Point>
      </Placemark>
      <Placemark>
        <name>هضبة سويقة</name>
        <styleUrl>#icon-1899-DB4436-labelson-nodesc</styleUrl>
        <Point>
          <coordinates>
            43.184316,21.142352,0
          </coordinates>
        </Point>
      </Placemark>
      <Placemark>
        <name>هضيبة الحويا</name>
        <styleUrl>#icon-1899-DB4436-labelson-nodesc</styleUrl>
        <Point>
          <coordinates>
            43.226159,21.401689,0
          </coordinates>
        </Point>
      </Placemark>
      <Placemark>
        <name>هضيبة الشريف</name>
        <styleUrl>#icon-1899-DB4436-labelson-nodesc</styleUrl>
        <Point>
          <coordinates>
            42.765377,21.421237,0
          </coordinates>
        </Point>
      </Placemark>
      <Placemark>
        <name>هضيبة عاتق</name>
        <styleUrl>#icon-1899-DB4436-labelson-nodesc</styleUrl>
        <Point>
          <coordinates>
            39.498596,22.125092,0
          </coordinates>
        </Point>
      </Placemark>
      <Placemark>
        <name>هضبة جعيرة والقليب</name>
        <styleUrl>#icon-1899-DB4436-labelson-nodesc</styleUrl>
        <Point>
          <coordinates>
            40.88944,20.852501,0
          </coordinates>
        </Point>
      </Placemark>
      <Placemark>
        <name>لابة شلمان</name>
        <styleUrl>#icon-1899-DB4436-labelson-nodesc</styleUrl>
        <Point>
          <coordinates>
            41.362152,22.836113,0
          </coordinates>
        </Point>
      </Placemark>
      <Placemark>
        <name>غابة و جبل تغد</name>
        <styleUrl>#icon-1899-DB4436-labelson-nodesc</styleUrl>
        <Point>
          <coordinates>
            41.021426,20.574882,0
          </coordinates>
        </Point>
      </Placemark>
      <Placemark>
        <name>غار البيوت</name>
        <styleUrl>#icon-1899-DB4436-labelson-nodesc</styleUrl>
        <Point>
          <coordinates>
            40.913408,20.376613,0
          </coordinates>
        </Point>
      </Placemark>
      <Placemark>
        <name>غار الربغ</name>
        <styleUrl>#icon-1899-DB4436-labelson-nodesc</styleUrl>
        <Point>
          <coordinates>
            40.860729,20.669789,0
          </coordinates>
        </Point>
      </Placemark>
      <Placemark>
        <name>غار الرهوه</name>
        <styleUrl>#icon-1899-DB4436-labelson-nodesc</styleUrl>
        <Point>
          <coordinates>
            41.139357,20.401912,0
          </coordinates>
        </Point>
      </Placemark>
      <Placemark>
        <name>غار الطويل</name>
        <styleUrl>#icon-1899-DB4436-labelson-nodesc</styleUrl>
        <Point>
          <coordinates>
            40.01416,20.442789,0
          </coordinates>
        </Point>
      </Placemark>
      <Placemark>
        <name>غار العبد</name>
        <styleUrl>#icon-1899-DB4436-labelson-nodesc</styleUrl>
        <Point>
          <coordinates>
            40.86206,20.671034,0
          </coordinates>
        </Point>
      </Placemark>
      <Placemark>
        <name>غار المغري</name>
        <styleUrl>#icon-1899-DB4436-labelson-nodesc</styleUrl>
        <Point>
          <coordinates>
            40.19361,21.206102,0
          </coordinates>
        </Point>
      </Placemark>
      <Placemark>
        <name>ضلع الأخيذع</name>
        <styleUrl>#icon-1899-DB4436-labelson-nodesc</styleUrl>
        <Point>
          <coordinates>
            41.56188,20.877285,0
          </coordinates>
        </Point>
      </Placemark>
      <Placemark>
        <name>ضلع الثويري</name>
        <styleUrl>#icon-1899-DB4436-labelson-nodesc</styleUrl>
        <Point>
          <coordinates>
            41.681914,21.988642,0
          </coordinates>
        </Point>
      </Placemark>
      <Placemark>
        <name>ضلع الجرة</name>
        <styleUrl>#icon-1899-DB4436-labelson-nodesc</styleUrl>
        <Point>
          <coordinates>
            40.254593,21.59483,0
          </coordinates>
        </Point>
      </Placemark>
      <Placemark>
        <name>ضلع الحلاة</name>
        <styleUrl>#icon-1899-DB4436-labelson-nodesc</styleUrl>
        <Point>
          <coordinates>
            41.487465,21.43527,0
          </coordinates>
        </Point>
      </Placemark>
      <Placemark>
        <name>ضلع الطويله</name>
        <styleUrl>#icon-1899-DB4436-labelson-nodesc</styleUrl>
        <Point>
          <coordinates>
            40.879419,20.681355,0
          </coordinates>
        </Point>
      </Placemark>
      <Placemark>
        <name>ضلع المارتين</name>
        <styleUrl>#icon-1899-DB4436-labelson-nodesc</styleUrl>
        <Point>
          <coordinates>
            42.503142,22.729726,0
          </coordinates>
        </Point>
      </Placemark>
      <Placemark>
        <name>ضلع الوصلة</name>
        <styleUrl>#icon-1899-DB4436-labelson-nodesc</styleUrl>
        <Point>
          <coordinates>
            41.596169,21.587834,0
          </coordinates>
        </Point>
      </Placemark>
      <Placemark>
        <name>ضلع ام السباع</name>
        <styleUrl>#icon-1899-DB4436-labelson-nodesc</styleUrl>
        <Point>
          <coordinates>
            41.47562,23.276253,0
          </coordinates>
        </Point>
      </Placemark>
      <Placemark>
        <name>ضلع ام المقاريب</name>
        <styleUrl>#icon-1899-DB4436-labelson-nodesc</styleUrl>
        <Point>
          <coordinates>
            42.645836,22.926235,0
          </coordinates>
        </Point>
      </Placemark>
      <Placemark>
        <name>ضلع ام رقيبة</name>
        <styleUrl>#icon-1899-DB4436-labelson-nodesc</styleUrl>
        <Point>
          <coordinates>
            42.092164,21.433833,0
          </coordinates>
        </Point>
      </Placemark>
      <Placemark>
        <name>ضلع ام شداد</name>
        <styleUrl>#icon-1899-DB4436-labelson-nodesc</styleUrl>
        <Point>
          <coordinates>
            41.567287,21.635513,0
          </coordinates>
        </Point>
      </Placemark>
      <Placemark>
        <name>ضلع ام عتم</name>
        <styleUrl>#icon-1899-DB4436-labelson-nodesc</styleUrl>
        <Point>
          <coordinates>
            40.227556,21.289423,0
          </coordinates>
        </Point>
      </Placemark>
      <Placemark>
        <name>ضلع حجبة الدوارة</name>
        <styleUrl>#icon-1899-DB4436-labelson-nodesc</styleUrl>
        <Point>
          <coordinates>
            40.189726,21.182306,0
          </coordinates>
        </Point>
      </Placemark>
      <Placemark>
        <name>ضلع عنيزة</name>
        <styleUrl>#icon-1899-DB4436-labelson-nodesc</styleUrl>
        <Point>
          <coordinates>
            42.50016,21.941392,0
          </coordinates>
        </Point>
      </Placemark>
      <Placemark>
        <name>ضلعان اتانين</name>
        <styleUrl>#icon-1899-DB4436-labelson-nodesc</styleUrl>
        <Point>
          <coordinates>
            41.564198,21.303864,0
          </coordinates>
        </Point>
      </Placemark>
      <Placemark>
        <name>ضلعان افرا</name>
        <styleUrl>#icon-1899-DB4436-labelson-nodesc</styleUrl>
        <Point>
          <coordinates>
            40.654221,22.566433,0
          </coordinates>
        </Point>
      </Placemark>
      <Placemark>
        <name>ضلعان العبيد</name>
        <styleUrl>#icon-1899-DB4436-labelson-nodesc</styleUrl>
        <Point>
          <coordinates>
            42.041481,21.351242,0
          </coordinates>
        </Point>
      </Placemark>
      <Placemark>
        <name>ضلعان القوس</name>
        <styleUrl>#icon-1899-DB4436-labelson-nodesc</styleUrl>
        <Point>
          <coordinates>
            42.096927,21.716731,0
          </coordinates>
        </Point>
      </Placemark>
      <Placemark>
        <name>ضلعان الكتاء</name>
        <styleUrl>#icon-1899-DB4436-labelson-nodesc</styleUrl>
        <Point>
          <coordinates>
            42.352145,21.584272,0
          </coordinates>
        </Point>
      </Placemark>
      <Placemark>
        <name>ضلعان ام الحديد</name>
        <styleUrl>#icon-1899-DB4436-labelson-nodesc</styleUrl>
        <Point>
          <coordinates>
            43.506761,21.978772,0
          </coordinates>
        </Point>
      </Placemark>
      <Placemark>
        <name>ضلعان امهات حبال</name>
        <styleUrl>#icon-1899-DB4436-labelson-nodesc</styleUrl>
        <Point>
          <coordinates>
            42.225244,21.356649,0
          </coordinates>
        </Point>
      </Placemark>
      <Placemark>
        <name>ضلعان طهفان</name>
        <styleUrl>#icon-1899-DB4436-labelson-nodesc</styleUrl>
        <Point>
          <coordinates>
            41.856837,20.942366,0
          </coordinates>
        </Point>
      </Placemark>
      <Placemark>
        <name>ضلعان عريضات</name>
        <styleUrl>#icon-1899-DB4436-labelson-nodesc</styleUrl>
        <Point>
          <coordinates>
            42.407012,20.873508,0
          </coordinates>
        </Point>
      </Placemark>
      <Placemark>
        <name>ضلعة حريزا</name>
        <styleUrl>#icon-1899-DB4436-labelson-nodesc</styleUrl>
        <Point>
          <coordinates>
            40.849485,20.669296,0
          </coordinates>
        </Point>
      </Placemark>
      <Placemark>
        <name>ضليع الدريعاء</name>
        <styleUrl>#icon-1899-DB4436-labelson-nodesc</styleUrl>
        <Point>
          <coordinates>
            41.278038,22.488327,0
          </coordinates>
        </Point>
      </Placemark>
      <Placemark>
        <name>ضليع الرديفي</name>
        <styleUrl>#icon-1899-DB4436-labelson-nodesc</styleUrl>
        <Point>
          <coordinates>
            41.020546,22.840748,0
          </coordinates>
        </Point>
      </Placemark>
      <Placemark>
        <name>ضليع الضباء</name>
        <styleUrl>#icon-1899-DB4436-labelson-nodesc</styleUrl>
        <Point>
          <coordinates>
            41.429787,23.286209,0
          </coordinates>
        </Point>
      </Placemark>
      <Placemark>
        <name>ضليع الواتد</name>
        <styleUrl>#icon-1899-DB4436-labelson-nodesc</styleUrl>
        <Point>
          <coordinates>
            39.490056,22.114921,0
          </coordinates>
        </Point>
      </Placemark>
      <Placemark>
        <name>ضليع الوصيم</name>
        <styleUrl>#icon-1899-DB4436-labelson-nodesc</styleUrl>
        <Point>
          <coordinates>
            42.765849,21.872041,0
          </coordinates>
        </Point>
      </Placemark>
      <Placemark>
        <name>ضليع ام سراحة</name>
        <styleUrl>#icon-1899-DB4436-labelson-nodesc</styleUrl>
        <Point>
          <coordinates>
            40.837727,22.702732,0
          </coordinates>
        </Point>
      </Placemark>
      <Placemark>
        <name>ضليع حريميس</name>
        <styleUrl>#icon-1899-DB4436-labelson-nodesc</styleUrl>
        <Point>
          <coordinates>
            41.949234,21.056671,0
          </coordinates>
        </Point>
      </Placemark>
      <Placemark>
        <name>ضليع شغفاء الجنوبي</name>
        <styleUrl>#icon-1899-DB4436-labelson-nodesc</styleUrl>
        <Point>
          <coordinates>
            41.969104,22.06692,0
          </coordinates>
        </Point>
      </Placemark>
      <Placemark>
        <name>ضليع شغفاء الشمالي</name>
        <styleUrl>#icon-1899-DB4436-labelson-nodesc</styleUrl>
        <Point>
          <coordinates>
            41.97346,22.265403,0
          </coordinates>
        </Point>
      </Placemark>
      <Placemark>
        <name>ضليع عرنين</name>
        <styleUrl>#icon-1899-DB4436-labelson-nodesc</styleUrl>
        <Point>
          <coordinates>
            41.914387,22.692947,0
          </coordinates>
        </Point>
      </Placemark>
      <Placemark>
        <name>ضليع فليخ</name>
        <styleUrl>#icon-1899-DB4436-labelson-nodesc</styleUrl>
        <Point>
          <coordinates>
            41.054535,22.779808,0
          </coordinates>
        </Point>
      </Placemark>
      <Placemark>
        <name>ضليعات الحميمه</name>
        <styleUrl>#icon-1899-DB4436-labelson-nodesc</styleUrl>
        <Point>
          <coordinates>
            40.897508,20.722489,0
          </coordinates>
        </Point>
      </Placemark>
      <Placemark>
        <name>ضليعات ام فرقين</name>
        <styleUrl>#icon-1899-DB4436-labelson-nodesc</styleUrl>
        <Point>
          <coordinates>
            41.474419,22.072735,0
          </coordinates>
        </Point>
      </Placemark>
      <Placemark>
        <name>ضليعات ضرابين</name>
        <styleUrl>#icon-1899-DB4436-labelson-nodesc</styleUrl>
        <Point>
          <coordinates>
            41.544456,22.310314,0
          </coordinates>
        </Point>
      </Placemark>
      <Placemark>
        <name>ضليعات ضعان</name>
        <styleUrl>#icon-1899-DB4436-labelson-nodesc</styleUrl>
        <Point>
          <coordinates>
            41.665907,22.05147,0
          </coordinates>
        </Point>
      </Placemark>
      <Placemark>
        <name>ضليعات عويشة</name>
        <styleUrl>#icon-1899-DB4436-labelson-nodesc</styleUrl>
        <Point>
          <coordinates>
            41.87645,23.506622,0
          </coordinates>
        </Point>
      </Placemark>
      <Placemark>
        <name>ضليعات مشيريفاء</name>
        <styleUrl>#icon-1899-DB4436-labelson-nodesc</styleUrl>
        <Point>
          <coordinates>
            40.863476,22.710114,0
          </coordinates>
        </Point>
      </Placemark>
      <Placemark>
        <name>صخرة القحيطية</name>
        <styleUrl>#icon-1899-DB4436-labelson-nodesc</styleUrl>
        <Point>
          <coordinates>
            40.915275,20.87029,0
          </coordinates>
        </Point>
      </Placemark>
      <Placemark>
        <name>صخرة القضيبة</name>
        <styleUrl>#icon-1899-DB4436-labelson-nodesc</styleUrl>
        <Point>
          <coordinates>
            40.860171,20.668502,0
          </coordinates>
        </Point>
      </Placemark>
      <Placemark>
        <name>صخرة اللهام</name>
        <styleUrl>#icon-1899-DB4436-labelson-nodesc</styleUrl>
        <Point>
          <coordinates>
            40.885685,20.657172,0
          </coordinates>
        </Point>
      </Placemark>
      <Placemark>
        <name>صخره النحل</name>
        <styleUrl>#icon-1899-DB4436-labelson-nodesc</styleUrl>
        <Point>
          <coordinates>
            40.848885,20.669725,0
          </coordinates>
        </Point>
      </Placemark>
      <Placemark>
        <name>صخور العبلة</name>
        <styleUrl>#icon-1899-DB4436-labelson-nodesc</styleUrl>
        <Point>
          <coordinates>
            40.86148,20.682857,0
          </coordinates>
        </Point>
      </Placemark>
      <Placemark>
        <name>حزم الصريم</name>
        <styleUrl>#icon-1899-DB4436-labelson-nodesc</styleUrl>
        <Point>
          <coordinates>
            40.602572,22.074108,0
          </coordinates>
        </Point>
      </Placemark>
      <Placemark>
        <name>حزم القف</name>
        <styleUrl>#icon-1899-DB4436-labelson-nodesc</styleUrl>
        <Point>
          <coordinates>
            41.662259,21.432717,0
          </coordinates>
        </Point>
      </Placemark>
      <Placemark>
        <name>حزم خرص</name>
        <styleUrl>#icon-1899-DB4436-labelson-nodesc</styleUrl>
        <Point>
          <coordinates>
            41.832225,22.206438,0
          </coordinates>
        </Point>
      </Placemark>
      <Placemark>
        <name>حزم شباط</name>
        <styleUrl>#icon-1899-DB4436-labelson-nodesc</styleUrl>
        <Point>
          <coordinates>
            43.243024,21.08079,0
          </coordinates>
        </Point>
      </Placemark>
      <Placemark>
        <name>حزم عرفا</name>
        <styleUrl>#icon-1899-DB4436-labelson-nodesc</styleUrl>
        <Point>
          <coordinates>
            43.312461,21.346629,0
          </coordinates>
        </Point>
      </Placemark>
      <Placemark>
        <name>حزم عليان</name>
        <styleUrl>#icon-1899-DB4436-labelson-nodesc</styleUrl>
        <Point>
          <coordinates>
            43.320229,21.216574,0
          </coordinates>
        </Point>
      </Placemark>
      <Placemark>
        <name>جبال ابا العقب</name>
        <styleUrl>#icon-1899-DB4436-labelson-nodesc</styleUrl>
        <Point>
          <coordinates>
            42.530608,21.725399,0
          </coordinates>
        </Point>
      </Placemark>
      <Placemark>
        <name>جبال ابو حرابيش</name>
        <styleUrl>#icon-1899-DB4436-labelson-nodesc</styleUrl>
        <Point>
          <coordinates>
            39.58786,23.009663,0
          </coordinates>
        </Point>
      </Placemark>
      <Placemark>
        <name>جبال ابو عظام</name>
        <styleUrl>#icon-1899-DB4436-labelson-nodesc</styleUrl>
        <Point>
          <coordinates>
            39.576015,21.41922,0
          </coordinates>
        </Point>
      </Placemark>
      <Placemark>
        <name>جبال الاشهب</name>
        <styleUrl>#icon-1899-DB4436-labelson-nodesc</styleUrl>
        <Point>
          <coordinates>
            42.102871,21.087055,0
          </coordinates>
        </Point>
      </Placemark>
      <Placemark>
        <name>جبال الامشاط</name>
        <styleUrl>#icon-1899-DB4436-labelson-nodesc</styleUrl>
        <Point>
          <coordinates>
            40.486336,21.187456,0
          </coordinates>
        </Point>
      </Placemark>
      <Placemark>
        <name>جبال الانكيرة</name>
        <styleUrl>#icon-1899-DB4436-labelson-nodesc</styleUrl>
        <Point>
          <coordinates>
            42.573202,20.720901,0
          </coordinates>
        </Point>
      </Placemark>
      <Placemark>
        <name>جبال البريصوات</name>
        <styleUrl>#icon-1899-DB4436-labelson-nodesc</styleUrl>
        <Point>
          <coordinates>
            41.216068,22.461205,0
          </coordinates>
        </Point>
      </Placemark>
      <Placemark>
        <name>جبال الثعلبة</name>
        <styleUrl>#icon-1899-DB4436-labelson-nodesc</styleUrl>
        <Point>
          <coordinates>
            39.573591,21.215158,0
          </coordinates>
        </Point>
      </Placemark>
      <Placemark>
        <name>جبال الجاب</name>
        <styleUrl>#icon-1899-DB4436-labelson-nodesc</styleUrl>
        <Point>
          <coordinates>
            38.962669,23.401051,0
          </coordinates>
        </Point>
      </Placemark>
      <Placemark>
        <name>جبال الجدبان</name>
        <styleUrl>#icon-1899-DB4436-labelson-nodesc</styleUrl>
        <Point>
          <coordinates>
            38.980007,23.219089,0
          </coordinates>
        </Point>
      </Placemark>
      <Placemark>
        <name>جبال الجمايد</name>
        <styleUrl>#icon-1899-DB4436-labelson-nodesc</styleUrl>
        <Point>
          <coordinates>
            39.880028,22.563343,0
          </coordinates>
        </Point>
      </Placemark>
      <Placemark>
        <name>جبال الحرش</name>
        <styleUrl>#icon-1899-DB4436-labelson-nodesc</styleUrl>
        <Point>
          <coordinates>
            40.523071,22.420864,0
          </coordinates>
        </Point>
      </Placemark>
      <Placemark>
        <name>جبال الحرشاء</name>
        <styleUrl>#icon-1899-DB4436-labelson-nodesc</styleUrl>
        <Point>
          <coordinates>
            40.47226,22.468586,0
          </coordinates>
        </Point>
      </Placemark>
      <Placemark>
        <name>جبال الحمر</name>
        <styleUrl>#icon-1899-DB4436-labelson-nodesc</styleUrl>
        <Point>
          <coordinates>
            38.93589,23.355217,0
          </coordinates>
        </Point>
      </Placemark>
      <Placemark>
        <name>جبال الحمر</name>
        <styleUrl>#icon-1899-DB4436-labelson-nodesc</styleUrl>
        <Point>
          <coordinates>
            40.592079,22.449532,0
          </coordinates>
        </Point>
      </Placemark>
      <Placemark>
        <name>جبال الحمران</name>
        <styleUrl>#icon-1899-DB4436-labelson-nodesc</styleUrl>
        <Point>
          <coordinates>
            39.713001,21.08036,0
          </coordinates>
        </Point>
      </Placemark>
      <Placemark>
        <name>جبال الحمران</name>
        <styleUrl>#icon-1899-DB4436-labelson-nodesc</styleUrl>
        <Point>
          <coordinates>
            39.74508,21.107655,0
          </coordinates>
        </Point>
      </Placemark>
      <Placemark>
        <name>جبال الحيال</name>
        <styleUrl>#icon-1899-DB4436-labelson-nodesc</styleUrl>
        <Point>
          <coordinates>
            40.018902,22.622738,0
          </coordinates>
        </Point>
      </Placemark>
      <Placemark>
        <name>جبال الخشبين</name>
        <styleUrl>#icon-1899-DB4436-labelson-nodesc</styleUrl>
        <Point>
          <coordinates>
            39.935131,21.379051,0
          </coordinates>
        </Point>
      </Placemark>
      <Placemark>
        <name>جبال الدشوع</name>
        <styleUrl>#icon-1899-DB4436-labelson-nodesc</styleUrl>
        <Point>
          <coordinates>
            42.217069,21.46471,0
          </coordinates>
        </Point>
      </Placemark>
      <Placemark>
        <name>جبال الدومة الحمراء</name>
        <styleUrl>#icon-1899-DB4436-labelson-nodesc</styleUrl>
        <Point>
          <coordinates>
            39.731541,21.3727,0
          </coordinates>
        </Point>
      </Placemark>
      <Placemark>
        <name>جبال الربوض</name>
        <styleUrl>#icon-1899-DB4436-labelson-nodesc</styleUrl>
        <Point>
          <coordinates>
            41.368053,21.966455,0
          </coordinates>
        </Point>
      </Placemark>
      <Placemark>
        <name>جبال الزهر</name>
        <styleUrl>#icon-1899-DB4436-labelson-nodesc</styleUrl>
        <Point>
          <coordinates>
            40.019932,22.355976,0
          </coordinates>
        </Point>
      </Placemark>
      <Placemark>
        <name>جبال السردة</name>
        <styleUrl>#icon-1899-DB4436-labelson-nodesc</styleUrl>
        <Point>
          <coordinates>
            39.653263,22.908726,0
          </coordinates>
        </Point>
      </Placemark>
      <Placemark>
        <name>جبال السود</name>
        <styleUrl>#icon-1899-DB4436-labelson-nodesc</styleUrl>
        <Point>
          <coordinates>
            41.214008,21.774559,0
          </coordinates>
        </Point>
      </Placemark>
      <Placemark>
        <name>جبال السور</name>
        <styleUrl>#icon-1899-DB4436-labelson-nodesc</styleUrl>
        <Point>
          <coordinates>
            39.911957,22.674065,0
          </coordinates>
        </Point>
      </Placemark>
      <Placemark>
        <name>جبال الشايل</name>
        <styleUrl>#icon-1899-DB4436-labelson-nodesc</styleUrl>
        <Point>
          <coordinates>
            42.508271,21.058838,0
          </coordinates>
        </Point>
      </Placemark>
      <Placemark>
        <name>جبال الشايل</name>
        <styleUrl>#icon-1899-DB4436-labelson-nodesc</styleUrl>
        <Point>
          <coordinates>
            42.503271,20.951335,0
          </coordinates>
        </Point>
      </Placemark>
      <Placemark>
        <name>جبال الشبكة</name>
        <styleUrl>#icon-1899-DB4436-labelson-nodesc</styleUrl>
        <Point>
          <coordinates>
            40.047913,21.290131,0
          </coordinates>
        </Point>
      </Placemark>
      <Placemark>
        <name>جبال الشعبة</name>
        <styleUrl>#icon-1899-DB4436-labelson-nodesc</styleUrl>
        <Point>
          <coordinates>
            39.4648,21.447008,0
          </coordinates>
        </Point>
      </Placemark>
      <Placemark>
        <name>جبال الشفاء</name>
        <styleUrl>#icon-1899-DB4436-labelson-nodesc</styleUrl>
        <Point>
          <coordinates>
            39.928951,21.502304,0
          </coordinates>
        </Point>
      </Placemark>
      <Placemark>
        <name>جبال الشهيلاء</name>
        <styleUrl>#icon-1899-DB4436-labelson-nodesc</styleUrl>
        <Point>
          <coordinates>
            41.141052,22.575359,0
          </coordinates>
        </Point>
      </Placemark>
      <Placemark>
        <name>جبال الصقاريات</name>
        <styleUrl>#icon-1899-DB4436-labelson-nodesc</styleUrl>
        <Point>
          <coordinates>
            41.362667,22.703247,0
          </coordinates>
        </Point>
      </Placemark>
      <Placemark>
        <name>جبال الصمع</name>
        <styleUrl>#icon-1899-DB4436-labelson-nodesc</styleUrl>
        <Point>
          <coordinates>
            40.202923,22.34808,0
          </coordinates>
        </Point>
      </Placemark>
      <Placemark>
        <name>جبال الطوال</name>
        <styleUrl>#icon-1899-DB4436-labelson-nodesc</styleUrl>
        <Point>
          <coordinates>
            40.346668,22.563257,0
          </coordinates>
        </Point>
      </Placemark>
      <Placemark>
        <name>جبال الطوال</name>
        <styleUrl>#icon-1899-DB4436-labelson-nodesc</styleUrl>
        <Point>
          <coordinates>
            39.241662,21.994436,0
          </coordinates>
        </Point>
      </Placemark>
      <Placemark>
        <name>جبال العاقر</name>
        <styleUrl>#icon-1899-DB4436-labelson-nodesc</styleUrl>
        <Point>
          <coordinates>
            42.516575,21.853158,0
          </coordinates>
        </Point>
      </Placemark>
      <Placemark>
        <name>جبال العد</name>
        <styleUrl>#icon-1899-DB4436-labelson-nodesc</styleUrl>
        <Point>
          <coordinates>
            39.4174,21.271935,0
          </coordinates>
        </Point>
      </Placemark>
      <Placemark>
        <name>جبال العذرة</name>
        <styleUrl>#icon-1899-DB4436-labelson-nodesc</styleUrl>
        <Point>
          <coordinates>
            42.364955,21.495953,0
          </coordinates>
        </Point>
      </Placemark>
      <Placemark>
        <name>جبال العريش</name>
        <styleUrl>#icon-1899-DB4436-labelson-nodesc</styleUrl>
        <Point>
          <coordinates>
            39.848785,22.508755,0
          </coordinates>
        </Point>
      </Placemark>
      <Placemark>
        <name>جبال القرائن</name>
        <styleUrl>#icon-1899-DB4436-labelson-nodesc</styleUrl>
        <Point>
          <coordinates>
            42.146108,21.100187,0
          </coordinates>
        </Point>
      </Placemark>
      <Placemark>
        <name>جبال القشع</name>
        <styleUrl>#icon-1899-DB4436-labelson-nodesc</styleUrl>
        <Point>
          <coordinates>
            39.680986,21.154239,0
          </coordinates>
        </Point>
      </Placemark>
      <Placemark>
        <name>جبال القصر</name>
        <styleUrl>#icon-1899-DB4436-labelson-nodesc</styleUrl>
        <Point>
          <coordinates>
            40.706749,22.467899,0
          </coordinates>
        </Point>
      </Placemark>
      <Placemark>
        <name>جبال الكور</name>
        <styleUrl>#icon-1899-DB4436-labelson-nodesc</styleUrl>
        <Point>
          <coordinates>
            42.230523,20.614171,0
          </coordinates>
        </Point>
      </Placemark>
      <Placemark>
        <name>جبال الكوير</name>
        <styleUrl>#icon-1899-DB4436-labelson-nodesc</styleUrl>
        <Point>
          <coordinates>
            42.438812,20.511582,0
          </coordinates>
        </Point>
      </Placemark>
      <Placemark>
        <name>جبال اللحاط</name>
        <styleUrl>#icon-1899-DB4436-labelson-nodesc</styleUrl>
        <Point>
          <coordinates>
            39.736347,21.545734,0
          </coordinates>
        </Point>
      </Placemark>
      <Placemark>
        <name>جبال اللساسة</name>
        <styleUrl>#icon-1899-DB4436-labelson-nodesc</styleUrl>
        <Point>
          <coordinates>
            41.801777,23.610134,0
          </coordinates>
        </Point>
      </Placemark>
      <Placemark>
        <name>جبال المحاني</name>
        <styleUrl>#icon-1899-DB4436-labelson-nodesc</styleUrl>
        <Point>
          <coordinates>
            40.410118,22.521458,0
          </coordinates>
        </Point>
      </Placemark>
      <Placemark>
        <name>جبال الملص</name>
        <styleUrl>#icon-1899-DB4436-labelson-nodesc</styleUrl>
        <Point>
          <coordinates>
            39.518724,21.35828,0
          </coordinates>
        </Point>
      </Placemark>
      <Placemark>
        <name>جبال الناصرية</name>
        <styleUrl>#icon-1899-DB4436-labelson-nodesc</styleUrl>
        <Point>
          <coordinates>
            39.69944,21.430378,0
          </coordinates>
        </Point>
      </Placemark>
      <Placemark>
        <name>جبال النجدية</name>
        <styleUrl>#icon-1899-DB4436-labelson-nodesc</styleUrl>
        <Point>
          <coordinates>
            40.278111,22.195301,0
          </coordinates>
        </Point>
      </Placemark>
      <Placemark>
        <name>جبال الهال</name>
        <styleUrl>#icon-1899-DB4436-labelson-nodesc</styleUrl>
        <Point>
          <coordinates>
            42.141173,21.062078,0
          </coordinates>
        </Point>
      </Placemark>
      <Placemark>
        <name>جبال الهضب</name>
        <styleUrl>#icon-1899-DB4436-labelson-nodesc</styleUrl>
        <Point>
          <coordinates>
            39.947147,22.546177,0
          </coordinates>
        </Point>
      </Placemark>
      <Placemark>
        <name>جبال الهضبه</name>
        <styleUrl>#icon-1899-DB4436-labelson-nodesc</styleUrl>
        <Point>
          <coordinates>
            40.277595,21.147866,0
          </coordinates>
        </Point>
      </Placemark>
      <Placemark>
        <name>جبال الهضيب</name>
        <styleUrl>#icon-1899-DB4436-labelson-nodesc</styleUrl>
        <Point>
          <coordinates>
            42.453747,21.181769,0
          </coordinates>
        </Point>
      </Placemark>
      <Placemark>
        <name>جبال الهضيب</name>
        <styleUrl>#icon-1899-DB4436-labelson-nodesc</styleUrl>
        <Point>
          <coordinates>
            42.446022,21.261592,0
          </coordinates>
        </Point>
      </Placemark>
      <Placemark>
        <name>جبال الهيل</name>
        <styleUrl>#icon-1899-DB4436-labelson-nodesc</styleUrl>
        <Point>
          <coordinates>
            41.339149,22.912331,0
          </coordinates>
        </Point>
      </Placemark>
      <Placemark>
        <name>جبال ام الازاويل</name>
        <styleUrl>#icon-1899-DB4436-labelson-nodesc</styleUrl>
        <Point>
          <coordinates>
            41.330051,22.977047,0
          </coordinates>
        </Point>
      </Placemark>
      <Placemark>
        <name>جبال ام الخزم</name>
        <styleUrl>#icon-1899-DB4436-labelson-nodesc</styleUrl>
        <Point>
          <coordinates>
            39.932899,22.662048,0
          </coordinates>
        </Point>
      </Placemark>
      <Placemark>
        <name>جبال ام بريقة</name>
        <styleUrl>#icon-1899-DB4436-labelson-nodesc</styleUrl>
        <Point>
          <coordinates>
            41.401634,23.194542,0
          </coordinates>
        </Point>
      </Placemark>
      <Placemark>
        <name>جبال امشاط</name>
        <styleUrl>#icon-1899-DB4436-labelson-nodesc</styleUrl>
        <Point>
          <coordinates>
            43.383787,21.024055,0
          </coordinates>
        </Point>
      </Placemark>
      <Placemark>
        <name>جبال امهات الجلم</name>
        <styleUrl>#icon-1899-DB4436-labelson-nodesc</styleUrl>
        <Point>
          <coordinates>
            41.367817,22.985458,0
          </coordinates>
        </Point>
      </Placemark>
      <Placemark>
        <name>جبال امهات الملح</name>
        <styleUrl>#icon-1899-DB4436-labelson-nodesc</styleUrl>
        <Point>
          <coordinates>
            41.388588,23.122616,0
          </coordinates>
        </Point>
      </Placemark>
      <Placemark>
        <name>جبال امهات بريقة</name>
        <styleUrl>#icon-1899-DB4436-labelson-nodesc</styleUrl>
        <Point>
          <coordinates>
            41.022778,22.600079,0
          </coordinates>
        </Point>
      </Placemark>
      <Placemark>
        <name>جبال امهات بريم</name>
        <styleUrl>#icon-1899-DB4436-labelson-nodesc</styleUrl>
        <Point>
          <coordinates>
            41.071358,22.673721,0
          </coordinates>
        </Point>
      </Placemark>
      <Placemark>
        <name>جبال امهات ربيع</name>
        <styleUrl>#icon-1899-DB4436-labelson-nodesc</styleUrl>
        <Point>
          <coordinates>
            39.779434,22.632694,0
          </coordinates>
        </Point>
      </Placemark>
      <Placemark>
        <name>جبال حسن</name>
        <styleUrl>#icon-1899-DB4436-labelson-nodesc</styleUrl>
        <Point>
          <coordinates>
            42.77014,22.039733,0
          </coordinates>
        </Point>
      </Placemark>
      <Placemark>
        <name>جبال حضن</name>
        <styleUrl>#icon-1899-DB4436-labelson-nodesc</styleUrl>
        <Point>
          <coordinates>
            41.380219,21.837902,0
          </coordinates>
        </Point>
      </Placemark>
      <Placemark>
        <name>جبال حضن</name>
        <styleUrl>#icon-1899-DB4436-labelson-nodesc</styleUrl>
        <Point>
          <coordinates>
            41.375456,21.391668,0
          </coordinates>
        </Point>
      </Placemark>
      <Placemark>
        <name>جبال حضن</name>
        <styleUrl>#icon-1899-DB4436-labelson-nodesc</styleUrl>
        <Point>
          <coordinates>
            41.404123,21.573501,0
          </coordinates>
        </Point>
      </Placemark>
      <Placemark>
        <name>جبال حم المظهر</name>
        <styleUrl>#icon-1899-DB4436-labelson-nodesc</styleUrl>
        <Point>
          <coordinates>
            39.60022,22.22105,0
          </coordinates>
        </Point>
      </Placemark>
      <Placemark>
        <name>جبال حمة ماجد</name>
        <styleUrl>#icon-1899-DB4436-labelson-nodesc</styleUrl>
        <Point>
          <coordinates>
            39.303589,22.973442,0
          </coordinates>
        </Point>
      </Placemark>
      <Placemark>
        <name>جبال خثارق</name>
        <styleUrl>#icon-1899-DB4436-labelson-nodesc</styleUrl>
        <Point>
          <coordinates>
            39.620991,21.250477,0
          </coordinates>
        </Point>
      </Placemark>
      <Placemark>
        <name>جبال خريفات</name>
        <styleUrl>#icon-1899-DB4436-labelson-nodesc</styleUrl>
        <Point>
          <coordinates>
            42.05251,20.851514,0
          </coordinates>
        </Point>
      </Placemark>
      <Placemark>
        <name>جبال سفوة الشمالية</name>
        <styleUrl>#icon-1899-DB4436-labelson-nodesc</styleUrl>
        <Point>
          <coordinates>
            42.282944,23.133602,0
          </coordinates>
        </Point>
      </Placemark>
      <Placemark>
        <name>جبال سفوه</name>
        <styleUrl>#icon-1899-DB4436-labelson-nodesc</styleUrl>
        <Point>
          <coordinates>
            42.30983,22.955911,0
          </coordinates>
        </Point>
      </Placemark>
      <Placemark>
        <name>جبال سلي</name>
        <styleUrl>#icon-1899-DB4436-labelson-nodesc</styleUrl>
        <Point>
          <coordinates>
            43.026881,21.243439,0
          </coordinates>
        </Point>
      </Placemark>
      <Placemark>
        <name>جبال شعار</name>
        <styleUrl>#icon-1899-DB4436-labelson-nodesc</styleUrl>
        <Point>
          <coordinates>
            40.871201,20.870955,0
          </coordinates>
        </Point>
      </Placemark>
      <Placemark>
        <name>جبال شعر</name>
        <styleUrl>#icon-1899-DB4436-labelson-nodesc</styleUrl>
        <Point>
          <coordinates>
            40.817471,22.66119,0
          </coordinates>
        </Point>
      </Placemark>
      <Placemark>
        <name>جبال ضبية</name>
        <styleUrl>#icon-1899-DB4436-labelson-nodesc</styleUrl>
        <Point>
          <coordinates>
            39.828529,23.044682,0
          </coordinates>
        </Point>
      </Placemark>
      <Placemark>
        <name>جبال ظلم</name>
        <styleUrl>#icon-1899-DB4436-labelson-nodesc</styleUrl>
        <Point>
          <coordinates>
            42.21694,22.825384,0
          </coordinates>
        </Point>
      </Placemark>
      <Placemark>
        <name>جبال غلة</name>
        <styleUrl>#icon-1899-DB4436-labelson-nodesc</styleUrl>
        <Point>
          <coordinates>
            42.416303,21.74484,0
          </coordinates>
        </Point>
      </Placemark>
      <Placemark>
        <name>جبال فخذاء</name>
        <styleUrl>#icon-1899-DB4436-labelson-nodesc</styleUrl>
        <Point>
          <coordinates>
            39.165101,22.867334,0
          </coordinates>
        </Point>
      </Placemark>
      <Placemark>
        <name>جبال قماري</name>
        <styleUrl>#icon-1899-DB4436-labelson-nodesc</styleUrl>
        <Point>
          <coordinates>
            39.333973,22.859287,0
          </coordinates>
        </Point>
      </Placemark>
      <Placemark>
        <name>جبال قنة</name>
        <styleUrl>#icon-1899-DB4436-labelson-nodesc</styleUrl>
        <Point>
          <coordinates>
            41.123178,21.038303,0
          </coordinates>
        </Point>
      </Placemark>
      <Placemark>
        <name>جبال قنة</name>
        <styleUrl>#icon-1899-DB4436-labelson-nodesc</styleUrl>
        <Point>
          <coordinates>
            41.123199,21.038303,0
          </coordinates>
        </Point>
      </Placemark>
      <Placemark>
        <name>جبال كور المجامعة</name>
        <styleUrl>#icon-1899-DB4436-labelson-nodesc</styleUrl>
        <Point>
          <coordinates>
            42.800009,21.124091,0
          </coordinates>
        </Point>
      </Placemark>
      <Placemark>
        <name>جبال كور المجامعة</name>
        <styleUrl>#icon-1899-DB4436-labelson-nodesc</styleUrl>
        <Point>
          <coordinates>
            42.723963,21.296761,0
          </coordinates>
        </Point>
      </Placemark>
      <Placemark>
        <name>جبال مضلله</name>
        <styleUrl>#icon-1899-DB4436-labelson-nodesc</styleUrl>
        <Point>
          <coordinates>
            40.809467,21.122653,0
          </coordinates>
        </Point>
      </Placemark>
      <Placemark>
        <name>جبال نعمان</name>
        <styleUrl>#icon-1899-DB4436-labelson-nodesc</styleUrl>
        <Point>
          <coordinates>
            40.207193,21.19915,0
          </coordinates>
        </Point>
      </Placemark>
      <Placemark>
        <name>جبال هدان</name>
        <styleUrl>#icon-1899-DB4436-labelson-nodesc</styleUrl>
        <Point>
          <coordinates>
            41.019151,22.903941,0
          </coordinates>
        </Point>
      </Placemark>
      <Placemark>
        <name>جبال وردات</name>
        <styleUrl>#icon-1899-DB4436-labelson-nodesc</styleUrl>
        <Point>
          <coordinates>
            42.922575,21.384952,0
          </coordinates>
        </Point>
      </Placemark>
      <Placemark>
        <name>جبال ورشه</name>
        <styleUrl>#icon-1899-DB4436-labelson-nodesc</styleUrl>
        <Point>
          <coordinates>
            43.331065,22.103741,0
          </coordinates>
        </Point>
      </Placemark>
      <Placemark>
        <name>جبل الأسعر</name>
        <styleUrl>#icon-1899-DB4436-labelson-nodesc</styleUrl>
        <Point>
          <coordinates>
            40.771937,19.98971,0
          </coordinates>
        </Point>
      </Placemark>
      <Placemark>
        <name>جبل االعاجر الشمالي</name>
        <styleUrl>#icon-1899-DB4436-labelson-nodesc</styleUrl>
        <Point>
          <coordinates>
            40.325832,22.071018,0
          </coordinates>
        </Point>
      </Placemark>
      <Placemark>
        <name>جبل ابا الحيات</name>
        <styleUrl>#icon-1899-DB4436-labelson-nodesc</styleUrl>
        <Point>
          <coordinates>
            41.908035,21.029205,0
          </coordinates>
        </Point>
      </Placemark>
      <Placemark>
        <name>جبل ابا السهبان</name>
        <styleUrl>#icon-1899-DB4436-labelson-nodesc</styleUrl>
        <Point>
          <coordinates>
            41.941338,21.006889,0
          </coordinates>
        </Point>
      </Placemark>
      <Placemark>
        <name>جبل ابا النغر</name>
        <styleUrl>#icon-1899-DB4436-labelson-nodesc</styleUrl>
        <Point>
          <coordinates>
            39.63232,22.250061,0
          </coordinates>
        </Point>
      </Placemark>
      <Placemark>
        <name>جبل ابراهيم</name>
        <styleUrl>#icon-1899-DB4436-labelson-nodesc</styleUrl>
        <Point>
          <coordinates>
            41.139464,20.429313,0
          </coordinates>
        </Point>
      </Placemark>
      <Placemark>
        <name>جبل ابو الحصانية</name>
        <styleUrl>#icon-1899-DB4436-labelson-nodesc</styleUrl>
        <Point>
          <coordinates>
            41.092987,22.576561,0
          </coordinates>
        </Point>
      </Placemark>
      <Placemark>
        <name>جبل ابو حجاب</name>
        <styleUrl>#icon-1899-DB4436-labelson-nodesc</styleUrl>
        <Point>
          <coordinates>
            40.852468,20.87883,0
          </coordinates>
        </Point>
      </Placemark>
      <Placemark>
        <name>جبل ابو حريص</name>
        <styleUrl>#icon-1899-DB4436-labelson-nodesc</styleUrl>
        <Point>
          <coordinates>
            41.380863,23.186302,0
          </coordinates>
        </Point>
      </Placemark>
      <Placemark>
        <name>جبل ابو حصاة</name>
        <styleUrl>#icon-1899-DB4436-labelson-nodesc</styleUrl>
        <Point>
          <coordinates>
            39.26357,21.968665,0
          </coordinates>
        </Point>
      </Placemark>
      <Placemark>
        <name>جبل ابو حليفة</name>
        <styleUrl>#icon-1899-DB4436-labelson-nodesc</styleUrl>
        <Point>
          <coordinates>
            40.115032,22.416573,0
          </coordinates>
        </Point>
      </Placemark>
      <Placemark>
        <name>جبل ابو ذبان</name>
        <styleUrl>#icon-1899-DB4436-labelson-nodesc</styleUrl>
        <Point>
          <coordinates>
            42.115016,21.191018,0
          </coordinates>
        </Point>
      </Placemark>
      <Placemark>
        <name>جبل ابو ذياب</name>
        <styleUrl>#icon-1899-DB4436-labelson-nodesc</styleUrl>
        <Point>
          <coordinates>
            39.606914,22.302589,0
          </coordinates>
        </Point>
      </Placemark>
      <Placemark>
        <name>جبل ابو ركب</name>
        <styleUrl>#icon-1899-DB4436-labelson-nodesc</styleUrl>
        <Point>
          <coordinates>
            41.101055,22.554588,0
          </coordinates>
        </Point>
      </Placemark>
      <Placemark>
        <name>جبل ابو زريبة</name>
        <styleUrl>#icon-1899-DB4436-labelson-nodesc</styleUrl>
        <Point>
          <coordinates>
            41.398888,23.062878,0
          </coordinates>
        </Point>
      </Placemark>
      <Placemark>
        <name>جبل ابو سمن</name>
        <styleUrl>#icon-1899-DB4436-labelson-nodesc</styleUrl>
        <Point>
          <coordinates>
            40.419817,21.326952,0
          </coordinates>
        </Point>
      </Placemark>
      <Placemark>
        <name>جبل ابو شداد</name>
        <styleUrl>#icon-1899-DB4436-labelson-nodesc</styleUrl>
        <Point>
          <coordinates>
            39.542541,20.961227,0
          </coordinates>
        </Point>
      </Placemark>
      <Placemark>
        <name>جبل ابو شعيرة</name>
        <styleUrl>#icon-1899-DB4436-labelson-nodesc</styleUrl>
        <Point>
          <coordinates>
            39.339981,23.08794,0
          </coordinates>
        </Point>
      </Placemark>
      <Placemark>
        <name>جبل ابو غشاء</name>
        <styleUrl>#icon-1899-DB4436-labelson-nodesc</styleUrl>
        <Point>
          <coordinates>
            39.389763,21.784859,0
          </coordinates>
        </Point>
      </Placemark>
      <Placemark>
        <name>جبل ابو فياح</name>
        <styleUrl>#icon-1899-DB4436-labelson-nodesc</styleUrl>
        <Point>
          <coordinates>
            39.765358,21.475868,0
          </coordinates>
        </Point>
      </Placemark>
      <Placemark>
        <name>جبل ابو قنزعة</name>
        <styleUrl>#icon-1899-DB4436-labelson-nodesc</styleUrl>
        <Point>
          <coordinates>
            41.982687,20.97245,0
          </coordinates>
        </Point>
      </Placemark>
      <Placemark>
        <name>جبل ابو كبير</name>
        <styleUrl>#icon-1899-DB4436-labelson-nodesc</styleUrl>
        <Point>
          <coordinates>
            40.854077,20.901897,0
          </coordinates>
        </Point>
      </Placemark>
      <Placemark>
        <name>جبل ابو معن</name>
        <styleUrl>#icon-1899-DB4436-labelson-nodesc</styleUrl>
        <Point>
          <coordinates>
            40.121641,21.653302,0
          </coordinates>
        </Point>
      </Placemark>
      <Placemark>
        <name>جبل ابو نبطة</name>
        <styleUrl>#icon-1899-DB4436-labelson-nodesc</styleUrl>
        <Point>
          <coordinates>
            41.070156,22.550812,0
          </coordinates>
        </Point>
      </Placemark>
      <Placemark>
        <name>جبل ابو نبعة</name>
        <styleUrl>#icon-1899-DB4436-labelson-nodesc</styleUrl>
        <Point>
          <coordinates>
            41.072216,22.611408,0
          </coordinates>
        </Point>
      </Placemark>
      <Placemark>
        <name>جبل ابو نضاح</name>
        <styleUrl>#icon-1899-DB4436-labelson-nodesc</styleUrl>
        <Point>
          <coordinates>
            39.746475,22.878685,0
          </coordinates>
        </Point>
      </Placemark>
      <Placemark>
        <name>جبل ابو نعجه</name>
        <styleUrl>#icon-1899-DB4436-labelson-nodesc</styleUrl>
        <Point>
          <coordinates>
            39.446948,21.547794,0
          </coordinates>
        </Point>
      </Placemark>
      <Placemark>
        <name>جبل ابو هماج</name>
        <styleUrl>#icon-1899-DB4436-labelson-nodesc</styleUrl>
        <Point>
          <coordinates>
            39.330368,21.844769,0
          </coordinates>
        </Point>
      </Placemark>
      <Placemark>
        <name>جبل ابوشداد</name>
        <styleUrl>#icon-1899-DB4436-labelson-nodesc</styleUrl>
        <Point>
          <coordinates>
            42.399631,21.40583,0
          </coordinates>
        </Point>
      </Placemark>
      <Placemark>
        <name>جبل احاميم</name>
        <styleUrl>#icon-1899-DB4436-labelson-nodesc</styleUrl>
        <Point>
          <coordinates>
            40.676193,21.212196,0
          </coordinates>
        </Point>
      </Placemark>
      <Placemark>
        <name>جبل ارفعة</name>
        <styleUrl>#icon-1899-DB4436-labelson-nodesc</styleUrl>
        <Point>
          <coordinates>
            42.093494,21.271162,0
          </coordinates>
        </Point>
      </Placemark>
      <Placemark>
        <name>جبل اسحق</name>
        <styleUrl>#icon-1899-DB4436-labelson-nodesc</styleUrl>
        <Point>
          <coordinates>
            39.358005,21.207047,0
          </coordinates>
        </Point>
      </Placemark>
      <Placemark>
        <name>جبل اشداء</name>
        <styleUrl>#icon-1899-DB4436-labelson-nodesc</styleUrl>
        <Point>
          <coordinates>
            39.863205,22.800407,0
          </coordinates>
        </Point>
      </Placemark>
      <Placemark>
        <name>جبل اعضب</name>
        <styleUrl>#icon-1899-DB4436-labelson-nodesc</styleUrl>
        <Point>
          <coordinates>
            40.878518,20.659575,0
          </coordinates>
        </Point>
      </Placemark>
      <Placemark>
        <name>جبل اغزل</name>
        <styleUrl>#icon-1899-DB4436-labelson-nodesc</styleUrl>
        <Point>
          <coordinates>
            39.710598,21.278286,0
          </coordinates>
        </Point>
      </Placemark>
      <Placemark>
        <name>جبل افرا</name>
        <styleUrl>#icon-1899-DB4436-labelson-nodesc</styleUrl>
        <Point>
          <coordinates>
            41.973524,20.876169,0
          </coordinates>
        </Point>
      </Placemark>
      <Placemark>
        <name>جبل افعى</name>
        <styleUrl>#icon-1899-DB4436-labelson-nodesc</styleUrl>
        <Point>
          <coordinates>
            40.828457,21.021137,0
          </coordinates>
        </Point>
      </Placemark>
      <Placemark>
        <name>جبل اكتاف</name>
        <styleUrl>#icon-1899-DB4436-labelson-nodesc</styleUrl>
        <Point>
          <coordinates>
            39.875908,20.794716,0
          </coordinates>
        </Point>
      </Placemark>
      <Placemark>
        <name>جبل الابرق</name>
        <styleUrl>#icon-1899-DB4436-labelson-nodesc</styleUrl>
        <Point>
          <coordinates>
            39.689999,20.849476,0
          </coordinates>
        </Point>
      </Placemark>
      <Placemark>
        <name>جبل الاجوف</name>
        <styleUrl>#icon-1899-DB4436-labelson-nodesc</styleUrl>
        <Point>
          <coordinates>
            40.522299,20.19433,0
          </coordinates>
        </Point>
      </Placemark>
      <Placemark>
        <name>جبل الاحدب</name>
        <styleUrl>#icon-1899-DB4436-labelson-nodesc</styleUrl>
        <Point>
          <coordinates>
            39.947834,21.399994,0
          </coordinates>
        </Point>
      </Placemark>
      <Placemark>
        <name>جبل الاحدب</name>
        <styleUrl>#icon-1899-DB4436-labelson-nodesc</styleUrl>
        <Point>
          <coordinates>
            39.92466,21.428661,0
          </coordinates>
        </Point>
      </Placemark>
      <Placemark>
        <name>جبل الاحيرش</name>
        <styleUrl>#icon-1899-DB4436-labelson-nodesc</styleUrl>
        <Point>
          <coordinates>
            41.524029,21.171169,0
          </coordinates>
        </Point>
      </Placemark>
      <Placemark>
        <name>جبل الاخل</name>
        <styleUrl>#icon-1899-DB4436-labelson-nodesc</styleUrl>
        <Point>
          <coordinates>
            39.20969,22.035828,0
          </coordinates>
        </Point>
      </Placemark>
      <Placemark>
        <name>جبل الاخيذع</name>
        <styleUrl>#icon-1899-DB4436-labelson-nodesc</styleUrl>
        <Point>
          <coordinates>
            41.544628,20.945349,0
          </coordinates>
        </Point>
      </Placemark>
      <Placemark>
        <name>جبل الاديم</name>
        <styleUrl>#icon-1899-DB4436-labelson-nodesc</styleUrl>
        <Point>
          <coordinates>
            40.234036,21.129198,0
          </coordinates>
        </Point>
      </Placemark>
      <Placemark>
        <name>جبل الاسماء</name>
        <styleUrl>#icon-1899-DB4436-labelson-nodesc</styleUrl>
        <Point>
          <coordinates>
            39.892044,21.633453,0
          </coordinates>
        </Point>
      </Placemark>
      <Placemark>
        <name>جبل الاسمر</name>
        <styleUrl>#icon-1899-DB4436-labelson-nodesc</styleUrl>
        <Point>
          <coordinates>
            39.365387,21.686153,0
          </coordinates>
        </Point>
      </Placemark>
      <Placemark>
        <name>جبل الاسنة</name>
        <styleUrl>#icon-1899-DB4436-labelson-nodesc</styleUrl>
        <Point>
          <coordinates>
            40.060615,21.5308,0
          </coordinates>
        </Point>
      </Placemark>
      <Placemark>
        <name>جبل الاسودين</name>
        <styleUrl>#icon-1899-DB4436-labelson-nodesc</styleUrl>
        <Point>
          <coordinates>
            40.834959,20.130365,0
          </coordinates>
        </Point>
      </Placemark>
      <Placemark>
        <name>جبل الاسياف</name>
        <styleUrl>#icon-1899-DB4436-labelson-nodesc</styleUrl>
        <Point>
          <coordinates>
            42.409887,21.935771,0
          </coordinates>
        </Point>
      </Placemark>
      <Placemark>
        <name>جبل الاسيفع</name>
        <styleUrl>#icon-1899-DB4436-labelson-nodesc</styleUrl>
        <Point>
          <coordinates>
            38.995113,23.322258,0
          </coordinates>
        </Point>
      </Placemark>
      <Placemark>
        <name>جبل الاشعر</name>
        <styleUrl>#icon-1899-DB4436-labelson-nodesc</styleUrl>
        <Point>
          <coordinates>
            40.26751,21.279166,0
          </coordinates>
        </Point>
      </Placemark>
      <Placemark>
        <name>جبل الاشفيان</name>
        <styleUrl>#icon-1899-DB4436-labelson-nodesc</styleUrl>
        <Point>
          <coordinates>
            41.501777,22.012374,0
          </coordinates>
        </Point>
      </Placemark>
      <Placemark>
        <name>جبل الاشهب</name>
        <styleUrl>#icon-1899-DB4436-labelson-nodesc</styleUrl>
        <Point>
          <coordinates>
            39.322128,22.935162,0
          </coordinates>
        </Point>
      </Placemark>
      <Placemark>
        <name>جبل الاشيهب</name>
        <styleUrl>#icon-1899-DB4436-labelson-nodesc</styleUrl>
        <Point>
          <coordinates>
            41.357002,23.151798,0
          </coordinates>
        </Point>
      </Placemark>
      <Placemark>
        <name>جبل الاصخر</name>
        <styleUrl>#icon-1899-DB4436-labelson-nodesc</styleUrl>
        <Point>
          <coordinates>
            39.847755,22.615185,0
          </coordinates>
        </Point>
      </Placemark>
      <Placemark>
        <name>جبل الاصورة</name>
        <styleUrl>#icon-1899-DB4436-labelson-nodesc</styleUrl>
        <Point>
          <coordinates>
            42.256615,21.465461,0
          </coordinates>
        </Point>
      </Placemark>
      <Placemark>
        <name>جبل الاضحى</name>
        <styleUrl>#icon-1899-DB4436-labelson-nodesc</styleUrl>
        <Point>
          <coordinates>
            39.739437,22.022438,0
          </coordinates>
        </Point>
      </Placemark>
      <Placemark>
        <name>جبل الاعس</name>
        <styleUrl>#icon-1899-DB4436-labelson-nodesc</styleUrl>
        <Point>
          <coordinates>
            41.301363,20.946486,0
          </coordinates>
        </Point>
      </Placemark>
      <Placemark>
        <name>جبل الاغراف</name>
        <styleUrl>#icon-1899-DB4436-labelson-nodesc</styleUrl>
        <Point>
          <coordinates>
            40.603409,21.04517,0
          </coordinates>
        </Point>
      </Placemark>
      <Placemark>
        <name>جبل الافيقم</name>
        <styleUrl>#icon-1899-DB4436-labelson-nodesc</styleUrl>
        <Point>
          <coordinates>
            39.836769,21.765804,0
          </coordinates>
        </Point>
      </Placemark>
      <Placemark>
        <name>جبل الاقربان</name>
        <styleUrl>#icon-1899-DB4436-labelson-nodesc</styleUrl>
        <Point>
          <coordinates>
            39.719353,21.984673,0
          </coordinates>
        </Point>
      </Placemark>
      <Placemark>
        <name>جبل الاكموم</name>
        <styleUrl>#icon-1899-DB4436-labelson-nodesc</styleUrl>
        <Point>
          <coordinates>
            41.950264,22.7841,0
          </coordinates>
        </Point>
      </Placemark>
      <Placemark>
        <name>جبل الاكيميم</name>
        <styleUrl>#icon-1899-DB4436-labelson-nodesc</styleUrl>
        <Point>
          <coordinates>
            41.912155,22.818947,0
          </coordinates>
        </Point>
      </Placemark>
      <Placemark>
        <name>جبل الاوقع</name>
        <styleUrl>#icon-1899-DB4436-labelson-nodesc</styleUrl>
        <Point>
          <coordinates>
            39.812565,22.968807,0
          </coordinates>
        </Point>
      </Placemark>
      <Placemark>
        <name>جبل البارود</name>
        <styleUrl>#icon-1899-DB4436-labelson-nodesc</styleUrl>
        <Point>
          <coordinates>
            41.490641,20.701203,0
          </coordinates>
        </Point>
      </Placemark>
      <Placemark>
        <name>جبل البتراء</name>
        <styleUrl>#icon-1899-DB4436-labelson-nodesc</styleUrl>
        <Point>
          <coordinates>
            39.648972,22.733803,0
          </coordinates>
        </Point>
      </Placemark>
      <Placemark>
        <name>جبل البرث</name>
        <styleUrl>#icon-1899-DB4436-labelson-nodesc</styleUrl>
        <Point>
          <coordinates>
            40.938492,21.641006,0
          </coordinates>
        </Point>
      </Placemark>
      <Placemark>
        <name>جبل البريقة</name>
        <styleUrl>#icon-1899-DB4436-labelson-nodesc</styleUrl>
        <Point>
          <coordinates>
            39.352856,21.79018,0
          </coordinates>
        </Point>
      </Placemark>
      <Placemark>
        <name>جبل البطيحة</name>
        <styleUrl>#icon-1899-DB4436-labelson-nodesc</styleUrl>
        <Point>
          <coordinates>
            41.401634,22.93396,0
          </coordinates>
        </Point>
      </Placemark>
      <Placemark>
        <name>جبل البطيحة</name>
        <styleUrl>#icon-1899-DB4436-labelson-nodesc</styleUrl>
        <Point>
          <coordinates>
            41.402493,22.951813,0
          </coordinates>
        </Point>
      </Placemark>
      <Placemark>
        <name>جبل البيضاء</name>
        <styleUrl>#icon-1899-DB4436-labelson-nodesc</styleUrl>
        <Point>
          <coordinates>
            40.840967,20.88398,0
          </coordinates>
        </Point>
      </Placemark>
      <Placemark>
        <name>جبل التغذوه</name>
        <styleUrl>#icon-1899-DB4436-labelson-nodesc</styleUrl>
        <Point>
          <coordinates>
            42.871614,21.281762,0
          </coordinates>
        </Point>
      </Placemark>
      <Placemark>
        <name>جبل التمرية</name>
        <styleUrl>#icon-1899-DB4436-labelson-nodesc</styleUrl>
        <Point>
          <coordinates>
            39.319897,21.898327,0
          </coordinates>
        </Point>
      </Placemark>
      <Placemark>
        <name>جبل التيس</name>
        <styleUrl>#icon-1899-DB4436-labelson-nodesc</styleUrl>
        <Point>
          <coordinates>
            40.246396,21.112504,0
          </coordinates>
        </Point>
      </Placemark>
      <Placemark>
        <name>جبل التيس</name>
        <styleUrl>#icon-1899-DB4436-labelson-nodesc</styleUrl>
        <Point>
          <coordinates>
            41.122684,20.682106,0
          </coordinates>
        </Point>
      </Placemark>
      <Placemark>
        <name>جبل التيس</name>
        <styleUrl>#icon-1899-DB4436-labelson-nodesc</styleUrl>
        <Point>
          <coordinates>
            42.442009,21.21902,0
          </coordinates>
        </Point>
      </Placemark>
      <Placemark>
        <name>جبل الثمرة</name>
        <styleUrl>#icon-1899-DB4436-labelson-nodesc</styleUrl>
        <Point>
          <coordinates>
            41.219931,20.57559,0
          </coordinates>
        </Point>
      </Placemark>
      <Placemark>
        <name>جبل الجايف</name>
        <styleUrl>#icon-1899-DB4436-labelson-nodesc</styleUrl>
        <Point>
          <coordinates>
            40.864162,20.837781,0
          </coordinates>
        </Point>
      </Placemark>
      <Placemark>
        <name>جبل الجبلة</name>
        <styleUrl>#icon-1899-DB4436-labelson-nodesc</styleUrl>
        <Point>
          <coordinates>
            39.860287,23.020821,0
          </coordinates>
        </Point>
      </Placemark>
      <Placemark>
        <name>جبل الجبيل</name>
        <styleUrl>#icon-1899-DB4436-labelson-nodesc</styleUrl>
        <Point>
          <coordinates>
            39.031162,23.223381,0
          </coordinates>
        </Point>
      </Placemark>
      <Placemark>
        <name>جبل الجديب</name>
        <styleUrl>#icon-1899-DB4436-labelson-nodesc</styleUrl>
        <Point>
          <coordinates>
            39.443429,22.133546,0
          </coordinates>
        </Point>
      </Placemark>
      <Placemark>
        <name>جبل الجذع</name>
        <styleUrl>#icon-1899-DB4436-labelson-nodesc</styleUrl>
        <Point>
          <coordinates>
            39.564343,21.325665,0
          </coordinates>
        </Point>
      </Placemark>
      <Placemark>
        <name>جبل الجلحاء</name>
        <styleUrl>#icon-1899-DB4436-labelson-nodesc</styleUrl>
        <Point>
          <coordinates>
            41.527805,21.210308,0
          </coordinates>
        </Point>
      </Placemark>
      <Placemark>
        <name>جبل الجماء</name>
        <styleUrl>#icon-1899-DB4436-labelson-nodesc</styleUrl>
        <Point>
          <coordinates>
            42.848268,21.147223,0
          </coordinates>
        </Point>
      </Placemark>
      <Placemark>
        <name>جبل الجمره</name>
        <styleUrl>#icon-1899-DB4436-labelson-nodesc</styleUrl>
        <Point>
          <coordinates>
            40.872767,20.836515,0
          </coordinates>
        </Point>
      </Placemark>
      <Placemark>
        <name>جبل الجمل</name>
        <styleUrl>#icon-1899-DB4436-labelson-nodesc</styleUrl>
        <Point>
          <coordinates>
            40.257769,21.27305,0
          </coordinates>
        </Point>
      </Placemark>
      <Placemark>
        <name>جبل الحباشي</name>
        <styleUrl>#icon-1899-DB4436-labelson-nodesc</styleUrl>
        <Point>
          <coordinates>
            41.062453,20.891898,0
          </coordinates>
        </Point>
      </Placemark>
      <Placemark>
        <name>جبل الحباشي</name>
        <styleUrl>#icon-1899-DB4436-labelson-nodesc</styleUrl>
        <Point>
          <coordinates>
            42.15924,21.155076,0
          </coordinates>
        </Point>
      </Placemark>
      <Placemark>
        <name>جبل الحجاجية</name>
        <styleUrl>#icon-1899-DB4436-labelson-nodesc</styleUrl>
        <Point>
          <coordinates>
            40.597572,22.300529,0
          </coordinates>
        </Point>
      </Placemark>
      <Placemark>
        <name>جبل الحرشاء</name>
        <styleUrl>#icon-1899-DB4436-labelson-nodesc</styleUrl>
        <Point>
          <coordinates>
            40.788116,22.628574,0
          </coordinates>
        </Point>
      </Placemark>
      <Placemark>
        <name>جبل الحشرز</name>
        <styleUrl>#icon-1899-DB4436-labelson-nodesc</styleUrl>
        <Point>
          <coordinates>
            39.385986,22.993526,0
          </coordinates>
        </Point>
      </Placemark>
      <Placemark>
        <name>جبل الحلاة</name>
        <styleUrl>#icon-1899-DB4436-labelson-nodesc</styleUrl>
        <Point>
          <coordinates>
            40.669949,21.375103,0
          </coordinates>
        </Point>
      </Placemark>
      <Placemark>
        <name>جبل الحلاة</name>
        <styleUrl>#icon-1899-DB4436-labelson-nodesc</styleUrl>
        <Point>
          <coordinates>
            40.912249,20.457594,0
          </coordinates>
        </Point>
      </Placemark>
      <Placemark>
        <name>جبل الحمر</name>
        <styleUrl>#icon-1899-DB4436-labelson-nodesc</styleUrl>
        <Point>
          <coordinates>
            39.612408,22.477684,0
          </coordinates>
        </Point>
      </Placemark>
      <Placemark>
        <name>جبل الحمراء</name>
        <styleUrl>#icon-1899-DB4436-labelson-nodesc</styleUrl>
        <Point>
          <coordinates>
            39.935646,21.47501,0
          </coordinates>
        </Point>
      </Placemark>
      <Placemark>
        <name>جبل الحمراء</name>
        <styleUrl>#icon-1899-DB4436-labelson-nodesc</styleUrl>
        <Point>
          <coordinates>
            40.80687,21.099629,0
          </coordinates>
        </Point>
      </Placemark>
      <Placemark>
        <name>جبل الخرم والثنية</name>
        <styleUrl>#icon-1899-DB4436-labelson-nodesc</styleUrl>
        <Point>
          <coordinates>
            40.362911,21.508312,0
          </coordinates>
        </Point>
      </Placemark>
      <Placemark>
        <name>جبل الخشب</name>
        <styleUrl>#icon-1899-DB4436-labelson-nodesc</styleUrl>
        <Point>
          <coordinates>
            41.147575,21.124992,0
          </coordinates>
        </Point>
      </Placemark>
      <Placemark>
        <name>جبل الخشناء</name>
        <styleUrl>#icon-1899-DB4436-labelson-nodesc</styleUrl>
        <Point>
          <coordinates>
            40.839293,20.946765,0
          </coordinates>
        </Point>
      </Placemark>
      <Placemark>
        <name>جبل الخل</name>
        <styleUrl>#icon-1899-DB4436-labelson-nodesc</styleUrl>
        <Point>
          <coordinates>
            41.952152,21.536636,0
          </coordinates>
        </Point>
      </Placemark>
      <Placemark>
        <name>جبل الخلاء</name>
        <styleUrl>#icon-1899-DB4436-labelson-nodesc</styleUrl>
        <Point>
          <coordinates>
            41.466222,21.349118,0
          </coordinates>
        </Point>
      </Placemark>
      <Placemark>
        <name>جبل الخيالة</name>
        <styleUrl>#icon-1899-DB4436-labelson-nodesc</styleUrl>
        <Point>
          <coordinates>
            41.350565,20.826623,0
          </coordinates>
        </Point>
      </Placemark>
      <Placemark>
        <name>جبل الدار قرية اثريه</name>
        <styleUrl>#icon-1899-DB4436-labelson-nodesc</styleUrl>
        <Point>
          <coordinates>
            40.49861,21.175675,0
          </coordinates>
        </Point>
      </Placemark>
      <Placemark>
        <name>جبل الدرج</name>
        <styleUrl>#icon-1899-DB4436-labelson-nodesc</styleUrl>
        <Point>
          <coordinates>
            39.765186,21.388149,0
          </coordinates>
        </Point>
      </Placemark>
      <Placemark>
        <name>جبل الدف</name>
        <styleUrl>#icon-1899-DB4436-labelson-nodesc</styleUrl>
        <Point>
          <coordinates>
            39.32436,22.707195,0
          </coordinates>
        </Point>
      </Placemark>
      <Placemark>
        <name>جبل الدهماء</name>
        <styleUrl>#icon-1899-DB4436-labelson-nodesc</styleUrl>
        <Point>
          <coordinates>
            42.742267,21.347744,0
          </coordinates>
        </Point>
      </Placemark>
      <Placemark>
        <name>جبل الذيبة</name>
        <styleUrl>#icon-1899-DB4436-labelson-nodesc</styleUrl>
        <Point>
          <coordinates>
            42.274725,21.627789,0
          </coordinates>
        </Point>
      </Placemark>
      <Placemark>
        <name>جبل الربدي</name>
        <styleUrl>#icon-1899-DB4436-labelson-nodesc</styleUrl>
        <Point>
          <coordinates>
            39.897537,22.093163,0
          </coordinates>
        </Point>
      </Placemark>
      <Placemark>
        <name>جبل الرحمة</name>
        <styleUrl>#icon-1899-DB4436-labelson-nodesc</styleUrl>
        <Point>
          <coordinates>
            39.984012,21.354804,0
          </coordinates>
        </Point>
      </Placemark>
      <Placemark>
        <name>جبل الرحية</name>
        <styleUrl>#icon-1899-DB4436-labelson-nodesc</styleUrl>
        <Point>
          <coordinates>
            40.88738,20.941164,0
          </coordinates>
        </Point>
      </Placemark>
      <Placemark>
        <name>جبل الرداة</name>
        <styleUrl>#icon-1899-DB4436-labelson-nodesc</styleUrl>
        <Point>
          <coordinates>
            40.603409,21.274166,0
          </coordinates>
        </Point>
      </Placemark>
      <Placemark>
        <name>جبل الرشادة</name>
        <styleUrl>#icon-1899-DB4436-labelson-nodesc</styleUrl>
        <Point>
          <coordinates>
            40.577316,22.515965,0
          </coordinates>
        </Point>
      </Placemark>
      <Placemark>
        <name>جبل الرقيبه</name>
        <styleUrl>#icon-1899-DB4436-labelson-nodesc</styleUrl>
        <Point>
          <coordinates>
            39.523809,21.182349,0
          </coordinates>
        </Point>
      </Placemark>
      <Placemark>
        <name>جبل الروضة</name>
        <styleUrl>#icon-1899-DB4436-labelson-nodesc</styleUrl>
        <Point>
          <coordinates>
            40.517406,21.694565,0
          </coordinates>
        </Point>
      </Placemark>
      <Placemark>
        <name>جبل الزوفر</name>
        <styleUrl>#icon-1899-DB4436-labelson-nodesc</styleUrl>
        <Point>
          <coordinates>
            42.075148,20.793707,0
          </coordinates>
        </Point>
      </Placemark>
      <Placemark>
        <name>جبل الزويبنات</name>
        <styleUrl>#icon-1899-DB4436-labelson-nodesc</styleUrl>
        <Point>
          <coordinates>
            39.704075,21.479473,0
          </coordinates>
        </Point>
      </Placemark>
      <Placemark>
        <name>جبل السرب</name>
        <styleUrl>#icon-1899-DB4436-labelson-nodesc</styleUrl>
        <Point>
          <coordinates>
            41.077752,20.626938,0
          </coordinates>
        </Point>
      </Placemark>
      <Placemark>
        <name>جبل السرحي</name>
        <styleUrl>#icon-1899-DB4436-labelson-nodesc</styleUrl>
        <Point>
          <coordinates>
            41.282158,22.792511,0
          </coordinates>
        </Point>
      </Placemark>
      <Placemark>
        <name>جبل السطيحة</name>
        <styleUrl>#icon-1899-DB4436-labelson-nodesc</styleUrl>
        <Point>
          <coordinates>
            39.260674,23.109226,0
          </coordinates>
        </Point>
      </Placemark>
      <Placemark>
        <name>جبل السلع</name>
        <styleUrl>#icon-1899-DB4436-labelson-nodesc</styleUrl>
        <Point>
          <coordinates>
            41.014195,21.034527,0
          </coordinates>
        </Point>
      </Placemark>
      <Placemark>
        <name>جبل السليل</name>
        <styleUrl>#icon-1899-DB4436-labelson-nodesc</styleUrl>
        <Point>
          <coordinates>
            40.851202,20.881855,0
          </coordinates>
        </Point>
      </Placemark>
      <Placemark>
        <name>جبل السوق</name>
        <styleUrl>#icon-1899-DB4436-labelson-nodesc</styleUrl>
        <Point>
          <coordinates>
            41.05859,20.23407,0
          </coordinates>
        </Point>
      </Placemark>
      <Placemark>
        <name>جبل السيسد</name>
        <styleUrl>#icon-1899-DB4436-labelson-nodesc</styleUrl>
        <Point>
          <coordinates>
            41.374512,22.004929,0
          </coordinates>
        </Point>
      </Placemark>
      <Placemark>
        <name>جبل الشبيعان</name>
        <styleUrl>#icon-1899-DB4436-labelson-nodesc</styleUrl>
        <Point>
          <coordinates>
            39.780808,22.398891,0
          </coordinates>
        </Point>
      </Placemark>
      <Placemark>
        <name>جبل الشخنوب</name>
        <styleUrl>#icon-1899-DB4436-labelson-nodesc</styleUrl>
        <Point>
          <coordinates>
            41.016254,22.581024,0
          </coordinates>
        </Point>
      </Placemark>
      <Placemark>
        <name>جبل الشقؤاء</name>
        <styleUrl>#icon-1899-DB4436-labelson-nodesc</styleUrl>
        <Point>
          <coordinates>
            41.325738,23.481259,0
          </coordinates>
        </Point>
      </Placemark>
      <Placemark>
        <name>جبل الشقراء</name>
        <styleUrl>#icon-1899-DB4436-labelson-nodesc</styleUrl>
        <Point>
          <coordinates>
            43.404536,20.979016,0
          </coordinates>
        </Point>
      </Placemark>
      <Placemark>
        <name>جبل الشهباء</name>
        <styleUrl>#icon-1899-DB4436-labelson-nodesc</styleUrl>
        <Point>
          <coordinates>
            39.401779,22.474594,0
          </coordinates>
        </Point>
      </Placemark>
      <Placemark>
        <name>جبل الشهيباء</name>
        <styleUrl>#icon-1899-DB4436-labelson-nodesc</styleUrl>
        <Point>
          <coordinates>
            41.272888,22.562313,0
          </coordinates>
        </Point>
      </Placemark>
      <Placemark>
        <name>جبل الشهيلاء</name>
        <styleUrl>#icon-1899-DB4436-labelson-nodesc</styleUrl>
        <Point>
          <coordinates>
            42.985339,22.698398,0
          </coordinates>
        </Point>
      </Placemark>
      <Placemark>
        <name>جبل الصالح</name>
        <styleUrl>#icon-1899-DB4436-labelson-nodesc</styleUrl>
        <Point>
          <coordinates>
            40.589633,21.466877,0
          </coordinates>
        </Point>
      </Placemark>
      <Placemark>
        <name>جبل الصباخي</name>
        <styleUrl>#icon-1899-DB4436-labelson-nodesc</styleUrl>
        <Point>
          <coordinates>
            40.891585,20.71631,0
          </coordinates>
        </Point>
      </Placemark>
      <Placemark>
        <name>جبل الصخرة</name>
        <styleUrl>#icon-1899-DB4436-labelson-nodesc</styleUrl>
        <Point>
          <coordinates>
            40.88047,21.16396,0
          </coordinates>
        </Point>
      </Placemark>
      <Placemark>
        <name>جبل الصفران</name>
        <styleUrl>#icon-1899-DB4436-labelson-nodesc</styleUrl>
        <Point>
          <coordinates>
            39.667339,22.351685,0
          </coordinates>
        </Point>
      </Placemark>
      <Placemark>
        <name>جبل الضلع</name>
        <styleUrl>#icon-1899-DB4436-labelson-nodesc</styleUrl>
        <Point>
          <coordinates>
            39.895306,20.891705,0
          </coordinates>
        </Point>
      </Placemark>
      <Placemark>
        <name>جبل الضيق</name>
        <styleUrl>#icon-1899-DB4436-labelson-nodesc</styleUrl>
        <Point>
          <coordinates>
            40.955229,20.917625,0
          </coordinates>
        </Point>
      </Placemark>
      <Placemark>
        <name>جبل الضيمران</name>
        <styleUrl>#icon-1899-DB4436-labelson-nodesc</styleUrl>
        <Point>
          <coordinates>
            39.506471,21.511981,0
          </coordinates>
        </Point>
      </Placemark>
      <Placemark>
        <name>جبل الطارفي</name>
        <styleUrl>#icon-1899-DB4436-labelson-nodesc</styleUrl>
        <Point>
          <coordinates>
            39.937363,21.438789,0
          </coordinates>
        </Point>
      </Placemark>
      <Placemark>
        <name>جبل الطراة</name>
        <styleUrl>#icon-1899-DB4436-labelson-nodesc</styleUrl>
        <Point>
          <coordinates>
            40.219059,22.225685,0
          </coordinates>
        </Point>
      </Placemark>
      <Placemark>
        <name>جبل الطنط</name>
        <styleUrl>#icon-1899-DB4436-labelson-nodesc</styleUrl>
        <Point>
          <coordinates>
            42.290368,20.407083,0
          </coordinates>
        </Point>
      </Placemark>
      <Placemark>
        <name>جبل الطويل</name>
        <styleUrl>#icon-1899-DB4436-labelson-nodesc</styleUrl>
        <Point>
          <coordinates>
            40.457776,21.102784,0
          </coordinates>
        </Point>
      </Placemark>
      <Placemark>
        <name>جبل العاصد</name>
        <styleUrl>#icon-1899-DB4436-labelson-nodesc</styleUrl>
        <Point>
          <coordinates>
            40.147133,22.504807,0
          </coordinates>
        </Point>
      </Placemark>
      <Placemark>
        <name>جبل العاقر</name>
        <styleUrl>#icon-1899-DB4436-labelson-nodesc</styleUrl>
        <Point>
          <coordinates>
            39.556789,22.38739,0
          </coordinates>
        </Point>
      </Placemark>
      <Placemark>
        <name>جبل العتمور</name>
        <styleUrl>#icon-1899-DB4436-labelson-nodesc</styleUrl>
        <Point>
          <coordinates>
            40.863476,20.71337,0
          </coordinates>
        </Point>
      </Placemark>
      <Placemark>
        <name>جبل العدفه</name>
        <styleUrl>#icon-1899-DB4436-labelson-nodesc</styleUrl>
        <Point>
          <coordinates>
            40.277939,21.097677,0
          </coordinates>
        </Point>
      </Placemark>
      <Placemark>
        <name>جبل العرفاء</name>
        <styleUrl>#icon-1899-DB4436-labelson-nodesc</styleUrl>
        <Point>
          <coordinates>
            40.502987,21.006889,0
          </coordinates>
        </Point>
      </Placemark>
      <Placemark>
        <name>جبل العصيدة</name>
        <styleUrl>#icon-1899-DB4436-labelson-nodesc</styleUrl>
        <Point>
          <coordinates>
            41.068032,20.627668,0
          </coordinates>
        </Point>
      </Placemark>
      <Placemark>
        <name>جبل العقفاء</name>
        <styleUrl>#icon-1899-DB4436-labelson-nodesc</styleUrl>
        <Point>
          <coordinates>
            39.916248,21.547279,0
          </coordinates>
        </Point>
      </Placemark>
      <Placemark>
        <name>جبل العلية</name>
        <styleUrl>#icon-1899-DB4436-labelson-nodesc</styleUrl>
        <Point>
          <coordinates>
            40.424194,22.108612,0
          </coordinates>
        </Point>
      </Placemark>
      <Placemark>
        <name>جبل العمار ابو درعه</name>
        <styleUrl>#icon-1899-DB4436-labelson-nodesc</styleUrl>
        <Point>
          <coordinates>
            41.148369,21.180589,0
          </coordinates>
        </Point>
      </Placemark>
      <Placemark>
        <name>جبل العمار الاسود</name>
        <styleUrl>#icon-1899-DB4436-labelson-nodesc</styleUrl>
        <Point>
          <coordinates>
            41.158047,21.21563,0
          </coordinates>
        </Point>
      </Placemark>
      <Placemark>
        <name>جبل العمرة</name>
        <styleUrl>#icon-1899-DB4436-labelson-nodesc</styleUrl>
        <Point>
          <coordinates>
            39.810677,21.47501,0
          </coordinates>
        </Point>
      </Placemark>
      <Placemark>
        <name>جبل الغدير</name>
        <styleUrl>#icon-1899-DB4436-labelson-nodesc</styleUrl>
        <Point>
          <coordinates>
            39.209261,22.750432,0
          </coordinates>
        </Point>
      </Placemark>
      <Placemark>
        <name>جبل الغراب</name>
        <styleUrl>#icon-1899-DB4436-labelson-nodesc</styleUrl>
        <Point>
          <coordinates>
            40.866222,21.286354,0
          </coordinates>
        </Point>
      </Placemark>
      <Placemark>
        <name>جبل الغراب</name>
        <styleUrl>#icon-1899-DB4436-labelson-nodesc</styleUrl>
        <Point>
          <coordinates>
            40.881672,21.058216,0
          </coordinates>
        </Point>
      </Placemark>
      <Placemark>
        <name>جبل الغرايب</name>
        <styleUrl>#icon-1899-DB4436-labelson-nodesc</styleUrl>
        <Point>
          <coordinates>
            39.722872,21.122782,0
          </coordinates>
        </Point>
      </Placemark>
      <Placemark>
        <name>جبل الغربان</name>
        <styleUrl>#icon-1899-DB4436-labelson-nodesc</styleUrl>
        <Point>
          <coordinates>
            40.982308,21.264102,0
          </coordinates>
        </Point>
      </Placemark>
      <Placemark>
        <name>جبل الغصغص</name>
        <styleUrl>#icon-1899-DB4436-labelson-nodesc</styleUrl>
        <Point>
          <coordinates>
            41.230488,21.061306,0
          </coordinates>
        </Point>
      </Placemark>
      <Placemark>
        <name>جبل الغمري</name>
        <styleUrl>#icon-1899-DB4436-labelson-nodesc</styleUrl>
        <Point>
          <coordinates>
            39.38324,22.716637,0
          </coordinates>
        </Point>
      </Placemark>
      <Placemark>
        <name>جبل الفراة</name>
        <styleUrl>#icon-1899-DB4436-labelson-nodesc</styleUrl>
        <Point>
          <coordinates>
            39.75626,22.425842,0
          </coordinates>
        </Point>
      </Placemark>
      <Placemark>
        <name>جبل الفرة</name>
        <styleUrl>#icon-1899-DB4436-labelson-nodesc</styleUrl>
        <Point>
          <coordinates>
            42.108901,20.90503,0
          </coordinates>
        </Point>
      </Placemark>
      <Placemark>
        <name>جبل الفرس</name>
        <styleUrl>#icon-1899-DB4436-labelson-nodesc</styleUrl>
        <Point>
          <coordinates>
            39.957962,22.460175,0
          </coordinates>
        </Point>
      </Placemark>
      <Placemark>
        <name>جبل الفضة</name>
        <styleUrl>#icon-1899-DB4436-labelson-nodesc</styleUrl>
        <Point>
          <coordinates>
            39.774971,22.840576,0
          </coordinates>
        </Point>
      </Placemark>
      <Placemark>
        <name>جبل الفقرة</name>
        <styleUrl>#icon-1899-DB4436-labelson-nodesc</styleUrl>
        <Point>
          <coordinates>
            40.799789,21.208591,0
          </coordinates>
        </Point>
      </Placemark>
      <Placemark>
        <name>جبل الفية</name>
        <styleUrl>#icon-1899-DB4436-labelson-nodesc</styleUrl>
        <Point>
          <coordinates>
            39.978068,21.493399,0
          </coordinates>
        </Point>
      </Placemark>
      <Placemark>
        <name>جبل القحم</name>
        <styleUrl>#icon-1899-DB4436-labelson-nodesc</styleUrl>
        <Point>
          <coordinates>
            39.668884,22.470646,0
          </coordinates>
        </Point>
      </Placemark>
      <Placemark>
        <name>جبل القرن</name>
        <styleUrl>#icon-1899-DB4436-labelson-nodesc</styleUrl>
        <Point>
          <coordinates>
            41.285591,22.625999,0
          </coordinates>
        </Point>
      </Placemark>
      <Placemark>
        <name>جبل القرن</name>
        <styleUrl>#icon-1899-DB4436-labelson-nodesc</styleUrl>
        <Point>
          <coordinates>
            40.546417,21.360683,0
          </coordinates>
        </Point>
      </Placemark>
      <Placemark>
        <name>جبل القرن</name>
        <styleUrl>#icon-1899-DB4436-labelson-nodesc</styleUrl>
        <Point>
          <coordinates>
            40.861309,20.625029,0
          </coordinates>
        </Point>
      </Placemark>
      <Placemark>
        <name>جبل القرن الاحمر</name>
        <styleUrl>#icon-1899-DB4436-labelson-nodesc</styleUrl>
        <Point>
          <coordinates>
            40.098038,22.049732,0
          </coordinates>
        </Point>
      </Placemark>
      <Placemark>
        <name>جبل القرى</name>
        <styleUrl>#icon-1899-DB4436-labelson-nodesc</styleUrl>
        <Point>
          <coordinates>
            40.86957,20.623591,0
          </coordinates>
        </Point>
      </Placemark>
      <Placemark>
        <name>جبل القرين</name>
        <styleUrl>#icon-1899-DB4436-labelson-nodesc</styleUrl>
        <Point>
          <coordinates>
            40.61903,22.450733,0
          </coordinates>
        </Point>
      </Placemark>
      <Placemark>
        <name>جبل القرين</name>
        <styleUrl>#icon-1899-DB4436-labelson-nodesc</styleUrl>
        <Point>
          <coordinates>
            39.571037,21.671734,0
          </coordinates>
        </Point>
      </Placemark>
      <Placemark>
        <name>جبل القعساء</name>
        <styleUrl>#icon-1899-DB4436-labelson-nodesc</styleUrl>
        <Point>
          <coordinates>
            40.217771,21.283886,0
          </coordinates>
        </Point>
      </Placemark>
      <Placemark>
        <name>جبل القليب</name>
        <styleUrl>#icon-1899-DB4436-labelson-nodesc</styleUrl>
        <Point>
          <coordinates>
            41.09333,22.773972,0
          </coordinates>
        </Point>
      </Placemark>
      <Placemark>
        <name>جبل القميعة</name>
        <styleUrl>#icon-1899-DB4436-labelson-nodesc</styleUrl>
        <Point>
          <coordinates>
            42.816746,20.96185,0
          </coordinates>
        </Point>
      </Placemark>
      <Placemark>
        <name>جبل القنة</name>
        <styleUrl>#icon-1899-DB4436-labelson-nodesc</styleUrl>
        <Point>
          <coordinates>
            39.519539,23.030949,0
          </coordinates>
        </Point>
      </Placemark>
      <Placemark>
        <name>جبل القنة</name>
        <styleUrl>#icon-1899-DB4436-labelson-nodesc</styleUrl>
        <Point>
          <coordinates>
            39.807072,22.745755,0
          </coordinates>
        </Point>
      </Placemark>
      <Placemark>
        <name>جبل القنه</name>
        <styleUrl>#icon-1899-DB4436-labelson-nodesc</styleUrl>
        <Point>
          <coordinates>
            40.48346,21.235049,0
          </coordinates>
        </Point>
      </Placemark>
      <Placemark>
        <name>جبل القوس</name>
        <styleUrl>#icon-1899-DB4436-labelson-nodesc</styleUrl>
        <Point>
          <coordinates>
            39.883976,21.431408,0
          </coordinates>
        </Point>
      </Placemark>
      <Placemark>
        <name>جبل القوس</name>
        <styleUrl>#icon-1899-DB4436-labelson-nodesc</styleUrl>
        <Point>
          <coordinates>
            40.308988,21.167007,0
          </coordinates>
        </Point>
      </Placemark>
      <Placemark>
        <name>جبل الكتفاء</name>
        <styleUrl>#icon-1899-DB4436-labelson-nodesc</styleUrl>
        <Point>
          <coordinates>
            39.469929,22.217617,0
          </coordinates>
        </Point>
      </Placemark>
      <Placemark>
        <name>جبل الكثل</name>
        <styleUrl>#icon-1899-DB4436-labelson-nodesc</styleUrl>
        <Point>
          <coordinates>
            41.979275,21.157265,0
          </coordinates>
        </Point>
      </Placemark>
      <Placemark>
        <name>جبل الكحل</name>
        <styleUrl>#icon-1899-DB4436-labelson-nodesc</styleUrl>
        <Point>
          <coordinates>
            39.609318,21.985702,0
          </coordinates>
        </Point>
      </Placemark>
      <Placemark>
        <name>جبل الكشلي</name>
        <styleUrl>#icon-1899-DB4436-labelson-nodesc</styleUrl>
        <Point>
          <coordinates>
            40.766358,21.135786,0
          </coordinates>
        </Point>
      </Placemark>
      <Placemark>
        <name>جبل الكهف</name>
        <styleUrl>#icon-1899-DB4436-labelson-nodesc</styleUrl>
        <Point>
          <coordinates>
            40.652504,22.262421,0
          </coordinates>
        </Point>
      </Placemark>
      <Placemark>
        <name>جبل اللابة</name>
        <styleUrl>#icon-1899-DB4436-labelson-nodesc</styleUrl>
        <Point>
          <coordinates>
            41.209373,22.550297,0
          </coordinates>
        </Point>
      </Placemark>
      <Placemark>
        <name>جبل اللاحة</name>
        <styleUrl>#icon-1899-DB4436-labelson-nodesc</styleUrl>
        <Point>
          <coordinates>
            40.957611,21.106689,0
          </coordinates>
        </Point>
      </Placemark>
      <Placemark>
        <name>جبل اللحيان</name>
        <styleUrl>#icon-1899-DB4436-labelson-nodesc</styleUrl>
        <Point>
          <coordinates>
            41.157703,22.949066,0
          </coordinates>
        </Point>
      </Placemark>
      <Placemark>
        <name>جبل اللوية</name>
        <styleUrl>#icon-1899-DB4436-labelson-nodesc</styleUrl>
        <Point>
          <coordinates>
            40.621433,21.000538,0
          </coordinates>
        </Point>
      </Placemark>
      <Placemark>
        <name>جبل المجنون</name>
        <styleUrl>#icon-1899-DB4436-labelson-nodesc</styleUrl>
        <Point>
          <coordinates>
            39.802952,22.499313,0
          </coordinates>
        </Point>
      </Placemark>
      <Placemark>
        <name>جبل المحرق</name>
        <styleUrl>#icon-1899-DB4436-labelson-nodesc</styleUrl>
        <Point>
          <coordinates>
            41.495018,21.241207,0
          </coordinates>
        </Point>
      </Placemark>
      <Placemark>
        <name>جبل المدراء</name>
        <styleUrl>#icon-1899-DB4436-labelson-nodesc</styleUrl>
        <Point>
          <coordinates>
            40.553799,22.463093,0
          </coordinates>
        </Point>
      </Placemark>
      <Placemark>
        <name>جبل المدره الجنوبي</name>
        <styleUrl>#icon-1899-DB4436-labelson-nodesc</styleUrl>
        <Point>
          <coordinates>
            40.841954,20.147059,0
          </coordinates>
        </Point>
      </Placemark>
      <Placemark>
        <name>جبل المدره الشمالي</name>
        <styleUrl>#icon-1899-DB4436-labelson-nodesc</styleUrl>
        <Point>
          <coordinates>
            40.823801,20.161092,0
          </coordinates>
        </Point>
      </Placemark>
      <Placemark>
        <name>جبل المدري</name>
        <styleUrl>#icon-1899-DB4436-labelson-nodesc</styleUrl>
        <Point>
          <coordinates>
            41.028099,22.810364,0
          </coordinates>
        </Point>
      </Placemark>
      <Placemark>
        <name>جبل المدويعر</name>
        <styleUrl>#icon-1899-DB4436-labelson-nodesc</styleUrl>
        <Point>
          <coordinates>
            41.361809,23.069572,0
          </coordinates>
        </Point>
      </Placemark>
      <Placemark>
        <name>جبل المرقاب</name>
        <styleUrl>#icon-1899-DB4436-labelson-nodesc</styleUrl>
        <Point>
          <coordinates>
            39.439888,23.018525,0
          </coordinates>
        </Point>
      </Placemark>
      <Placemark>
        <name>جبل المرمر</name>
        <styleUrl>#icon-1899-DB4436-labelson-nodesc</styleUrl>
        <Point>
          <coordinates>
            40.099754,22.003384,0
          </coordinates>
        </Point>
      </Placemark>
      <Placemark>
        <name>جبل المرو</name>
        <styleUrl>#icon-1899-DB4436-labelson-nodesc</styleUrl>
        <Point>
          <coordinates>
            39.822521,22.875938,0
          </coordinates>
        </Point>
      </Placemark>
      <Placemark>
        <name>جبل المريغة</name>
        <styleUrl>#icon-1899-DB4436-labelson-nodesc</styleUrl>
        <Point>
          <coordinates>
            41.402836,21.174946,0
          </coordinates>
        </Point>
      </Placemark>
      <Placemark>
        <name>جبل المريكية</name>
        <styleUrl>#icon-1899-DB4436-labelson-nodesc</styleUrl>
        <Point>
          <coordinates>
            39.895992,21.334591,0
          </coordinates>
        </Point>
      </Placemark>
      <Placemark>
        <name>جبل المسمى</name>
        <styleUrl>#icon-1899-DB4436-labelson-nodesc</styleUrl>
        <Point>
          <coordinates>
            40.542533,20.158668,0
          </coordinates>
        </Point>
      </Placemark>
      <Placemark>
        <name>جبل المصلوح</name>
        <styleUrl>#icon-1899-DB4436-labelson-nodesc</styleUrl>
        <Point>
          <coordinates>
            42.807476,21.350513,0
          </coordinates>
        </Point>
      </Placemark>
      <Placemark>
        <name>جبل المصلوخه</name>
        <styleUrl>#icon-1899-DB4436-labelson-nodesc</styleUrl>
        <Point>
          <coordinates>
            39.538529,21.96933,0
          </coordinates>
        </Point>
      </Placemark>
      <Placemark>
        <name>جبل المغيراء</name>
        <styleUrl>#icon-1899-DB4436-labelson-nodesc</styleUrl>
        <Point>
          <coordinates>
            41.927605,23.479156,0
          </coordinates>
        </Point>
      </Placemark>
      <Placemark>
        <name>جبل المقدم</name>
        <styleUrl>#icon-1899-DB4436-labelson-nodesc</styleUrl>
        <Point>
          <coordinates>
            39.451904,22.262421,0
          </coordinates>
        </Point>
      </Placemark>
      <Placemark>
        <name>جبل المقري</name>
        <styleUrl>#icon-1899-DB4436-labelson-nodesc</styleUrl>
        <Point>
          <coordinates>
            40.727134,20.525143,0
          </coordinates>
        </Point>
      </Placemark>
      <Placemark>
        <name>جبل الملح</name>
        <styleUrl>#icon-1899-DB4436-labelson-nodesc</styleUrl>
        <Point>
          <coordinates>
            39.898739,21.594486,0
          </coordinates>
        </Point>
      </Placemark>
      <Placemark>
        <name>جبل المليساء</name>
        <styleUrl>#icon-1899-DB4436-labelson-nodesc</styleUrl>
        <Point>
          <coordinates>
            41.022263,22.655869,0
          </coordinates>
        </Point>
      </Placemark>
      <Placemark>
        <name>جبل المليساء</name>
        <styleUrl>#icon-1899-DB4436-labelson-nodesc</styleUrl>
        <Point>
          <coordinates>
            39.306614,23.072662,0
          </coordinates>
        </Point>
      </Placemark>
      <Placemark>
        <name>جبل المندسة</name>
        <styleUrl>#icon-1899-DB4436-labelson-nodesc</styleUrl>
        <Point>
          <coordinates>
            39.745274,21.632788,0
          </coordinates>
        </Point>
      </Placemark>
      <Placemark>
        <name>جبل المنيبر</name>
        <styleUrl>#icon-1899-DB4436-labelson-nodesc</styleUrl>
        <Point>
          <coordinates>
            40.622635,22.046299,0
          </coordinates>
        </Point>
      </Placemark>
      <Placemark>
        <name>جبل الناطف</name>
        <styleUrl>#icon-1899-DB4436-labelson-nodesc</styleUrl>
        <Point>
          <coordinates>
            40.632248,20.60091,0
          </coordinates>
        </Point>
      </Placemark>
      <Placemark>
        <name>جبل النصال</name>
        <styleUrl>#icon-1899-DB4436-labelson-nodesc</styleUrl>
        <Point>
          <coordinates>
            40.27015,21.154089,0
          </coordinates>
        </Point>
      </Placemark>
      <Placemark>
        <name>جبل النصلة</name>
        <styleUrl>#icon-1899-DB4436-labelson-nodesc</styleUrl>
        <Point>
          <coordinates>
            40.984025,20.632474,0
          </coordinates>
        </Point>
      </Placemark>
      <Placemark>
        <name>جبل النطع</name>
        <styleUrl>#icon-1899-DB4436-labelson-nodesc</styleUrl>
        <Point>
          <coordinates>
            40.883045,21.083965,0
          </coordinates>
        </Point>
      </Placemark>
      <Placemark>
        <name>جبل النعامة</name>
        <styleUrl>#icon-1899-DB4436-labelson-nodesc</styleUrl>
        <Point>
          <coordinates>
            40.784984,20.43854,0
          </coordinates>
        </Point>
      </Placemark>
      <Placemark>
        <name>جبل النعش</name>
        <styleUrl>#icon-1899-DB4436-labelson-nodesc</styleUrl>
        <Point>
          <coordinates>
            42.818506,21.050169,0
          </coordinates>
        </Point>
      </Placemark>
      <Placemark>
        <name>جبل النعم</name>
        <styleUrl>#icon-1899-DB4436-labelson-nodesc</styleUrl>
        <Point>
          <coordinates>
            40.924587,21.058903,0
          </coordinates>
        </Point>
      </Placemark>
      <Placemark>
        <name>جبل النور</name>
        <styleUrl>#icon-1899-DB4436-labelson-nodesc</styleUrl>
        <Point>
          <coordinates>
            39.859085,21.457672,0
          </coordinates>
        </Point>
      </Placemark>
      <Placemark>
        <name>هضبة الحبشية</name>
        <styleUrl>#icon-1899-DB4436-labelson-nodesc</styleUrl>
        <Point>
          <coordinates>
            42.804,21.60013,0
          </coordinates>
        </Point>
      </Placemark>
      <Placemark>
        <name>جبل الهضاب</name>
        <styleUrl>#icon-1899-DB4436-labelson-nodesc</styleUrl>
        <Point>
          <coordinates>
            40.313323,21.149175,0
          </coordinates>
        </Point>
      </Placemark>
      <Placemark>
        <name>جبل الهضبة</name>
        <styleUrl>#icon-1899-DB4436-labelson-nodesc</styleUrl>
        <Point>
          <coordinates>
            39.593182,22.607632,0
          </coordinates>
        </Point>
      </Placemark>
      <Placemark>
        <name>جبل الهضبة</name>
        <styleUrl>#icon-1899-DB4436-labelson-nodesc</styleUrl>
        <Point>
          <coordinates>
            40.063534,22.130413,0
          </coordinates>
        </Point>
      </Placemark>
      <Placemark>
        <name>جبل الوشحاء</name>
        <styleUrl>#icon-1899-DB4436-labelson-nodesc</styleUrl>
        <Point>
          <coordinates>
            39.569664,22.345848,0
          </coordinates>
        </Point>
      </Placemark>
      <Placemark>
        <name>جبل الوعبة</name>
        <styleUrl>#icon-1899-DB4436-labelson-nodesc</styleUrl>
        <Point>
          <coordinates>
            41.132126,22.910099,0
          </coordinates>
        </Point>
      </Placemark>
      <Placemark>
        <name>جبل اليمانية</name>
        <styleUrl>#icon-1899-DB4436-labelson-nodesc</styleUrl>
        <Point>
          <coordinates>
            41.226196,22.799034,0
          </coordinates>
        </Point>
      </Placemark>
      <Placemark>
        <name>جبل ام اذن</name>
        <styleUrl>#icon-1899-DB4436-labelson-nodesc</styleUrl>
        <Point>
          <coordinates>
            42.835071,21.322339,0
          </coordinates>
        </Point>
      </Placemark>
      <Placemark>
        <name>جبل ام اصبع</name>
        <styleUrl>#icon-1899-DB4436-labelson-nodesc</styleUrl>
        <Point>
          <coordinates>
            41.087322,22.656212,0
          </coordinates>
        </Point>
      </Placemark>
      <Placemark>
        <name>جبل ام اصبع</name>
        <styleUrl>#icon-1899-DB4436-labelson-nodesc</styleUrl>
        <Point>
          <coordinates>
            41.170685,22.832272,0
          </coordinates>
        </Point>
      </Placemark>
      <Placemark>
        <name>جبل ام الريش</name>
        <styleUrl>#icon-1899-DB4436-labelson-nodesc</styleUrl>
        <Point>
          <coordinates>
            40.265279,21.278071,0
          </coordinates>
        </Point>
      </Placemark>
      <Placemark>
        <name>جبل ام الريلان</name>
        <styleUrl>#icon-1899-DB4436-labelson-nodesc</styleUrl>
        <Point>
          <coordinates>
            41.160986,22.853301,0
          </coordinates>
        </Point>
      </Placemark>
      <Placemark>
        <name>جبل ام الصقور</name>
        <styleUrl>#icon-1899-DB4436-labelson-nodesc</styleUrl>
        <Point>
          <coordinates>
            41.284218,22.592182,0
          </coordinates>
        </Point>
      </Placemark>
      <Placemark>
        <name>جبل ام الصواعق</name>
        <styleUrl>#icon-1899-DB4436-labelson-nodesc</styleUrl>
        <Point>
          <coordinates>
            40.561674,21.19915,0
          </coordinates>
        </Point>
      </Placemark>
      <Placemark>
        <name>جبل ام الضلوع</name>
        <styleUrl>#icon-1899-DB4436-labelson-nodesc</styleUrl>
        <Point>
          <coordinates>
            41.362324,22.763844,0
          </coordinates>
        </Point>
      </Placemark>
      <Placemark>
        <name>جبل ام العهود</name>
        <styleUrl>#icon-1899-DB4436-labelson-nodesc</styleUrl>
        <Point>
          <coordinates>
            41.206627,21.638775,0
          </coordinates>
        </Point>
      </Placemark>
      <Placemark>
        <name>جبل ام الفهود</name>
        <styleUrl>#icon-1899-DB4436-labelson-nodesc</styleUrl>
        <Point>
          <coordinates>
            41.017456,22.562313,0
          </coordinates>
        </Point>
      </Placemark>
      <Placemark>
        <name>جبل ام الكنفان</name>
        <styleUrl>#icon-1899-DB4436-labelson-nodesc</styleUrl>
        <Point>
          <coordinates>
            41.426868,21.131344,0
          </coordinates>
        </Point>
      </Placemark>
      <Placemark>
        <name>جبل ام المراكيز</name>
        <styleUrl>#icon-1899-DB4436-labelson-nodesc</styleUrl>
        <Point>
          <coordinates>
            41.162209,22.810793,0
          </coordinates>
        </Point>
      </Placemark>
      <Placemark>
        <name>جبل ام المقاريب</name>
        <styleUrl>#icon-1899-DB4436-labelson-nodesc</styleUrl>
        <Point>
          <coordinates>
            41.101656,22.797747,0
          </coordinates>
        </Point>
      </Placemark>
      <Placemark>
        <name>جبل ام المقاييل</name>
        <styleUrl>#icon-1899-DB4436-labelson-nodesc</styleUrl>
        <Point>
          <coordinates>
            39.491901,21.982784,0
          </coordinates>
        </Point>
      </Placemark>
      <Placemark>
        <name>جبل ام المكاييل</name>
        <styleUrl>#icon-1899-DB4436-labelson-nodesc</styleUrl>
        <Point>
          <coordinates>
            39.464264,21.982784,0
          </coordinates>
        </Point>
      </Placemark>
      <Placemark>
        <name>جبل ام الملح</name>
        <styleUrl>#icon-1899-DB4436-labelson-nodesc</styleUrl>
        <Point>
          <coordinates>
            41.33091,22.790279,0
          </coordinates>
        </Point>
      </Placemark>
      <Placemark>
        <name>جبل ام جنشة</name>
        <styleUrl>#icon-1899-DB4436-labelson-nodesc</styleUrl>
        <Point>
          <coordinates>
            41.135087,22.79618,0
          </coordinates>
        </Point>
      </Placemark>
      <Placemark>
        <name>جبل ام جويرة</name>
        <styleUrl>#icon-1899-DB4436-labelson-nodesc</styleUrl>
        <Point>
          <coordinates>
            41.355865,22.80309,0
          </coordinates>
        </Point>
      </Placemark>
      <Placemark>
        <name>جبل ام جويرة</name>
        <styleUrl>#icon-1899-DB4436-labelson-nodesc</styleUrl>
        <Point>
          <coordinates>
            41.348934,22.801609,0
          </coordinates>
        </Point>
      </Placemark>
      <Placemark>
        <name>جبل ام حبل</name>
        <styleUrl>#icon-1899-DB4436-labelson-nodesc</styleUrl>
        <Point>
          <coordinates>
            40.214939,22.185516,0
          </coordinates>
        </Point>
      </Placemark>
      <Placemark>
        <name>جبل ام حثرور</name>
        <styleUrl>#icon-1899-DB4436-labelson-nodesc</styleUrl>
        <Point>
          <coordinates>
            41.410561,23.219089,0
          </coordinates>
        </Point>
      </Placemark>
      <Placemark>
        <name>جبل ام حمار</name>
        <styleUrl>#icon-1899-DB4436-labelson-nodesc</styleUrl>
        <Point>
          <coordinates>
            41.325245,21.195545,0
          </coordinates>
        </Point>
      </Placemark>
      <Placemark>
        <name>جبل ام حيد</name>
        <styleUrl>#icon-1899-DB4436-labelson-nodesc</styleUrl>
        <Point>
          <coordinates>
            41.428585,23.232651,0
          </coordinates>
        </Point>
      </Placemark>
      <Placemark>
        <name>جبل ام خرمان</name>
        <styleUrl>#icon-1899-DB4436-labelson-nodesc</styleUrl>
        <Point>
          <coordinates>
            40.621326,22.071962,0
          </coordinates>
        </Point>
      </Placemark>
      <Placemark>
        <name>جبل ام دويسات</name>
        <styleUrl>#icon-1899-DB4436-labelson-nodesc</styleUrl>
        <Point>
          <coordinates>
            41.269283,22.709942,0
          </coordinates>
        </Point>
      </Placemark>
      <Placemark>
        <name>جبل ام رقبة</name>
        <styleUrl>#icon-1899-DB4436-labelson-nodesc</styleUrl>
        <Point>
          <coordinates>
            41.334515,23.150082,0
          </coordinates>
        </Point>
      </Placemark>
      <Placemark>
        <name>جبل ام رقيبة</name>
        <styleUrl>#icon-1899-DB4436-labelson-nodesc</styleUrl>
        <Point>
          <coordinates>
            39.351311,21.646671,0
          </coordinates>
        </Point>
      </Placemark>
      <Placemark>
        <name>جبل ام ريشان</name>
        <styleUrl>#icon-1899-DB4436-labelson-nodesc</styleUrl>
        <Point>
          <coordinates>
            39.688797,22.849674,0
          </coordinates>
        </Point>
      </Placemark>
      <Placemark>
        <name>جبل ام قلاة</name>
        <styleUrl>#icon-1899-DB4436-labelson-nodesc</styleUrl>
        <Point>
          <coordinates>
            41.134872,22.710628,0
          </coordinates>
        </Point>
      </Placemark>
      <Placemark>
        <name>جبل ام مليح</name>
        <styleUrl>#icon-1899-DB4436-labelson-nodesc</styleUrl>
        <Point>
          <coordinates>
            41.097622,22.741699,0
          </coordinates>
        </Point>
      </Placemark>
      <Placemark>
        <name>جبل بارقة</name>
        <styleUrl>#icon-1899-DB4436-labelson-nodesc</styleUrl>
        <Point>
          <coordinates>
            42.877858,21.016867,0
          </coordinates>
        </Point>
      </Placemark>
      <Placemark>
        <name>جبل باري</name>
        <styleUrl>#icon-1899-DB4436-labelson-nodesc</styleUrl>
        <Point>
          <coordinates>
            39.947834,21.124156,0
          </coordinates>
        </Point>
      </Placemark>
      <Placemark>
        <name>جبل بام</name>
        <styleUrl>#icon-1899-DB4436-labelson-nodesc</styleUrl>
        <Point>
          <coordinates>
            40.143013,21.642036,0
          </coordinates>
        </Point>
      </Placemark>
      <Placemark>
        <name>جبل بان</name>
        <styleUrl>#icon-1899-DB4436-labelson-nodesc</styleUrl>
        <Point>
          <coordinates>
            39.947684,21.135378,0
          </coordinates>
        </Point>
      </Placemark>
      <Placemark>
        <name>جبل بتيلة</name>
        <styleUrl>#icon-1899-DB4436-labelson-nodesc</styleUrl>
        <Point>
          <coordinates>
            41.441803,21.919098,0
          </coordinates>
        </Point>
      </Placemark>
      <Placemark>
        <name>جبل بثره</name>
        <styleUrl>#icon-1899-DB4436-labelson-nodesc</styleUrl>
        <Point>
          <coordinates>
            41.148605,20.440922,0
          </coordinates>
        </Point>
      </Placemark>
      <Placemark>
        <name>جبل برد</name>
        <styleUrl>#icon-1899-DB4436-labelson-nodesc</styleUrl>
        <Point>
          <coordinates>
            40.306671,21.178894,0
          </coordinates>
        </Point>
      </Placemark>
      <Placemark>
        <name>جبل بس</name>
        <styleUrl>#icon-1899-DB4436-labelson-nodesc</styleUrl>
        <Point>
          <coordinates>
            40.598195,21.740828,0
          </coordinates>
        </Point>
      </Placemark>
      <Placemark>
        <name>جبل بضيع</name>
        <styleUrl>#icon-1899-DB4436-labelson-nodesc</styleUrl>
        <Point>
          <coordinates>
            42.65914,21.409822,0
          </coordinates>
        </Point>
      </Placemark>
      <Placemark>
        <name>جبل بفر</name>
        <styleUrl>#icon-1899-DB4436-labelson-nodesc</styleUrl>
        <Point>
          <coordinates>
            39.505463,21.50151,0
          </coordinates>
        </Point>
      </Placemark>
      <Placemark>
        <name>جبل بني غي</name>
        <styleUrl>#icon-1899-DB4436-labelson-nodesc</styleUrl>
        <Point>
          <coordinates>
            42.641544,22.792897,0
          </coordinates>
        </Point>
      </Placemark>
      <Placemark>
        <name>جبل بني يوب</name>
        <styleUrl>#icon-1899-DB4436-labelson-nodesc</styleUrl>
        <Point>
          <coordinates>
            39.03717,23.312817,0
          </coordinates>
        </Point>
      </Placemark>
      <Placemark>
        <name>جبل بيضان</name>
        <styleUrl>#icon-1899-DB4436-labelson-nodesc</styleUrl>
        <Point>
          <coordinates>
            39.73978,22.531071,0
          </coordinates>
        </Point>
      </Placemark>
      <Placemark>
        <name>جبل بيضان</name>
        <styleUrl>#icon-1899-DB4436-labelson-nodesc</styleUrl>
        <Point>
          <coordinates>
            40.945101,20.642517,0
          </coordinates>
        </Point>
      </Placemark>
      <Placemark>
        <name>جبل تخفق</name>
        <styleUrl>#icon-1899-DB4436-labelson-nodesc</styleUrl>
        <Point>
          <coordinates>
            40.247254,21.274745,0
          </coordinates>
        </Point>
      </Placemark>
      <Placemark>
        <name>جبل تغوث</name>
        <styleUrl>#icon-1899-DB4436-labelson-nodesc</styleUrl>
        <Point>
          <coordinates>
            41.26379,21.605644,0
          </coordinates>
        </Point>
      </Placemark>
      <Placemark>
        <name>جبل تفتفان</name>
        <styleUrl>#icon-1899-DB4436-labelson-nodesc</styleUrl>
        <Point>
          <coordinates>
            40.218544,21.448059,0
          </coordinates>
        </Point>
      </Placemark>
      <Placemark>
        <name>جبل تفقا</name>
        <styleUrl>#icon-1899-DB4436-labelson-nodesc</styleUrl>
        <Point>
          <coordinates>
            41.20755,21.148231,0
          </coordinates>
        </Point>
      </Placemark>
      <Placemark>
        <name>جبل تفقا</name>
        <styleUrl>#icon-1899-DB4436-labelson-nodesc</styleUrl>
        <Point>
          <coordinates>
            41.207571,21.14821,0
          </coordinates>
        </Point>
      </Placemark>
      <Placemark>
        <name>جبل تين</name>
        <styleUrl>#icon-1899-DB4436-labelson-nodesc</styleUrl>
        <Point>
          <coordinates>
            42.61616,22.011044,0
          </coordinates>
        </Point>
      </Placemark>
      <Placemark>
        <name>جبل ثقبة</name>
        <styleUrl>#icon-1899-DB4436-labelson-nodesc</styleUrl>
        <Point>
          <coordinates>
            39.871101,21.440334,0
          </coordinates>
        </Point>
      </Placemark>
      <Placemark>
        <name>جبل ثور</name>
        <styleUrl>#icon-1899-DB4436-labelson-nodesc</styleUrl>
        <Point>
          <coordinates>
            39.851875,21.374567,0
          </coordinates>
        </Point>
      </Placemark>
      <Placemark>
        <name>جبل جبرين</name>
        <styleUrl>#icon-1899-DB4436-labelson-nodesc</styleUrl>
        <Point>
          <coordinates>
            40.7022,20.192142,0
          </coordinates>
        </Point>
      </Placemark>
      <Placemark>
        <name>جبل جلجل</name>
        <styleUrl>#icon-1899-DB4436-labelson-nodesc</styleUrl>
        <Point>
          <coordinates>
            40.713251,20.55439,0
          </coordinates>
        </Point>
      </Placemark>
      <Placemark>
        <name>جبل جليل</name>
        <styleUrl>#icon-1899-DB4436-labelson-nodesc</styleUrl>
        <Point>
          <coordinates>
            40.888581,20.870054,0
          </coordinates>
        </Point>
      </Placemark>
      <Placemark>
        <name>جبل جمدان</name>
        <styleUrl>#icon-1899-DB4436-labelson-nodesc</styleUrl>
        <Point>
          <coordinates>
            39.292967,22.114813,0
          </coordinates>
        </Point>
      </Placemark>
      <Placemark>
        <name>جبل حاضة</name>
        <styleUrl>#icon-1899-DB4436-labelson-nodesc</styleUrl>
        <Point>
          <coordinates>
            43.394129,21.954761,0
          </coordinates>
        </Point>
      </Placemark>
      <Placemark>
        <name>جبل حبر</name>
        <styleUrl>#icon-1899-DB4436-labelson-nodesc</styleUrl>
        <Point>
          <coordinates>
            42.075233,23.69442,0
          </coordinates>
        </Point>
      </Placemark>
      <Placemark>
        <name>جبل حبينه</name>
        <styleUrl>#icon-1899-DB4436-labelson-nodesc</styleUrl>
        <Point>
          <coordinates>
            40.884354,20.421438,0
          </coordinates>
        </Point>
      </Placemark>
      <Placemark>
        <name>جبل حجار</name>
        <styleUrl>#icon-1899-DB4436-labelson-nodesc</styleUrl>
        <Point>
          <coordinates>
            39.827843,22.019005,0
          </coordinates>
        </Point>
      </Placemark>
      <Placemark>
        <name>جبل حجلة</name>
        <styleUrl>#icon-1899-DB4436-labelson-nodesc</styleUrl>
        <Point>
          <coordinates>
            39.840374,21.496296,0
          </coordinates>
        </Point>
      </Placemark>
      <Placemark>
        <name>جبل حدا</name>
        <styleUrl>#icon-1899-DB4436-labelson-nodesc</styleUrl>
        <Point>
          <coordinates>
            43.336236,21.016266,0
          </coordinates>
        </Point>
      </Placemark>
      <Placemark>
        <name>جبل حذاء</name>
        <styleUrl>#icon-1899-DB4436-labelson-nodesc</styleUrl>
        <Point>
          <coordinates>
            39.983883,20.775146,0
          </coordinates>
        </Point>
      </Placemark>
      <Placemark>
        <name>جبل حراء</name>
        <styleUrl>#icon-1899-DB4436-labelson-nodesc</styleUrl>
        <Point>
          <coordinates>
            40.009117,20.728991,0
          </coordinates>
        </Point>
      </Placemark>
      <Placemark>
        <name>جبل حران</name>
        <styleUrl>#icon-1899-DB4436-labelson-nodesc</styleUrl>
        <Point>
          <coordinates>
            39.935646,21.660061,0
          </coordinates>
        </Point>
      </Placemark>
      <Placemark>
        <name>جبل حسل</name>
        <styleUrl>#icon-1899-DB4436-labelson-nodesc</styleUrl>
        <Point>
          <coordinates>
            40.871544,20.713348,0
          </coordinates>
        </Point>
      </Placemark>
      <Placemark>
        <name>جبل حسن</name>
        <styleUrl>#icon-1899-DB4436-labelson-nodesc</styleUrl>
        <Point>
          <coordinates>
            42.825136,22.073872,0
          </coordinates>
        </Point>
      </Placemark>
      <Placemark>
        <name>جبل حسينة</name>
        <styleUrl>#icon-1899-DB4436-labelson-nodesc</styleUrl>
        <Point>
          <coordinates>
            41.402149,21.211338,0
          </coordinates>
        </Point>
      </Placemark>
      <Placemark>
        <name>جبل حضاء</name>
        <styleUrl>#icon-1899-DB4436-labelson-nodesc</styleUrl>
        <Point>
          <coordinates>
            40.966837,20.23849,0
          </coordinates>
        </Point>
      </Placemark>
      <Placemark>
        <name>جبل حضوى</name>
        <styleUrl>#icon-1899-DB4436-labelson-nodesc</styleUrl>
        <Point>
          <coordinates>
            43.411875,22.00789,0
          </coordinates>
        </Point>
      </Placemark>
      <Placemark>
        <name>جبل حم</name>
        <styleUrl>#icon-1899-DB4436-labelson-nodesc</styleUrl>
        <Point>
          <coordinates>
            39.786472,22.341728,0
          </coordinates>
        </Point>
      </Placemark>
      <Placemark>
        <name>جبل حمة عطا الله</name>
        <styleUrl>#icon-1899-DB4436-labelson-nodesc</styleUrl>
        <Point>
          <coordinates>
            39.489155,22.767105,0
          </coordinates>
        </Point>
      </Placemark>
      <Placemark>
        <name>جبل حمر</name>
        <styleUrl>#icon-1899-DB4436-labelson-nodesc</styleUrl>
        <Point>
          <coordinates>
            40.623064,21.011009,0
          </coordinates>
        </Point>
      </Placemark>
      <Placemark>
        <name>جبل حيضان</name>
        <styleUrl>#icon-1899-DB4436-labelson-nodesc</styleUrl>
        <Point>
          <coordinates>
            40.115032,22.600422,0
          </coordinates>
        </Point>
      </Placemark>
      <Placemark>
        <name>جبل خرب</name>
        <styleUrl>#icon-1899-DB4436-labelson-nodesc</styleUrl>
        <Point>
          <coordinates>
            41.885505,23.570631,0
          </coordinates>
        </Point>
      </Placemark>
      <Placemark>
        <name>جبل خرب</name>
        <styleUrl>#icon-1899-DB4436-labelson-nodesc</styleUrl>
        <Point>
          <coordinates>
            41.884861,23.568592,0
          </coordinates>
        </Point>
      </Placemark>
      <Placemark>
        <name>جبل خرب الخضر</name>
        <styleUrl>#icon-1899-DB4436-labelson-nodesc</styleUrl>
        <Point>
          <coordinates>
            42.154241,21.28747,0
          </coordinates>
        </Point>
      </Placemark>
      <Placemark>
        <name>جبل خرب الرمالة</name>
        <styleUrl>#icon-1899-DB4436-labelson-nodesc</styleUrl>
        <Point>
          <coordinates>
            42.178166,21.199386,0
          </coordinates>
        </Point>
      </Placemark>
      <Placemark>
        <name>جبل خشرب</name>
        <styleUrl>#icon-1899-DB4436-labelson-nodesc</styleUrl>
        <Point>
          <coordinates>
            39.945774,21.407204,0
          </coordinates>
        </Point>
      </Placemark>
      <Placemark>
        <name>جبل خميرة</name>
        <styleUrl>#icon-1899-DB4436-labelson-nodesc</styleUrl>
        <Point>
          <coordinates>
            39.426498,21.238632,0
          </coordinates>
        </Point>
      </Placemark>
      <Placemark>
        <name>جبل دخنان</name>
        <styleUrl>#icon-1899-DB4436-labelson-nodesc</styleUrl>
        <Point>
          <coordinates>
            39.783211,22.687283,0
          </coordinates>
        </Point>
      </Placemark>
      <Placemark>
        <name>جبل دخنة</name>
        <styleUrl>#icon-1899-DB4436-labelson-nodesc</styleUrl>
        <Point>
          <coordinates>
            41.013508,22.745991,0
          </coordinates>
        </Point>
      </Placemark>
      <Placemark>
        <name>جبل درامح</name>
        <styleUrl>#icon-1899-DB4436-labelson-nodesc</styleUrl>
        <Point>
          <coordinates>
            39.767246,22.569695,0
          </coordinates>
        </Point>
      </Placemark>
      <Placemark>
        <name>جبل دفين</name>
        <styleUrl>#icon-1899-DB4436-labelson-nodesc</styleUrl>
        <Point>
          <coordinates>
            39.230118,22.641191,0
          </coordinates>
        </Point>
      </Placemark>
      <Placemark>
        <name>جبل دقم التيس</name>
        <styleUrl>#icon-1899-DB4436-labelson-nodesc</styleUrl>
        <Point>
          <coordinates>
            40.042012,21.415937,0
          </coordinates>
        </Point>
      </Placemark>
      <Placemark>
        <name>جبل دكاء</name>
        <styleUrl>#icon-1899-DB4436-labelson-nodesc</styleUrl>
        <Point>
          <coordinates>
            40.291564,21.093321,0
          </coordinates>
        </Point>
      </Placemark>
      <Placemark>
        <name>جبل دمة</name>
        <styleUrl>#icon-1899-DB4436-labelson-nodesc</styleUrl>
        <Point>
          <coordinates>
            40.402908,21.638947,0
          </coordinates>
        </Point>
      </Placemark>
      <Placemark>
        <name>جبل دهلوس</name>
        <styleUrl>#icon-1899-DB4436-labelson-nodesc</styleUrl>
        <Point>
          <coordinates>
            39.477825,22.390652,0
          </coordinates>
        </Point>
      </Placemark>
      <Placemark>
        <name>جبل ذروة</name>
        <styleUrl>#icon-1899-DB4436-labelson-nodesc</styleUrl>
        <Point>
          <coordinates>
            39.43903,22.618446,0
          </coordinates>
        </Point>
      </Placemark>
      <Placemark>
        <name>جبل رايان</name>
        <styleUrl>#icon-1899-DB4436-labelson-nodesc</styleUrl>
        <Point>
          <coordinates>
            42.304037,21.77031,0
          </coordinates>
        </Point>
      </Placemark>
      <Placemark>
        <name>جبل راين</name>
        <styleUrl>#icon-1899-DB4436-labelson-nodesc</styleUrl>
        <Point>
          <coordinates>
            39.76038,21.929398,0
          </coordinates>
        </Point>
      </Placemark>
      <Placemark>
        <name>جبل رشحان</name>
        <styleUrl>#icon-1899-DB4436-labelson-nodesc</styleUrl>
        <Point>
          <coordinates>
            39.800377,22.931557,0
          </coordinates>
        </Point>
      </Placemark>
      <Placemark>
        <name>جبل رضوان</name>
        <styleUrl>#icon-1899-DB4436-labelson-nodesc</styleUrl>
        <Point>
          <coordinates>
            41.273768,22.10726,0
          </coordinates>
        </Point>
      </Placemark>
      <Placemark>
        <name>جبل رعي</name>
        <styleUrl>#icon-1899-DB4436-labelson-nodesc</styleUrl>
        <Point>
          <coordinates>
            39.906292,22.455025,0
          </coordinates>
        </Point>
      </Placemark>
      <Placemark>
        <name>جبل رغاف</name>
        <styleUrl>#icon-1899-DB4436-labelson-nodesc</styleUrl>
        <Point>
          <coordinates>
            40.416298,21.392784,0
          </coordinates>
        </Point>
      </Placemark>
      <Placemark>
        <name>جبل رفرف</name>
        <styleUrl>#icon-1899-DB4436-labelson-nodesc</styleUrl>
        <Point>
          <coordinates>
            41.833405,20.75768,0
          </coordinates>
        </Point>
      </Placemark>
      <Placemark>
        <name>جبل ريان</name>
        <styleUrl>#icon-1899-DB4436-labelson-nodesc</styleUrl>
        <Point>
          <coordinates>
            39.873183,22.749896,0
          </coordinates>
        </Point>
      </Placemark>
      <Placemark>
        <name>جبل رين</name>
        <styleUrl>#icon-1899-DB4436-labelson-nodesc</styleUrl>
        <Point>
          <coordinates>
            40.034523,21.194859,0
          </coordinates>
        </Point>
      </Placemark>
      <Placemark>
        <name>جبل ريين</name>
        <styleUrl>#icon-1899-DB4436-labelson-nodesc</styleUrl>
        <Point>
          <coordinates>
            42.331374,21.70774,0
          </coordinates>
        </Point>
      </Placemark>
      <Placemark>
        <name>جبل زبنة</name>
        <styleUrl>#icon-1899-DB4436-labelson-nodesc</styleUrl>
        <Point>
          <coordinates>
            41.128929,22.840619,0
          </coordinates>
        </Point>
      </Placemark>
      <Placemark>
        <name>جبل زوير</name>
        <styleUrl>#icon-1899-DB4436-labelson-nodesc</styleUrl>
        <Point>
          <coordinates>
            41.436138,23.172226,0
          </coordinates>
        </Point>
      </Placemark>
      <Placemark>
        <name>جبل ساق</name>
        <styleUrl>#icon-1899-DB4436-labelson-nodesc</styleUrl>
        <Point>
          <coordinates>
            40.237513,21.134713,0
          </coordinates>
        </Point>
      </Placemark>
      <Placemark>
        <name>جبل ساق</name>
        <styleUrl>#icon-1899-DB4436-labelson-nodesc</styleUrl>
        <Point>
          <coordinates>
            41.2607,21.27142,0
          </coordinates>
        </Point>
      </Placemark>
      <Placemark>
        <name>جبل ساهد</name>
        <styleUrl>#icon-1899-DB4436-labelson-nodesc</styleUrl>
        <Point>
          <coordinates>
            40.258455,21.286097,0
          </coordinates>
        </Point>
      </Placemark>
      <Placemark>
        <name>جبل ستار</name>
        <styleUrl>#icon-1899-DB4436-labelson-nodesc</styleUrl>
        <Point>
          <coordinates>
            39.947555,21.497369,0
          </coordinates>
        </Point>
      </Placemark>
      <Placemark>
        <name>جبل سحار</name>
        <styleUrl>#icon-1899-DB4436-labelson-nodesc</styleUrl>
        <Point>
          <coordinates>
            40.173912,21.274166,0
          </coordinates>
        </Point>
      </Placemark>
      <Placemark>
        <name>جبل سدر</name>
        <styleUrl>#icon-1899-DB4436-labelson-nodesc</styleUrl>
        <Point>
          <coordinates>
            39.669571,21.58865,0
          </coordinates>
        </Point>
      </Placemark>
      <Placemark>
        <name>جبل سدير</name>
        <styleUrl>#icon-1899-DB4436-labelson-nodesc</styleUrl>
        <Point>
          <coordinates>
            39.792309,22.230663,0
          </coordinates>
        </Point>
      </Placemark>
      <Placemark>
        <name>جبل سطاع</name>
        <styleUrl>#icon-1899-DB4436-labelson-nodesc</styleUrl>
        <Point>
          <coordinates>
            39.684849,20.949211,0
          </coordinates>
        </Point>
      </Placemark>
      <Placemark>
        <name>جبل سعد</name>
        <styleUrl>#icon-1899-DB4436-labelson-nodesc</styleUrl>
        <Point>
          <coordinates>
            39.998002,21.368001,0
          </coordinates>
        </Point>
      </Placemark>
      <Placemark>
        <name>جبل سعيف</name>
        <styleUrl>#icon-1899-DB4436-labelson-nodesc</styleUrl>
        <Point>
          <coordinates>
            39.753342,22.171612,0
          </coordinates>
        </Point>
      </Placemark>
      <Placemark>
        <name>جبل سفيرة</name>
        <styleUrl>#icon-1899-DB4436-labelson-nodesc</styleUrl>
        <Point>
          <coordinates>
            42.434092,21.509771,0
          </coordinates>
        </Point>
      </Placemark>
      <Placemark>
        <name>جبل سكاء</name>
        <styleUrl>#icon-1899-DB4436-labelson-nodesc</styleUrl>
        <Point>
          <coordinates>
            39.589577,22.936878,0
          </coordinates>
        </Point>
      </Placemark>
      <Placemark>
        <name>جبل سمران</name>
        <styleUrl>#icon-1899-DB4436-labelson-nodesc</styleUrl>
        <Point>
          <coordinates>
            39.55018,22.34544,0
          </coordinates>
        </Point>
      </Placemark>
      <Placemark>
        <name>جبل سييرين</name>
        <styleUrl>#icon-1899-DB4436-labelson-nodesc</styleUrl>
        <Point>
          <coordinates>
            39.142914,23.038673,0
          </coordinates>
        </Point>
      </Placemark>
      <Placemark>
        <name>جبل شامة</name>
        <styleUrl>#icon-1899-DB4436-labelson-nodesc</styleUrl>
        <Point>
          <coordinates>
            39.624081,20.752315,0
          </coordinates>
        </Point>
      </Placemark>
      <Placemark>
        <name>جبل شبرقان</name>
        <styleUrl>#icon-1899-DB4436-labelson-nodesc</styleUrl>
        <Point>
          <coordinates>
            39.585457,21.63517,0
          </coordinates>
        </Point>
      </Placemark>
      <Placemark>
        <name>جبل شبرم</name>
        <styleUrl>#icon-1899-DB4436-labelson-nodesc</styleUrl>
        <Point>
          <coordinates>
            39.494605,21.500394,0
          </coordinates>
        </Point>
      </Placemark>
      <Placemark>
        <name>جبل شثران</name>
        <styleUrl>#icon-1899-DB4436-labelson-nodesc</styleUrl>
        <Point>
          <coordinates>
            42.246401,21.686776,0
          </coordinates>
        </Point>
      </Placemark>
      <Placemark>
        <name>جبل شرحاف الاسفل</name>
        <styleUrl>#icon-1899-DB4436-labelson-nodesc</styleUrl>
        <Point>
          <coordinates>
            40.256889,21.280131,0
          </coordinates>
        </Point>
      </Placemark>
      <Placemark>
        <name>جبل شرحاف الاعلى</name>
        <styleUrl>#icon-1899-DB4436-labelson-nodesc</styleUrl>
        <Point>
          <coordinates>
            40.260258,21.278865,0
          </coordinates>
        </Point>
      </Placemark>
      <Placemark>
        <name>جبل شعار</name>
        <styleUrl>#icon-1899-DB4436-labelson-nodesc</styleUrl>
        <Point>
          <coordinates>
            40.207236,21.153982,0
          </coordinates>
        </Point>
      </Placemark>
      <Placemark>
        <name>جبل شعار</name>
        <styleUrl>#icon-1899-DB4436-labelson-nodesc</styleUrl>
        <Point>
          <coordinates>
            40.306456,21.077571,0
          </coordinates>
        </Point>
      </Placemark>
      <Placemark>
        <name>جبل شعر الاعلى</name>
        <styleUrl>#icon-1899-DB4436-labelson-nodesc</styleUrl>
        <Point>
          <coordinates>
            39.878483,21.981926,0
          </coordinates>
        </Point>
      </Placemark>
      <Placemark>
        <name>جبل شعير</name>
        <styleUrl>#icon-1899-DB4436-labelson-nodesc</styleUrl>
        <Point>
          <coordinates>
            40.778503,22.719898,0
          </coordinates>
        </Point>
      </Placemark>
      <Placemark>
        <name>جبل شقذاء</name>
        <styleUrl>#icon-1899-DB4436-labelson-nodesc</styleUrl>
        <Point>
          <coordinates>
            40.07864,22.664967,0
          </coordinates>
        </Point>
      </Placemark>
      <Placemark>
        <name>جبل شلمان</name>
        <styleUrl>#icon-1899-DB4436-labelson-nodesc</styleUrl>
        <Point>
          <coordinates>
            41.307735,22.822723,0
          </coordinates>
        </Point>
      </Placemark>
      <Placemark>
        <name>جبل شلوة</name>
        <styleUrl>#icon-1899-DB4436-labelson-nodesc</styleUrl>
        <Point>
          <coordinates>
            39.464607,21.46883,0
          </coordinates>
        </Point>
      </Placemark>
      <Placemark>
        <name>جبل شيبان</name>
        <styleUrl>#icon-1899-DB4436-labelson-nodesc</styleUrl>
        <Point>
          <coordinates>
            39.749908,22.612095,0
          </coordinates>
        </Point>
      </Placemark>
      <Placemark>
        <name>جبل شيهم</name>
        <styleUrl>#icon-1899-DB4436-labelson-nodesc</styleUrl>
        <Point>
          <coordinates>
            39.878655,21.139584,0
          </coordinates>
        </Point>
      </Placemark>
      <Placemark>
        <name>جبل صبار</name>
        <styleUrl>#icon-1899-DB4436-labelson-nodesc</styleUrl>
        <Point>
          <coordinates>
            40.264206,22.151012,0
          </coordinates>
        </Point>
      </Placemark>
      <Placemark>
        <name>جبل صخيبرة</name>
        <styleUrl>#icon-1899-DB4436-labelson-nodesc</styleUrl>
        <Point>
          <coordinates>
            41.387215,23.102703,0
          </coordinates>
        </Point>
      </Placemark>
      <Placemark>
        <name>جبل صلاء</name>
        <styleUrl>#icon-1899-DB4436-labelson-nodesc</styleUrl>
        <Point>
          <coordinates>
            39.441261,21.194172,0
          </coordinates>
        </Point>
      </Placemark>
      <Placemark>
        <name>جبل صميع</name>
        <styleUrl>#icon-1899-DB4436-labelson-nodesc</styleUrl>
        <Point>
          <coordinates>
            41.419487,22.761955,0
          </coordinates>
        </Point>
      </Placemark>
      <Placemark>
        <name>جبل صهر</name>
        <styleUrl>#icon-1899-DB4436-labelson-nodesc</styleUrl>
        <Point>
          <coordinates>
            42.775826,21.198592,0
          </coordinates>
        </Point>
      </Placemark>
      <Placemark>
        <name>جبل ضاف</name>
        <styleUrl>#icon-1899-DB4436-labelson-nodesc</styleUrl>
        <Point>
          <coordinates>
            39.564171,21.526165,0
          </coordinates>
        </Point>
      </Placemark>
      <Placemark>
        <name>جبل ضاف</name>
        <styleUrl>#icon-1899-DB4436-labelson-nodesc</styleUrl>
        <Point>
          <coordinates>
            39.572175,21.513913,0
          </coordinates>
        </Point>
      </Placemark>
      <Placemark>
        <name>جبل ضبع</name>
        <styleUrl>#icon-1899-DB4436-labelson-nodesc</styleUrl>
        <Point>
          <coordinates>
            42.727976,21.808934,0
          </coordinates>
        </Point>
      </Placemark>
      <Placemark>
        <name>جبل ضبع</name>
        <styleUrl>#icon-1899-DB4436-labelson-nodesc</styleUrl>
        <Point>
          <coordinates>
            39.775314,22.975159,0
          </coordinates>
        </Point>
      </Placemark>
      <Placemark>
        <name>جبل ضبع</name>
        <styleUrl>#icon-1899-DB4436-labelson-nodesc</styleUrl>
        <Point>
          <coordinates>
            39.915047,22.13522,0
          </coordinates>
        </Point>
      </Placemark>
      <Placemark>
        <name>جبل ضدات</name>
        <styleUrl>#icon-1899-DB4436-labelson-nodesc</styleUrl>
        <Point>
          <coordinates>
            42.115767,20.448861,0
          </coordinates>
        </Point>
      </Placemark>
      <Placemark>
        <name>جبل ضربا</name>
        <styleUrl>#icon-1899-DB4436-labelson-nodesc</styleUrl>
        <Point>
          <coordinates>
            40.775521,20.616724,0
          </coordinates>
        </Point>
      </Placemark>
      <Placemark>
        <name>جبل ضري</name>
        <styleUrl>#icon-1899-DB4436-labelson-nodesc</styleUrl>
        <Point>
          <coordinates>
            41.315289,22.674236,0
          </coordinates>
        </Point>
      </Placemark>
      <Placemark>
        <name>جبل ضفد</name>
        <styleUrl>#icon-1899-DB4436-labelson-nodesc</styleUrl>
        <Point>
          <coordinates>
            39.543743,22.035656,0
          </coordinates>
        </Point>
      </Placemark>
      <Placemark>
        <name>جبل ضلفع</name>
        <styleUrl>#icon-1899-DB4436-labelson-nodesc</styleUrl>
        <Point>
          <coordinates>
            43.224549,21.154132,0
          </coordinates>
        </Point>
      </Placemark>
      <Placemark>
        <name>جبل طفيل</name>
        <styleUrl>#icon-1899-DB4436-labelson-nodesc</styleUrl>
        <Point>
          <coordinates>
            39.690514,20.730858,0
          </coordinates>
        </Point>
      </Placemark>
      <Placemark>
        <name>جبل طلاس</name>
        <styleUrl>#icon-1899-DB4436-labelson-nodesc</styleUrl>
        <Point>
          <coordinates>
            40.876286,20.627346,0
          </coordinates>
        </Point>
      </Placemark>
      <Placemark>
        <name>جبل عامر</name>
        <styleUrl>#icon-1899-DB4436-labelson-nodesc</styleUrl>
        <Point>
          <coordinates>
            40.480392,21.21033,0
          </coordinates>
        </Point>
      </Placemark>
      <Placemark>
        <name>جبل عدامة</name>
        <styleUrl>#icon-1899-DB4436-labelson-nodesc</styleUrl>
        <Point>
          <coordinates>
            41.355629,21.897469,0
          </coordinates>
        </Point>
      </Placemark>
      <Placemark>
        <name>جبل عرده</name>
        <styleUrl>#icon-1899-DB4436-labelson-nodesc</styleUrl>
        <Point>
          <coordinates>
            41.135044,20.49963,0
          </coordinates>
        </Point>
      </Placemark>
      <Placemark>
        <name>جبل عرفوط</name>
        <styleUrl>#icon-1899-DB4436-labelson-nodesc</styleUrl>
        <Point>
          <coordinates>
            40.671043,20.740299,0
          </coordinates>
        </Point>
      </Placemark>
      <Placemark>
        <name>جبل عروان</name>
        <styleUrl>#icon-1899-DB4436-labelson-nodesc</styleUrl>
        <Point>
          <coordinates>
            40.117779,21.030235,0
          </coordinates>
        </Point>
      </Placemark>
      <Placemark>
        <name>جبل عروان</name>
        <styleUrl>#icon-1899-DB4436-labelson-nodesc</styleUrl>
        <Point>
          <coordinates>
            40.97439,20.599129,0
          </coordinates>
        </Point>
      </Placemark>
      <Placemark>
        <name>جبل عشر</name>
        <styleUrl>#icon-1899-DB4436-labelson-nodesc</styleUrl>
        <Point>
          <coordinates>
            40.257339,21.691647,0
          </coordinates>
        </Point>
      </Placemark>
      <Placemark>
        <name>جبل عشرات</name>
        <styleUrl>#icon-1899-DB4436-labelson-nodesc</styleUrl>
        <Point>
          <coordinates>
            42.165871,20.982599,0
          </coordinates>
        </Point>
      </Placemark>
      <Placemark>
        <name>جبل عشيرة</name>
        <styleUrl>#icon-1899-DB4436-labelson-nodesc</styleUrl>
        <Point>
          <coordinates>
            41.429787,21.273136,0
          </coordinates>
        </Point>
      </Placemark>
      <Placemark>
        <name>جبل عضد</name>
        <styleUrl>#icon-1899-DB4436-labelson-nodesc</styleUrl>
        <Point>
          <coordinates>
            41.106548,21.005516,0
          </coordinates>
        </Point>
      </Placemark>
      <Placemark>
        <name>جبل عطيه</name>
        <styleUrl>#icon-1899-DB4436-labelson-nodesc</styleUrl>
        <Point>
          <coordinates>
            39.298611,21.461921,0
          </coordinates>
        </Point>
      </Placemark>
      <Placemark>
        <name>جبل عفيف</name>
        <styleUrl>#icon-1899-DB4436-labelson-nodesc</styleUrl>
        <Point>
          <coordinates>
            40.768139,20.244584,0
          </coordinates>
        </Point>
      </Placemark>
      <Placemark>
        <name>جبل عمدان</name>
        <styleUrl>#icon-1899-DB4436-labelson-nodesc</styleUrl>
        <Point>
          <coordinates>
            39.736347,22.310657,0
          </coordinates>
        </Point>
      </Placemark>
      <Placemark>
        <name>جبل عمرو</name>
        <styleUrl>#icon-1899-DB4436-labelson-nodesc</styleUrl>
        <Point>
          <coordinates>
            40.055122,22.732944,0
          </coordinates>
        </Point>
      </Placemark>
      <Placemark>
        <name>جبل عمرو</name>
        <styleUrl>#icon-1899-DB4436-labelson-nodesc</styleUrl>
        <Point>
          <coordinates>
            39.671738,21.179538,0
          </coordinates>
        </Point>
      </Placemark>
      <Placemark>
        <name>جبل عن</name>
        <styleUrl>#icon-1899-DB4436-labelson-nodesc</styleUrl>
        <Point>
          <coordinates>
            41.178303,21.293221,0
          </coordinates>
        </Point>
      </Placemark>
      <Placemark>
        <name>جبل عنف</name>
        <styleUrl>#icon-1899-DB4436-labelson-nodesc</styleUrl>
        <Point>
          <coordinates>
            40.780628,20.239778,0
          </coordinates>
        </Point>
      </Placemark>
      <Placemark>
        <name>جبل عنيزة</name>
        <styleUrl>#icon-1899-DB4436-labelson-nodesc</styleUrl>
        <Point>
          <coordinates>
            41.262073,22.77689,0
          </coordinates>
        </Point>
      </Placemark>
      <Placemark>
        <name>جبل عنيزة</name>
        <styleUrl>#icon-1899-DB4436-labelson-nodesc</styleUrl>
        <Point>
          <coordinates>
            40.918794,21.149862,0
          </coordinates>
        </Point>
      </Placemark>
      <Placemark>
        <name>جبل عياج</name>
        <styleUrl>#icon-1899-DB4436-labelson-nodesc</styleUrl>
        <Point>
          <coordinates>
            39.808617,21.498699,0
          </coordinates>
        </Point>
      </Placemark>
      <Placemark>
        <name>جبل غائجة</name>
        <styleUrl>#icon-1899-DB4436-labelson-nodesc</styleUrl>
        <Point>
          <coordinates>
            39.704418,22.629948,0
          </coordinates>
        </Point>
      </Placemark>
      <Placemark>
        <name>جبل غراب</name>
        <styleUrl>#icon-1899-DB4436-labelson-nodesc</styleUrl>
        <Point>
          <coordinates>
            42.43362,22.425671,0
          </coordinates>
        </Point>
      </Placemark>
      <Placemark>
        <name>جبل غراب</name>
        <styleUrl>#icon-1899-DB4436-labelson-nodesc</styleUrl>
        <Point>
          <coordinates>
            39.687939,23.064938,0
          </coordinates>
        </Point>
      </Placemark>
      <Placemark>
        <name>جبل غزال</name>
        <styleUrl>#icon-1899-DB4436-labelson-nodesc</styleUrl>
        <Point>
          <coordinates>
            39.878311,22.950954,0
          </coordinates>
        </Point>
      </Placemark>
      <Placemark>
        <name>جبل فاج الخلاء</name>
        <styleUrl>#icon-1899-DB4436-labelson-nodesc</styleUrl>
        <Point>
          <coordinates>
            39.950581,20.828877,0
          </coordinates>
        </Point>
      </Placemark>
      <Placemark>
        <name>جبل فاس</name>
        <styleUrl>#icon-1899-DB4436-labelson-nodesc</styleUrl>
        <Point>
          <coordinates>
            41.403351,21.237259,0
          </coordinates>
        </Point>
      </Placemark>
      <Placemark>
        <name>جبل فج</name>
        <styleUrl>#icon-1899-DB4436-labelson-nodesc</styleUrl>
        <Point>
          <coordinates>
            39.864922,21.499386,0
          </coordinates>
        </Point>
      </Placemark>
      <Placemark>
        <name>جبل فرسان</name>
        <styleUrl>#icon-1899-DB4436-labelson-nodesc</styleUrl>
        <Point>
          <coordinates>
            39.424095,22.551842,0
          </coordinates>
        </Point>
      </Placemark>
      <Placemark>
        <name>جبل فليتة</name>
        <styleUrl>#icon-1899-DB4436-labelson-nodesc</styleUrl>
        <Point>
          <coordinates>
            39.763813,23.088455,0
          </coordinates>
        </Point>
      </Placemark>
      <Placemark>
        <name>جبل قارة</name>
        <styleUrl>#icon-1899-DB4436-labelson-nodesc</styleUrl>
        <Point>
          <coordinates>
            40.573089,21.263845,0
          </coordinates>
        </Point>
      </Placemark>
      <Placemark>
        <name>جبل قحم</name>
        <styleUrl>#icon-1899-DB4436-labelson-nodesc</styleUrl>
        <Point>
          <coordinates>
            42.584295,21.442544,0
          </coordinates>
        </Point>
      </Placemark>
      <Placemark>
        <name>جبل قراد</name>
        <styleUrl>#icon-1899-DB4436-labelson-nodesc</styleUrl>
        <Point>
          <coordinates>
            39.402981,23.103733,0
          </coordinates>
        </Point>
      </Placemark>
      <Placemark>
        <name>جبل قرن</name>
        <styleUrl>#icon-1899-DB4436-labelson-nodesc</styleUrl>
        <Point>
          <coordinates>
            41.743884,20.846021,0
          </coordinates>
        </Point>
      </Placemark>
      <Placemark>
        <name>جبل قرن سرور</name>
        <styleUrl>#icon-1899-DB4436-labelson-nodesc</styleUrl>
        <Point>
          <coordinates>
            39.692509,21.571956,0
          </coordinates>
        </Point>
      </Placemark>
      <Placemark>
        <name>جبل قرنيت</name>
        <styleUrl>#icon-1899-DB4436-labelson-nodesc</styleUrl>
        <Point>
          <coordinates>
            40.367761,21.043818,0
          </coordinates>
        </Point>
      </Placemark>
      <Placemark>
        <name>جبل قرينة</name>
        <styleUrl>#icon-1899-DB4436-labelson-nodesc</styleUrl>
        <Point>
          <coordinates>
            40.51466,22.469444,0
          </coordinates>
        </Point>
      </Placemark>
      <Placemark>
        <name>جبل قشيرد</name>
        <styleUrl>#icon-1899-DB4436-labelson-nodesc</styleUrl>
        <Point>
          <coordinates>
            40.270708,21.286139,0
          </coordinates>
        </Point>
      </Placemark>
      <Placemark>
        <name>جبل قصير</name>
        <styleUrl>#icon-1899-DB4436-labelson-nodesc</styleUrl>
        <Point>
          <coordinates>
            40.218201,22.291775,0
          </coordinates>
        </Point>
      </Placemark>
      <Placemark>
        <name>جبل قلعان</name>
        <styleUrl>#icon-1899-DB4436-labelson-nodesc</styleUrl>
        <Point>
          <coordinates>
            40.648448,21.054418,0
          </coordinates>
        </Point>
      </Placemark>
      <Placemark>
        <name>جبل قماري</name>
        <styleUrl>#icon-1899-DB4436-labelson-nodesc</styleUrl>
        <Point>
          <coordinates>
            39.373798,22.724533,0
          </coordinates>
        </Point>
      </Placemark>
      <Placemark>
        <name>جبل قنة</name>
        <styleUrl>#icon-1899-DB4436-labelson-nodesc</styleUrl>
        <Point>
          <coordinates>
            41.294689,22.717152,0
          </coordinates>
        </Point>
      </Placemark>
      <Placemark>
        <name>جبل قنوت</name>
        <styleUrl>#icon-1899-DB4436-labelson-nodesc</styleUrl>
        <Point>
          <coordinates>
            39.33672,21.719627,0
          </coordinates>
        </Point>
      </Placemark>
      <Placemark>
        <name>جبل قهيب</name>
        <styleUrl>#icon-1899-DB4436-labelson-nodesc</styleUrl>
        <Point>
          <coordinates>
            39.667854,22.981682,0
          </coordinates>
        </Point>
      </Placemark>
      <Placemark>
        <name>جبل قوساء</name>
        <styleUrl>#icon-1899-DB4436-labelson-nodesc</styleUrl>
        <Point>
          <coordinates>
            40.476572,21.169367,0
          </coordinates>
        </Point>
      </Placemark>
      <Placemark>
        <name>جبل كبد</name>
        <styleUrl>#icon-1899-DB4436-labelson-nodesc</styleUrl>
        <Point>
          <coordinates>
            39.605885,21.30352,0
          </coordinates>
        </Point>
      </Placemark>
      <Placemark>
        <name>جبل كبكب</name>
        <styleUrl>#icon-1899-DB4436-labelson-nodesc</styleUrl>
        <Point>
          <coordinates>
            40.114517,21.418362,0
          </coordinates>
        </Point>
      </Placemark>
      <Placemark>
        <name>جبل كبه</name>
        <styleUrl>#icon-1899-DB4436-labelson-nodesc</styleUrl>
        <Point>
          <coordinates>
            40.618172,20.151672,0
          </coordinates>
        </Point>
      </Placemark>
      <Placemark>
        <name>جبل كتف</name>
        <styleUrl>#icon-1899-DB4436-labelson-nodesc</styleUrl>
        <Point>
          <coordinates>
            39.879513,22.384815,0
          </coordinates>
        </Point>
      </Placemark>
      <Placemark>
        <name>جبل كثانة</name>
        <styleUrl>#icon-1899-DB4436-labelson-nodesc</styleUrl>
        <Point>
          <coordinates>
            39.332943,21.396389,0
          </coordinates>
        </Point>
      </Placemark>
      <Placemark>
        <name>جبل كحلة</name>
        <styleUrl>#icon-1899-DB4436-labelson-nodesc</styleUrl>
        <Point>
          <coordinates>
            39.772224,23.011894,0
          </coordinates>
        </Point>
      </Placemark>
      <Placemark>
        <name>جبل كلان</name>
        <styleUrl>#icon-1899-DB4436-labelson-nodesc</styleUrl>
        <Point>
          <coordinates>
            43.017011,21.14748,0
          </coordinates>
        </Point>
      </Placemark>
      <Placemark>
        <name>جبل كنثيل</name>
        <styleUrl>#icon-1899-DB4436-labelson-nodesc</styleUrl>
        <Point>
          <coordinates>
            40.146339,21.5467,0
          </coordinates>
        </Point>
      </Placemark>
      <Placemark>
        <name>جبل كنثيل</name>
        <styleUrl>#icon-1899-DB4436-labelson-nodesc</styleUrl>
        <Point>
          <coordinates>
            40.198116,21.551228,0
          </coordinates>
        </Point>
      </Placemark>
      <Placemark>
        <name>جبل لبن</name>
        <styleUrl>#icon-1899-DB4436-labelson-nodesc</styleUrl>
        <Point>
          <coordinates>
            39.891014,21.042423,0
          </coordinates>
        </Point>
      </Placemark>
      <Placemark>
        <name>جبل لبن الاسود</name>
        <styleUrl>#icon-1899-DB4436-labelson-nodesc</styleUrl>
        <Point>
          <coordinates>
            39.877796,21.084995,0
          </coordinates>
        </Point>
      </Placemark>
      <Placemark>
        <name>جبل لبن القدر</name>
        <styleUrl>#icon-1899-DB4436-labelson-nodesc</styleUrl>
        <Point>
          <coordinates>
            39.59919,22.821522,0
          </coordinates>
        </Point>
      </Placemark>
      <Placemark>
        <name>جبل لحي ضب</name>
        <styleUrl>#icon-1899-DB4436-labelson-nodesc</styleUrl>
        <Point>
          <coordinates>
            41.327305,22.641106,0
          </coordinates>
        </Point>
      </Placemark>
      <Placemark>
        <name>جبل لسان</name>
        <styleUrl>#icon-1899-DB4436-labelson-nodesc</styleUrl>
        <Point>
          <coordinates>
            41.957924,20.772057,0
          </coordinates>
        </Point>
      </Placemark>
      <Placemark>
        <name>جبل لهايل</name>
        <styleUrl>#icon-1899-DB4436-labelson-nodesc</styleUrl>
        <Point>
          <coordinates>
            41.202614,20.60576,0
          </coordinates>
        </Point>
      </Placemark>
      <Placemark>
        <name>جبل مأبد</name>
        <styleUrl>#icon-1899-DB4436-labelson-nodesc</styleUrl>
        <Point>
          <coordinates>
            40.152841,21.211445,0
          </coordinates>
        </Point>
      </Placemark>
      <Placemark>
        <name>جبل محضرم</name>
        <styleUrl>#icon-1899-DB4436-labelson-nodesc</styleUrl>
        <Point>
          <coordinates>
            41.245937,21.676369,0
          </coordinates>
        </Point>
      </Placemark>
      <Placemark>
        <name>جبل محيسنة</name>
        <styleUrl>#icon-1899-DB4436-labelson-nodesc</styleUrl>
        <Point>
          <coordinates>
            41.362495,21.213741,0
          </coordinates>
        </Point>
      </Placemark>
      <Placemark>
        <name>جبل مرعيان</name>
        <styleUrl>#icon-1899-DB4436-labelson-nodesc</styleUrl>
        <Point>
          <coordinates>
            41.751244,20.924728,0
          </coordinates>
        </Point>
      </Placemark>
      <Placemark>
        <name>جبل مسافعه</name>
        <styleUrl>#icon-1899-DB4436-labelson-nodesc</styleUrl>
        <Point>
          <coordinates>
            42.051201,21.488228,0
          </coordinates>
        </Point>
      </Placemark>
      <Placemark>
        <name>جبل مسعود</name>
        <styleUrl>#icon-1899-DB4436-labelson-nodesc</styleUrl>
        <Point>
          <coordinates>
            40.119839,21.54449,0
          </coordinates>
        </Point>
      </Placemark>
      <Placemark>
        <name>جبل مسواط</name>
        <styleUrl>#icon-1899-DB4436-labelson-nodesc</styleUrl>
        <Point>
          <coordinates>
            39.70459,22.92778,0
          </coordinates>
        </Point>
      </Placemark>
      <Placemark>
        <name>جبل مسوليا</name>
        <styleUrl>#icon-1899-DB4436-labelson-nodesc</styleUrl>
        <Point>
          <coordinates>
            40.454235,21.970596,0
          </coordinates>
        </Point>
      </Placemark>
      <Placemark>
        <name>جبل مصبح</name>
        <styleUrl>#icon-1899-DB4436-labelson-nodesc</styleUrl>
        <Point>
          <coordinates>
            41.984768,21.037788,0
          </coordinates>
        </Point>
      </Placemark>
      <Placemark>
        <name>جبل مطزان</name>
        <styleUrl>#icon-1899-DB4436-labelson-nodesc</styleUrl>
        <Point>
          <coordinates>
            42.105961,20.99262,0
          </coordinates>
        </Point>
      </Placemark>
      <Placemark>
        <name>جبل مفار</name>
        <styleUrl>#icon-1899-DB4436-labelson-nodesc</styleUrl>
        <Point>
          <coordinates>
            40.920639,22.829075,0
          </coordinates>
        </Point>
      </Placemark>
      <Placemark>
        <name>جبل مقنعة</name>
        <styleUrl>#icon-1899-DB4436-labelson-nodesc</styleUrl>
        <Point>
          <coordinates>
            42.3294,21.380446,0
          </coordinates>
        </Point>
      </Placemark>
      <Placemark>
        <name>جبل مكسر</name>
        <styleUrl>#icon-1899-DB4436-labelson-nodesc</styleUrl>
        <Point>
          <coordinates>
            39.624081,21.566505,0
          </coordinates>
        </Point>
      </Placemark>
      <Placemark>
        <name>جبل منيفا</name>
        <styleUrl>#icon-1899-DB4436-labelson-nodesc</styleUrl>
        <Point>
          <coordinates>
            40.355079,21.370018,0
          </coordinates>
        </Point>
      </Placemark>
      <Placemark>
        <name>جبل نبحة</name>
        <styleUrl>#icon-1899-DB4436-labelson-nodesc</styleUrl>
        <Point>
          <coordinates>
            41.392536,22.856884,0
          </coordinates>
        </Point>
      </Placemark>
      <Placemark>
        <name>جبل نخرة الجنوبي</name>
        <styleUrl>#icon-1899-DB4436-labelson-nodesc</styleUrl>
        <Point>
          <coordinates>
            40.960743,19.915252,0
          </coordinates>
        </Point>
      </Placemark>
      <Placemark>
        <name>جبل نشح</name>
        <styleUrl>#icon-1899-DB4436-labelson-nodesc</styleUrl>
        <Point>
          <coordinates>
            39.567089,21.059589,0
          </coordinates>
        </Point>
      </Placemark>
      <Placemark>
        <name>جبل نصع</name>
        <styleUrl>#icon-1899-DB4436-labelson-nodesc</styleUrl>
        <Point>
          <coordinates>
            39.558334,22.952328,0
          </coordinates>
        </Point>
      </Placemark>
      <Placemark>
        <name>جبل نصيع</name>
        <styleUrl>#icon-1899-DB4436-labelson-nodesc</styleUrl>
        <Point>
          <coordinates>
            39.188404,23.092747,0
          </coordinates>
        </Point>
      </Placemark>
      <Placemark>
        <name>جبل نعر</name>
        <styleUrl>#icon-1899-DB4436-labelson-nodesc</styleUrl>
        <Point>
          <coordinates>
            39.834366,21.62472,0
          </coordinates>
        </Point>
      </Placemark>
      <Placemark>
        <name>جبل نعل</name>
        <styleUrl>#icon-1899-DB4436-labelson-nodesc</styleUrl>
        <Point>
          <coordinates>
            39.8172,21.039848,0
          </coordinates>
        </Point>
      </Placemark>
      <Placemark>
        <name>جبل نعمي</name>
        <styleUrl>#icon-1899-DB4436-labelson-nodesc</styleUrl>
        <Point>
          <coordinates>
            42.470119,21.678321,0
          </coordinates>
        </Point>
      </Placemark>
      <Placemark>
        <name>جبل نفرا</name>
        <styleUrl>#icon-1899-DB4436-labelson-nodesc</styleUrl>
        <Point>
          <coordinates>
            39.830246,22.558537,0
          </coordinates>
        </Point>
      </Placemark>
      <Placemark>
        <name>جبل نفراء الطريق</name>
        <styleUrl>#icon-1899-DB4436-labelson-nodesc</styleUrl>
        <Point>
          <coordinates>
            41.17178,22.497768,0
          </coordinates>
        </Point>
      </Placemark>
      <Placemark>
        <name>جبل نفراء الغراميل</name>
        <styleUrl>#icon-1899-DB4436-labelson-nodesc</styleUrl>
        <Point>
          <coordinates>
            41.21418,22.420349,0
          </coordinates>
        </Point>
      </Placemark>
      <Placemark>
        <name>جبل هدام</name>
        <styleUrl>#icon-1899-DB4436-labelson-nodesc</styleUrl>
        <Point>
          <coordinates>
            40.909588,20.693243,0
          </coordinates>
        </Point>
      </Placemark>
      <Placemark>
        <name>جبل وحل</name>
        <styleUrl>#icon-1899-DB4436-labelson-nodesc</styleUrl>
        <Point>
          <coordinates>
            40.962524,22.586002,0
          </coordinates>
        </Point>
      </Placemark>
      <Placemark>
        <name>جبل ورث</name>
        <styleUrl>#icon-1899-DB4436-labelson-nodesc</styleUrl>
        <Point>
          <coordinates>
            40.035725,22.582226,0
          </coordinates>
        </Point>
      </Placemark>
      <Placemark>
        <name>جبل ورك</name>
        <styleUrl>#icon-1899-DB4436-labelson-nodesc</styleUrl>
        <Point>
          <coordinates>
            42.890646,21.141536,0
          </coordinates>
        </Point>
      </Placemark>
      <Placemark>
        <name>جبل وسمية</name>
        <styleUrl>#icon-1899-DB4436-labelson-nodesc</styleUrl>
        <Point>
          <coordinates>
            39.69944,23.022022,0
          </coordinates>
        </Point>
      </Placemark>
      <Placemark>
        <name>جبل وعد</name>
        <styleUrl>#icon-1899-DB4436-labelson-nodesc</styleUrl>
        <Point>
          <coordinates>
            41.38082,20.881941,0
          </coordinates>
        </Point>
      </Placemark>
      <Placemark>
        <name>جبل وقف</name>
        <styleUrl>#icon-1899-DB4436-labelson-nodesc</styleUrl>
        <Point>
          <coordinates>
            42.891097,21.116946,0
          </coordinates>
        </Point>
      </Placemark>
      <Placemark>
        <name>جبل يعومة النبطاء</name>
        <styleUrl>#icon-1899-DB4436-labelson-nodesc</styleUrl>
        <Point>
          <coordinates>
            42.748361,21.622252,0
          </coordinates>
        </Point>
      </Placemark>
      <Placemark>
        <name>جبل يهي</name>
        <styleUrl>#icon-1899-DB4436-labelson-nodesc</styleUrl>
        <Point>
          <coordinates>
            41.473904,22.952156,0
          </coordinates>
        </Point>
      </Placemark>
      <Placemark>
        <name>جبيل ام التخلي</name>
        <styleUrl>#icon-1899-DB4436-labelson-nodesc</styleUrl>
        <Point>
          <coordinates>
            38.996658,23.164673,0
          </coordinates>
        </Point>
      </Placemark>
      <Placemark>
        <name>تلال هكرات</name>
        <styleUrl>#icon-1899-DB4436-labelson-nodesc</styleUrl>
        <Point>
          <coordinates>
            41.709766,22.66016,0
          </coordinates>
        </Point>
      </Placemark>
      <Placemark>
        <name>جبل الصفا</name>
        <styleUrl>#icon-1899-DB4436-labelson-nodesc</styleUrl>
        <Point>
          <coordinates>
            41.5291050000001,19.504837,0
          </coordinates>
        </Point>
      </Placemark>
      <Placemark>
        <name>هضبة الحَيْلة</name>
        <styleUrl>#icon-1899-DB4436-labelson-nodesc</styleUrl>
        <Point>
          <coordinates>
            41.721353,19.659912,0
          </coordinates>
        </Point>
      </Placemark>
      <Placemark>
        <name>جبل ظَلْمان</name>
        <styleUrl>#icon-1899-DB4436-labelson-nodesc</styleUrl>
        <Point>
          <coordinates>
            41.651309,19.664141,0
          </coordinates>
        </Point>
      </Placemark>
      <Placemark>
        <name>جبل الأخدع</name>
        <styleUrl>#icon-1899-DB4436-labelson-nodesc</styleUrl>
        <Point>
          <coordinates>
            41.605462,19.565938,0
          </coordinates>
        </Point>
      </Placemark>
      <Placemark>
        <name>غار القلادة</name>
        <styleUrl>#icon-1899-DB4436-labelson-nodesc</styleUrl>
        <Point>
          <coordinates>
            41.673392,19.547516,0
          </coordinates>
        </Point>
      </Placemark>
      <Placemark>
        <name>جبل الخريب</name>
        <styleUrl>#icon-1899-DB4436-labelson-nodesc</styleUrl>
        <Point>
          <coordinates>
            42.6503648,21.5140752,0
          </coordinates>
        </Point>
      </Placemark>
      <Placemark>
        <name>جبل ريية</name>
        <styleUrl>#icon-1899-DB4436-labelson-nodesc</styleUrl>
        <Point>
          <coordinates>
            42.6573463,21.5480941,0
          </coordinates>
        </Point>
      </Placemark>
      <Placemark>
        <name>جبل الصاقب
</name>
        <styleUrl>#icon-1899-DB4436-labelson-nodesc</styleUrl>
        <Point>
          <coordinates>
            43.56821,22.23356,0
          </coordinates>
        </Point>
      </Placemark>
      <Placemark>
        <name>هضاب القرينات
</name>
        <styleUrl>#icon-1899-DB4436-labelson-nodesc</styleUrl>
        <Point>
          <coordinates>
            43.5373500000001,22.16281,0
          </coordinates>
        </Point>
      </Placemark>
      <Placemark>
        <name>هضاب الرمد
</name>
        <styleUrl>#icon-1899-DB4436-labelson-nodesc</styleUrl>
        <Point>
          <coordinates>
            43.54958,21.89287,0
          </coordinates>
        </Point>
      </Placemark>
      <Placemark>
        <name>هضاب السبعانات
</name>
        <styleUrl>#icon-1899-DB4436-labelson-nodesc</styleUrl>
        <Point>
          <coordinates>
            43.48723,21.69149,0
          </coordinates>
        </Point>
      </Placemark>
      <Placemark>
        <name>جبل الشثير
</name>
        <styleUrl>#icon-1899-DB4436-labelson-nodesc</styleUrl>
        <Point>
          <coordinates>
            43.5340699999999,21.63489,0
          </coordinates>
        </Point>
      </Placemark>
      <Placemark>
        <name>جبل شارع
</name>
        <styleUrl>#icon-1899-DB4436-labelson-nodesc</styleUrl>
        <Point>
          <coordinates>
            43.6750500000001,21.27717,0
          </coordinates>
        </Point>
      </Placemark>
      <Placemark>
        <name>جبل الطراد
</name>
        <styleUrl>#icon-1899-DB4436-labelson-nodesc</styleUrl>
        <Point>
          <coordinates>
            43.6823400000001,21.0945,0
          </coordinates>
        </Point>
      </Placemark>
      <Placemark>
        <name>جبل عرفان
</name>
        <styleUrl>#icon-1899-DB4436-labelson-nodesc</styleUrl>
        <Point>
          <coordinates>
            43.84557,21.1304,0
          </coordinates>
        </Point>
      </Placemark>
      <Placemark>
        <name>جبال السودة
</name>
        <styleUrl>#icon-1899-DB4436-labelson-nodesc</styleUrl>
        <Point>
          <coordinates>
            43.69723,21.43346,0
          </coordinates>
        </Point>
      </Placemark>
      <Placemark>
        <name>جبال السودان
</name>
        <styleUrl>#icon-1899-DB4436-labelson-nodesc</styleUrl>
        <Point>
          <coordinates>
            43.77184,21.64165,0
          </coordinates>
        </Point>
      </Placemark>
      <Placemark>
        <name>جبال السكة
</name>
        <styleUrl>#icon-1899-DB4436-labelson-nodesc</styleUrl>
        <Point>
          <coordinates>
            43.62374,21.70969,0
          </coordinates>
        </Point>
      </Placemark>
      <Placemark>
        <name>جبل غائر
</name>
        <styleUrl>#icon-1899-DB4436-labelson-nodesc</styleUrl>
        <Point>
          <coordinates>
            43.71599,21.8539,0
          </coordinates>
        </Point>
      </Placemark>
    </Folder>
    <Folder>
      <name>نفود</name>
      <Placemark>
        <name>نفود المنثوره</name>
        <styleUrl>#icon-1739-FBC02D-labelson-nodesc</styleUrl>
        <Point>
          <coordinates>
            42.622018,22.304478,0
          </coordinates>
        </Point>
      </Placemark>
      <Placemark>
        <name>عروق سبيع</name>
        <styleUrl>#icon-1739-FBC02D-labelson-nodesc</styleUrl>
        <Point>
          <coordinates>
            42.898114,22.771719,0
          </coordinates>
        </Point>
      </Placemark>
      <Placemark>
        <name>عروق سبيع</name>
        <styleUrl>#icon-1739-FBC02D-labelson-nodesc</styleUrl>
        <Point>
          <coordinates>
            43.073466,22.212961,0
          </coordinates>
        </Point>
      </Placemark>
      <Placemark>
        <name>عرق  ام الشنان</name>
        <styleUrl>#icon-1739-FBC02D-labelson-nodesc</styleUrl>
        <Point>
          <coordinates>
            43.206847,21.70377,0
          </coordinates>
        </Point>
      </Placemark>
      <Placemark>
        <name>عرق الثمام</name>
        <styleUrl>#icon-1739-FBC02D-labelson-nodesc</styleUrl>
        <Point>
          <coordinates>
            43.054583,21.520672,0
          </coordinates>
        </Point>
      </Placemark>
      <Placemark>
        <name>عرق الخليج</name>
        <styleUrl>#icon-1739-FBC02D-labelson-nodesc</styleUrl>
        <Point>
          <coordinates>
            43.138826,21.484709,0
          </coordinates>
        </Point>
      </Placemark>
      <Placemark>
        <name>عرق الدويرة</name>
        <styleUrl>#icon-1739-FBC02D-labelson-nodesc</styleUrl>
        <Point>
          <coordinates>
            43.206868,21.622145,0
          </coordinates>
        </Point>
      </Placemark>
      <Placemark>
        <name>عرق الشثه</name>
        <styleUrl>#icon-1739-FBC02D-labelson-nodesc</styleUrl>
        <Point>
          <coordinates>
            40.852017,20.669618,0
          </coordinates>
        </Point>
      </Placemark>
      <Placemark>
        <name>عرق العمياء</name>
        <styleUrl>#icon-1739-FBC02D-labelson-nodesc</styleUrl>
        <Point>
          <coordinates>
            43.110631,21.77619,0
          </coordinates>
        </Point>
      </Placemark>
      <Placemark>
        <name>عرق القلب</name>
        <styleUrl>#icon-1739-FBC02D-labelson-nodesc</styleUrl>
        <Point>
          <coordinates>
            43.066514,21.934869,0
          </coordinates>
        </Point>
      </Placemark>
      <Placemark>
        <name>عرق ام ارطى</name>
        <styleUrl>#icon-1739-FBC02D-labelson-nodesc</styleUrl>
        <Point>
          <coordinates>
            43.105116,21.826165,0
          </coordinates>
        </Point>
      </Placemark>
      <Placemark>
        <name>عرق ام المراهي</name>
        <styleUrl>#icon-1739-FBC02D-labelson-nodesc</styleUrl>
        <Point>
          <coordinates>
            43.166249,21.740956,0
          </coordinates>
        </Point>
      </Placemark>
      <Placemark>
        <name>عرق حنجران</name>
        <styleUrl>#icon-1739-FBC02D-labelson-nodesc</styleUrl>
        <Point>
          <coordinates>
            43.021903,20.994723,0
          </coordinates>
        </Point>
      </Placemark>
      <Placemark>
        <name>عرق حنجران</name>
        <styleUrl>#icon-1739-FBC02D-labelson-nodesc</styleUrl>
        <Point>
          <coordinates>
            43.107348,21.118276,0
          </coordinates>
        </Point>
      </Placemark>
      <Placemark>
        <name>عرق كتيفة</name>
        <styleUrl>#icon-1739-FBC02D-labelson-nodesc</styleUrl>
        <Point>
          <coordinates>
            43.064668,21.859059,0
          </coordinates>
        </Point>
      </Placemark>
      <Placemark>
        <name>طعس ابا الدفوف</name>
        <styleUrl>#icon-1739-FBC02D-labelson-nodesc</styleUrl>
        <Point>
          <coordinates>
            42.998106,21.09302,0
          </coordinates>
        </Point>
      </Placemark>
      <Placemark>
        <name>عريق رغوة
</name>
        <styleUrl>#icon-1739-FBC02D-labelson-nodesc</styleUrl>
        <Point>
          <coordinates>
            43.54124,21.2271,0
          </coordinates>
        </Point>
      </Placemark>
    </Folder>
    <Folder>
      <name>موارد مياه</name>
      <Placemark>
        <name>ماء سبيل</name>
        <styleUrl>#icon-1739-0F9D58-labelson-nodesc</styleUrl>
        <Point>
          <coordinates>
            40.935895,20.365562,0
          </coordinates>
        </Point>
      </Placemark>
      <Placemark>
        <name>بئر هزاع</name>
        <styleUrl>#icon-1739-0F9D58-labelson-nodesc</styleUrl>
        <Point>
          <coordinates>
            41.682472,19.592893,0
          </coordinates>
        </Point>
      </Placemark>
      <Placemark>
        <name>بئر مياة</name>
        <styleUrl>#icon-1739-0F9D58-labelson-nodesc</styleUrl>
        <Point>
          <coordinates>
            41.70732,19.632504,0
          </coordinates>
        </Point>
      </Placemark>
      <Placemark>
        <name>بئر حكومي</name>
        <styleUrl>#icon-1739-0F9D58-labelson-nodesc</styleUrl>
        <Point>
          <coordinates>
            41.706183,19.685805,0
          </coordinates>
        </Point>
      </Placemark>
      <Placemark>
        <name>خزان الخندوق</name>
        <styleUrl>#icon-1739-0F9D58-labelson-nodesc</styleUrl>
        <Point>
          <coordinates>
            41.70835,19.687049,0
          </coordinates>
        </Point>
      </Placemark>
      <Placemark>
        <name>قليب الصقلي</name>
        <styleUrl>#icon-1739-0F9D58-labelson-nodesc</styleUrl>
        <Point>
          <coordinates>
            42.573223,21.343303,0
          </coordinates>
        </Point>
      </Placemark>
      <Placemark>
        <name>عيون الخوار</name>
        <styleUrl>#icon-1739-0F9D58-labelson-nodesc</styleUrl>
        <Point>
          <coordinates>
            39.554451,22.175131,0
          </coordinates>
        </Point>
      </Placemark>
      <Placemark>
        <name>عين الغدير</name>
        <styleUrl>#icon-1739-0F9D58-labelson-nodesc</styleUrl>
        <Point>
          <coordinates>
            39.208145,22.743587,0
          </coordinates>
        </Point>
      </Placemark>
      <Placemark>
        <name>عين خليص</name>
        <styleUrl>#icon-1739-0F9D58-labelson-nodesc</styleUrl>
        <Point>
          <coordinates>
            39.37221,22.160282,0
          </coordinates>
        </Point>
      </Placemark>
      <Placemark>
        <name>عين ضرعاء</name>
        <styleUrl>#icon-1739-0F9D58-labelson-nodesc</styleUrl>
        <Point>
          <coordinates>
            40.117993,22.289608,0
          </coordinates>
        </Point>
      </Placemark>
      <Placemark>
        <name>عين ماء الكربه</name>
        <styleUrl>#icon-1739-0F9D58-labelson-nodesc</styleUrl>
        <Point>
          <coordinates>
            40.797772,21.055963,0
          </coordinates>
        </Point>
      </Placemark>
      <Placemark>
        <name>بئر</name>
        <styleUrl>#icon-1739-0F9D58-labelson-nodesc</styleUrl>
        <Point>
          <coordinates>
            38.926621,23.384571,0
          </coordinates>
        </Point>
      </Placemark>
      <Placemark>
        <name>بئر ابن هيف</name>
        <styleUrl>#icon-1739-0F9D58-labelson-nodesc</styleUrl>
        <Point>
          <coordinates>
            42.818034,21.816981,0
          </coordinates>
        </Point>
      </Placemark>
      <Placemark>
        <name>بئر ابو الحليفة</name>
        <styleUrl>#icon-1739-0F9D58-labelson-nodesc</styleUrl>
        <Point>
          <coordinates>
            40.100613,22.196331,0
          </coordinates>
        </Point>
      </Placemark>
      <Placemark>
        <name>بئر ابو زوعة</name>
        <styleUrl>#icon-1739-0F9D58-labelson-nodesc</styleUrl>
        <Point>
          <coordinates>
            41.002822,20.318227,0
          </coordinates>
        </Point>
      </Placemark>
      <Placemark>
        <name>بئر ال عفنان</name>
        <styleUrl>#icon-1739-0F9D58-labelson-nodesc</styleUrl>
        <Point>
          <coordinates>
            40.714667,20.820851,0
          </coordinates>
        </Point>
      </Placemark>
      <Placemark>
        <name>بئر الاخيضر</name>
        <styleUrl>#icon-1739-0F9D58-labelson-nodesc</styleUrl>
        <Point>
          <coordinates>
            42.39888,20.774868,0
          </coordinates>
        </Point>
      </Placemark>
      <Placemark>
        <name>بئر الاظفارة</name>
        <styleUrl>#icon-1739-0F9D58-labelson-nodesc</styleUrl>
        <Point>
          <coordinates>
            42.549706,22.163715,0
          </coordinates>
        </Point>
      </Placemark>
      <Placemark>
        <name>بئر البردان</name>
        <styleUrl>#icon-1739-0F9D58-labelson-nodesc</styleUrl>
        <Point>
          <coordinates>
            40.908237,20.280783,0
          </coordinates>
        </Point>
      </Placemark>
      <Placemark>
        <name>بئر البرقاء</name>
        <styleUrl>#icon-1739-0F9D58-labelson-nodesc</styleUrl>
        <Point>
          <coordinates>
            40.444386,20.119293,0
          </coordinates>
        </Point>
      </Placemark>
      <Placemark>
        <name>بئر البرماء</name>
        <styleUrl>#icon-1739-0F9D58-labelson-nodesc</styleUrl>
        <Point>
          <coordinates>
            41.402042,21.673665,0
          </coordinates>
        </Point>
      </Placemark>
      <Placemark>
        <name>بئر البرود</name>
        <styleUrl>#icon-1739-0F9D58-labelson-nodesc</styleUrl>
        <Point>
          <coordinates>
            39.32745,21.328754,0
          </coordinates>
        </Point>
      </Placemark>
      <Placemark>
        <name>بئر البطيطية</name>
        <styleUrl>#icon-1739-0F9D58-labelson-nodesc</styleUrl>
        <Point>
          <coordinates>
            42.228055,20.439892,0
          </coordinates>
        </Point>
      </Placemark>
      <Placemark>
        <name>بئر البيضاء</name>
        <styleUrl>#icon-1739-0F9D58-labelson-nodesc</styleUrl>
        <Point>
          <coordinates>
            39.882495,20.999401,0
          </coordinates>
        </Point>
      </Placemark>
      <Placemark>
        <name>بئر الثميلة</name>
        <styleUrl>#icon-1739-0F9D58-labelson-nodesc</styleUrl>
        <Point>
          <coordinates>
            41.028593,20.349104,0
          </coordinates>
        </Point>
      </Placemark>
      <Placemark>
        <name>بئر الجحفة</name>
        <styleUrl>#icon-1739-0F9D58-labelson-nodesc</styleUrl>
        <Point>
          <coordinates>
            39.134331,22.699642,0
          </coordinates>
        </Point>
      </Placemark>
      <Placemark>
        <name>بئر الحامضة</name>
        <styleUrl>#icon-1739-0F9D58-labelson-nodesc</styleUrl>
        <Point>
          <coordinates>
            39.265995,23.014984,0
          </coordinates>
        </Point>
      </Placemark>
      <Placemark>
        <name>بئر الحصيني</name>
        <styleUrl>#icon-1739-0F9D58-labelson-nodesc</styleUrl>
        <Point>
          <coordinates>
            40.209618,20.855784,0
          </coordinates>
        </Point>
      </Placemark>
      <Placemark>
        <name>بئر الحفنة</name>
        <styleUrl>#icon-1739-0F9D58-labelson-nodesc</styleUrl>
        <Point>
          <coordinates>
            43.378572,21.286783,0
          </coordinates>
        </Point>
      </Placemark>
      <Placemark>
        <name>بئر الحقنة</name>
        <styleUrl>#icon-1739-0F9D58-labelson-nodesc</styleUrl>
        <Point>
          <coordinates>
            41.65005,21.504107,0
          </coordinates>
        </Point>
      </Placemark>
      <Placemark>
        <name>بئر الخرقة</name>
        <styleUrl>#icon-1739-0F9D58-labelson-nodesc</styleUrl>
        <Point>
          <coordinates>
            39.758835,20.9202,0
          </coordinates>
        </Point>
      </Placemark>
      <Placemark>
        <name>بئر الرمرمية</name>
        <styleUrl>#icon-1739-0F9D58-labelson-nodesc</styleUrl>
        <Point>
          <coordinates>
            41.920373,22.154961,0
          </coordinates>
        </Point>
      </Placemark>
      <Placemark>
        <name>بئر الروحاء</name>
        <styleUrl>#icon-1739-0F9D58-labelson-nodesc</styleUrl>
        <Point>
          <coordinates>
            39.738514,21.424799,0
          </coordinates>
        </Point>
      </Placemark>
      <Placemark>
        <name>بئر الزريبة</name>
        <styleUrl>#icon-1739-0F9D58-labelson-nodesc</styleUrl>
        <Point>
          <coordinates>
            42.637661,22.127473,0
          </coordinates>
        </Point>
      </Placemark>
      <Placemark>
        <name>بئر السحوبية</name>
        <styleUrl>#icon-1739-0F9D58-labelson-nodesc</styleUrl>
        <Point>
          <coordinates>
            41.439078,21.309743,0
          </coordinates>
        </Point>
      </Placemark>
      <Placemark>
        <name>بئر السمرية</name>
        <styleUrl>#icon-1739-0F9D58-labelson-nodesc</styleUrl>
        <Point>
          <coordinates>
            42.473724,21.139669,0
          </coordinates>
        </Point>
      </Placemark>
      <Placemark>
        <name>بئر الصاعدي</name>
        <styleUrl>#icon-1739-0F9D58-labelson-nodesc</styleUrl>
        <Point>
          <coordinates>
            38.945675,23.330154,0
          </coordinates>
        </Point>
      </Placemark>
      <Placemark>
        <name>بئر الصنقبة</name>
        <styleUrl>#icon-1739-0F9D58-labelson-nodesc</styleUrl>
        <Point>
          <coordinates>
            40.518951,22.413311,0
          </coordinates>
        </Point>
      </Placemark>
      <Placemark>
        <name>بئر الضريب</name>
        <styleUrl>#icon-1739-0F9D58-labelson-nodesc</styleUrl>
        <Point>
          <coordinates>
            40.622506,21.079996,0
          </coordinates>
        </Point>
      </Placemark>
      <Placemark>
        <name>بئر العايدية</name>
        <styleUrl>#icon-1739-0F9D58-labelson-nodesc</styleUrl>
        <Point>
          <coordinates>
            38.954601,23.246384,0
          </coordinates>
        </Point>
      </Placemark>
      <Placemark>
        <name>بئر العد</name>
        <styleUrl>#icon-1739-0F9D58-labelson-nodesc</styleUrl>
        <Point>
          <coordinates>
            39.399548,21.239834,0
          </coordinates>
        </Point>
      </Placemark>
      <Placemark>
        <name>بئر العوجاء</name>
        <styleUrl>#icon-1739-0F9D58-labelson-nodesc</styleUrl>
        <Point>
          <coordinates>
            42.720852,22.867184,0
          </coordinates>
        </Point>
      </Placemark>
      <Placemark>
        <name>بئر العوجاء</name>
        <styleUrl>#icon-1739-0F9D58-labelson-nodesc</styleUrl>
        <Point>
          <coordinates>
            42.584081,21.586804,0
          </coordinates>
        </Point>
      </Placemark>
      <Placemark>
        <name>بئر العيينة</name>
        <styleUrl>#icon-1739-0F9D58-labelson-nodesc</styleUrl>
        <Point>
          <coordinates>
            43.404922,21.935234,0
          </coordinates>
        </Point>
      </Placemark>
      <Placemark>
        <name>بئر الغالية</name>
        <styleUrl>#icon-1739-0F9D58-labelson-nodesc</styleUrl>
        <Point>
          <coordinates>
            41.72307,21.826873,0
          </coordinates>
        </Point>
      </Placemark>
      <Placemark>
        <name>بئر الغامدية</name>
        <styleUrl>#icon-1739-0F9D58-labelson-nodesc</styleUrl>
        <Point>
          <coordinates>
            39.905605,20.644856,0
          </coordinates>
        </Point>
      </Placemark>
      <Placemark>
        <name>بئر الغنم</name>
        <styleUrl>#icon-1739-0F9D58-labelson-nodesc</styleUrl>
        <Point>
          <coordinates>
            39.809303,21.591396,0
          </coordinates>
        </Point>
      </Placemark>
      <Placemark>
        <name>بئر الفقيما</name>
        <styleUrl>#icon-1739-0F9D58-labelson-nodesc</styleUrl>
        <Point>
          <coordinates>
            41.48798,21.452394,0
          </coordinates>
        </Point>
      </Placemark>
      <Placemark>
        <name>بئر القرارة</name>
        <styleUrl>#icon-1739-0F9D58-labelson-nodesc</styleUrl>
        <Point>
          <coordinates>
            41.948032,22.836285,0
          </coordinates>
        </Point>
      </Placemark>
      <Placemark>
        <name>بئر القيعلية</name>
        <styleUrl>#icon-1739-0F9D58-labelson-nodesc</styleUrl>
        <Point>
          <coordinates>
            42.166901,21.67491,0
          </coordinates>
        </Point>
      </Placemark>
      <Placemark>
        <name>بئر اللحيان</name>
        <styleUrl>#icon-1739-0F9D58-labelson-nodesc</styleUrl>
        <Point>
          <coordinates>
            41.680584,22.786846,0
          </coordinates>
        </Point>
      </Placemark>
      <Placemark>
        <name>بئر اللميسة</name>
        <styleUrl>#icon-1739-0F9D58-labelson-nodesc</styleUrl>
        <Point>
          <coordinates>
            42.469883,22.585702,0
          </coordinates>
        </Point>
      </Placemark>
      <Placemark>
        <name>بئر المحضار</name>
        <styleUrl>#icon-1739-0F9D58-labelson-nodesc</styleUrl>
        <Point>
          <coordinates>
            42.255113,20.52407,0
          </coordinates>
        </Point>
      </Placemark>
      <Placemark>
        <name>بئر المريصيص</name>
        <styleUrl>#icon-1739-0F9D58-labelson-nodesc</styleUrl>
        <Point>
          <coordinates>
            42.491169,21.560991,0
          </coordinates>
        </Point>
      </Placemark>
      <Placemark>
        <name>بئر النباع</name>
        <styleUrl>#icon-1739-0F9D58-labelson-nodesc</styleUrl>
        <Point>
          <coordinates>
            42.451344,21.159496,0
          </coordinates>
        </Point>
      </Placemark>
      <Placemark>
        <name>بئر الوزرانية</name>
        <styleUrl>#icon-1739-0F9D58-labelson-nodesc</styleUrl>
        <Point>
          <coordinates>
            43.376255,20.832331,0
          </coordinates>
        </Point>
      </Placemark>
      <Placemark>
        <name>بئر الوسيعة</name>
        <styleUrl>#icon-1739-0F9D58-labelson-nodesc</styleUrl>
        <Point>
          <coordinates>
            41.437125,21.750977,0
          </coordinates>
        </Point>
      </Placemark>
      <Placemark>
        <name>بئر ام الخير</name>
        <styleUrl>#icon-1739-0F9D58-labelson-nodesc</styleUrl>
        <Point>
          <coordinates>
            40.32064,21.142051,0
          </coordinates>
        </Point>
      </Placemark>
      <Placemark>
        <name>بئر ام الرفيع</name>
        <styleUrl>#icon-1739-0F9D58-labelson-nodesc</styleUrl>
        <Point>
          <coordinates>
            40.875793,20.832675,0
          </coordinates>
        </Point>
      </Placemark>
      <Placemark>
        <name>بئر ام فرقين</name>
        <styleUrl>#icon-1739-0F9D58-labelson-nodesc</styleUrl>
        <Point>
          <coordinates>
            41.464806,22.050762,0
          </coordinates>
        </Point>
      </Placemark>
      <Placemark>
        <name>بئر ايان</name>
        <styleUrl>#icon-1739-0F9D58-labelson-nodesc</styleUrl>
        <Point>
          <coordinates>
            40.567939,20.962901,0
          </coordinates>
        </Point>
      </Placemark>
      <Placemark>
        <name>بئر ايهار</name>
        <styleUrl>#icon-1739-0F9D58-labelson-nodesc</styleUrl>
        <Point>
          <coordinates>
            41.492507,20.879345,0
          </coordinates>
        </Point>
      </Placemark>
      <Placemark>
        <name>بئر بحرة</name>
        <styleUrl>#icon-1739-0F9D58-labelson-nodesc</styleUrl>
        <Point>
          <coordinates>
            41.51036,21.562922,0
          </coordinates>
        </Point>
      </Placemark>
      <Placemark>
        <name>بئر برود</name>
        <styleUrl>#icon-1739-0F9D58-labelson-nodesc</styleUrl>
        <Point>
          <coordinates>
            43.054733,22.377262,0
          </coordinates>
        </Point>
      </Placemark>
      <Placemark>
        <name>بئر بريم</name>
        <styleUrl>#icon-1739-0F9D58-labelson-nodesc</styleUrl>
        <Point>
          <coordinates>
            41.441696,21.880131,0
          </coordinates>
        </Point>
      </Placemark>
      <Placemark>
        <name>بئر بليدة</name>
        <styleUrl>#icon-1739-0F9D58-labelson-nodesc</styleUrl>
        <Point>
          <coordinates>
            41.602564,23.388391,0
          </coordinates>
        </Point>
      </Placemark>
      <Placemark>
        <name>بئر حراض</name>
        <styleUrl>#icon-1739-0F9D58-labelson-nodesc</styleUrl>
        <Point>
          <coordinates>
            41.334558,21.651864,0
          </coordinates>
        </Point>
      </Placemark>
      <Placemark>
        <name>بئر خضراء</name>
        <styleUrl>#icon-1739-0F9D58-labelson-nodesc</styleUrl>
        <Point>
          <coordinates>
            40.934973,20.891576,0
          </coordinates>
        </Point>
      </Placemark>
      <Placemark>
        <name>بئر دام</name>
        <styleUrl>#icon-1739-0F9D58-labelson-nodesc</styleUrl>
        <Point>
          <coordinates>
            39.904575,20.918484,0
          </coordinates>
        </Point>
      </Placemark>
      <Placemark>
        <name>بئر ذبيح</name>
        <styleUrl>#icon-1739-0F9D58-labelson-nodesc</styleUrl>
        <Point>
          <coordinates>
            41.65226,22.950439,0
          </coordinates>
        </Point>
      </Placemark>
      <Placemark>
        <name>بئر رضوان</name>
        <styleUrl>#icon-1739-0F9D58-labelson-nodesc</styleUrl>
        <Point>
          <coordinates>
            39.300005,23.102789,0
          </coordinates>
        </Point>
      </Placemark>
      <Placemark>
        <name>بئر سعية</name>
        <styleUrl>#icon-1739-0F9D58-labelson-nodesc</styleUrl>
        <Point>
          <coordinates>
            39.962254,20.529156,0
          </coordinates>
        </Point>
      </Placemark>
      <Placemark>
        <name>بئر سليته</name>
        <styleUrl>#icon-1739-0F9D58-labelson-nodesc</styleUrl>
        <Point>
          <coordinates>
            39.120941,22.240791,0
          </coordinates>
        </Point>
      </Placemark>
      <Placemark>
        <name>بئر سهالة</name>
        <styleUrl>#icon-1739-0F9D58-labelson-nodesc</styleUrl>
        <Point>
          <coordinates>
            40.827684,20.954661,0
          </coordinates>
        </Point>
      </Placemark>
      <Placemark>
        <name>بئر شرمة</name>
        <styleUrl>#icon-1739-0F9D58-labelson-nodesc</styleUrl>
        <Point>
          <coordinates>
            42.092679,23.160918,0
          </coordinates>
        </Point>
      </Placemark>
      <Placemark>
        <name>بئر شريف</name>
        <styleUrl>#icon-1739-0F9D58-labelson-nodesc</styleUrl>
        <Point>
          <coordinates>
            39.493618,22.111101,0
          </coordinates>
        </Point>
      </Placemark>
      <Placemark>
        <name>بئر ضبياء</name>
        <styleUrl>#icon-1739-0F9D58-labelson-nodesc</styleUrl>
        <Point>
          <coordinates>
            41.484268,21.402419,0
          </coordinates>
        </Point>
      </Placemark>
      <Placemark>
        <name>بئر طينان</name>
        <styleUrl>#icon-1739-0F9D58-labelson-nodesc</styleUrl>
        <Point>
          <coordinates>
            42.617168,21.674824,0
          </coordinates>
        </Point>
      </Placemark>
      <Placemark>
        <name>بئر عوهة</name>
        <styleUrl>#icon-1739-0F9D58-labelson-nodesc</styleUrl>
        <Point>
          <coordinates>
            39.98414,20.790768,0
          </coordinates>
        </Point>
      </Placemark>
      <Placemark>
        <name>بئر فرزان</name>
        <styleUrl>#icon-1739-0F9D58-labelson-nodesc</styleUrl>
        <Point>
          <coordinates>
            43.20425,21.304894,0
          </coordinates>
        </Point>
      </Placemark>
      <Placemark>
        <name>بئر كحلة</name>
        <styleUrl>#icon-1739-0F9D58-labelson-nodesc</styleUrl>
        <Point>
          <coordinates>
            41.578317,22.748265,0
          </coordinates>
        </Point>
      </Placemark>
      <Placemark>
        <name>بئر لقطة</name>
        <styleUrl>#icon-1739-0F9D58-labelson-nodesc</styleUrl>
        <Point>
          <coordinates>
            43.047524,22.561111,0
          </coordinates>
        </Point>
      </Placemark>
      <Placemark>
        <name>بئر ماء حكومي</name>
        <styleUrl>#icon-1739-0F9D58-labelson-nodesc</styleUrl>
        <Point>
          <coordinates>
            40.91079,20.366099,0
          </coordinates>
        </Point>
      </Placemark>
      <Placemark>
        <name>بئر ماء حكومي</name>
        <styleUrl>#icon-1739-0F9D58-labelson-nodesc</styleUrl>
        <Point>
          <coordinates>
            40.914803,20.37745,0
          </coordinates>
        </Point>
      </Placemark>
      <Placemark>
        <name>بئر مبيريك</name>
        <styleUrl>#icon-1739-0F9D58-labelson-nodesc</styleUrl>
        <Point>
          <coordinates>
            39.151711,23.16536,0
          </coordinates>
        </Point>
      </Placemark>
      <Placemark>
        <name>بئر مرسالة</name>
        <styleUrl>#icon-1739-0F9D58-labelson-nodesc</styleUrl>
        <Point>
          <coordinates>
            42.60704,22.565231,0
          </coordinates>
        </Point>
      </Placemark>
      <Placemark>
        <name>بئر مهد وراخ</name>
        <styleUrl>#icon-1739-0F9D58-labelson-nodesc</styleUrl>
        <Point>
          <coordinates>
            41.632261,20.831344,0
          </coordinates>
        </Point>
      </Placemark>
      <Placemark>
        <name>بئر هديه</name>
        <styleUrl>#icon-1739-0F9D58-labelson-nodesc</styleUrl>
        <Point>
          <coordinates>
            40.248671,21.128318,0
          </coordinates>
        </Point>
      </Placemark>
      <Placemark>
        <name>بئر واصل</name>
        <styleUrl>#icon-1739-0F9D58-labelson-nodesc</styleUrl>
        <Point>
          <coordinates>
            39.420791,22.996874,0
          </coordinates>
        </Point>
      </Placemark>
      <Placemark>
        <name>ابار ابو حيايا</name>
        <styleUrl>#icon-1739-0F9D58-labelson-nodesc</styleUrl>
        <Point>
          <coordinates>
            41.997986,22.801781,0
          </coordinates>
        </Point>
      </Placemark>
      <Placemark>
        <name>ابار الاخضر الجنوبية</name>
        <styleUrl>#icon-1739-0F9D58-labelson-nodesc</styleUrl>
        <Point>
          <coordinates>
            42.885647,22.317181,0
          </coordinates>
        </Point>
      </Placemark>
      <Placemark>
        <name>ابار الاخضر الشمالية</name>
        <styleUrl>#icon-1739-0F9D58-labelson-nodesc</styleUrl>
        <Point>
          <coordinates>
            42.874145,22.349281,0
          </coordinates>
        </Point>
      </Placemark>
      <Placemark>
        <name>ابار الافينخ</name>
        <styleUrl>#icon-1739-0F9D58-labelson-nodesc</styleUrl>
        <Point>
          <coordinates>
            42.423813,20.603592,0
          </coordinates>
        </Point>
      </Placemark>
      <Placemark>
        <name>ابار الاكموم</name>
        <styleUrl>#icon-1739-0F9D58-labelson-nodesc</styleUrl>
        <Point>
          <coordinates>
            41.950779,22.771912,0
          </coordinates>
        </Point>
      </Placemark>
      <Placemark>
        <name>ابار البدائع</name>
        <styleUrl>#icon-1739-0F9D58-labelson-nodesc</styleUrl>
        <Point>
          <coordinates>
            40.539036,22.28302,0
          </coordinates>
        </Point>
      </Placemark>
      <Placemark>
        <name>ابار التربانيات</name>
        <styleUrl>#icon-1739-0F9D58-labelson-nodesc</styleUrl>
        <Point>
          <coordinates>
            42.514622,21.562557,0
          </coordinates>
        </Point>
      </Placemark>
      <Placemark>
        <name>ابار الجاهلية</name>
        <styleUrl>#icon-1739-0F9D58-labelson-nodesc</styleUrl>
        <Point>
          <coordinates>
            42.817948,20.947237,0
          </coordinates>
        </Point>
      </Placemark>
      <Placemark>
        <name>ابار الجبيب</name>
        <styleUrl>#icon-1739-0F9D58-labelson-nodesc</styleUrl>
        <Point>
          <coordinates>
            41.525402,21.672678,0
          </coordinates>
        </Point>
      </Placemark>
      <Placemark>
        <name>ابار الجهورية</name>
        <styleUrl>#icon-1739-0F9D58-labelson-nodesc</styleUrl>
        <Point>
          <coordinates>
            42.41272,21.785545,0
          </coordinates>
        </Point>
      </Placemark>
      <Placemark>
        <name>ابار الحرجي</name>
        <styleUrl>#icon-1739-0F9D58-labelson-nodesc</styleUrl>
        <Point>
          <coordinates>
            42.911096,22.802446,0
          </coordinates>
        </Point>
      </Placemark>
      <Placemark>
        <name>ابار الحزيم الاسفل</name>
        <styleUrl>#icon-1739-0F9D58-labelson-nodesc</styleUrl>
        <Point>
          <coordinates>
            43.106403,21.015987,0
          </coordinates>
        </Point>
      </Placemark>
      <Placemark>
        <name>ابار الحزيم الاعلى</name>
        <styleUrl>#icon-1739-0F9D58-labelson-nodesc</styleUrl>
        <Point>
          <coordinates>
            43.054883,20.846708,0
          </coordinates>
        </Point>
      </Placemark>
      <Placemark>
        <name>ابار الحفائر</name>
        <styleUrl>#icon-1739-0F9D58-labelson-nodesc</styleUrl>
        <Point>
          <coordinates>
            40.533714,22.295551,0
          </coordinates>
        </Point>
      </Placemark>
      <Placemark>
        <name>ابار الحفائر</name>
        <styleUrl>#icon-1739-0F9D58-labelson-nodesc</styleUrl>
        <Point>
          <coordinates>
            42.30099,22.569158,0
          </coordinates>
        </Point>
      </Placemark>
      <Placemark>
        <name>ابار الحفير</name>
        <styleUrl>#icon-1739-0F9D58-labelson-nodesc</styleUrl>
        <Point>
          <coordinates>
            42.540178,21.619849,0
          </coordinates>
        </Point>
      </Placemark>
      <Placemark>
        <name>ابار الحوياء</name>
        <styleUrl>#icon-1739-0F9D58-labelson-nodesc</styleUrl>
        <Point>
          <coordinates>
            43.258839,21.403363,0
          </coordinates>
        </Point>
      </Placemark>
      <Placemark>
        <name>ابار الخصى</name>
        <styleUrl>#icon-1739-0F9D58-labelson-nodesc</styleUrl>
        <Point>
          <coordinates>
            42.477436,21.253052,0
          </coordinates>
        </Point>
      </Placemark>
      <Placemark>
        <name>ابار الخنفرية</name>
        <styleUrl>#icon-1739-0F9D58-labelson-nodesc</styleUrl>
        <Point>
          <coordinates>
            41.589432,22.362156,0
          </coordinates>
        </Point>
      </Placemark>
      <Placemark>
        <name>ابار الخوارة</name>
        <styleUrl>#icon-1739-0F9D58-labelson-nodesc</styleUrl>
        <Point>
          <coordinates>
            41.349492,22.413268,0
          </coordinates>
        </Point>
      </Placemark>
      <Placemark>
        <name>ابار الدويحي</name>
        <styleUrl>#icon-1739-0F9D58-labelson-nodesc</styleUrl>
        <Point>
          <coordinates>
            43.315144,22.345676,0
          </coordinates>
        </Point>
      </Placemark>
      <Placemark>
        <name>ابار الرفائع</name>
        <styleUrl>#icon-1739-0F9D58-labelson-nodesc</styleUrl>
        <Point>
          <coordinates>
            41.421032,23.3741,0
          </coordinates>
        </Point>
      </Placemark>
      <Placemark>
        <name>ابار الرويلية</name>
        <styleUrl>#icon-1739-0F9D58-labelson-nodesc</styleUrl>
        <Point>
          <coordinates>
            41.64196,23.442249,0
          </coordinates>
        </Point>
      </Placemark>
      <Placemark>
        <name>ابار الريمة</name>
        <styleUrl>#icon-1739-0F9D58-labelson-nodesc</styleUrl>
        <Point>
          <coordinates>
            41.660328,23.310413,0
          </coordinates>
        </Point>
      </Placemark>
      <Placemark>
        <name>ابار السديرية</name>
        <styleUrl>#icon-1739-0F9D58-labelson-nodesc</styleUrl>
        <Point>
          <coordinates>
            42.59908,22.072821,0
          </coordinates>
        </Point>
      </Placemark>
      <Placemark>
        <name>ابار الشاوية</name>
        <styleUrl>#icon-1739-0F9D58-labelson-nodesc</styleUrl>
        <Point>
          <coordinates>
            42.589359,22.13273,0
          </coordinates>
        </Point>
      </Placemark>
      <Placemark>
        <name>ابار الشريفية</name>
        <styleUrl>#icon-1739-0F9D58-labelson-nodesc</styleUrl>
        <Point>
          <coordinates>
            42.690811,22.160625,0
          </coordinates>
        </Point>
      </Placemark>
      <Placemark>
        <name>ابار الشظو</name>
        <styleUrl>#icon-1739-0F9D58-labelson-nodesc</styleUrl>
        <Point>
          <coordinates>
            43.286583,21.388085,0
          </coordinates>
        </Point>
      </Placemark>
      <Placemark>
        <name>ابار الشقيب</name>
        <styleUrl>#icon-1739-0F9D58-labelson-nodesc</styleUrl>
        <Point>
          <coordinates>
            43.609714,20.966892,0
          </coordinates>
        </Point>
      </Placemark>
      <Placemark>
        <name>ابار الشلالة</name>
        <styleUrl>#icon-1739-0F9D58-labelson-nodesc</styleUrl>
        <Point>
          <coordinates>
            40.253906,22.105694,0
          </coordinates>
        </Point>
      </Placemark>
      <Placemark>
        <name>ابار الصقاق</name>
        <styleUrl>#icon-1739-0F9D58-labelson-nodesc</styleUrl>
        <Point>
          <coordinates>
            41.565571,22.692883,0
          </coordinates>
        </Point>
      </Placemark>
      <Placemark>
        <name>ابار الطفية</name>
        <styleUrl>#icon-1739-0F9D58-labelson-nodesc</styleUrl>
        <Point>
          <coordinates>
            42.198722,22.875402,0
          </coordinates>
        </Point>
      </Placemark>
      <Placemark>
        <name>ابار الطوال</name>
        <styleUrl>#icon-1739-0F9D58-labelson-nodesc</styleUrl>
        <Point>
          <coordinates>
            42.605195,21.610065,0
          </coordinates>
        </Point>
      </Placemark>
      <Placemark>
        <name>ابار العبلاء</name>
        <styleUrl>#icon-1739-0F9D58-labelson-nodesc</styleUrl>
        <Point>
          <coordinates>
            42.678494,21.671069,0
          </coordinates>
        </Point>
      </Placemark>
      <Placemark>
        <name>ابار العشاشة</name>
        <styleUrl>#icon-1739-0F9D58-labelson-nodesc</styleUrl>
        <Point>
          <coordinates>
            42.140636,21.929569,0
          </coordinates>
        </Point>
      </Placemark>
      <Placemark>
        <name>ابار العويجاء</name>
        <styleUrl>#icon-1739-0F9D58-labelson-nodesc</styleUrl>
        <Point>
          <coordinates>
            42.590733,21.661434,0
          </coordinates>
        </Point>
      </Placemark>
      <Placemark>
        <name>ابار الفيحاء</name>
        <styleUrl>#icon-1739-0F9D58-labelson-nodesc</styleUrl>
        <Point>
          <coordinates>
            43.135071,21.31176,0
          </coordinates>
        </Point>
      </Placemark>
      <Placemark>
        <name>ابار القطانية</name>
        <styleUrl>#icon-1739-0F9D58-labelson-nodesc</styleUrl>
        <Point>
          <coordinates>
            41.586084,21.99244,0
          </coordinates>
        </Point>
      </Placemark>
      <Placemark>
        <name>ابار القليب</name>
        <styleUrl>#icon-1739-0F9D58-labelson-nodesc</styleUrl>
        <Point>
          <coordinates>
            43.1355,21.982505,0
          </coordinates>
        </Point>
      </Placemark>
      <Placemark>
        <name>ابار القنصلية</name>
        <styleUrl>#icon-1739-0F9D58-labelson-nodesc</styleUrl>
        <Point>
          <coordinates>
            42.72804,22.136958,0
          </coordinates>
        </Point>
      </Placemark>
      <Placemark>
        <name>ابار المبعوث</name>
        <styleUrl>#icon-1739-0F9D58-labelson-nodesc</styleUrl>
        <Point>
          <coordinates>
            42.477779,20.734141,0
          </coordinates>
        </Point>
      </Placemark>
      <Placemark>
        <name>ابار المسلح</name>
        <styleUrl>#icon-1739-0F9D58-labelson-nodesc</styleUrl>
        <Point>
          <coordinates>
            40.743999,22.490559,0
          </coordinates>
        </Point>
      </Placemark>
      <Placemark>
        <name>ابار المقوع</name>
        <styleUrl>#icon-1739-0F9D58-labelson-nodesc</styleUrl>
        <Point>
          <coordinates>
            43.39222,21.975896,0
          </coordinates>
        </Point>
      </Placemark>
      <Placemark>
        <name>ابار الملحمية</name>
        <styleUrl>#icon-1739-0F9D58-labelson-nodesc</styleUrl>
        <Point>
          <coordinates>
            41.680069,22.905979,0
          </coordinates>
        </Point>
      </Placemark>
      <Placemark>
        <name>ابار الموية</name>
        <styleUrl>#icon-1739-0F9D58-labelson-nodesc</styleUrl>
        <Point>
          <coordinates>
            41.582007,22.749081,0
          </coordinates>
        </Point>
      </Placemark>
      <Placemark>
        <name>ابار المويهية</name>
        <styleUrl>#icon-1739-0F9D58-labelson-nodesc</styleUrl>
        <Point>
          <coordinates>
            41.565228,22.718525,0
          </coordinates>
        </Point>
      </Placemark>
      <Placemark>
        <name>ابار الهميج</name>
        <styleUrl>#icon-1739-0F9D58-labelson-nodesc</styleUrl>
        <Point>
          <coordinates>
            41.652775,22.855511,0
          </coordinates>
        </Point>
      </Placemark>
      <Placemark>
        <name>ابار ام لخ</name>
        <styleUrl>#icon-1739-0F9D58-labelson-nodesc</styleUrl>
        <Point>
          <coordinates>
            41.998673,22.823582,0
          </coordinates>
        </Point>
      </Placemark>
      <Placemark>
        <name>ابار بقيع</name>
        <styleUrl>#icon-1739-0F9D58-labelson-nodesc</styleUrl>
        <Point>
          <coordinates>
            42.559147,21.639118,0
          </coordinates>
        </Point>
      </Placemark>
      <Placemark>
        <name>ابار دغبج</name>
        <styleUrl>#icon-1739-0F9D58-labelson-nodesc</styleUrl>
        <Point>
          <coordinates>
            40.711212,22.388763,0
          </coordinates>
        </Point>
      </Placemark>
      <Placemark>
        <name>ابار ذريرة</name>
        <styleUrl>#icon-1739-0F9D58-labelson-nodesc</styleUrl>
        <Point>
          <coordinates>
            42.749691,22.17556,0
          </coordinates>
        </Point>
      </Placemark>
      <Placemark>
        <name>ابار رايان</name>
        <styleUrl>#icon-1739-0F9D58-labelson-nodesc</styleUrl>
        <Point>
          <coordinates>
            42.210674,21.847515,0
          </coordinates>
        </Point>
      </Placemark>
      <Placemark>
        <name>ابار زارا</name>
        <styleUrl>#icon-1739-0F9D58-labelson-nodesc</styleUrl>
        <Point>
          <coordinates>
            43.308942,21.16986,0
          </coordinates>
        </Point>
      </Placemark>
      <Placemark>
        <name>ابار سمساعة</name>
        <styleUrl>#icon-1739-0F9D58-labelson-nodesc</styleUrl>
        <Point>
          <coordinates>
            41.842289,22.599049,0
          </coordinates>
        </Point>
      </Placemark>
      <Placemark>
        <name>ابار شعيب حداء</name>
        <styleUrl>#icon-1739-0F9D58-labelson-nodesc</styleUrl>
        <Point>
          <coordinates>
            41.638355,22.948723,0
          </coordinates>
        </Point>
      </Placemark>
      <Placemark>
        <name>ابار صدعان</name>
        <styleUrl>#icon-1739-0F9D58-labelson-nodesc</styleUrl>
        <Point>
          <coordinates>
            42.209001,23.556941,0
          </coordinates>
        </Point>
      </Placemark>
      <Placemark>
        <name>ابار ضلفع</name>
        <styleUrl>#icon-1739-0F9D58-labelson-nodesc</styleUrl>
        <Point>
          <coordinates>
            43.219485,21.13512,0
          </coordinates>
        </Point>
      </Placemark>
      <Placemark>
        <name>ابار عريدة</name>
        <styleUrl>#icon-1739-0F9D58-labelson-nodesc</styleUrl>
        <Point>
          <coordinates>
            41.884346,23.217888,0
          </coordinates>
        </Point>
      </Placemark>
      <Placemark>
        <name>ابار عسيلان</name>
        <styleUrl>#icon-1739-0F9D58-labelson-nodesc</styleUrl>
        <Point>
          <coordinates>
            43.381576,21.423512,0
          </coordinates>
        </Point>
      </Placemark>
      <Placemark>
        <name>ابار عشيران</name>
        <styleUrl>#icon-1739-0F9D58-labelson-nodesc</styleUrl>
        <Point>
          <coordinates>
            43.062308,21.296289,0
          </coordinates>
        </Point>
      </Placemark>
      <Placemark>
        <name>ابار غلة</name>
        <styleUrl>#icon-1739-0F9D58-labelson-nodesc</styleUrl>
        <Point>
          <coordinates>
            42.403107,21.707611,0
          </coordinates>
        </Point>
      </Placemark>
      <Placemark>
        <name>ابار قريدان</name>
        <styleUrl>#icon-1739-0F9D58-labelson-nodesc</styleUrl>
        <Point>
          <coordinates>
            43.209057,21.332188,0
          </coordinates>
        </Point>
      </Placemark>
      <Placemark>
        <name>ابار قطان</name>
        <styleUrl>#icon-1739-0F9D58-labelson-nodesc</styleUrl>
        <Point>
          <coordinates>
            41.54995,22.460518,0
          </coordinates>
        </Point>
      </Placemark>
      <Placemark>
        <name>ابار كتيفان</name>
        <styleUrl>#icon-1739-0F9D58-labelson-nodesc</styleUrl>
        <Point>
          <coordinates>
            42.97579,22.000787,0
          </coordinates>
        </Point>
      </Placemark>
      <Placemark>
        <name>ابار مروان</name>
        <styleUrl>#icon-1739-0F9D58-labelson-nodesc</styleUrl>
        <Point>
          <coordinates>
            43.395481,21.383343,0
          </coordinates>
        </Point>
      </Placemark>
      <Placemark>
        <name>ابار هبايا</name>
        <styleUrl>#icon-1739-0F9D58-labelson-nodesc</styleUrl>
        <Point>
          <coordinates>
            41.754828,21.869724,0
          </coordinates>
        </Point>
      </Placemark>
      <Placemark>
        <name>ابار هدف</name>
        <styleUrl>#icon-1739-0F9D58-labelson-nodesc</styleUrl>
        <Point>
          <coordinates>
            42.216489,22.919669,0
          </coordinates>
        </Point>
      </Placemark>
      <Placemark>
        <name>ابار ورشه</name>
        <styleUrl>#icon-1739-0F9D58-labelson-nodesc</styleUrl>
        <Point>
          <coordinates>
            43.432839,21.910429,0
          </coordinates>
        </Point>
      </Placemark>
      <Placemark>
        <name>الدحوه</name>
        <styleUrl>#icon-1739-0F9D58-labelson-nodesc</styleUrl>
        <Point>
          <coordinates>
            42.5707944000001,21.6757592,0
          </coordinates>
        </Point>
      </Placemark>
      <Placemark>
        <name>مزرعة ال فاصل</name>
        <styleUrl>#icon-1739-0F9D58-labelson-nodesc</styleUrl>
        <Point>
          <coordinates>
            42.6037721,21.6043161,0
          </coordinates>
        </Point>
      </Placemark>
      <Placemark>
        <name>بئر مدقة
</name>
        <styleUrl>#icon-1739-0F9D58-labelson-nodesc</styleUrl>
        <Point>
          <coordinates>
            43.51605,21.79857,0
          </coordinates>
        </Point>
      </Placemark>
      <Placemark>
        <name>بئر الحوفية
</name>
        <styleUrl>#icon-1739-0F9D58-labelson-nodesc</styleUrl>
        <Point>
          <coordinates>
            43.56827,21.79651,0
          </coordinates>
        </Point>
      </Placemark>
      <Placemark>
        <name>بئر الرقيقة
</name>
        <styleUrl>#icon-1739-0F9D58-labelson-nodesc</styleUrl>
        <Point>
          <coordinates>
            43.79836,21.12756,0
          </coordinates>
        </Point>
      </Placemark>
      <Placemark>
        <name>ابار الوغدية
</name>
        <styleUrl>#icon-1739-0F9D58-labelson-nodesc</styleUrl>
        <Point>
          <coordinates>
            43.7954500000001,21.15795,0
          </coordinates>
        </Point>
      </Placemark>
      <Placemark>
        <name>ابار جخجوخ
</name>
        <styleUrl>#icon-1739-0F9D58-labelson-nodesc</styleUrl>
        <Point>
          <coordinates>
            43.69091,21.343,0
          </coordinates>
        </Point>
      </Placemark>
      <Placemark>
        <name>ابار سمر
</name>
        <styleUrl>#icon-1739-0F9D58-labelson-nodesc</styleUrl>
        <Point>
          <coordinates>
            43.73828,21.57079,0
          </coordinates>
        </Point>
      </Placemark>
      <Placemark>
        <name>ابار ثرياء
</name>
        <styleUrl>#icon-1739-0F9D58-labelson-nodesc</styleUrl>
        <Point>
          <coordinates>
            43.73296,21.6592,0
          </coordinates>
        </Point>
      </Placemark>
      <Placemark>
        <name>ابار عراعر
</name>
        <styleUrl>#icon-1739-0F9D58-labelson-nodesc</styleUrl>
        <Point>
          <coordinates>
            43.68696,21.68598,0
          </coordinates>
        </Point>
      </Placemark>
    </Folder>
    <Folder>
      <name>تجمع مياه</name>
      <Placemark>
        <name>وادي قنونه</name>
        <styleUrl>#icon-1739-0288D1-labelson-nodesc</styleUrl>
        <Point>
          <coordinates>
            41.528299,19.190283,0
          </coordinates>
        </Point>
      </Placemark>
      <Placemark>
        <name>وادي حضوضى</name>
        <styleUrl>#icon-1739-0288D1-labelson-nodesc</styleUrl>
        <Point>
          <coordinates>
            41.853747,19.435222,0
          </coordinates>
        </Point>
      </Placemark>
      <Placemark>
        <name>وادي الاحسبه</name>
        <styleUrl>#icon-1739-0288D1-labelson-nodesc</styleUrl>
        <Point>
          <coordinates>
            41.059964,19.406147,0
          </coordinates>
        </Point>
      </Placemark>
      <Placemark>
        <name>وادي ناوان</name>
        <styleUrl>#icon-1739-0288D1-labelson-nodesc</styleUrl>
        <Point>
          <coordinates>
            41.062238,19.499531,0
          </coordinates>
        </Point>
      </Placemark>
      <Placemark>
        <name>وادي قنونه</name>
        <styleUrl>#icon-1739-0288D1-labelson-nodesc</styleUrl>
        <Point>
          <coordinates>
            41.528299,19.190283,0
          </coordinates>
        </Point>
      </Placemark>
      <Placemark>
        <name>وادي الخيطان</name>
        <styleUrl>#icon-1739-0288D1-labelson-nodesc</styleUrl>
        <Point>
          <coordinates>
            41.658032,19.726682,0
          </coordinates>
        </Point>
      </Placemark>
      <Placemark>
        <name>سد العوامر</name>
        <styleUrl>#icon-1739-0288D1-labelson-nodesc</styleUrl>
        <Point>
          <coordinates>
            41.689618,19.697907,0
          </coordinates>
        </Point>
      </Placemark>
      <Placemark>
        <name>وادي العشر</name>
        <styleUrl>#icon-1739-0288D1-labelson-nodesc</styleUrl>
        <Point>
          <coordinates>
            41.682258,19.703679,0
          </coordinates>
        </Point>
      </Placemark>
      <Placemark>
        <name>وادي حلحال</name>
        <styleUrl>#icon-1739-0288D1-labelson-nodesc</styleUrl>
        <Point>
          <coordinates>
            41.749227,19.68029,0
          </coordinates>
        </Point>
      </Placemark>
      <Placemark>
        <name>وادي ابرير</name>
        <styleUrl>#icon-1739-0288D1-labelson-nodesc</styleUrl>
        <Point>
          <coordinates>
            41.752789,19.675784,0
          </coordinates>
        </Point>
      </Placemark>
      <Placemark>
        <name>وادي الحناء</name>
        <styleUrl>#icon-1739-0288D1-labelson-nodesc</styleUrl>
        <Point>
          <coordinates>
            41.739807,19.673703,0
          </coordinates>
        </Point>
      </Placemark>
      <Placemark>
        <name>شعب المسالم</name>
        <styleUrl>#icon-1739-0288D1-labelson-nodesc</styleUrl>
        <Point>
          <coordinates>
            41.773324,19.556651,0
          </coordinates>
        </Point>
      </Placemark>
      <Placemark>
        <name>وادي الحفيان</name>
        <styleUrl>#icon-1739-0288D1-labelson-nodesc</styleUrl>
        <Point>
          <coordinates>
            41.817827,19.636044,0
          </coordinates>
        </Point>
      </Placemark>
      <Placemark>
        <name>وادي ابو حليفاء</name>
        <styleUrl>#icon-1739-0288D1-labelson-nodesc</styleUrl>
        <Point>
          <coordinates>
            39.507608,22.114856,0
          </coordinates>
        </Point>
      </Placemark>
      <Placemark>
        <name>وادي ابو خشب</name>
        <styleUrl>#icon-1739-0288D1-labelson-nodesc</styleUrl>
        <Point>
          <coordinates>
            42.1878,23.418131,0
          </coordinates>
        </Point>
      </Placemark>
      <Placemark>
        <name>وادي ابو صلال</name>
        <styleUrl>#icon-1739-0288D1-labelson-nodesc</styleUrl>
        <Point>
          <coordinates>
            41.371207,22.63263,0
          </coordinates>
        </Point>
      </Placemark>
      <Placemark>
        <name>وادي ابو صلال</name>
        <styleUrl>#icon-1739-0288D1-labelson-nodesc</styleUrl>
        <Point>
          <coordinates>
            41.374683,22.596366,0
          </coordinates>
        </Point>
      </Placemark>
      <Placemark>
        <name>وادي ابو عشر</name>
        <styleUrl>#icon-1739-0288D1-labelson-nodesc</styleUrl>
        <Point>
          <coordinates>
            40.437241,21.894722,0
          </coordinates>
        </Point>
      </Placemark>
      <Placemark>
        <name>وادي ابو عشر</name>
        <styleUrl>#icon-1739-0288D1-labelson-nodesc</styleUrl>
        <Point>
          <coordinates>
            41.661851,21.389437,0
          </coordinates>
        </Point>
      </Placemark>
      <Placemark>
        <name>وادي اثال</name>
        <styleUrl>#icon-1739-0288D1-labelson-nodesc</styleUrl>
        <Point>
          <coordinates>
            39.9809,20.809865,0
          </coordinates>
        </Point>
      </Placemark>
      <Placemark>
        <name>وادي الاطواء</name>
        <styleUrl>#icon-1739-0288D1-labelson-nodesc</styleUrl>
        <Point>
          <coordinates>
            39.606335,20.90739,0
          </coordinates>
        </Point>
      </Placemark>
      <Placemark>
        <name>وادي البحره</name>
        <styleUrl>#icon-1739-0288D1-labelson-nodesc</styleUrl>
        <Point>
          <coordinates>
            41.846559,21.568222,0
          </coordinates>
        </Point>
      </Placemark>
      <Placemark>
        <name>وادي البحيرة</name>
        <styleUrl>#icon-1739-0288D1-labelson-nodesc</styleUrl>
        <Point>
          <coordinates>
            39.247799,22.843323,0
          </coordinates>
        </Point>
      </Placemark>
      <Placemark>
        <name>وادي البرماء</name>
        <styleUrl>#icon-1739-0288D1-labelson-nodesc</styleUrl>
        <Point>
          <coordinates>
            41.596663,21.936157,0
          </coordinates>
        </Point>
      </Placemark>
      <Placemark>
        <name>وادي البريم</name>
        <styleUrl>#icon-1739-0288D1-labelson-nodesc</styleUrl>
        <Point>
          <coordinates>
            41.45869,21.9468,0
          </coordinates>
        </Point>
      </Placemark>
      <Placemark>
        <name>وادي البيضاء</name>
        <styleUrl>#icon-1739-0288D1-labelson-nodesc</styleUrl>
        <Point>
          <coordinates>
            39.753642,20.949018,0
          </coordinates>
        </Point>
      </Placemark>
      <Placemark>
        <name>وادي البيضاء</name>
        <styleUrl>#icon-1739-0288D1-labelson-nodesc</styleUrl>
        <Point>
          <coordinates>
            39.916828,21.006546,0
          </coordinates>
        </Point>
      </Placemark>
      <Placemark>
        <name>وادي الجادة</name>
        <styleUrl>#icon-1739-0288D1-labelson-nodesc</styleUrl>
        <Point>
          <coordinates>
            38.907223,23.023739,0
          </coordinates>
        </Point>
      </Placemark>
      <Placemark>
        <name>وادي الجفير</name>
        <styleUrl>#icon-1739-0288D1-labelson-nodesc</styleUrl>
        <Point>
          <coordinates>
            41.15618,21.010752,0
          </coordinates>
        </Point>
      </Placemark>
      <Placemark>
        <name>وادي الجفير</name>
        <styleUrl>#icon-1739-0288D1-labelson-nodesc</styleUrl>
        <Point>
          <coordinates>
            41.279325,21.043925,0
          </coordinates>
        </Point>
      </Placemark>
      <Placemark>
        <name>وادي الحاوي</name>
        <styleUrl>#icon-1739-0288D1-labelson-nodesc</styleUrl>
        <Point>
          <coordinates>
            42.652316,20.712061,0
          </coordinates>
        </Point>
      </Placemark>
      <Placemark>
        <name>وادي الحسي</name>
        <styleUrl>#icon-1739-0288D1-labelson-nodesc</styleUrl>
        <Point>
          <coordinates>
            41.50358,21.8205,0
          </coordinates>
        </Point>
      </Placemark>
      <Placemark>
        <name>وادي الحشاء</name>
        <styleUrl>#icon-1739-0288D1-labelson-nodesc</styleUrl>
        <Point>
          <coordinates>
            40.379391,20.896683,0
          </coordinates>
        </Point>
      </Placemark>
      <Placemark>
        <name>وادي الحشفات</name>
        <styleUrl>#icon-1739-0288D1-labelson-nodesc</styleUrl>
        <Point>
          <coordinates>
            39.72019,21.047573,0
          </coordinates>
        </Point>
      </Placemark>
      <Placemark>
        <name>وادي الحميطه</name>
        <styleUrl>#icon-1739-0288D1-labelson-nodesc</styleUrl>
        <Point>
          <coordinates>
            40.974412,21.061885,0
          </coordinates>
        </Point>
      </Placemark>
      <Placemark>
        <name>وادي الحنو</name>
        <styleUrl>#icon-1739-0288D1-labelson-nodesc</styleUrl>
        <Point>
          <coordinates>
            39.666824,22.296753,0
          </coordinates>
        </Point>
      </Placemark>
      <Placemark>
        <name>وادي الحوية</name>
        <styleUrl>#icon-1739-0288D1-labelson-nodesc</styleUrl>
        <Point>
          <coordinates>
            40.876114,21.113319,0
          </coordinates>
        </Point>
      </Placemark>
      <Placemark>
        <name>وادي الحوية</name>
        <styleUrl>#icon-1739-0288D1-labelson-nodesc</styleUrl>
        <Point>
          <coordinates>
            40.939865,21.268094,0
          </coordinates>
        </Point>
      </Placemark>
      <Placemark>
        <name>وادي الخانق</name>
        <styleUrl>#icon-1739-0288D1-labelson-nodesc</styleUrl>
        <Point>
          <coordinates>
            39.284191,22.72625,0
          </coordinates>
        </Point>
      </Placemark>
      <Placemark>
        <name>وادي الخبيت</name>
        <styleUrl>#icon-1739-0288D1-labelson-nodesc</styleUrl>
        <Point>
          <coordinates>
            39.910712,20.856385,0
          </coordinates>
        </Point>
      </Placemark>
      <Placemark>
        <name>وادي الخرقة</name>
        <styleUrl>#icon-1739-0288D1-labelson-nodesc</styleUrl>
        <Point>
          <coordinates>
            39.738536,20.905459,0
          </coordinates>
        </Point>
      </Placemark>
      <Placemark>
        <name>وادي الخرمة</name>
        <styleUrl>#icon-1739-0288D1-labelson-nodesc</styleUrl>
        <Point>
          <coordinates>
            42.071135,21.957207,0
          </coordinates>
        </Point>
      </Placemark>
      <Placemark>
        <name>وادي الخرمه</name>
        <styleUrl>#icon-1739-0288D1-labelson-nodesc</styleUrl>
        <Point>
          <coordinates>
            42.885818,22.109985,0
          </coordinates>
        </Point>
      </Placemark>
      <Placemark>
        <name>وادي الخصم</name>
        <styleUrl>#icon-1739-0288D1-labelson-nodesc</styleUrl>
        <Point>
          <coordinates>
            40.419753,20.520165,0
          </coordinates>
        </Point>
      </Placemark>
      <Placemark>
        <name>وادي الخطيط</name>
        <styleUrl>#icon-1739-0288D1-labelson-nodesc</styleUrl>
        <Point>
          <coordinates>
            41.248148,22.979236,0
          </coordinates>
        </Point>
      </Placemark>
      <Placemark>
        <name>وادي الخمرة</name>
        <styleUrl>#icon-1739-0288D1-labelson-nodesc</styleUrl>
        <Point>
          <coordinates>
            41.299238,21.05195,0
          </coordinates>
        </Point>
      </Placemark>
      <Placemark>
        <name>وادي الخمرة</name>
        <styleUrl>#icon-1739-0288D1-labelson-nodesc</styleUrl>
        <Point>
          <coordinates>
            41.543727,21.102376,0
          </coordinates>
        </Point>
      </Placemark>
      <Placemark>
        <name>وادي الدحاض</name>
        <styleUrl>#icon-1739-0288D1-labelson-nodesc</styleUrl>
        <Point>
          <coordinates>
            40.782344,21.00719,0
          </coordinates>
        </Point>
      </Placemark>
      <Placemark>
        <name>وادي الدعكة</name>
        <styleUrl>#icon-1739-0288D1-labelson-nodesc</styleUrl>
        <Point>
          <coordinates>
            41.598873,22.941341,0
          </coordinates>
        </Point>
      </Placemark>
      <Placemark>
        <name>وادي الذهاب</name>
        <styleUrl>#icon-1739-0288D1-labelson-nodesc</styleUrl>
        <Point>
          <coordinates>
            42.476707,20.472293,0
          </coordinates>
        </Point>
      </Placemark>
      <Placemark>
        <name>وادي الرضم</name>
        <styleUrl>#icon-1739-0288D1-labelson-nodesc</styleUrl>
        <Point>
          <coordinates>
            41.549349,21.167586,0
          </coordinates>
        </Point>
      </Placemark>
      <Placemark>
        <name>وادي الرفعة</name>
        <styleUrl>#icon-1739-0288D1-labelson-nodesc</styleUrl>
        <Point>
          <coordinates>
            41.706161,20.689251,0
          </coordinates>
        </Point>
      </Placemark>
      <Placemark>
        <name>وادي السدد</name>
        <styleUrl>#icon-1739-0288D1-labelson-nodesc</styleUrl>
        <Point>
          <coordinates>
            39.829087,20.835593,0
          </coordinates>
        </Point>
      </Placemark>
      <Placemark>
        <name>وادي السدير</name>
        <styleUrl>#icon-1739-0288D1-labelson-nodesc</styleUrl>
        <Point>
          <coordinates>
            39.318566,22.883792,0
          </coordinates>
        </Point>
      </Placemark>
      <Placemark>
        <name>وادي السر</name>
        <styleUrl>#icon-1739-0288D1-labelson-nodesc</styleUrl>
        <Point>
          <coordinates>
            40.603602,21.205544,0
          </coordinates>
        </Point>
      </Placemark>
      <Placemark>
        <name>وادي السعبره</name>
        <styleUrl>#icon-1739-0288D1-labelson-nodesc</styleUrl>
        <Point>
          <coordinates>
            41.143541,20.245035,0
          </coordinates>
        </Point>
      </Placemark>
      <Placemark>
        <name>وادي السليم</name>
        <styleUrl>#icon-1739-0288D1-labelson-nodesc</styleUrl>
        <Point>
          <coordinates>
            41.305397,22.592676,0
          </coordinates>
        </Point>
      </Placemark>
      <Placemark>
        <name>وادي السويله</name>
        <styleUrl>#icon-1739-0288D1-labelson-nodesc</styleUrl>
        <Point>
          <coordinates>
            39.465144,22.372284,0
          </coordinates>
        </Point>
      </Placemark>
      <Placemark>
        <name>وادي الشاقه</name>
        <styleUrl>#icon-1739-0288D1-labelson-nodesc</styleUrl>
        <Point>
          <coordinates>
            40.741832,19.915273,0
          </coordinates>
        </Point>
      </Placemark>
      <Placemark>
        <name>وادي الشعب</name>
        <styleUrl>#icon-1739-0288D1-labelson-nodesc</styleUrl>
        <Point>
          <coordinates>
            39.683325,20.906789,0
          </coordinates>
        </Point>
      </Placemark>
      <Placemark>
        <name>وادي الشقرة</name>
        <styleUrl>#icon-1739-0288D1-labelson-nodesc</styleUrl>
        <Point>
          <coordinates>
            40.658233,21.194837,0
          </coordinates>
        </Point>
      </Placemark>
      <Placemark>
        <name>وادي الشقيب</name>
        <styleUrl>#icon-1739-0288D1-labelson-nodesc</styleUrl>
        <Point>
          <coordinates>
            43.657415,20.978565,0
          </coordinates>
        </Point>
      </Placemark>
      <Placemark>
        <name>وادي الشهران</name>
        <styleUrl>#icon-1739-0288D1-labelson-nodesc</styleUrl>
        <Point>
          <coordinates>
            40.988982,20.740492,0
          </coordinates>
        </Point>
      </Placemark>
      <Placemark>
        <name>وادي الصاد</name>
        <styleUrl>#icon-1739-0288D1-labelson-nodesc</styleUrl>
        <Point>
          <coordinates>
            39.25312,22.933273,0
          </coordinates>
        </Point>
      </Placemark>
      <Placemark>
        <name>وادي الصخيرة</name>
        <styleUrl>#icon-1739-0288D1-labelson-nodesc</styleUrl>
        <Point>
          <coordinates>
            40.513802,21.204386,0
          </coordinates>
        </Point>
      </Placemark>
      <Placemark>
        <name>وادي الصخيرة</name>
        <styleUrl>#icon-1739-0288D1-labelson-nodesc</styleUrl>
        <Point>
          <coordinates>
            40.524294,21.149604,0
          </coordinates>
        </Point>
      </Placemark>
      <Placemark>
        <name>وادي الصخيرة</name>
        <styleUrl>#icon-1739-0288D1-labelson-nodesc</styleUrl>
        <Point>
          <coordinates>
            40.52099,21.139369,0
          </coordinates>
        </Point>
      </Placemark>
      <Placemark>
        <name>وادي الصخيرة</name>
        <styleUrl>#icon-1739-0288D1-labelson-nodesc</styleUrl>
        <Point>
          <coordinates>
            40.527363,21.179237,0
          </coordinates>
        </Point>
      </Placemark>
      <Placemark>
        <name>وادي الصدارة</name>
        <styleUrl>#icon-1739-0288D1-labelson-nodesc</styleUrl>
        <Point>
          <coordinates>
            39.73448,22.979879,0
          </coordinates>
        </Point>
      </Placemark>
      <Placemark>
        <name>وادي الصرب</name>
        <styleUrl>#icon-1739-0288D1-labelson-nodesc</styleUrl>
        <Point>
          <coordinates>
            39.602881,21.190867,0
          </coordinates>
        </Point>
      </Placemark>
      <Placemark>
        <name>وادي الضيقه</name>
        <styleUrl>#icon-1739-0288D1-labelson-nodesc</styleUrl>
        <Point>
          <coordinates>
            40.220861,21.272213,0
          </coordinates>
        </Point>
      </Placemark>
      <Placemark>
        <name>وادي العرج</name>
        <styleUrl>#icon-1739-0288D1-labelson-nodesc</styleUrl>
        <Point>
          <coordinates>
            40.839078,20.375798,0
          </coordinates>
        </Point>
      </Placemark>
      <Placemark>
        <name>وادي الغضاب</name>
        <styleUrl>#icon-1739-0288D1-labelson-nodesc</styleUrl>
        <Point>
          <coordinates>
            40.060122,20.826473,0
          </coordinates>
        </Point>
      </Placemark>
      <Placemark>
        <name>وادي الغوقه</name>
        <styleUrl>#icon-1739-0288D1-labelson-nodesc</styleUrl>
        <Point>
          <coordinates>
            40.934415,20.773795,0
          </coordinates>
        </Point>
      </Placemark>
      <Placemark>
        <name>وادي الفاضلية</name>
        <styleUrl>#icon-1739-0288D1-labelson-nodesc</styleUrl>
        <Point>
          <coordinates>
            41.446631,22.639561,0
          </coordinates>
        </Point>
      </Placemark>
      <Placemark>
        <name>وادي الفاضلية</name>
        <styleUrl>#icon-1739-0288D1-labelson-nodesc</styleUrl>
        <Point>
          <coordinates>
            41.391399,22.74054,0
          </coordinates>
        </Point>
      </Placemark>
      <Placemark>
        <name>وادي الفرط</name>
        <styleUrl>#icon-1739-0288D1-labelson-nodesc</styleUrl>
        <Point>
          <coordinates>
            39.909854,20.876942,0
          </coordinates>
        </Point>
      </Placemark>
      <Placemark>
        <name>وادي الفلق</name>
        <styleUrl>#icon-1739-0288D1-labelson-nodesc</styleUrl>
        <Point>
          <coordinates>
            39.71667,22.700007,0
          </coordinates>
        </Point>
      </Placemark>
      <Placemark>
        <name>وادي القاحة</name>
        <styleUrl>#icon-1739-0288D1-labelson-nodesc</styleUrl>
        <Point>
          <coordinates>
            41.100841,20.876856,0
          </coordinates>
        </Point>
      </Placemark>
      <Placemark>
        <name>وادي القرشية</name>
        <styleUrl>#icon-1739-0288D1-labelson-nodesc</styleUrl>
        <Point>
          <coordinates>
            40.725653,21.633754,0
          </coordinates>
        </Point>
      </Placemark>
      <Placemark>
        <name>وادي القرشية</name>
        <styleUrl>#icon-1739-0288D1-labelson-nodesc</styleUrl>
        <Point>
          <coordinates>
            40.691192,21.585882,0
          </coordinates>
        </Point>
      </Placemark>
      <Placemark>
        <name>وادي القرشية</name>
        <styleUrl>#icon-1739-0288D1-labelson-nodesc</styleUrl>
        <Point>
          <coordinates>
            40.665057,21.542387,0
          </coordinates>
        </Point>
      </Placemark>
      <Placemark>
        <name>وادي الكفو</name>
        <styleUrl>#icon-1739-0288D1-labelson-nodesc</styleUrl>
        <Point>
          <coordinates>
            40.830753,20.235593,0
          </coordinates>
        </Point>
      </Placemark>
      <Placemark>
        <name>وادي اللصب</name>
        <styleUrl>#icon-1739-0288D1-labelson-nodesc</styleUrl>
        <Point>
          <coordinates>
            40.835946,20.842481,0
          </coordinates>
        </Point>
      </Placemark>
      <Placemark>
        <name>وادي الليث</name>
        <styleUrl>#icon-1739-0288D1-labelson-nodesc</styleUrl>
        <Point>
          <coordinates>
            40.384154,20.226731,0
          </coordinates>
        </Point>
      </Placemark>
      <Placemark>
        <name>وادي الليث</name>
        <styleUrl>#icon-1739-0288D1-labelson-nodesc</styleUrl>
        <Point>
          <coordinates>
            40.283625,20.165191,0
          </coordinates>
        </Point>
      </Placemark>
      <Placemark>
        <name>وادي الليث</name>
        <styleUrl>#icon-1739-0288D1-labelson-nodesc</styleUrl>
        <Point>
          <coordinates>
            40.465801,20.507956,0
          </coordinates>
        </Point>
      </Placemark>
      <Placemark>
        <name>وادي المحرم</name>
        <styleUrl>#icon-1739-0288D1-labelson-nodesc</styleUrl>
        <Point>
          <coordinates>
            40.225754,21.146257,0
          </coordinates>
        </Point>
      </Placemark>
      <Placemark>
        <name>وادي المخاضه</name>
        <styleUrl>#icon-1739-0288D1-labelson-nodesc</styleUrl>
        <Point>
          <coordinates>
            40.345809,21.205502,0
          </coordinates>
        </Point>
      </Placemark>
      <Placemark>
        <name>وادي المخاضه</name>
        <styleUrl>#icon-1739-0288D1-labelson-nodesc</styleUrl>
        <Point>
          <coordinates>
            40.34744,21.223269,0
          </coordinates>
        </Point>
      </Placemark>
      <Placemark>
        <name>وادي المخاضه</name>
        <styleUrl>#icon-1739-0288D1-labelson-nodesc</styleUrl>
        <Point>
          <coordinates>
            40.300856,21.152759,0
          </coordinates>
        </Point>
      </Placemark>
      <Placemark>
        <name>وادي المختبية</name>
        <styleUrl>#icon-1739-0288D1-labelson-nodesc</styleUrl>
        <Point>
          <coordinates>
            41.685884,21.701818,0
          </coordinates>
        </Point>
      </Placemark>
      <Placemark>
        <name>وادي المريفق</name>
        <styleUrl>#icon-1739-0288D1-labelson-nodesc</styleUrl>
        <Point>
          <coordinates>
            40.936689,20.771606,0
          </coordinates>
        </Point>
      </Placemark>
      <Placemark>
        <name>وادي المشقر</name>
        <styleUrl>#icon-1739-0288D1-labelson-nodesc</styleUrl>
        <Point>
          <coordinates>
            42.380748,21.99141,0
          </coordinates>
        </Point>
      </Placemark>
      <Placemark>
        <name>وادي المشيريف</name>
        <styleUrl>#icon-1739-0288D1-labelson-nodesc</styleUrl>
        <Point>
          <coordinates>
            41.513128,21.941843,0
          </coordinates>
        </Point>
      </Placemark>
      <Placemark>
        <name>وادي المعاردة</name>
        <styleUrl>#icon-1739-0288D1-labelson-nodesc</styleUrl>
        <Point>
          <coordinates>
            41.11011,22.926943,0
          </coordinates>
        </Point>
      </Placemark>
      <Placemark>
        <name>وادي المعرد</name>
        <styleUrl>#icon-1739-0288D1-labelson-nodesc</styleUrl>
        <Point>
          <coordinates>
            41.107171,22.957885,0
          </coordinates>
        </Point>
      </Placemark>
      <Placemark>
        <name>وادي المليحاء</name>
        <styleUrl>#icon-1739-0288D1-labelson-nodesc</styleUrl>
        <Point>
          <coordinates>
            41.545207,21.92193,0
          </coordinates>
        </Point>
      </Placemark>
      <Placemark>
        <name>وادي المياه</name>
        <styleUrl>#icon-1739-0288D1-labelson-nodesc</styleUrl>
        <Point>
          <coordinates>
            42.544577,20.877457,0
          </coordinates>
        </Point>
      </Placemark>
      <Placemark>
        <name>وادي المياه</name>
        <styleUrl>#icon-1739-0288D1-labelson-nodesc</styleUrl>
        <Point>
          <coordinates>
            42.509494,20.753839,0
          </coordinates>
        </Point>
      </Placemark>
      <Placemark>
        <name>وادي المياه</name>
        <styleUrl>#icon-1739-0288D1-labelson-nodesc</styleUrl>
        <Point>
          <coordinates>
            42.806189,20.923312,0
          </coordinates>
        </Point>
      </Placemark>
      <Placemark>
        <name>وادي النخل</name>
        <styleUrl>#icon-1739-0288D1-labelson-nodesc</styleUrl>
        <Point>
          <coordinates>
            39.185271,23.132572,0
          </coordinates>
        </Point>
      </Placemark>
      <Placemark>
        <name>وادي النخل</name>
        <styleUrl>#icon-1739-0288D1-labelson-nodesc</styleUrl>
        <Point>
          <coordinates>
            39.485378,23.112466,0
          </coordinates>
        </Point>
      </Placemark>
      <Placemark>
        <name>وادي الوجراء</name>
        <styleUrl>#icon-1739-0288D1-labelson-nodesc</styleUrl>
        <Point>
          <coordinates>
            39.073219,23.24177,0
          </coordinates>
        </Point>
      </Placemark>
      <Placemark>
        <name>وادي الوطة</name>
        <styleUrl>#icon-1739-0288D1-labelson-nodesc</styleUrl>
        <Point>
          <coordinates>
            40.908773,20.351765,0
          </coordinates>
        </Point>
      </Placemark>
      <Placemark>
        <name>وادي ام الحمى</name>
        <styleUrl>#icon-1739-0288D1-labelson-nodesc</styleUrl>
        <Point>
          <coordinates>
            39.766152,21.17192,0
          </coordinates>
        </Point>
      </Placemark>
      <Placemark>
        <name>وادي ام عجيلة</name>
        <styleUrl>#icon-1739-0288D1-labelson-nodesc</styleUrl>
        <Point>
          <coordinates>
            41.249778,22.950568,0
          </coordinates>
        </Point>
      </Placemark>
      <Placemark>
        <name>وادي ام عشاش</name>
        <styleUrl>#icon-1739-0288D1-labelson-nodesc</styleUrl>
        <Point>
          <coordinates>
            40.93508,21.087527,0
          </coordinates>
        </Point>
      </Placemark>
      <Placemark>
        <name>وادي ايان</name>
        <styleUrl>#icon-1739-0288D1-labelson-nodesc</styleUrl>
        <Point>
          <coordinates>
            40.569398,20.962279,0
          </coordinates>
        </Point>
      </Placemark>
      <Placemark>
        <name>وادي بايع</name>
        <styleUrl>#icon-1739-0288D1-labelson-nodesc</styleUrl>
        <Point>
          <coordinates>
            41.421955,20.824649,0
          </coordinates>
        </Point>
      </Placemark>
      <Placemark>
        <name>وادي بايع</name>
        <styleUrl>#icon-1739-0288D1-labelson-nodesc</styleUrl>
        <Point>
          <coordinates>
            41.391807,20.776026,0
          </coordinates>
        </Point>
      </Placemark>
      <Placemark>
        <name>وادي بسل</name>
        <styleUrl>#icon-1739-0288D1-labelson-nodesc</styleUrl>
        <Point>
          <coordinates>
            40.763741,21.232281,0
          </coordinates>
        </Point>
      </Placemark>
      <Placemark>
        <name>وادي بسل</name>
        <styleUrl>#icon-1739-0288D1-labelson-nodesc</styleUrl>
        <Point>
          <coordinates>
            40.704947,21.174667,0
          </coordinates>
        </Point>
      </Placemark>
      <Placemark>
        <name>وادي بشمه</name>
        <styleUrl>#icon-1739-0288D1-labelson-nodesc</styleUrl>
        <Point>
          <coordinates>
            40.147691,20.267007,0
          </coordinates>
        </Point>
      </Placemark>
      <Placemark>
        <name>وادي بقران</name>
        <styleUrl>#icon-1739-0288D1-labelson-nodesc</styleUrl>
        <Point>
          <coordinates>
            40.630467,21.087871,0
          </coordinates>
        </Point>
      </Placemark>
      <Placemark>
        <name>وادي بقران</name>
        <styleUrl>#icon-1739-0288D1-labelson-nodesc</styleUrl>
        <Point>
          <coordinates>
            40.692115,21.182156,0
          </coordinates>
        </Point>
      </Placemark>
      <Placemark>
        <name>وادي بيده</name>
        <styleUrl>#icon-1739-0288D1-labelson-nodesc</styleUrl>
        <Point>
          <coordinates>
            41.449485,20.817354,0
          </coordinates>
        </Point>
      </Placemark>
      <Placemark>
        <name>وادي بيشه</name>
        <styleUrl>#icon-1739-0288D1-labelson-nodesc</styleUrl>
        <Point>
          <coordinates>
            43.223755,21.131601,0
          </coordinates>
        </Point>
      </Placemark>
      <Placemark>
        <name>وادي تالبه</name>
        <styleUrl>#icon-1739-0288D1-labelson-nodesc</styleUrl>
        <Point>
          <coordinates>
            40.793459,20.864239,0
          </coordinates>
        </Point>
      </Placemark>
      <Placemark>
        <name>وادي تربه</name>
        <styleUrl>#icon-1739-0288D1-labelson-nodesc</styleUrl>
        <Point>
          <coordinates>
            41.641402,21.197412,0
          </coordinates>
        </Point>
      </Placemark>
      <Placemark>
        <name>وادي تربه</name>
        <styleUrl>#icon-1739-0288D1-labelson-nodesc</styleUrl>
        <Point>
          <coordinates>
            41.719036,21.259661,0
          </coordinates>
        </Point>
      </Placemark>
      <Placemark>
        <name>وادي تظمري</name>
        <styleUrl>#icon-1739-0288D1-labelson-nodesc</styleUrl>
        <Point>
          <coordinates>
            39.56666,22.570832,0
          </coordinates>
        </Point>
      </Placemark>
      <Placemark>
        <name>وادي ثماله</name>
        <styleUrl>#icon-1739-0288D1-labelson-nodesc</styleUrl>
        <Point>
          <coordinates>
            40.511892,21.191704,0
          </coordinates>
        </Point>
      </Placemark>
      <Placemark>
        <name>وادي جدد</name>
        <styleUrl>#icon-1739-0288D1-labelson-nodesc</styleUrl>
        <Point>
          <coordinates>
            40.324481,20.961571,0
          </coordinates>
        </Point>
      </Placemark>
      <Placemark>
        <name>وادي جرب</name>
        <styleUrl>#icon-1739-0288D1-labelson-nodesc</styleUrl>
        <Point>
          <coordinates>
            42.090554,20.506969,0
          </coordinates>
        </Point>
      </Placemark>
      <Placemark>
        <name>وادي جليل</name>
        <styleUrl>#icon-1739-0288D1-labelson-nodesc</styleUrl>
        <Point>
          <coordinates>
            40.718379,21.464624,0
          </coordinates>
        </Point>
      </Placemark>
      <Placemark>
        <name>وادي جمعة</name>
        <styleUrl>#icon-1739-0288D1-labelson-nodesc</styleUrl>
        <Point>
          <coordinates>
            40.548434,20.94389,0
          </coordinates>
        </Point>
      </Placemark>
      <Placemark>
        <name>وادي حبري</name>
        <styleUrl>#icon-1739-0288D1-labelson-nodesc</styleUrl>
        <Point>
          <coordinates>
            40.947568,22.871068,0
          </coordinates>
        </Point>
      </Placemark>
      <Placemark>
        <name>وادي حثن</name>
        <styleUrl>#icon-1739-0288D1-labelson-nodesc</styleUrl>
        <Point>
          <coordinates>
            40.116169,20.832481,0
          </coordinates>
        </Point>
      </Placemark>
      <Placemark>
        <name>وادي حثن</name>
        <styleUrl>#icon-1739-0288D1-labelson-nodesc</styleUrl>
        <Point>
          <coordinates>
            40.12368,20.874624,0
          </coordinates>
        </Point>
      </Placemark>
      <Placemark>
        <name>وادي حجر</name>
        <styleUrl>#icon-1739-0288D1-labelson-nodesc</styleUrl>
        <Point>
          <coordinates>
            39.733429,23.033524,0
          </coordinates>
        </Point>
      </Placemark>
      <Placemark>
        <name>وادي حجر</name>
        <styleUrl>#icon-1739-0288D1-labelson-nodesc</styleUrl>
        <Point>
          <coordinates>
            39.600778,23.049488,0
          </coordinates>
        </Point>
      </Placemark>
      <Placemark>
        <name>وادي حفرة</name>
        <styleUrl>#icon-1739-0288D1-labelson-nodesc</styleUrl>
        <Point>
          <coordinates>
            39.599791,22.032416,0
          </coordinates>
        </Point>
      </Placemark>
      <Placemark>
        <name>وادي حفن</name>
        <styleUrl>#icon-1739-0288D1-labelson-nodesc</styleUrl>
        <Point>
          <coordinates>
            41.136096,20.243146,0
          </coordinates>
        </Point>
      </Placemark>
      <Placemark>
        <name>وادي حليه</name>
        <styleUrl>#icon-1739-0288D1-labelson-nodesc</styleUrl>
        <Point>
          <coordinates>
            40.80348,20.124035,0
          </coordinates>
        </Point>
      </Placemark>
      <Placemark>
        <name>وادي حليه</name>
        <styleUrl>#icon-1739-0288D1-labelson-nodesc</styleUrl>
        <Point>
          <coordinates>
            40.684562,19.964862,0
          </coordinates>
        </Point>
      </Placemark>
      <Placemark>
        <name>وادي حليه</name>
        <styleUrl>#icon-1739-0288D1-labelson-nodesc</styleUrl>
        <Point>
          <coordinates>
            40.966644,20.288486,0
          </coordinates>
        </Point>
      </Placemark>
      <Placemark>
        <name>وادي حليه</name>
        <styleUrl>#icon-1739-0288D1-labelson-nodesc</styleUrl>
        <Point>
          <coordinates>
            40.982952,20.307477,0
          </coordinates>
        </Point>
      </Placemark>
      <Placemark>
        <name>وادي حوال</name>
        <styleUrl>#icon-1739-0288D1-labelson-nodesc</styleUrl>
        <Point>
          <coordinates>
            41.467059,21.048131,0
          </coordinates>
        </Point>
      </Placemark>
      <Placemark>
        <name>وادي خدان</name>
        <styleUrl>#icon-1739-0288D1-labelson-nodesc</styleUrl>
        <Point>
          <coordinates>
            42.650685,20.73957,0
          </coordinates>
        </Point>
      </Placemark>
      <Placemark>
        <name>وادي خيماء</name>
        <styleUrl>#icon-1739-0288D1-labelson-nodesc</styleUrl>
        <Point>
          <coordinates>
            38.966875,23.250096,0
          </coordinates>
        </Point>
      </Placemark>
      <Placemark>
        <name>وادي خيماء</name>
        <styleUrl>#icon-1739-0288D1-labelson-nodesc</styleUrl>
        <Point>
          <coordinates>
            38.966746,23.250289,0
          </coordinates>
        </Point>
      </Placemark>
      <Placemark>
        <name>وادي دام</name>
        <styleUrl>#icon-1739-0288D1-labelson-nodesc</styleUrl>
        <Point>
          <coordinates>
            39.689913,20.776906,0
          </coordinates>
        </Point>
      </Placemark>
      <Placemark>
        <name>وادي دام</name>
        <styleUrl>#icon-1739-0288D1-labelson-nodesc</styleUrl>
        <Point>
          <coordinates>
            39.817393,20.86617,0
          </coordinates>
        </Point>
      </Placemark>
      <Placemark>
        <name>وادي داما</name>
        <styleUrl>#icon-1739-0288D1-labelson-nodesc</styleUrl>
        <Point>
          <coordinates>
            40.891628,20.689981,0
          </coordinates>
        </Point>
      </Placemark>
      <Placemark>
        <name>وادي دغيبجة</name>
        <styleUrl>#icon-1739-0288D1-labelson-nodesc</styleUrl>
        <Point>
          <coordinates>
            41.332197,22.609498,0
          </coordinates>
        </Point>
      </Placemark>
      <Placemark>
        <name>وادي دفاق</name>
        <styleUrl>#icon-1739-0288D1-labelson-nodesc</styleUrl>
        <Point>
          <coordinates>
            39.911227,21.099329,0
          </coordinates>
        </Point>
      </Placemark>
      <Placemark>
        <name>وادي دفاق</name>
        <styleUrl>#icon-1739-0288D1-labelson-nodesc</styleUrl>
        <Point>
          <coordinates>
            40.01961,21.048539,0
          </coordinates>
        </Point>
      </Placemark>
      <Placemark>
        <name>وادي دفين</name>
        <styleUrl>#icon-1739-0288D1-labelson-nodesc</styleUrl>
        <Point>
          <coordinates>
            39.273376,22.642136,0
          </coordinates>
        </Point>
      </Placemark>
      <Placemark>
        <name>وادي ذات السرح</name>
        <styleUrl>#icon-1739-0288D1-labelson-nodesc</styleUrl>
        <Point>
          <coordinates>
            39.913609,20.830872,0
          </coordinates>
        </Point>
      </Placemark>
      <Placemark>
        <name>وادي ذرى</name>
        <styleUrl>#icon-1739-0288D1-labelson-nodesc</styleUrl>
        <Point>
          <coordinates>
            40.445673,20.5092,0
          </coordinates>
        </Point>
      </Placemark>
      <Placemark>
        <name>وادي رحاب</name>
        <styleUrl>#icon-1739-0288D1-labelson-nodesc</styleUrl>
        <Point>
          <coordinates>
            39.051933,22.952499,0
          </coordinates>
        </Point>
      </Placemark>
      <Placemark>
        <name>وادي رخمات</name>
        <styleUrl>#icon-1739-0288D1-labelson-nodesc</styleUrl>
        <Point>
          <coordinates>
            40.990312,20.702791,0
          </coordinates>
        </Point>
      </Placemark>
      <Placemark>
        <name>وادي رنيه</name>
        <styleUrl>#icon-1739-0288D1-labelson-nodesc</styleUrl>
        <Point>
          <coordinates>
            42.110724,20.516109,0
          </coordinates>
        </Point>
      </Placemark>
      <Placemark>
        <name>وادي رنيه</name>
        <styleUrl>#icon-1739-0288D1-labelson-nodesc</styleUrl>
        <Point>
          <coordinates>
            42.14452,20.63432,0
          </coordinates>
        </Point>
      </Placemark>
      <Placemark>
        <name>وادي رنيه</name>
        <styleUrl>#icon-1739-0288D1-labelson-nodesc</styleUrl>
        <Point>
          <coordinates>
            42.460012,21.007812,0
          </coordinates>
        </Point>
      </Placemark>
      <Placemark>
        <name>وادي رنيه</name>
        <styleUrl>#icon-1739-0288D1-labelson-nodesc</styleUrl>
        <Point>
          <coordinates>
            42.8461,21.242495,0
          </coordinates>
        </Point>
      </Placemark>
      <Placemark>
        <name>وادي ريخان</name>
        <styleUrl>#icon-1739-0288D1-labelson-nodesc</styleUrl>
        <Point>
          <coordinates>
            41.619022,21.219664,0
          </coordinates>
        </Point>
      </Placemark>
      <Placemark>
        <name>وادي رين</name>
        <styleUrl>#icon-1739-0288D1-labelson-nodesc</styleUrl>
        <Point>
          <coordinates>
            39.926441,20.959404,0
          </coordinates>
        </Point>
      </Placemark>
      <Placemark>
        <name>وادي رين</name>
        <styleUrl>#icon-1739-0288D1-labelson-nodesc</styleUrl>
        <Point>
          <coordinates>
            39.891164,20.93919,0
          </coordinates>
        </Point>
      </Placemark>
      <Placemark>
        <name>وادي ستارة</name>
        <styleUrl>#icon-1739-0288D1-labelson-nodesc</styleUrl>
        <Point>
          <coordinates>
            39.638565,22.576818,0
          </coordinates>
        </Point>
      </Placemark>
      <Placemark>
        <name>وادي سديره</name>
        <styleUrl>#icon-1739-0288D1-labelson-nodesc</styleUrl>
        <Point>
          <coordinates>
            40.858347,21.356778,0
          </coordinates>
        </Point>
      </Placemark>
      <Placemark>
        <name>وادي سلامة</name>
        <styleUrl>#icon-1739-0288D1-labelson-nodesc</styleUrl>
        <Point>
          <coordinates>
            40.613172,21.204879,0
          </coordinates>
        </Point>
      </Placemark>
      <Placemark>
        <name>وادي سلامة</name>
        <styleUrl>#icon-1739-0288D1-labelson-nodesc</styleUrl>
        <Point>
          <coordinates>
            40.590148,21.157007,0
          </coordinates>
        </Point>
      </Placemark>
      <Placemark>
        <name>وادي سلبه</name>
        <styleUrl>#icon-1739-0288D1-labelson-nodesc</styleUrl>
        <Point>
          <coordinates>
            40.540495,20.707855,0
          </coordinates>
        </Point>
      </Placemark>
      <Placemark>
        <name>وادي سلوان</name>
        <styleUrl>#icon-1739-0288D1-labelson-nodesc</styleUrl>
        <Point>
          <coordinates>
            41.053441,21.017489,0
          </coordinates>
        </Point>
      </Placemark>
      <Placemark>
        <name>وادي شرب</name>
        <styleUrl>#icon-1739-0288D1-labelson-nodesc</styleUrl>
        <Point>
          <coordinates>
            40.549936,21.45057,0
          </coordinates>
        </Point>
      </Placemark>
      <Placemark>
        <name>وادي شرب</name>
        <styleUrl>#icon-1739-0288D1-labelson-nodesc</styleUrl>
        <Point>
          <coordinates>
            40.509124,21.40317,0
          </coordinates>
        </Point>
      </Placemark>
      <Placemark>
        <name>وادي شرب</name>
        <styleUrl>#icon-1739-0288D1-labelson-nodesc</styleUrl>
        <Point>
          <coordinates>
            40.655079,21.533589,0
          </coordinates>
        </Point>
      </Placemark>
      <Placemark>
        <name>وادي شرب</name>
        <styleUrl>#icon-1739-0288D1-labelson-nodesc</styleUrl>
        <Point>
          <coordinates>
            40.620854,21.500244,0
          </coordinates>
        </Point>
      </Placemark>
      <Placemark>
        <name>وادي شريان غامد</name>
        <styleUrl>#icon-1739-0288D1-labelson-nodesc</styleUrl>
        <Point>
          <coordinates>
            41.682537,20.737746,0
          </coordinates>
        </Point>
      </Placemark>
      <Placemark>
        <name>وادي شقصان</name>
        <styleUrl>#icon-1739-0288D1-labelson-nodesc</styleUrl>
        <Point>
          <coordinates>
            40.831375,21.306868,0
          </coordinates>
        </Point>
      </Placemark>
      <Placemark>
        <name>وادي صلا</name>
        <styleUrl>#icon-1739-0288D1-labelson-nodesc</styleUrl>
        <Point>
          <coordinates>
            40.787923,20.962472,0
          </coordinates>
        </Point>
      </Placemark>
      <Placemark>
        <name>وادي صلا</name>
        <styleUrl>#icon-1739-0288D1-labelson-nodesc</styleUrl>
        <Point>
          <coordinates>
            40.775092,21.197433,0
          </coordinates>
        </Point>
      </Placemark>
      <Placemark>
        <name>وادي صلا</name>
        <styleUrl>#icon-1739-0288D1-labelson-nodesc</styleUrl>
        <Point>
          <coordinates>
            40.780435,21.159625,0
          </coordinates>
        </Point>
      </Placemark>
      <Placemark>
        <name>وادي صلبة</name>
        <styleUrl>#icon-1739-0288D1-labelson-nodesc</styleUrl>
        <Point>
          <coordinates>
            41.443949,21.940212,0
          </coordinates>
        </Point>
      </Placemark>
      <Placemark>
        <name>وادي ضراء</name>
        <styleUrl>#icon-1739-0288D1-labelson-nodesc</styleUrl>
        <Point>
          <coordinates>
            41.134422,20.897992,0
          </coordinates>
        </Point>
      </Placemark>
      <Placemark>
        <name>وادي ضراء</name>
        <styleUrl>#icon-1739-0288D1-labelson-nodesc</styleUrl>
        <Point>
          <coordinates>
            40.983295,20.88074,0
          </coordinates>
        </Point>
      </Placemark>
      <Placemark>
        <name>وادي ضراء</name>
        <styleUrl>#icon-1739-0288D1-labelson-nodesc</styleUrl>
        <Point>
          <coordinates>
            41.444271,20.999229,0
          </coordinates>
        </Point>
      </Placemark>
      <Placemark>
        <name>وادي ضري</name>
        <styleUrl>#icon-1739-0288D1-labelson-nodesc</styleUrl>
        <Point>
          <coordinates>
            41.349793,22.62042,0
          </coordinates>
        </Point>
      </Placemark>
      <Placemark>
        <name>وادي ضري</name>
        <styleUrl>#icon-1739-0288D1-labelson-nodesc</styleUrl>
        <Point>
          <coordinates>
            41.368804,22.597761,0
          </coordinates>
        </Point>
      </Placemark>
      <Placemark>
        <name>وادي ضمران</name>
        <styleUrl>#icon-1739-0288D1-labelson-nodesc</styleUrl>
        <Point>
          <coordinates>
            41.66816,21.707633,0
          </coordinates>
        </Point>
      </Placemark>
      <Placemark>
        <name>وادي ضوى</name>
        <styleUrl>#icon-1739-0288D1-labelson-nodesc</styleUrl>
        <Point>
          <coordinates>
            40.964413,20.794737,0
          </coordinates>
        </Point>
      </Placemark>
      <Placemark>
        <name>وادي ضوى</name>
        <styleUrl>#icon-1739-0288D1-labelson-nodesc</styleUrl>
        <Point>
          <coordinates>
            41.049771,20.856278,0
          </coordinates>
        </Point>
      </Placemark>
      <Placemark>
        <name>وادي طلحة</name>
        <styleUrl>#icon-1739-0288D1-labelson-nodesc</styleUrl>
        <Point>
          <coordinates>
            39.927063,22.705994,0
          </coordinates>
        </Point>
      </Placemark>
      <Placemark>
        <name>وادي عباب</name>
        <styleUrl>#icon-1739-0288D1-labelson-nodesc</styleUrl>
        <Point>
          <coordinates>
            41.254864,22.608984,0
          </coordinates>
        </Point>
      </Placemark>
      <Placemark>
        <name>وادي عدوان</name>
        <styleUrl>#icon-1739-0288D1-labelson-nodesc</styleUrl>
        <Point>
          <coordinates>
            40.639307,21.487927,0
          </coordinates>
        </Point>
      </Placemark>
      <Placemark>
        <name>وادي عدوان</name>
        <styleUrl>#icon-1739-0288D1-labelson-nodesc</styleUrl>
        <Point>
          <coordinates>
            40.660443,21.52668,0
          </coordinates>
        </Point>
      </Placemark>
      <Placemark>
        <name>وادي عدوان</name>
        <styleUrl>#icon-1739-0288D1-labelson-nodesc</styleUrl>
        <Point>
          <coordinates>
            40.618579,21.467779,0
          </coordinates>
        </Point>
      </Placemark>
      <Placemark>
        <name>وادي عردة</name>
        <styleUrl>#icon-1739-0288D1-labelson-nodesc</styleUrl>
        <Point>
          <coordinates>
            41.068783,20.464633,0
          </coordinates>
        </Point>
      </Placemark>
      <Placemark>
        <name>وادي عرنة</name>
        <styleUrl>#icon-1739-0288D1-labelson-nodesc</styleUrl>
        <Point>
          <coordinates>
            39.816771,21.305215,0
          </coordinates>
        </Point>
      </Placemark>
      <Placemark>
        <name>وادي عرنة</name>
        <styleUrl>#icon-1739-0288D1-labelson-nodesc</styleUrl>
        <Point>
          <coordinates>
            39.718451,21.255498,0
          </coordinates>
        </Point>
      </Placemark>
      <Placemark>
        <name>وادي عرنة</name>
        <styleUrl>#icon-1739-0288D1-labelson-nodesc</styleUrl>
        <Point>
          <coordinates>
            39.980664,21.381347,0
          </coordinates>
        </Point>
      </Placemark>
      <Placemark>
        <name>وادي عرنة</name>
        <styleUrl>#icon-1739-0288D1-labelson-nodesc</styleUrl>
        <Point>
          <coordinates>
            39.942491,21.338754,0
          </coordinates>
        </Point>
      </Placemark>
      <Placemark>
        <name>وادي عويجاء</name>
        <styleUrl>#icon-1739-0288D1-labelson-nodesc</styleUrl>
        <Point>
          <coordinates>
            39.214239,22.089815,0
          </coordinates>
        </Point>
      </Placemark>
      <Placemark>
        <name>وادي عيار</name>
        <styleUrl>#icon-1739-0288D1-labelson-nodesc</styleUrl>
        <Point>
          <coordinates>
            40.439901,20.126116,0
          </coordinates>
        </Point>
      </Placemark>
      <Placemark>
        <name>وادي عيار</name>
        <styleUrl>#icon-1739-0288D1-labelson-nodesc</styleUrl>
        <Point>
          <coordinates>
            40.568669,20.284045,0
          </coordinates>
        </Point>
      </Placemark>
      <Placemark>
        <name>وادي غادية</name>
        <styleUrl>#icon-1739-0288D1-labelson-nodesc</styleUrl>
        <Point>
          <coordinates>
            40.918601,20.283465,0
          </coordinates>
        </Point>
      </Placemark>
      <Placemark>
        <name>وادي غثران</name>
        <styleUrl>#icon-1739-0288D1-labelson-nodesc</styleUrl>
        <Point>
          <coordinates>
            42.59129,21.104479,0
          </coordinates>
        </Point>
      </Placemark>
      <Placemark>
        <name>وادي غزيل</name>
        <styleUrl>#icon-1739-0288D1-labelson-nodesc</styleUrl>
        <Point>
          <coordinates>
            41.053526,20.963266,0
          </coordinates>
        </Point>
      </Placemark>
      <Placemark>
        <name>وادي غزيل</name>
        <styleUrl>#icon-1739-0288D1-labelson-nodesc</styleUrl>
        <Point>
          <coordinates>
            41.284883,21.034098,0
          </coordinates>
        </Point>
      </Placemark>
      <Placemark>
        <name>وادي غزيل</name>
        <styleUrl>#icon-1739-0288D1-labelson-nodesc</styleUrl>
        <Point>
          <coordinates>
            41.106527,20.957408,0
          </coordinates>
        </Point>
      </Placemark>
      <Placemark>
        <name>وادي غنماء</name>
        <styleUrl>#icon-1739-0288D1-labelson-nodesc</styleUrl>
        <Point>
          <coordinates>
            40.935874,20.37288,0
          </coordinates>
        </Point>
      </Placemark>
      <Placemark>
        <name>وادي فاطمة</name>
        <styleUrl>#icon-1739-0288D1-labelson-nodesc</styleUrl>
        <Point>
          <coordinates>
            39.4486,21.382313,0
          </coordinates>
        </Point>
      </Placemark>
      <Placemark>
        <name>وادي فحاذه</name>
        <styleUrl>#icon-1739-0288D1-labelson-nodesc</styleUrl>
        <Point>
          <coordinates>
            42.117763,20.589366,0
          </coordinates>
        </Point>
      </Placemark>
      <Placemark>
        <name>وادي قصد</name>
        <styleUrl>#icon-1739-0288D1-labelson-nodesc</styleUrl>
        <Point>
          <coordinates>
            40.986364,20.901146,0
          </coordinates>
        </Point>
      </Placemark>
      <Placemark>
        <name>وادي قصد</name>
        <styleUrl>#icon-1739-0288D1-labelson-nodesc</styleUrl>
        <Point>
          <coordinates>
            41.109617,20.936916,0
          </coordinates>
        </Point>
      </Placemark>
      <Placemark>
        <name>وادي قطان</name>
        <styleUrl>#icon-1739-0288D1-labelson-nodesc</styleUrl>
        <Point>
          <coordinates>
            41.53038,22.482662,0
          </coordinates>
        </Point>
      </Placemark>
      <Placemark>
        <name>وادي قطان</name>
        <styleUrl>#icon-1739-0288D1-labelson-nodesc</styleUrl>
        <Point>
          <coordinates>
            41.495147,22.219419,0
          </coordinates>
        </Point>
      </Placemark>
      <Placemark>
        <name>وادي قطان</name>
        <styleUrl>#icon-1739-0288D1-labelson-nodesc</styleUrl>
        <Point>
          <coordinates>
            41.561794,22.359281,0
          </coordinates>
        </Point>
      </Placemark>
      <Placemark>
        <name>وادي قطان</name>
        <styleUrl>#icon-1739-0288D1-labelson-nodesc</styleUrl>
        <Point>
          <coordinates>
            41.714573,21.692355,0
          </coordinates>
        </Point>
      </Placemark>
      <Placemark>
        <name>وادي كرا</name>
        <styleUrl>#icon-1739-0288D1-labelson-nodesc</styleUrl>
        <Point>
          <coordinates>
            41.697342,20.753002,0
          </coordinates>
        </Point>
      </Placemark>
      <Placemark>
        <name>وادي كرا</name>
        <styleUrl>#icon-1739-0288D1-labelson-nodesc</styleUrl>
        <Point>
          <coordinates>
            41.676013,21.198421,0
          </coordinates>
        </Point>
      </Placemark>
      <Placemark>
        <name>وادي كرا</name>
        <styleUrl>#icon-1739-0288D1-labelson-nodesc</styleUrl>
        <Point>
          <coordinates>
            41.730902,21.26333,0
          </coordinates>
        </Point>
      </Placemark>
      <Placemark>
        <name>وادي كلاخ</name>
        <styleUrl>#icon-1739-0288D1-labelson-nodesc</styleUrl>
        <Point>
          <coordinates>
            40.77271,21.20666,0
          </coordinates>
        </Point>
      </Placemark>
      <Placemark>
        <name>وادي لزان</name>
        <styleUrl>#icon-1739-0288D1-labelson-nodesc</styleUrl>
        <Point>
          <coordinates>
            40.750952,21.046822,0
          </coordinates>
        </Point>
      </Placemark>
      <Placemark>
        <name>وادي لزان</name>
        <styleUrl>#icon-1739-0288D1-labelson-nodesc</styleUrl>
        <Point>
          <coordinates>
            40.771573,21.202347,0
          </coordinates>
        </Point>
      </Placemark>
      <Placemark>
        <name>وادي لزان</name>
        <styleUrl>#icon-1739-0288D1-labelson-nodesc</styleUrl>
        <Point>
          <coordinates>
            40.752239,21.1672,0
          </coordinates>
        </Point>
      </Placemark>
      <Placemark>
        <name>وادي لوان</name>
        <styleUrl>#icon-1739-0288D1-labelson-nodesc</styleUrl>
        <Point>
          <coordinates>
            40.594633,21.328948,0
          </coordinates>
        </Point>
      </Placemark>
      <Placemark>
        <name>وادي لوان</name>
        <styleUrl>#icon-1739-0288D1-labelson-nodesc</styleUrl>
        <Point>
          <coordinates>
            40.78831,21.441557,0
          </coordinates>
        </Point>
      </Placemark>
      <Placemark>
        <name>وادي لية</name>
        <styleUrl>#icon-1739-0288D1-labelson-nodesc</styleUrl>
        <Point>
          <coordinates>
            40.313494,21.092656,0
          </coordinates>
        </Point>
      </Placemark>
      <Placemark>
        <name>وادي لية</name>
        <styleUrl>#icon-1739-0288D1-labelson-nodesc</styleUrl>
        <Point>
          <coordinates>
            40.528393,21.233783,0
          </coordinates>
        </Point>
      </Placemark>
      <Placemark>
        <name>وادي لية</name>
        <styleUrl>#icon-1739-0288D1-labelson-nodesc</styleUrl>
        <Point>
          <coordinates>
            40.372911,21.092162,0
          </coordinates>
        </Point>
      </Placemark>
      <Placemark>
        <name>وادي لية</name>
        <styleUrl>#icon-1739-0288D1-labelson-nodesc</styleUrl>
        <Point>
          <coordinates>
            40.545258,21.260262,0
          </coordinates>
        </Point>
      </Placemark>
      <Placemark>
        <name>وادي لية</name>
        <styleUrl>#icon-1739-0288D1-labelson-nodesc</styleUrl>
        <Point>
          <coordinates>
            40.860493,21.552558,0
          </coordinates>
        </Point>
      </Placemark>
      <Placemark>
        <name>وادي مثان</name>
        <styleUrl>#icon-1739-0288D1-labelson-nodesc</styleUrl>
        <Point>
          <coordinates>
            41.0343,20.840292,0
          </coordinates>
        </Point>
      </Placemark>
      <Placemark>
        <name>وادي مجاح</name>
        <styleUrl>#icon-1739-0288D1-labelson-nodesc</styleUrl>
        <Point>
          <coordinates>
            39.195828,23.171883,0
          </coordinates>
        </Point>
      </Placemark>
      <Placemark>
        <name>وادي مر</name>
        <styleUrl>#icon-1739-0288D1-labelson-nodesc</styleUrl>
        <Point>
          <coordinates>
            41.75045,21.217754,0
          </coordinates>
        </Point>
      </Placemark>
      <Placemark>
        <name>وادي مر</name>
        <styleUrl>#icon-1739-0288D1-labelson-nodesc</styleUrl>
        <Point>
          <coordinates>
            41.74588,21.268673,0
          </coordinates>
        </Point>
      </Placemark>
      <Placemark>
        <name>وادي مرخ</name>
        <styleUrl>#icon-1739-0288D1-labelson-nodesc</styleUrl>
        <Point>
          <coordinates>
            39.628887,22.407131,0
          </coordinates>
        </Point>
      </Placemark>
      <Placemark>
        <name>وادي مرخة</name>
        <styleUrl>#icon-1739-0288D1-labelson-nodesc</styleUrl>
        <Point>
          <coordinates>
            40.002315,20.957687,0
          </coordinates>
        </Point>
      </Placemark>
      <Placemark>
        <name>وادي مرعة</name>
        <styleUrl>#icon-1739-0288D1-labelson-nodesc</styleUrl>
        <Point>
          <coordinates>
            40.911992,20.356121,0
          </coordinates>
        </Point>
      </Placemark>
      <Placemark>
        <name>وادي مركوب</name>
        <styleUrl>#icon-1739-0288D1-labelson-nodesc</styleUrl>
        <Point>
          <coordinates>
            40.000942,20.376141,0
          </coordinates>
        </Point>
      </Placemark>
      <Placemark>
        <name>وادي مريخ</name>
        <styleUrl>#icon-1739-0288D1-labelson-nodesc</styleUrl>
        <Point>
          <coordinates>
            38.998032,22.973957,0
          </coordinates>
        </Point>
      </Placemark>
      <Placemark>
        <name>وادي مريخ</name>
        <styleUrl>#icon-1739-0288D1-labelson-nodesc</styleUrl>
        <Point>
          <coordinates>
            39.449995,22.154167,0
          </coordinates>
        </Point>
      </Placemark>
      <Placemark>
        <name>وادي مستورة</name>
        <styleUrl>#icon-1739-0288D1-labelson-nodesc</styleUrl>
        <Point>
          <coordinates>
            38.913231,23.100986,0
          </coordinates>
        </Point>
      </Placemark>
      <Placemark>
        <name>وادي مستورة</name>
        <styleUrl>#icon-1739-0288D1-labelson-nodesc</styleUrl>
        <Point>
          <coordinates>
            39.151797,23.162978,0
          </coordinates>
        </Point>
      </Placemark>
      <Placemark>
        <name>وادي مسر الشمالي</name>
        <styleUrl>#icon-1739-0288D1-labelson-nodesc</styleUrl>
        <Point>
          <coordinates>
            39.560072,22.26609,0
          </coordinates>
        </Point>
      </Placemark>
      <Placemark>
        <name>وادي مظللة</name>
        <styleUrl>#icon-1739-0288D1-labelson-nodesc</styleUrl>
        <Point>
          <coordinates>
            40.779576,21.201467,0
          </coordinates>
        </Point>
      </Placemark>
      <Placemark>
        <name>وادي مظللة</name>
        <styleUrl>#icon-1739-0288D1-labelson-nodesc</styleUrl>
        <Point>
          <coordinates>
            40.826504,21.12819,0
          </coordinates>
        </Point>
      </Placemark>
      <Placemark>
        <name>وادي معلم</name>
        <styleUrl>#icon-1739-0288D1-labelson-nodesc</styleUrl>
        <Point>
          <coordinates>
            38.889198,23.144932,0
          </coordinates>
        </Point>
      </Placemark>
      <Placemark>
        <name>وادي مغير</name>
        <styleUrl>#icon-1739-0288D1-labelson-nodesc</styleUrl>
        <Point>
          <coordinates>
            40.904095,21.293156,0
          </coordinates>
        </Point>
      </Placemark>
      <Placemark>
        <name>وادي مغيسل</name>
        <styleUrl>#icon-1739-0288D1-labelson-nodesc</styleUrl>
        <Point>
          <coordinates>
            39.773598,23.1003,0
          </coordinates>
        </Point>
      </Placemark>
      <Placemark>
        <name>وادي مقسى</name>
        <styleUrl>#icon-1739-0288D1-labelson-nodesc</styleUrl>
        <Point>
          <coordinates>
            40.628257,20.860205,0
          </coordinates>
        </Point>
      </Placemark>
      <Placemark>
        <name>وادي ملحة</name>
        <styleUrl>#icon-1739-0288D1-labelson-nodesc</styleUrl>
        <Point>
          <coordinates>
            41.15942,20.841665,0
          </coordinates>
        </Point>
      </Placemark>
      <Placemark>
        <name>وادي ملحة</name>
        <styleUrl>#icon-1739-0288D1-labelson-nodesc</styleUrl>
        <Point>
          <coordinates>
            41.187336,20.792398,0
          </coordinates>
        </Point>
      </Placemark>
      <Placemark>
        <name>وادي ملكان</name>
        <styleUrl>#icon-1739-0288D1-labelson-nodesc</styleUrl>
        <Point>
          <coordinates>
            39.943113,21.152265,0
          </coordinates>
        </Point>
      </Placemark>
      <Placemark>
        <name>وادي ملكان</name>
        <styleUrl>#icon-1739-0288D1-labelson-nodesc</styleUrl>
        <Point>
          <coordinates>
            39.861102,21.167543,0
          </coordinates>
        </Point>
      </Placemark>
      <Placemark>
        <name>وادي منسا</name>
        <styleUrl>#icon-1739-0288D1-labelson-nodesc</styleUrl>
        <Point>
          <coordinates>
            40.572059,20.32814,0
          </coordinates>
        </Point>
      </Placemark>
      <Placemark>
        <name>وادي منسا</name>
        <styleUrl>#icon-1739-0288D1-labelson-nodesc</styleUrl>
        <Point>
          <coordinates>
            40.54925,20.296619,0
          </coordinates>
        </Point>
      </Placemark>
      <Placemark>
        <name>وادي ندا</name>
        <styleUrl>#icon-1739-0288D1-labelson-nodesc</styleUrl>
        <Point>
          <coordinates>
            39.772224,22.79721,0
          </coordinates>
        </Point>
      </Placemark>
      <Placemark>
        <name>وادي نعمان</name>
        <styleUrl>#icon-1739-0288D1-labelson-nodesc</styleUrl>
        <Point>
          <coordinates>
            40.102265,21.350663,0
          </coordinates>
        </Point>
      </Placemark>
      <Placemark>
        <name>وادي نعمان</name>
        <styleUrl>#icon-1739-0288D1-labelson-nodesc</styleUrl>
        <Point>
          <coordinates>
            40.173504,21.361628,0
          </coordinates>
        </Point>
      </Placemark>
      <Placemark>
        <name>وادي نيات</name>
        <styleUrl>#icon-1739-0288D1-labelson-nodesc</styleUrl>
        <Point>
          <coordinates>
            40.284097,20.903978,0
          </coordinates>
        </Point>
      </Placemark>
      <Placemark>
        <name>وادي هزاهز</name>
        <styleUrl>#icon-1739-0288D1-labelson-nodesc</styleUrl>
        <Point>
          <coordinates>
            38.866346,23.189778,0
          </coordinates>
        </Point>
      </Placemark>
      <Placemark>
        <name>وادي هزاهز</name>
        <styleUrl>#icon-1739-0288D1-labelson-nodesc</styleUrl>
        <Point>
          <coordinates>
            39.090772,23.240826,0
          </coordinates>
        </Point>
      </Placemark>
      <Placemark>
        <name>وادي وج</name>
        <styleUrl>#icon-1739-0288D1-labelson-nodesc</styleUrl>
        <Point>
          <coordinates>
            40.44503,21.305194,0
          </coordinates>
        </Point>
      </Placemark>
      <Placemark>
        <name>وادي وج</name>
        <styleUrl>#icon-1739-0288D1-labelson-nodesc</styleUrl>
        <Point>
          <coordinates>
            40.467088,21.327982,0
          </coordinates>
        </Point>
      </Placemark>
      <Placemark>
        <name>وادي وج</name>
        <styleUrl>#icon-1739-0288D1-labelson-nodesc</styleUrl>
        <Point>
          <coordinates>
            40.543671,21.391754,0
          </coordinates>
        </Point>
      </Placemark>
      <Placemark>
        <name>وادي وج</name>
        <styleUrl>#icon-1739-0288D1-labelson-nodesc</styleUrl>
        <Point>
          <coordinates>
            40.504575,21.3627,0
          </coordinates>
        </Point>
      </Placemark>
      <Placemark>
        <name>وادي وجرة الاعلى</name>
        <styleUrl>#icon-1739-0288D1-labelson-nodesc</styleUrl>
        <Point>
          <coordinates>
            40.329351,21.147051,0
          </coordinates>
        </Point>
      </Placemark>
      <Placemark>
        <name>وادي وجرة السفلي</name>
        <styleUrl>#icon-1739-0288D1-labelson-nodesc</styleUrl>
        <Point>
          <coordinates>
            40.331261,21.141236,0
          </coordinates>
        </Point>
      </Placemark>
      <Placemark>
        <name>وادي وديان</name>
        <styleUrl>#icon-1739-0288D1-labelson-nodesc</styleUrl>
        <Point>
          <coordinates>
            40.160308,20.859411,0
          </coordinates>
        </Point>
      </Placemark>
      <Placemark>
        <name>وادي وراخ</name>
        <styleUrl>#icon-1739-0288D1-labelson-nodesc</styleUrl>
        <Point>
          <coordinates>
            41.630781,20.827975,0
          </coordinates>
        </Point>
      </Placemark>
      <Placemark>
        <name>وادي يلملم</name>
        <styleUrl>#icon-1739-0288D1-labelson-nodesc</styleUrl>
        <Point>
          <coordinates>
            39.848163,20.53364,0
          </coordinates>
        </Point>
      </Placemark>
      <Placemark>
        <name>وادي يلملم</name>
        <styleUrl>#icon-1739-0288D1-labelson-nodesc</styleUrl>
        <Point>
          <coordinates>
            39.962962,20.785618,0
          </coordinates>
        </Point>
      </Placemark>
      <Placemark>
        <name>وادي يلملم</name>
        <styleUrl>#icon-1739-0288D1-labelson-nodesc</styleUrl>
        <Point>
          <coordinates>
            40.174534,20.851793,0
          </coordinates>
        </Point>
      </Placemark>
      <Placemark>
        <name>واحة الهيشه</name>
        <styleUrl>#icon-1739-0288D1-labelson-nodesc</styleUrl>
        <Point>
          <coordinates>
            39.91878,21.823375,0
          </coordinates>
        </Point>
      </Placemark>
      <Placemark>
        <name>قيعان القراميل</name>
        <styleUrl>#icon-1739-0288D1-labelson-nodesc</styleUrl>
        <Point>
          <coordinates>
            42.540436,21.446857,0
          </coordinates>
        </Point>
      </Placemark>
      <Placemark>
        <name>قيعان الهمج</name>
        <styleUrl>#icon-1739-0288D1-labelson-nodesc</styleUrl>
        <Point>
          <coordinates>
            41.693888,22.855854,0
          </coordinates>
        </Point>
      </Placemark>
      <Placemark>
        <name>قيعان الهميج</name>
        <styleUrl>#icon-1739-0288D1-labelson-nodesc</styleUrl>
        <Point>
          <coordinates>
            41.605375,22.865038,0
          </coordinates>
        </Point>
      </Placemark>
      <Placemark>
        <name>قيعان فيضة اللحيان</name>
        <styleUrl>#icon-1739-0288D1-labelson-nodesc</styleUrl>
        <Point>
          <coordinates>
            41.703136,22.810514,0
          </coordinates>
        </Point>
      </Placemark>
      <Placemark>
        <name>قيعان قفدة</name>
        <styleUrl>#icon-1739-0288D1-labelson-nodesc</styleUrl>
        <Point>
          <coordinates>
            42.087421,21.619205,0
          </coordinates>
        </Point>
      </Placemark>
      <Placemark>
        <name>قيعان مخيلد</name>
        <styleUrl>#icon-1739-0288D1-labelson-nodesc</styleUrl>
        <Point>
          <coordinates>
            42.082443,20.721416,0
          </coordinates>
        </Point>
      </Placemark>
      <Placemark>
        <name>قاع ابو رخم</name>
        <styleUrl>#icon-1739-0288D1-labelson-nodesc</styleUrl>
        <Point>
          <coordinates>
            42.34869,21.67551,0
          </coordinates>
        </Point>
      </Placemark>
      <Placemark>
        <name>قاع ابو شنينة</name>
        <styleUrl>#icon-1739-0288D1-labelson-nodesc</styleUrl>
        <Point>
          <coordinates>
            42.623005,21.449261,0
          </coordinates>
        </Point>
      </Placemark>
      <Placemark>
        <name>قاع ابو عشرة</name>
        <styleUrl>#icon-1739-0288D1-labelson-nodesc</styleUrl>
        <Point>
          <coordinates>
            40.568047,22.341557,0
          </coordinates>
        </Point>
      </Placemark>
      <Placemark>
        <name>قاع ابو قصيرة</name>
        <styleUrl>#icon-1739-0288D1-labelson-nodesc</styleUrl>
        <Point>
          <coordinates>
            41.555786,22.060547,0
          </coordinates>
        </Point>
      </Placemark>
      <Placemark>
        <name>قاع ابو قطا</name>
        <styleUrl>#icon-1739-0288D1-labelson-nodesc</styleUrl>
        <Point>
          <coordinates>
            41.626167,22.764015,0
          </coordinates>
        </Point>
      </Placemark>
      <Placemark>
        <name>قاع ابو مروة</name>
        <styleUrl>#icon-1739-0288D1-labelson-nodesc</styleUrl>
        <Point>
          <coordinates>
            41.80418,21.254768,0
          </coordinates>
        </Point>
      </Placemark>
      <Placemark>
        <name>قاع ابو نجيل</name>
        <styleUrl>#icon-1739-0288D1-labelson-nodesc</styleUrl>
        <Point>
          <coordinates>
            40.583775,22.574565,0
          </coordinates>
        </Point>
      </Placemark>
      <Placemark>
        <name>قاع ادس</name>
        <styleUrl>#icon-1739-0288D1-labelson-nodesc</styleUrl>
        <Point>
          <coordinates>
            42.25256,20.755062,0
          </coordinates>
        </Point>
      </Placemark>
      <Placemark>
        <name>قاع البراق</name>
        <styleUrl>#icon-1739-0288D1-labelson-nodesc</styleUrl>
        <Point>
          <coordinates>
            41.574497,22.836628,0
          </coordinates>
        </Point>
      </Placemark>
      <Placemark>
        <name>قاع البرقة</name>
        <styleUrl>#icon-1739-0288D1-labelson-nodesc</styleUrl>
        <Point>
          <coordinates>
            40.447369,22.292633,0
          </coordinates>
        </Point>
      </Placemark>
      <Placemark>
        <name>قاع البعوضة</name>
        <styleUrl>#icon-1739-0288D1-labelson-nodesc</styleUrl>
        <Point>
          <coordinates>
            42.25462,21.649246,0
          </coordinates>
        </Point>
      </Placemark>
      <Placemark>
        <name>قاع البقار</name>
        <styleUrl>#icon-1739-0288D1-labelson-nodesc</styleUrl>
        <Point>
          <coordinates>
            40.445309,22.583084,0
          </coordinates>
        </Point>
      </Placemark>
      <Placemark>
        <name>قاع البهام</name>
        <styleUrl>#icon-1739-0288D1-labelson-nodesc</styleUrl>
        <Point>
          <coordinates>
            42.374783,21.477241,0
          </coordinates>
        </Point>
      </Placemark>
      <Placemark>
        <name>قاع التراب</name>
        <styleUrl>#icon-1739-0288D1-labelson-nodesc</styleUrl>
        <Point>
          <coordinates>
            42.073002,20.820293,0
          </coordinates>
        </Point>
      </Placemark>
      <Placemark>
        <name>قاع الجفجف</name>
        <styleUrl>#icon-1739-0288D1-labelson-nodesc</styleUrl>
        <Point>
          <coordinates>
            41.674576,20.915737,0
          </coordinates>
        </Point>
      </Placemark>
      <Placemark>
        <name>قاع الجفن</name>
        <styleUrl>#icon-1739-0288D1-labelson-nodesc</styleUrl>
        <Point>
          <coordinates>
            41.93224,21.247044,0
          </coordinates>
        </Point>
      </Placemark>
      <Placemark>
        <name>قاع الحاجر</name>
        <styleUrl>#icon-1739-0288D1-labelson-nodesc</styleUrl>
        <Point>
          <coordinates>
            40.680141,22.417088,0
          </coordinates>
        </Point>
      </Placemark>
      <Placemark>
        <name>قاع الحسك</name>
        <styleUrl>#icon-1739-0288D1-labelson-nodesc</styleUrl>
        <Point>
          <coordinates>
            42.224407,21.224556,0
          </coordinates>
        </Point>
      </Placemark>
      <Placemark>
        <name>قاع الحفنة</name>
        <styleUrl>#icon-1739-0288D1-labelson-nodesc</styleUrl>
        <Point>
          <coordinates>
            41.598358,22.806416,0
          </coordinates>
        </Point>
      </Placemark>
      <Placemark>
        <name>قاع الحمر</name>
        <styleUrl>#icon-1739-0288D1-labelson-nodesc</styleUrl>
        <Point>
          <coordinates>
            41.558876,20.894451,0
          </coordinates>
        </Point>
      </Placemark>
      <Placemark>
        <name>قاع الخبيراء</name>
        <styleUrl>#icon-1739-0288D1-labelson-nodesc</styleUrl>
        <Point>
          <coordinates>
            40.696278,22.444897,0
          </coordinates>
        </Point>
      </Placemark>
      <Placemark>
        <name>قاع الخفيج</name>
        <styleUrl>#icon-1739-0288D1-labelson-nodesc</styleUrl>
        <Point>
          <coordinates>
            41.690884,21.447544,0
          </coordinates>
        </Point>
      </Placemark>
      <Placemark>
        <name>قاع الخمس</name>
        <styleUrl>#icon-1739-0288D1-labelson-nodesc</styleUrl>
        <Point>
          <coordinates>
            41.541367,20.924835,0
          </coordinates>
        </Point>
      </Placemark>
      <Placemark>
        <name>قاع الدابة</name>
        <styleUrl>#icon-1739-0288D1-labelson-nodesc</styleUrl>
        <Point>
          <coordinates>
            41.669083,23.148022,0
          </coordinates>
        </Point>
      </Placemark>
      <Placemark>
        <name>قاع الدحوة</name>
        <styleUrl>#icon-1739-0288D1-labelson-nodesc</styleUrl>
        <Point>
          <coordinates>
            42.037468,20.86853,0
          </coordinates>
        </Point>
      </Placemark>
      <Placemark>
        <name>قاع الديناري</name>
        <styleUrl>#icon-1739-0288D1-labelson-nodesc</styleUrl>
        <Point>
          <coordinates>
            41.311855,23.40311,0
          </coordinates>
        </Point>
      </Placemark>
      <Placemark>
        <name>قاع الرجل</name>
        <styleUrl>#icon-1739-0288D1-labelson-nodesc</styleUrl>
        <Point>
          <coordinates>
            40.472088,22.102947,0
          </coordinates>
        </Point>
      </Placemark>
      <Placemark>
        <name>قاع الرحى</name>
        <styleUrl>#icon-1739-0288D1-labelson-nodesc</styleUrl>
        <Point>
          <coordinates>
            41.099854,22.684021,0
          </coordinates>
        </Point>
      </Placemark>
      <Placemark>
        <name>قاع الرديفة</name>
        <styleUrl>#icon-1739-0288D1-labelson-nodesc</styleUrl>
        <Point>
          <coordinates>
            41.294861,23.381653,0
          </coordinates>
        </Point>
      </Placemark>
      <Placemark>
        <name>قاع الرغل</name>
        <styleUrl>#icon-1739-0288D1-labelson-nodesc</styleUrl>
        <Point>
          <coordinates>
            40.637398,22.164745,0
          </coordinates>
        </Point>
      </Placemark>
      <Placemark>
        <name>قاع الرمث</name>
        <styleUrl>#icon-1739-0288D1-labelson-nodesc</styleUrl>
        <Point>
          <coordinates>
            40.639801,22.388248,0
          </coordinates>
        </Point>
      </Placemark>
      <Placemark>
        <name>قاع الروض</name>
        <styleUrl>#icon-1739-0288D1-labelson-nodesc</styleUrl>
        <Point>
          <coordinates>
            42.08519,20.769482,0
          </coordinates>
        </Point>
      </Placemark>
      <Placemark>
        <name>قاع الروضة</name>
        <styleUrl>#icon-1739-0288D1-labelson-nodesc</styleUrl>
        <Point>
          <coordinates>
            41.999874,20.748024,0
          </coordinates>
        </Point>
      </Placemark>
      <Placemark>
        <name>قاع الروغ</name>
        <styleUrl>#icon-1739-0288D1-labelson-nodesc</styleUrl>
        <Point>
          <coordinates>
            42.290153,21.836529,0
          </coordinates>
        </Point>
      </Placemark>
      <Placemark>
        <name>قاع الريمة</name>
        <styleUrl>#icon-1739-0288D1-labelson-nodesc</styleUrl>
        <Point>
          <coordinates>
            41.695003,23.335133,0
          </coordinates>
        </Point>
      </Placemark>
      <Placemark>
        <name>قاع الزرب</name>
        <styleUrl>#icon-1739-0288D1-labelson-nodesc</styleUrl>
        <Point>
          <coordinates>
            40.643749,22.323189,0
          </coordinates>
        </Point>
      </Placemark>
      <Placemark>
        <name>قاع الشديدة</name>
        <styleUrl>#icon-1739-0288D1-labelson-nodesc</styleUrl>
        <Point>
          <coordinates>
            42.158489,21.700401,0
          </coordinates>
        </Point>
      </Placemark>
      <Placemark>
        <name>قاع الصدق</name>
        <styleUrl>#icon-1739-0288D1-labelson-nodesc</styleUrl>
        <Point>
          <coordinates>
            40.429859,22.049046,0
          </coordinates>
        </Point>
      </Placemark>
      <Placemark>
        <name>قاع الصرق</name>
        <styleUrl>#icon-1739-0288D1-labelson-nodesc</styleUrl>
        <Point>
          <coordinates>
            42.289467,21.70332,0
          </coordinates>
        </Point>
      </Placemark>
      <Placemark>
        <name>قاع الصليح</name>
        <styleUrl>#icon-1739-0288D1-labelson-nodesc</styleUrl>
        <Point>
          <coordinates>
            41.650543,21.051865,0
          </coordinates>
        </Point>
      </Placemark>
      <Placemark>
        <name>قاع الضحيا</name>
        <styleUrl>#icon-1739-0288D1-labelson-nodesc</styleUrl>
        <Point>
          <coordinates>
            41.966057,20.938396,0
          </coordinates>
        </Point>
      </Placemark>
      <Placemark>
        <name>قاع العجرد</name>
        <styleUrl>#icon-1739-0288D1-labelson-nodesc</styleUrl>
        <Point>
          <coordinates>
            41.720924,20.963631,0
          </coordinates>
        </Point>
      </Placemark>
      <Placemark>
        <name>قاع العرفج</name>
        <styleUrl>#icon-1739-0288D1-labelson-nodesc</styleUrl>
        <Point>
          <coordinates>
            41.693287,20.961227,0
          </coordinates>
        </Point>
      </Placemark>
      <Placemark>
        <name>قاع العصب</name>
        <styleUrl>#icon-1739-0288D1-labelson-nodesc</styleUrl>
        <Point>
          <coordinates>
            40.633965,22.338295,0
          </coordinates>
        </Point>
      </Placemark>
      <Placemark>
        <name>قاع العصب</name>
        <styleUrl>#icon-1739-0288D1-labelson-nodesc</styleUrl>
        <Point>
          <coordinates>
            40.613365,22.354946,0
          </coordinates>
        </Point>
      </Placemark>
      <Placemark>
        <name>قاع العوشز</name>
        <styleUrl>#icon-1739-0288D1-labelson-nodesc</styleUrl>
        <Point>
          <coordinates>
            40.408916,22.176075,0
          </coordinates>
        </Point>
      </Placemark>
      <Placemark>
        <name>قاع العير</name>
        <styleUrl>#icon-1739-0288D1-labelson-nodesc</styleUrl>
        <Point>
          <coordinates>
            41.960049,21.31279,0
          </coordinates>
        </Point>
      </Placemark>
      <Placemark>
        <name>قاع الغيام</name>
        <styleUrl>#icon-1739-0288D1-labelson-nodesc</styleUrl>
        <Point>
          <coordinates>
            41.989746,21.4781,0
          </coordinates>
        </Point>
      </Placemark>
      <Placemark>
        <name>قاع الفرد</name>
        <styleUrl>#icon-1739-0288D1-labelson-nodesc</styleUrl>
        <Point>
          <coordinates>
            40.471401,22.022781,0
          </coordinates>
        </Point>
      </Placemark>
      <Placemark>
        <name>قاع الفقاع</name>
        <styleUrl>#icon-1739-0288D1-labelson-nodesc</styleUrl>
        <Point>
          <coordinates>
            42.198143,20.843811,0
          </coordinates>
        </Point>
      </Placemark>
      <Placemark>
        <name>قاع القاحة</name>
        <styleUrl>#icon-1739-0288D1-labelson-nodesc</styleUrl>
        <Point>
          <coordinates>
            41.721096,21.032639,0
          </coordinates>
        </Point>
      </Placemark>
      <Placemark>
        <name>قاع القرعاء</name>
        <styleUrl>#icon-1739-0288D1-labelson-nodesc</styleUrl>
        <Point>
          <coordinates>
            40.464191,22.247143,0
          </coordinates>
        </Point>
      </Placemark>
      <Placemark>
        <name>قاع القوبع</name>
        <styleUrl>#icon-1739-0288D1-labelson-nodesc</styleUrl>
        <Point>
          <coordinates>
            40.728722,22.45554,0
          </coordinates>
        </Point>
      </Placemark>
      <Placemark>
        <name>قاع الكثاح</name>
        <styleUrl>#icon-1739-0288D1-labelson-nodesc</styleUrl>
        <Point>
          <coordinates>
            41.610031,23.134117,0
          </coordinates>
        </Point>
      </Placemark>
      <Placemark>
        <name>قاع المالحة</name>
        <styleUrl>#icon-1739-0288D1-labelson-nodesc</styleUrl>
        <Point>
          <coordinates>
            41.931896,23.37719,0
          </coordinates>
        </Point>
      </Placemark>
      <Placemark>
        <name>قاع المجامع</name>
        <styleUrl>#icon-1739-0288D1-labelson-nodesc</styleUrl>
        <Point>
          <coordinates>
            41.882629,21.475525,0
          </coordinates>
        </Point>
      </Placemark>
      <Placemark>
        <name>قاع المجنونة</name>
        <styleUrl>#icon-1739-0288D1-labelson-nodesc</styleUrl>
        <Point>
          <coordinates>
            42.284317,21.455441,0
          </coordinates>
        </Point>
      </Placemark>
      <Placemark>
        <name>قاع المجينينة</name>
        <styleUrl>#icon-1739-0288D1-labelson-nodesc</styleUrl>
        <Point>
          <coordinates>
            42.312126,21.384201,0
          </coordinates>
        </Point>
      </Placemark>
      <Placemark>
        <name>قاع المحتجب</name>
        <styleUrl>#icon-1739-0288D1-labelson-nodesc</styleUrl>
        <Point>
          <coordinates>
            42.485847,21.720829,0
          </coordinates>
        </Point>
      </Placemark>
      <Placemark>
        <name>قاع المرصاد</name>
        <styleUrl>#icon-1739-0288D1-labelson-nodesc</styleUrl>
        <Point>
          <coordinates>
            42.178402,21.631114,0
          </coordinates>
        </Point>
      </Placemark>
      <Placemark>
        <name>قاع المريبيخ</name>
        <styleUrl>#icon-1739-0288D1-labelson-nodesc</styleUrl>
        <Point>
          <coordinates>
            41.828899,23.224411,0
          </coordinates>
        </Point>
      </Placemark>
      <Placemark>
        <name>قاع المسمع</name>
        <styleUrl>#icon-1739-0288D1-labelson-nodesc</styleUrl>
        <Point>
          <coordinates>
            42.03764,21.053925,0
          </coordinates>
        </Point>
      </Placemark>
      <Placemark>
        <name>قاع المصبح</name>
        <styleUrl>#icon-1739-0288D1-labelson-nodesc</styleUrl>
        <Point>
          <coordinates>
            41.533985,22.071018,0
          </coordinates>
        </Point>
      </Placemark>
      <Placemark>
        <name>قاع المعوى</name>
        <styleUrl>#icon-1739-0288D1-labelson-nodesc</styleUrl>
        <Point>
          <coordinates>
            42.126904,21.260948,0
          </coordinates>
        </Point>
      </Placemark>
      <Placemark>
        <name>قاع الملبد</name>
        <styleUrl>#icon-1739-0288D1-labelson-nodesc</styleUrl>
        <Point>
          <coordinates>
            41.90237,20.931187,0
          </coordinates>
        </Point>
      </Placemark>
      <Placemark>
        <name>قاع النقعه</name>
        <styleUrl>#icon-1739-0288D1-labelson-nodesc</styleUrl>
        <Point>
          <coordinates>
            41.080992,22.883277,0
          </coordinates>
        </Point>
      </Placemark>
      <Placemark>
        <name>قاع النهي</name>
        <styleUrl>#icon-1739-0288D1-labelson-nodesc</styleUrl>
        <Point>
          <coordinates>
            40.691814,22.258301,0
          </coordinates>
        </Point>
      </Placemark>
      <Placemark>
        <name>قاع النهي</name>
        <styleUrl>#icon-1739-0288D1-labelson-nodesc</styleUrl>
        <Point>
          <coordinates>
            42.174969,21.388664,0
          </coordinates>
        </Point>
      </Placemark>
      <Placemark>
        <name>قاع الهاشر</name>
        <styleUrl>#icon-1739-0288D1-labelson-nodesc</styleUrl>
        <Point>
          <coordinates>
            41.665478,21.125336,0
          </coordinates>
        </Point>
      </Placemark>
      <Placemark>
        <name>قاع الهضيب</name>
        <styleUrl>#icon-1739-0288D1-labelson-nodesc</styleUrl>
        <Point>
          <coordinates>
            42.410145,21.247387,0
          </coordinates>
        </Point>
      </Placemark>
      <Placemark>
        <name>قاع الهيم</name>
        <styleUrl>#icon-1739-0288D1-labelson-nodesc</styleUrl>
        <Point>
          <coordinates>
            40.690098,22.17659,0
          </coordinates>
        </Point>
      </Placemark>
      <Placemark>
        <name>قاع اليماني</name>
        <styleUrl>#icon-1739-0288D1-labelson-nodesc</styleUrl>
        <Point>
          <coordinates>
            42.049999,21.005001,0
          </coordinates>
        </Point>
      </Placemark>
      <Placemark>
        <name>قاع ام الجعيرة</name>
        <styleUrl>#icon-1739-0288D1-labelson-nodesc</styleUrl>
        <Point>
          <coordinates>
            41.544285,22.020378,0
          </coordinates>
        </Point>
      </Placemark>
      <Placemark>
        <name>قاع ام العجلة</name>
        <styleUrl>#icon-1739-0288D1-labelson-nodesc</styleUrl>
        <Point>
          <coordinates>
            42.381821,21.859016,0
          </coordinates>
        </Point>
      </Placemark>
      <Placemark>
        <name>قاع ام العرين</name>
        <styleUrl>#icon-1739-0288D1-labelson-nodesc</styleUrl>
        <Point>
          <coordinates>
            40.619545,22.414341,0
          </coordinates>
        </Point>
      </Placemark>
      <Placemark>
        <name>قاع ام المعاوى</name>
        <styleUrl>#icon-1739-0288D1-labelson-nodesc</styleUrl>
        <Point>
          <coordinates>
            42.283072,21.732395,0
          </coordinates>
        </Point>
      </Placemark>
      <Placemark>
        <name>قاع ام الهشيم</name>
        <styleUrl>#icon-1739-0288D1-labelson-nodesc</styleUrl>
        <Point>
          <coordinates>
            43.216267,21.261292,0
          </coordinates>
        </Point>
      </Placemark>
      <Placemark>
        <name>قاع بغيثاء</name>
        <styleUrl>#icon-1739-0288D1-labelson-nodesc</styleUrl>
        <Point>
          <coordinates>
            40.629673,22.137795,0
          </coordinates>
        </Point>
      </Placemark>
      <Placemark>
        <name>قاع تركي</name>
        <styleUrl>#icon-1739-0288D1-labelson-nodesc</styleUrl>
        <Point>
          <coordinates>
            40.577316,22.142773,0
          </coordinates>
        </Point>
      </Placemark>
      <Placemark>
        <name>قاع جليدان</name>
        <styleUrl>#icon-1739-0288D1-labelson-nodesc</styleUrl>
        <Point>
          <coordinates>
            41.91988,23.251362,0
          </coordinates>
        </Point>
      </Placemark>
      <Placemark>
        <name>قاع حراملا</name>
        <styleUrl>#icon-1739-0288D1-labelson-nodesc</styleUrl>
        <Point>
          <coordinates>
            42.230759,21.531143,0
          </coordinates>
        </Point>
      </Placemark>
      <Placemark>
        <name>قاع حزوي</name>
        <styleUrl>#icon-1739-0288D1-labelson-nodesc</styleUrl>
        <Point>
          <coordinates>
            42.785568,22.704964,0
          </coordinates>
        </Point>
      </Placemark>
      <Placemark>
        <name>قاع حويمضان</name>
        <styleUrl>#icon-1739-0288D1-labelson-nodesc</styleUrl>
        <Point>
          <coordinates>
            41.701012,22.479401,0
          </coordinates>
        </Point>
      </Placemark>
      <Placemark>
        <name>قاع خرم ضبع</name>
        <styleUrl>#icon-1739-0288D1-labelson-nodesc</styleUrl>
        <Point>
          <coordinates>
            40.712757,22.197468,0
          </coordinates>
        </Point>
      </Placemark>
      <Placemark>
        <name>قاع دير</name>
        <styleUrl>#icon-1739-0288D1-labelson-nodesc</styleUrl>
        <Point>
          <coordinates>
            40.111599,22.432022,0
          </coordinates>
        </Point>
      </Placemark>
      <Placemark>
        <name>قاع ريمان</name>
        <styleUrl>#icon-1739-0288D1-labelson-nodesc</styleUrl>
        <Point>
          <coordinates>
            41.074448,22.842121,0
          </coordinates>
        </Point>
      </Placemark>
      <Placemark>
        <name>قاع سعيدة</name>
        <styleUrl>#icon-1739-0288D1-labelson-nodesc</styleUrl>
        <Point>
          <coordinates>
            42.070427,20.97908,0
          </coordinates>
        </Point>
      </Placemark>
      <Placemark>
        <name>قاع شقاقة</name>
        <styleUrl>#icon-1739-0288D1-labelson-nodesc</styleUrl>
        <Point>
          <coordinates>
            41.956444,21.384888,0
          </coordinates>
        </Point>
      </Placemark>
      <Placemark>
        <name>قاع شنيف</name>
        <styleUrl>#icon-1739-0288D1-labelson-nodesc</styleUrl>
        <Point>
          <coordinates>
            41.096077,22.629776,0
          </coordinates>
        </Point>
      </Placemark>
      <Placemark>
        <name>قاع صبيح</name>
        <styleUrl>#icon-1739-0288D1-labelson-nodesc</styleUrl>
        <Point>
          <coordinates>
            41.774998,22.693806,0
          </coordinates>
        </Point>
      </Placemark>
      <Placemark>
        <name>قاع ضبيعة</name>
        <styleUrl>#icon-1739-0288D1-labelson-nodesc</styleUrl>
        <Point>
          <coordinates>
            40.689754,22.22826,0
          </coordinates>
        </Point>
      </Placemark>
      <Placemark>
        <name>قاع ضبين</name>
        <styleUrl>#icon-1739-0288D1-labelson-nodesc</styleUrl>
        <Point>
          <coordinates>
            41.897049,20.755062,0
          </coordinates>
        </Point>
      </Placemark>
      <Placemark>
        <name>قاع ضرسان</name>
        <styleUrl>#icon-1739-0288D1-labelson-nodesc</styleUrl>
        <Point>
          <coordinates>
            42.393494,21.730442,0
          </coordinates>
        </Point>
      </Placemark>
      <Placemark>
        <name>قاع عضيان</name>
        <styleUrl>#icon-1739-0288D1-labelson-nodesc</styleUrl>
        <Point>
          <coordinates>
            40.510368,22.161312,0
          </coordinates>
        </Point>
      </Placemark>
      <Placemark>
        <name>قاع عكنان</name>
        <styleUrl>#icon-1739-0288D1-labelson-nodesc</styleUrl>
        <Point>
          <coordinates>
            42.217026,21.292191,0
          </coordinates>
        </Point>
      </Placemark>
      <Placemark>
        <name>قاع عكنان</name>
        <styleUrl>#icon-1739-0288D1-labelson-nodesc</styleUrl>
        <Point>
          <coordinates>
            43.060183,21.266012,0
          </coordinates>
        </Point>
      </Placemark>
      <Placemark>
        <name>قاع غرب</name>
        <styleUrl>#icon-1739-0288D1-labelson-nodesc</styleUrl>
        <Point>
          <coordinates>
            40.562553,22.165089,0
          </coordinates>
        </Point>
      </Placemark>
      <Placemark>
        <name>قاع فرسان</name>
        <styleUrl>#icon-1739-0288D1-labelson-nodesc</styleUrl>
        <Point>
          <coordinates>
            41.733284,21.460419,0
          </coordinates>
        </Point>
      </Placemark>
      <Placemark>
        <name>قاع حراضة</name>
        <styleUrl>#icon-1739-0288D1-labelson-nodesc</styleUrl>
        <Point>
          <coordinates>
            42.563095,21.485653,0
          </coordinates>
        </Point>
      </Placemark>
      <Placemark>
        <name>قاع قرواح</name>
        <styleUrl>#icon-1739-0288D1-labelson-nodesc</styleUrl>
        <Point>
          <coordinates>
            42.051029,20.9305,0
          </coordinates>
        </Point>
      </Placemark>
      <Placemark>
        <name>قاع ليلوان</name>
        <styleUrl>#icon-1739-0288D1-labelson-nodesc</styleUrl>
        <Point>
          <coordinates>
            40.037441,22.675953,0
          </coordinates>
        </Point>
      </Placemark>
      <Placemark>
        <name>قاع مثفل</name>
        <styleUrl>#icon-1739-0288D1-labelson-nodesc</styleUrl>
        <Point>
          <coordinates>
            41.908207,21.322403,0
          </coordinates>
        </Point>
      </Placemark>
      <Placemark>
        <name>قاع محطوبا</name>
        <styleUrl>#icon-1739-0288D1-labelson-nodesc</styleUrl>
        <Point>
          <coordinates>
            42.373409,21.693706,0
          </coordinates>
        </Point>
      </Placemark>
      <Placemark>
        <name>قاع مقر النعام</name>
        <styleUrl>#icon-1739-0288D1-labelson-nodesc</styleUrl>
        <Point>
          <coordinates>
            41.951637,23.577347,0
          </coordinates>
        </Point>
      </Placemark>
      <Placemark>
        <name>قاع مقرب</name>
        <styleUrl>#icon-1739-0288D1-labelson-nodesc</styleUrl>
        <Point>
          <coordinates>
            42.148361,20.984058,0
          </coordinates>
        </Point>
      </Placemark>
      <Placemark>
        <name>قاع نفجان</name>
        <styleUrl>#icon-1739-0288D1-labelson-nodesc</styleUrl>
        <Point>
          <coordinates>
            40.668125,22.167664,0
          </coordinates>
        </Point>
      </Placemark>
      <Placemark>
        <name>قاع نقع</name>
        <styleUrl>#icon-1739-0288D1-labelson-nodesc</styleUrl>
        <Point>
          <coordinates>
            41.979961,20.676956,0
          </coordinates>
        </Point>
      </Placemark>
      <Placemark>
        <name>قاع واهب</name>
        <styleUrl>#icon-1739-0288D1-labelson-nodesc</styleUrl>
        <Point>
          <coordinates>
            42.033691,23.549881,0
          </coordinates>
        </Point>
      </Placemark>
      <Placemark>
        <name>فضية المعروشه</name>
        <styleUrl>#icon-1739-0288D1-labelson-nodesc</styleUrl>
        <Point>
          <coordinates>
            40.789168,20.969167,0
          </coordinates>
        </Point>
      </Placemark>
      <Placemark>
        <name>فيضة العيينة</name>
        <styleUrl>#icon-1739-0288D1-labelson-nodesc</styleUrl>
        <Point>
          <coordinates>
            41.770706,23.131027,0
          </coordinates>
        </Point>
      </Placemark>
      <Placemark>
        <name>غدير الحليفه</name>
        <styleUrl>#icon-1739-0288D1-labelson-nodesc</styleUrl>
        <Point>
          <coordinates>
            40.238328,21.288328,0
          </coordinates>
        </Point>
      </Placemark>
      <Placemark>
        <name>غدير الساده</name>
        <styleUrl>#icon-1739-0288D1-labelson-nodesc</styleUrl>
        <Point>
          <coordinates>
            40.971494,20.623462,0
          </coordinates>
        </Point>
      </Placemark>
      <Placemark>
        <name>غدير الصمد</name>
        <styleUrl>#icon-1739-0288D1-labelson-nodesc</styleUrl>
        <Point>
          <coordinates>
            40.245001,21.284723,0
          </coordinates>
        </Point>
      </Placemark>
      <Placemark>
        <name>غدير الفضا</name>
        <styleUrl>#icon-1739-0288D1-labelson-nodesc</styleUrl>
        <Point>
          <coordinates>
            40.237491,21.286118,0
          </coordinates>
        </Point>
      </Placemark>
      <Placemark>
        <name>غدير القان</name>
        <styleUrl>#icon-1739-0288D1-labelson-nodesc</styleUrl>
        <Point>
          <coordinates>
            40.993123,20.651486,0
          </coordinates>
        </Point>
      </Placemark>
      <Placemark>
        <name>غدير خم</name>
        <styleUrl>#icon-1739-0288D1-labelson-nodesc</styleUrl>
        <Point>
          <coordinates>
            39.228487,22.734876,0
          </coordinates>
        </Point>
      </Placemark>
      <Placemark>
        <name>غدير خم</name>
        <styleUrl>#icon-1739-0288D1-labelson-nodesc</styleUrl>
        <Point>
          <coordinates>
            39.155252,22.255554,0
          </coordinates>
        </Point>
      </Placemark>
      <Placemark>
        <name>غدير خم - الغربة</name>
        <styleUrl>#icon-1739-0288D1-labelson-nodesc</styleUrl>
        <Point>
          <coordinates>
            39.172161,22.739661,0
          </coordinates>
        </Point>
      </Placemark>
      <Placemark>
        <name>غدير صميع</name>
        <styleUrl>#icon-1739-0288D1-labelson-nodesc</styleUrl>
        <Point>
          <coordinates>
            41.41084,22.811158,0
          </coordinates>
        </Point>
      </Placemark>
      <Placemark>
        <name>غدير ضلع رشيديه</name>
        <styleUrl>#icon-1739-0288D1-labelson-nodesc</styleUrl>
        <Point>
          <coordinates>
            39.116628,23.122551,0
          </coordinates>
        </Point>
      </Placemark>
      <Placemark>
        <name>غدير الجبل</name>
        <styleUrl>#icon-1739-0288D1-labelson-nodesc</styleUrl>
        <Point>
          <coordinates>
            41.0917,20.442467,0
          </coordinates>
        </Point>
      </Placemark>
      <Placemark>
        <name>شعب اثله</name>
        <styleUrl>#icon-1739-0288D1-labelson-nodesc</styleUrl>
        <Point>
          <coordinates>
            40.870836,20.839455,0
          </coordinates>
        </Point>
      </Placemark>
      <Placemark>
        <name>شعب ال براس</name>
        <styleUrl>#icon-1739-0288D1-labelson-nodesc</styleUrl>
        <Point>
          <coordinates>
            40.901713,20.60782,0
          </coordinates>
        </Point>
      </Placemark>
      <Placemark>
        <name>شعب الشولان</name>
        <styleUrl>#icon-1739-0288D1-labelson-nodesc</styleUrl>
        <Point>
          <coordinates>
            40.865793,20.779417,0
          </coordinates>
        </Point>
      </Placemark>
      <Placemark>
        <name>شعب الطير</name>
        <styleUrl>#icon-1739-0288D1-labelson-nodesc</styleUrl>
        <Point>
          <coordinates>
            40.815024,20.900009,0
          </coordinates>
        </Point>
      </Placemark>
      <Placemark>
        <name>شعب المر</name>
        <styleUrl>#icon-1739-0288D1-labelson-nodesc</styleUrl>
        <Point>
          <coordinates>
            40.751832,20.942001,0
          </coordinates>
        </Point>
      </Placemark>
      <Placemark>
        <name>شعب جديع</name>
        <styleUrl>#icon-1739-0288D1-labelson-nodesc</styleUrl>
        <Point>
          <coordinates>
            41.059942,20.628462,0
          </coordinates>
        </Point>
      </Placemark>
      <Placemark>
        <name>شعب سلعة</name>
        <styleUrl>#icon-1739-0288D1-labelson-nodesc</styleUrl>
        <Point>
          <coordinates>
            40.9389,20.44766,0
          </coordinates>
        </Point>
      </Placemark>
      <Placemark>
        <name>شعبان الفردة</name>
        <styleUrl>#icon-1739-0288D1-labelson-nodesc</styleUrl>
        <Point>
          <coordinates>
            41.826625,23.270137,0
          </coordinates>
        </Point>
      </Placemark>
      <Placemark>
        <name>شعبة عبس</name>
        <styleUrl>#icon-1739-0288D1-labelson-nodesc</styleUrl>
        <Point>
          <coordinates>
            40.784726,20.850828,0
          </coordinates>
        </Point>
      </Placemark>
      <Placemark>
        <name>شعيب ابا اللقاح</name>
        <styleUrl>#icon-1739-0288D1-labelson-nodesc</styleUrl>
        <Point>
          <coordinates>
            42.503893,22.750711,0
          </coordinates>
        </Point>
      </Placemark>
      <Placemark>
        <name>شعيب ابو خمده</name>
        <styleUrl>#icon-1739-0288D1-labelson-nodesc</styleUrl>
        <Point>
          <coordinates>
            41.570549,22.524033,0
          </coordinates>
        </Point>
      </Placemark>
      <Placemark>
        <name>شعيب ابو خمده</name>
        <styleUrl>#icon-1739-0288D1-labelson-nodesc</styleUrl>
        <Point>
          <coordinates>
            41.61104,22.452021,0
          </coordinates>
        </Point>
      </Placemark>
      <Placemark>
        <name>شعيب ابو سرح</name>
        <styleUrl>#icon-1739-0288D1-labelson-nodesc</styleUrl>
        <Point>
          <coordinates>
            42.421625,22.82841,0
          </coordinates>
        </Point>
      </Placemark>
      <Placemark>
        <name>شعيب ابو سريح</name>
        <styleUrl>#icon-1739-0288D1-labelson-nodesc</styleUrl>
        <Point>
          <coordinates>
            41.92636,21.990852,0
          </coordinates>
        </Point>
      </Placemark>
      <Placemark>
        <name>شعيب ابو ضعة</name>
        <styleUrl>#icon-1739-0288D1-labelson-nodesc</styleUrl>
        <Point>
          <coordinates>
            41.590934,22.073421,0
          </coordinates>
        </Point>
      </Placemark>
      <Placemark>
        <name>شعيب ابو عبلان</name>
        <styleUrl>#icon-1739-0288D1-labelson-nodesc</styleUrl>
        <Point>
          <coordinates>
            42.331696,22.615013,0
          </coordinates>
        </Point>
      </Placemark>
      <Placemark>
        <name>شعيب ابو غضى</name>
        <styleUrl>#icon-1739-0288D1-labelson-nodesc</styleUrl>
        <Point>
          <coordinates>
            42.344227,22.144661,0
          </coordinates>
        </Point>
      </Placemark>
      <Placemark>
        <name>شعيب ابو هشيم</name>
        <styleUrl>#icon-1739-0288D1-labelson-nodesc</styleUrl>
        <Point>
          <coordinates>
            41.735687,22.090824,0
          </coordinates>
        </Point>
      </Placemark>
      <Placemark>
        <name>شعيب ازيهر</name>
        <styleUrl>#icon-1739-0288D1-labelson-nodesc</styleUrl>
        <Point>
          <coordinates>
            42.397056,21.059825,0
          </coordinates>
        </Point>
      </Placemark>
      <Placemark>
        <name>شعيب الاظافره</name>
        <styleUrl>#icon-1739-0288D1-labelson-nodesc</styleUrl>
        <Point>
          <coordinates>
            42.518291,22.275467,0
          </coordinates>
        </Point>
      </Placemark>
      <Placemark>
        <name>شعيب البطان</name>
        <styleUrl>#icon-1739-0288D1-labelson-nodesc</styleUrl>
        <Point>
          <coordinates>
            41.65065,21.71334,0
          </coordinates>
        </Point>
      </Placemark>
      <Placemark>
        <name>شعيب الثويري</name>
        <styleUrl>#icon-1739-0288D1-labelson-nodesc</styleUrl>
        <Point>
          <coordinates>
            41.634793,21.999006,0
          </coordinates>
        </Point>
      </Placemark>
      <Placemark>
        <name>شعيب الجاهلية</name>
        <styleUrl>#icon-1739-0288D1-labelson-nodesc</styleUrl>
        <Point>
          <coordinates>
            42.83005,20.945499,0
          </coordinates>
        </Point>
      </Placemark>
      <Placemark>
        <name>شعيب الحاوي</name>
        <styleUrl>#icon-1739-0288D1-labelson-nodesc</styleUrl>
        <Point>
          <coordinates>
            41.171629,22.6946,0
          </coordinates>
        </Point>
      </Placemark>
      <Placemark>
        <name>شعيب الحسي</name>
        <styleUrl>#icon-1739-0288D1-labelson-nodesc</styleUrl>
        <Point>
          <coordinates>
            39.17819,23.052471,0
          </coordinates>
        </Point>
      </Placemark>
      <Placemark>
        <name>شعيب الحفيرة</name>
        <styleUrl>#icon-1739-0288D1-labelson-nodesc</styleUrl>
        <Point>
          <coordinates>
            42.555649,22.885294,0
          </coordinates>
        </Point>
      </Placemark>
      <Placemark>
        <name>شعيب الخثوث</name>
        <styleUrl>#icon-1739-0288D1-labelson-nodesc</styleUrl>
        <Point>
          <coordinates>
            42.383022,22.354474,0
          </coordinates>
        </Point>
      </Placemark>
      <Placemark>
        <name>شعيب الخثوث ام الشري</name>
        <styleUrl>#icon-1739-0288D1-labelson-nodesc</styleUrl>
        <Point>
          <coordinates>
            42.434521,22.302418,0
          </coordinates>
        </Point>
      </Placemark>
      <Placemark>
        <name>شعيب الخثوث ام المشاويط</name>
        <styleUrl>#icon-1739-0288D1-labelson-nodesc</styleUrl>
        <Point>
          <coordinates>
            42.404158,22.21015,0
          </coordinates>
        </Point>
      </Placemark>
      <Placemark>
        <name>شعيب الخرب</name>
        <styleUrl>#icon-1739-0288D1-labelson-nodesc</styleUrl>
        <Point>
          <coordinates>
            41.846495,23.577797,0
          </coordinates>
        </Point>
      </Placemark>
      <Placemark>
        <name>شعيب الخرقة</name>
        <styleUrl>#icon-1739-0288D1-labelson-nodesc</styleUrl>
        <Point>
          <coordinates>
            41.060951,20.998864,0
          </coordinates>
        </Point>
      </Placemark>
      <Placemark>
        <name>شعيب الخرم</name>
        <styleUrl>#icon-1739-0288D1-labelson-nodesc</styleUrl>
        <Point>
          <coordinates>
            41.527376,22.384772,0
          </coordinates>
        </Point>
      </Placemark>
      <Placemark>
        <name>شعيب الخشبي</name>
        <styleUrl>#icon-1739-0288D1-labelson-nodesc</styleUrl>
        <Point>
          <coordinates>
            42.77441,22.251821,0
          </coordinates>
        </Point>
      </Placemark>
      <Placemark>
        <name>شعيب الخليج</name>
        <styleUrl>#icon-1739-0288D1-labelson-nodesc</styleUrl>
        <Point>
          <coordinates>
            42.977099,21.33105,0
          </coordinates>
        </Point>
      </Placemark>
      <Placemark>
        <name>شعيب الخواره</name>
        <styleUrl>#icon-1739-0288D1-labelson-nodesc</styleUrl>
        <Point>
          <coordinates>
            41.353247,22.431486,0
          </coordinates>
        </Point>
      </Placemark>
      <Placemark>
        <name>شعيب الخويره</name>
        <styleUrl>#icon-1739-0288D1-labelson-nodesc</styleUrl>
        <Point>
          <coordinates>
            41.314559,22.493026,0
          </coordinates>
        </Point>
      </Placemark>
      <Placemark>
        <name>شعيب الدبة</name>
        <styleUrl>#icon-1739-0288D1-labelson-nodesc</styleUrl>
        <Point>
          <coordinates>
            42.169712,20.73236,0
          </coordinates>
        </Point>
      </Placemark>
      <Placemark>
        <name>شعيب الذنبة</name>
        <styleUrl>#icon-1739-0288D1-labelson-nodesc</styleUrl>
        <Point>
          <coordinates>
            42.156944,23.51572,0
          </coordinates>
        </Point>
      </Placemark>
      <Placemark>
        <name>شعيب الرويكبة</name>
        <styleUrl>#icon-1739-0288D1-labelson-nodesc</styleUrl>
        <Point>
          <coordinates>
            41.35756,23.359058,0
          </coordinates>
        </Point>
      </Placemark>
      <Placemark>
        <name>شعيب الرويكبة</name>
        <styleUrl>#icon-1739-0288D1-labelson-nodesc</styleUrl>
        <Point>
          <coordinates>
            41.348634,23.40502,0
          </coordinates>
        </Point>
      </Placemark>
      <Placemark>
        <name>شعيب الرويلية</name>
        <styleUrl>#icon-1739-0288D1-labelson-nodesc</styleUrl>
        <Point>
          <coordinates>
            41.648483,23.433452,0
          </coordinates>
        </Point>
      </Placemark>
      <Placemark>
        <name>شعيب الريمة</name>
        <styleUrl>#icon-1739-0288D1-labelson-nodesc</styleUrl>
        <Point>
          <coordinates>
            41.616125,23.304834,0
          </coordinates>
        </Point>
      </Placemark>
      <Placemark>
        <name>شعيب السائلة</name>
        <styleUrl>#icon-1739-0288D1-labelson-nodesc</styleUrl>
        <Point>
          <coordinates>
            42.714221,21.189966,0
          </coordinates>
        </Point>
      </Placemark>
      <Placemark>
        <name>شعيب السال</name>
        <styleUrl>#icon-1739-0288D1-labelson-nodesc</styleUrl>
        <Point>
          <coordinates>
            42.486255,21.089137,0
          </coordinates>
        </Point>
      </Placemark>
      <Placemark>
        <name>شعيب السدري</name>
        <styleUrl>#icon-1739-0288D1-labelson-nodesc</styleUrl>
        <Point>
          <coordinates>
            42.410574,21.947143,0
          </coordinates>
        </Point>
      </Placemark>
      <Placemark>
        <name>شعيب السديرية</name>
        <styleUrl>#icon-1739-0288D1-labelson-nodesc</styleUrl>
        <Point>
          <coordinates>
            42.575798,22.034755,0
          </coordinates>
        </Point>
      </Placemark>
      <Placemark>
        <name>شعيب السلع</name>
        <styleUrl>#icon-1739-0288D1-labelson-nodesc</styleUrl>
        <Point>
          <coordinates>
            42.435315,20.968845,0
          </coordinates>
        </Point>
      </Placemark>
      <Placemark>
        <name>شعيب السليم</name>
        <styleUrl>#icon-1739-0288D1-labelson-nodesc</styleUrl>
        <Point>
          <coordinates>
            41.487787,23.057191,0
          </coordinates>
        </Point>
      </Placemark>
      <Placemark>
        <name>شعيب السليم</name>
        <styleUrl>#icon-1739-0288D1-labelson-nodesc</styleUrl>
        <Point>
          <coordinates>
            41.558919,21.877685,0
          </coordinates>
        </Point>
      </Placemark>
      <Placemark>
        <name>شعيب السوق</name>
        <styleUrl>#icon-1739-0288D1-labelson-nodesc</styleUrl>
        <Point>
          <coordinates>
            42.451172,22.558537,0
          </coordinates>
        </Point>
      </Placemark>
      <Placemark>
        <name>شعيب الشريفة</name>
        <styleUrl>#icon-1739-0288D1-labelson-nodesc</styleUrl>
        <Point>
          <coordinates>
            41.796391,23.641613,0
          </coordinates>
        </Point>
      </Placemark>
      <Placemark>
        <name>شعيب الشعبة</name>
        <styleUrl>#icon-1739-0288D1-labelson-nodesc</styleUrl>
        <Point>
          <coordinates>
            41.949985,21.980939,0
          </coordinates>
        </Point>
      </Placemark>
      <Placemark>
        <name>شعيب الشعبة</name>
        <styleUrl>#icon-1739-0288D1-labelson-nodesc</styleUrl>
        <Point>
          <coordinates>
            41.942518,22.547293,0
          </coordinates>
        </Point>
      </Placemark>
      <Placemark>
        <name>شعيب الشعبه</name>
        <styleUrl>#icon-1739-0288D1-labelson-nodesc</styleUrl>
        <Point>
          <coordinates>
            41.948676,22.564158,0
          </coordinates>
        </Point>
      </Placemark>
      <Placemark>
        <name>شعيب الشعران</name>
        <styleUrl>#icon-1739-0288D1-labelson-nodesc</styleUrl>
        <Point>
          <coordinates>
            42.690489,21.70598,0
          </coordinates>
        </Point>
      </Placemark>
      <Placemark>
        <name>شعيب الشعيبة</name>
        <styleUrl>#icon-1739-0288D1-labelson-nodesc</styleUrl>
        <Point>
          <coordinates>
            41.975133,22.577677,0
          </coordinates>
        </Point>
      </Placemark>
      <Placemark>
        <name>شعيب الشق</name>
        <styleUrl>#icon-1739-0288D1-labelson-nodesc</styleUrl>
        <Point>
          <coordinates>
            41.446888,22.397325,0
          </coordinates>
        </Point>
      </Placemark>
      <Placemark>
        <name>شعيب الشق</name>
        <styleUrl>#icon-1739-0288D1-labelson-nodesc</styleUrl>
        <Point>
          <coordinates>
            41.578059,22.369623,0
          </coordinates>
        </Point>
      </Placemark>
      <Placemark>
        <name>شعيب الشق</name>
        <styleUrl>#icon-1739-0288D1-labelson-nodesc</styleUrl>
        <Point>
          <coordinates>
            41.67419,22.125328,0
          </coordinates>
        </Point>
      </Placemark>
      <Placemark>
        <name>شعيب الصادرة</name>
        <styleUrl>#icon-1739-0288D1-labelson-nodesc</styleUrl>
        <Point>
          <coordinates>
            42.406776,20.918655,0
          </coordinates>
        </Point>
      </Placemark>
      <Placemark>
        <name>شعيب الطراد</name>
        <styleUrl>#icon-1739-0288D1-labelson-nodesc</styleUrl>
        <Point>
          <coordinates>
            41.268983,22.086382,0
          </coordinates>
        </Point>
      </Placemark>
      <Placemark>
        <name>شعيب الطراد</name>
        <styleUrl>#icon-1739-0288D1-labelson-nodesc</styleUrl>
        <Point>
          <coordinates>
            41.293337,22.116938,0
          </coordinates>
        </Point>
      </Placemark>
      <Placemark>
        <name>شعيب الطويلة</name>
        <styleUrl>#icon-1739-0288D1-labelson-nodesc</styleUrl>
        <Point>
          <coordinates>
            42.706947,22.766762,0
          </coordinates>
        </Point>
      </Placemark>
      <Placemark>
        <name>شعيب الظمية</name>
        <styleUrl>#icon-1739-0288D1-labelson-nodesc</styleUrl>
        <Point>
          <coordinates>
            42.530479,22.526264,0
          </coordinates>
        </Point>
      </Placemark>
      <Placemark>
        <name>شعيب العائرة</name>
        <styleUrl>#icon-1739-0288D1-labelson-nodesc</styleUrl>
        <Point>
          <coordinates>
            42.492714,22.45348,0
          </coordinates>
        </Point>
      </Placemark>
      <Placemark>
        <name>شعيب العايرة</name>
        <styleUrl>#icon-1739-0288D1-labelson-nodesc</styleUrl>
        <Point>
          <coordinates>
            41.760063,22.582912,0
          </coordinates>
        </Point>
      </Placemark>
      <Placemark>
        <name>شعيب العثمور</name>
        <styleUrl>#icon-1739-0288D1-labelson-nodesc</styleUrl>
        <Point>
          <coordinates>
            43.337224,21.082699,0
          </coordinates>
        </Point>
      </Placemark>
      <Placemark>
        <name>شعيب العجيردية</name>
        <styleUrl>#icon-1739-0288D1-labelson-nodesc</styleUrl>
        <Point>
          <coordinates>
            42.416239,20.658031,0
          </coordinates>
        </Point>
      </Placemark>
      <Placemark>
        <name>شعيب العوجاء</name>
        <styleUrl>#icon-1739-0288D1-labelson-nodesc</styleUrl>
        <Point>
          <coordinates>
            42.733963,22.820835,0
          </coordinates>
        </Point>
      </Placemark>
      <Placemark>
        <name>شعيب الغال</name>
        <styleUrl>#icon-1739-0288D1-labelson-nodesc</styleUrl>
        <Point>
          <coordinates>
            41.680069,21.884637,0
          </coordinates>
        </Point>
      </Placemark>
      <Placemark>
        <name>شعيب الغالية</name>
        <styleUrl>#icon-1739-0288D1-labelson-nodesc</styleUrl>
        <Point>
          <coordinates>
            41.70217,21.835048,0
          </coordinates>
        </Point>
      </Placemark>
      <Placemark>
        <name>شعيب الغثيراء</name>
        <styleUrl>#icon-1739-0288D1-labelson-nodesc</styleUrl>
        <Point>
          <coordinates>
            42.532883,22.646599,0
          </coordinates>
        </Point>
      </Placemark>
      <Placemark>
        <name>شعيب الغر</name>
        <styleUrl>#icon-1739-0288D1-labelson-nodesc</styleUrl>
        <Point>
          <coordinates>
            42.782114,21.406968,0
          </coordinates>
        </Point>
      </Placemark>
      <Placemark>
        <name>شعيب الغر</name>
        <styleUrl>#icon-1739-0288D1-labelson-nodesc</styleUrl>
        <Point>
          <coordinates>
            42.947767,21.49503,0
          </coordinates>
        </Point>
      </Placemark>
      <Placemark>
        <name>شعيب القحطمة</name>
        <styleUrl>#icon-1739-0288D1-labelson-nodesc</styleUrl>
        <Point>
          <coordinates>
            41.388137,23.470058,0
          </coordinates>
        </Point>
      </Placemark>
      <Placemark>
        <name>شعيب القرمة</name>
        <styleUrl>#icon-1739-0288D1-labelson-nodesc</styleUrl>
        <Point>
          <coordinates>
            41.102729,20.895782,0
          </coordinates>
        </Point>
      </Placemark>
      <Placemark>
        <name>شعيب القرينة</name>
        <styleUrl>#icon-1739-0288D1-labelson-nodesc</styleUrl>
        <Point>
          <coordinates>
            41.484117,23.530998,0
          </coordinates>
        </Point>
      </Placemark>
      <Placemark>
        <name>شعيب القف</name>
        <styleUrl>#icon-1739-0288D1-labelson-nodesc</styleUrl>
        <Point>
          <coordinates>
            41.375091,22.421744,0
          </coordinates>
        </Point>
      </Placemark>
      <Placemark>
        <name>شعيب اللساسة</name>
        <styleUrl>#icon-1739-0288D1-labelson-nodesc</styleUrl>
        <Point>
          <coordinates>
            41.826539,23.570395,0
          </coordinates>
        </Point>
      </Placemark>
      <Placemark>
        <name>شعيب اللساسة</name>
        <styleUrl>#icon-1739-0288D1-labelson-nodesc</styleUrl>
        <Point>
          <coordinates>
            41.842611,23.60168,0
          </coordinates>
        </Point>
      </Placemark>
      <Placemark>
        <name>شعيب اللميسة</name>
        <styleUrl>#icon-1739-0288D1-labelson-nodesc</styleUrl>
        <Point>
          <coordinates>
            42.535458,22.576926,0
          </coordinates>
        </Point>
      </Placemark>
      <Placemark>
        <name>شعيب اللوي</name>
        <styleUrl>#icon-1739-0288D1-labelson-nodesc</styleUrl>
        <Point>
          <coordinates>
            41.730194,23.24677,0
          </coordinates>
        </Point>
      </Placemark>
      <Placemark>
        <name>شعيب اللوي</name>
        <styleUrl>#icon-1739-0288D1-labelson-nodesc</styleUrl>
        <Point>
          <coordinates>
            42.053196,21.798592,0
          </coordinates>
        </Point>
      </Placemark>
      <Placemark>
        <name>شعيب المحتفر</name>
        <styleUrl>#icon-1739-0288D1-labelson-nodesc</styleUrl>
        <Point>
          <coordinates>
            42.031632,22.209206,0
          </coordinates>
        </Point>
      </Placemark>
      <Placemark>
        <name>شعيب المستجد</name>
        <styleUrl>#icon-1739-0288D1-labelson-nodesc</styleUrl>
        <Point>
          <coordinates>
            43.402412,20.874689,0
          </coordinates>
        </Point>
      </Placemark>
      <Placemark>
        <name>شعيب المعيذر ابو ابرق</name>
        <styleUrl>#icon-1739-0288D1-labelson-nodesc</styleUrl>
        <Point>
          <coordinates>
            42.366478,22.071705,0
          </coordinates>
        </Point>
      </Placemark>
      <Placemark>
        <name>شعيب المعيذر ابو نواميس</name>
        <styleUrl>#icon-1739-0288D1-labelson-nodesc</styleUrl>
        <Point>
          <coordinates>
            42.414951,22.088356,0
          </coordinates>
        </Point>
      </Placemark>
      <Placemark>
        <name>شعيب المنصى</name>
        <styleUrl>#icon-1739-0288D1-labelson-nodesc</styleUrl>
        <Point>
          <coordinates>
            40.993316,22.896001,0
          </coordinates>
        </Point>
      </Placemark>
      <Placemark>
        <name>شعيب الناصفة</name>
        <styleUrl>#icon-1739-0288D1-labelson-nodesc</styleUrl>
        <Point>
          <coordinates>
            42.563417,21.808033,0
          </coordinates>
        </Point>
      </Placemark>
      <Placemark>
        <name>شعيب النوم</name>
        <styleUrl>#icon-1739-0288D1-labelson-nodesc</styleUrl>
        <Point>
          <coordinates>
            42.837582,22.867355,0
          </coordinates>
        </Point>
      </Placemark>
      <Placemark>
        <name>شعيب ام العراد</name>
        <styleUrl>#icon-1739-0288D1-labelson-nodesc</styleUrl>
        <Point>
          <coordinates>
            42.602019,21.316545,0
          </coordinates>
        </Point>
      </Placemark>
      <Placemark>
        <name>شعيب ام حاج</name>
        <styleUrl>#icon-1739-0288D1-labelson-nodesc</styleUrl>
        <Point>
          <coordinates>
            42.121518,22.34117,0
          </coordinates>
        </Point>
      </Placemark>
      <Placemark>
        <name>شعيب ام عجيلة</name>
        <styleUrl>#icon-1739-0288D1-labelson-nodesc</styleUrl>
        <Point>
          <coordinates>
            41.560936,22.945118,0
          </coordinates>
        </Point>
      </Placemark>
      <Placemark>
        <name>شعيب ام فرقين</name>
        <styleUrl>#icon-1739-0288D1-labelson-nodesc</styleUrl>
        <Point>
          <coordinates>
            41.486607,22.135906,0
          </coordinates>
        </Point>
      </Placemark>
      <Placemark>
        <name>شعيب ام ودان</name>
        <styleUrl>#icon-1739-0288D1-labelson-nodesc</styleUrl>
        <Point>
          <coordinates>
            41.512184,22.865961,0
          </coordinates>
        </Point>
      </Placemark>
      <Placemark>
        <name>شعيب ام ودان</name>
        <styleUrl>#icon-1739-0288D1-labelson-nodesc</styleUrl>
        <Point>
          <coordinates>
            41.57793,22.823474,0
          </coordinates>
        </Point>
      </Placemark>
      <Placemark>
        <name>شعيب ايهار</name>
        <styleUrl>#icon-1739-0288D1-labelson-nodesc</styleUrl>
        <Point>
          <coordinates>
            41.472423,20.904965,0
          </coordinates>
        </Point>
      </Placemark>
      <Placemark>
        <name>شعيب بريم</name>
        <styleUrl>#icon-1739-0288D1-labelson-nodesc</styleUrl>
        <Point>
          <coordinates>
            41.47002,22.039347,0
          </coordinates>
        </Point>
      </Placemark>
      <Placemark>
        <name>شعيب بلد</name>
        <styleUrl>#icon-1739-0288D1-labelson-nodesc</styleUrl>
        <Point>
          <coordinates>
            41.551838,23.390322,0
          </coordinates>
        </Point>
      </Placemark>
      <Placemark>
        <name>شعيب بليد</name>
        <styleUrl>#icon-1739-0288D1-labelson-nodesc</styleUrl>
        <Point>
          <coordinates>
            41.453862,23.368456,0
          </coordinates>
        </Point>
      </Placemark>
      <Placemark>
        <name>شعيب بهجة</name>
        <styleUrl>#icon-1739-0288D1-labelson-nodesc</styleUrl>
        <Point>
          <coordinates>
            42.373066,22.691917,0
          </coordinates>
        </Point>
      </Placemark>
      <Placemark>
        <name>شعيب جزعاء</name>
        <styleUrl>#icon-1739-0288D1-labelson-nodesc</styleUrl>
        <Point>
          <coordinates>
            42.61071,22.718182,0
          </coordinates>
        </Point>
      </Placemark>
      <Placemark>
        <name>شعيب جزعة</name>
        <styleUrl>#icon-1739-0288D1-labelson-nodesc</styleUrl>
        <Point>
          <coordinates>
            42.767158,21.521873,0
          </coordinates>
        </Point>
      </Placemark>
      <Placemark>
        <name>شعيب حباري</name>
        <styleUrl>#icon-1739-0288D1-labelson-nodesc</styleUrl>
        <Point>
          <coordinates>
            40.973597,22.871733,0
          </coordinates>
        </Point>
      </Placemark>
      <Placemark>
        <name>شعيب حذاق</name>
        <styleUrl>#icon-1739-0288D1-labelson-nodesc</styleUrl>
        <Point>
          <coordinates>
            42.178488,21.966884,0
          </coordinates>
        </Point>
      </Placemark>
      <Placemark>
        <name>شعيب حراضة</name>
        <styleUrl>#icon-1739-0288D1-labelson-nodesc</styleUrl>
        <Point>
          <coordinates>
            42.75497,21.547022,0
          </coordinates>
        </Point>
      </Placemark>
      <Placemark>
        <name>شعيب خريع</name>
        <styleUrl>#icon-1739-0288D1-labelson-nodesc</styleUrl>
        <Point>
          <coordinates>
            41.93814,22.119405,0
          </coordinates>
        </Point>
      </Placemark>
      <Placemark>
        <name>شعيب خمدة</name>
        <styleUrl>#icon-1739-0288D1-labelson-nodesc</styleUrl>
        <Point>
          <coordinates>
            42.483766,20.843768,0
          </coordinates>
        </Point>
      </Placemark>
      <Placemark>
        <name>شعيب ذيغان</name>
        <styleUrl>#icon-1739-0288D1-labelson-nodesc</styleUrl>
        <Point>
          <coordinates>
            42.73819,21.627274,0
          </coordinates>
        </Point>
      </Placemark>
      <Placemark>
        <name>شعيب راك</name>
        <styleUrl>#icon-1739-0288D1-labelson-nodesc</styleUrl>
        <Point>
          <coordinates>
            40.370636,20.905952,0
          </coordinates>
        </Point>
      </Placemark>
      <Placemark>
        <name>شعيب رغوان</name>
        <styleUrl>#icon-1739-0288D1-labelson-nodesc</styleUrl>
        <Point>
          <coordinates>
            43.153739,21.334956,0
          </coordinates>
        </Point>
      </Placemark>
      <Placemark>
        <name>شعيب رغوان</name>
        <styleUrl>#icon-1739-0288D1-labelson-nodesc</styleUrl>
        <Point>
          <coordinates>
            43.352265,21.474087,0
          </coordinates>
        </Point>
      </Placemark>
      <Placemark>
        <name>شعيب رمروم</name>
        <styleUrl>#icon-1739-0288D1-labelson-nodesc</styleUrl>
        <Point>
          <coordinates>
            41.860936,22.019026,0
          </coordinates>
        </Point>
      </Placemark>
      <Placemark>
        <name>شعيب رمروم</name>
        <styleUrl>#icon-1739-0288D1-labelson-nodesc</styleUrl>
        <Point>
          <coordinates>
            41.957302,22.152557,0
          </coordinates>
        </Point>
      </Placemark>
      <Placemark>
        <name>شعيب سرحة ام ودان</name>
        <styleUrl>#icon-1739-0288D1-labelson-nodesc</styleUrl>
        <Point>
          <coordinates>
            41.505768,22.879608,0
          </coordinates>
        </Point>
      </Placemark>
      <Placemark>
        <name>شعيب سلقان</name>
        <styleUrl>#icon-1739-0288D1-labelson-nodesc</styleUrl>
        <Point>
          <coordinates>
            41.469977,22.460153,0
          </coordinates>
        </Point>
      </Placemark>
      <Placemark>
        <name>شعيب صدعان</name>
        <styleUrl>#icon-1739-0288D1-labelson-nodesc</styleUrl>
        <Point>
          <coordinates>
            42.15364,23.551683,0
          </coordinates>
        </Point>
      </Placemark>
      <Placemark>
        <name>شعيب ضعوة ام الغراميل</name>
        <styleUrl>#icon-1739-0288D1-labelson-nodesc</styleUrl>
        <Point>
          <coordinates>
            41.10496,22.972155,0
          </coordinates>
        </Point>
      </Placemark>
      <Placemark>
        <name>شعيب عجرود</name>
        <styleUrl>#icon-1739-0288D1-labelson-nodesc</styleUrl>
        <Point>
          <coordinates>
            41.883316,22.163029,0
          </coordinates>
        </Point>
      </Placemark>
      <Placemark>
        <name>شعيب عجيان</name>
        <styleUrl>#icon-1739-0288D1-labelson-nodesc</styleUrl>
        <Point>
          <coordinates>
            41.403265,22.053208,0
          </coordinates>
        </Point>
      </Placemark>
      <Placemark>
        <name>شعيب عجيان</name>
        <styleUrl>#icon-1739-0288D1-labelson-nodesc</styleUrl>
        <Point>
          <coordinates>
            41.49667,22.203884,0
          </coordinates>
        </Point>
      </Placemark>
      <Placemark>
        <name>شعيب عجيريد</name>
        <styleUrl>#icon-1739-0288D1-labelson-nodesc</styleUrl>
        <Point>
          <coordinates>
            41.886749,22.142944,0
          </coordinates>
        </Point>
      </Placemark>
      <Placemark>
        <name>شعيب عرينان</name>
        <styleUrl>#icon-1739-0288D1-labelson-nodesc</styleUrl>
        <Point>
          <coordinates>
            41.911833,21.995401,0
          </coordinates>
        </Point>
      </Placemark>
      <Placemark>
        <name>شعيب عسيلان</name>
        <styleUrl>#icon-1739-0288D1-labelson-nodesc</styleUrl>
        <Point>
          <coordinates>
            43.404408,21.429155,0
          </coordinates>
        </Point>
      </Placemark>
      <Placemark>
        <name>شعيب عشيرة</name>
        <styleUrl>#icon-1739-0288D1-labelson-nodesc</styleUrl>
        <Point>
          <coordinates>
            42.490976,20.735342,0
          </coordinates>
        </Point>
      </Placemark>
      <Placemark>
        <name>شعيب عنيزه</name>
        <styleUrl>#icon-1739-0288D1-labelson-nodesc</styleUrl>
        <Point>
          <coordinates>
            42.580948,21.96167,0
          </coordinates>
        </Point>
      </Placemark>
      <Placemark>
        <name>شعيب قرنين</name>
        <styleUrl>#icon-1739-0288D1-labelson-nodesc</styleUrl>
        <Point>
          <coordinates>
            42.540157,22.748351,0
          </coordinates>
        </Point>
      </Placemark>
      <Placemark>
        <name>شعيب كليخات</name>
        <styleUrl>#icon-1739-0288D1-labelson-nodesc</styleUrl>
        <Point>
          <coordinates>
            41.610117,21.968815,0
          </coordinates>
        </Point>
      </Placemark>
      <Placemark>
        <name>شعيب معشر الجنوبي</name>
        <styleUrl>#icon-1739-0288D1-labelson-nodesc</styleUrl>
        <Point>
          <coordinates>
            42.424006,21.924655,0
          </coordinates>
        </Point>
      </Placemark>
      <Placemark>
        <name>شعيب معشر الجنوبي</name>
        <styleUrl>#icon-1739-0288D1-labelson-nodesc</styleUrl>
        <Point>
          <coordinates>
            42.704244,21.850412,0
          </coordinates>
        </Point>
      </Placemark>
      <Placemark>
        <name>شعيب معشر الشمالي</name>
        <styleUrl>#icon-1739-0288D1-labelson-nodesc</styleUrl>
        <Point>
          <coordinates>
            42.776105,21.902833,0
          </coordinates>
        </Point>
      </Placemark>
      <Placemark>
        <name>شعيب مغيران</name>
        <styleUrl>#icon-1739-0288D1-labelson-nodesc</styleUrl>
        <Point>
          <coordinates>
            41.903765,23.421607,0
          </coordinates>
        </Point>
      </Placemark>
      <Placemark>
        <name>شعيب ناصفة الستار</name>
        <styleUrl>#icon-1739-0288D1-labelson-nodesc</styleUrl>
        <Point>
          <coordinates>
            40.880535,22.84446,0
          </coordinates>
        </Point>
      </Placemark>
      <Placemark>
        <name>شعيب ناهية</name>
        <styleUrl>#icon-1739-0288D1-labelson-nodesc</styleUrl>
        <Point>
          <coordinates>
            41.218987,20.918248,0
          </coordinates>
        </Point>
      </Placemark>
      <Placemark>
        <name>شعيب نعضة عريش</name>
        <styleUrl>#icon-1739-0288D1-labelson-nodesc</styleUrl>
        <Point>
          <coordinates>
            41.269562,23.370409,0
          </coordinates>
        </Point>
      </Placemark>
      <Placemark>
        <name>شعيب نعضة عريش</name>
        <styleUrl>#icon-1739-0288D1-labelson-nodesc</styleUrl>
        <Point>
          <coordinates>
            41.25658,23.390579,0
          </coordinates>
        </Point>
      </Placemark>
      <Placemark>
        <name>شعيب واعر</name>
        <styleUrl>#icon-1739-0288D1-labelson-nodesc</styleUrl>
        <Point>
          <coordinates>
            42.264125,21.161406,0
          </coordinates>
        </Point>
      </Placemark>
      <Placemark>
        <name>شعيب واعر</name>
        <styleUrl>#icon-1739-0288D1-labelson-nodesc</styleUrl>
        <Point>
          <coordinates>
            42.376349,21.092806,0
          </coordinates>
        </Point>
      </Placemark>
      <Placemark>
        <name>شعيب واعر</name>
        <styleUrl>#icon-1739-0288D1-labelson-nodesc</styleUrl>
        <Point>
          <coordinates>
            42.474453,21.06358,0
          </coordinates>
        </Point>
      </Placemark>
      <Placemark>
        <name>شعيب واعر</name>
        <styleUrl>#icon-1739-0288D1-labelson-nodesc</styleUrl>
        <Point>
          <coordinates>
            42.43304,21.058967,0
          </coordinates>
        </Point>
      </Placemark>
      <Placemark>
        <name>سد الطمرة</name>
        <styleUrl>#icon-1739-0288D1-labelson-nodesc</styleUrl>
        <Point>
          <coordinates>
            40.86942,20.48034,0
          </coordinates>
        </Point>
      </Placemark>
      <Placemark>
        <name>سد الفرعه</name>
        <styleUrl>#icon-1739-0288D1-labelson-nodesc</styleUrl>
        <Point>
          <coordinates>
            40.249443,21.286397,0
          </coordinates>
        </Point>
      </Placemark>
      <Placemark>
        <name>سد الليث</name>
        <styleUrl>#icon-1739-0288D1-labelson-nodesc</styleUrl>
        <Point>
          <coordinates>
            40.476229,20.510187,0
          </coordinates>
        </Point>
      </Placemark>
      <Placemark>
        <name>سد المناضح</name>
        <styleUrl>#icon-1739-0288D1-labelson-nodesc</styleUrl>
        <Point>
          <coordinates>
            40.904331,20.72294,0
          </coordinates>
        </Point>
      </Placemark>
      <Placemark>
        <name>سد رابغ</name>
        <styleUrl>#icon-1739-0288D1-labelson-nodesc</styleUrl>
        <Point>
          <coordinates>
            39.377167,22.821007,0
          </coordinates>
        </Point>
      </Placemark>
      <Placemark>
        <name>سد راجح</name>
        <styleUrl>#icon-1739-0288D1-labelson-nodesc</styleUrl>
        <Point>
          <coordinates>
            41.056101,20.665541,0
          </coordinates>
        </Point>
      </Placemark>
      <Placemark>
        <name>سد رنيه</name>
        <styleUrl>#icon-1739-0288D1-labelson-nodesc</styleUrl>
        <Point>
          <coordinates>
            42.575219,21.069267,0
          </coordinates>
        </Point>
      </Placemark>
      <Placemark>
        <name>سد زيان</name>
        <styleUrl>#icon-1739-0288D1-labelson-nodesc</styleUrl>
        <Point>
          <coordinates>
            40.836439,20.939426,0
          </coordinates>
        </Point>
      </Placemark>
      <Placemark>
        <name>سد ظفر</name>
        <styleUrl>#icon-1739-0288D1-labelson-nodesc</styleUrl>
        <Point>
          <coordinates>
            40.860279,20.695281,0
          </coordinates>
        </Point>
      </Placemark>
      <Placemark>
        <name>سد غريف</name>
        <styleUrl>#icon-1739-0288D1-labelson-nodesc</styleUrl>
        <Point>
          <coordinates>
            40.749578,20.901875,0
          </coordinates>
        </Point>
      </Placemark>
      <Placemark>
        <name>سد كلاب</name>
        <styleUrl>#icon-1739-0288D1-labelson-nodesc</styleUrl>
        <Point>
          <coordinates>
            40.768633,20.426524,0
          </coordinates>
        </Point>
      </Placemark>
      <Placemark>
        <name>سد وادى تربة</name>
        <styleUrl>#icon-1739-0288D1-labelson-nodesc</styleUrl>
        <Point>
          <coordinates>
            41.429443,20.845828,0
          </coordinates>
        </Point>
      </Placemark>
      <Placemark>
        <name>سد وادي السيل</name>
        <styleUrl>#icon-1739-0288D1-labelson-nodesc</styleUrl>
        <Point>
          <coordinates>
            40.400119,21.589658,0
          </coordinates>
        </Point>
      </Placemark>
      <Placemark>
        <name>سد وادي العطاء</name>
        <styleUrl>#icon-1739-0288D1-labelson-nodesc</styleUrl>
        <Point>
          <coordinates>
            40.870128,20.731566,0
          </coordinates>
        </Point>
      </Placemark>
      <Placemark>
        <name>سد وادي المريفق</name>
        <styleUrl>#icon-1739-0288D1-labelson-nodesc</styleUrl>
        <Point>
          <coordinates>
            40.908623,20.799737,0
          </coordinates>
        </Point>
      </Placemark>
      <Placemark>
        <name>سد وادي بسل</name>
        <styleUrl>#icon-1739-0288D1-labelson-nodesc</styleUrl>
        <Point>
          <coordinates>
            40.703058,21.168144,0
          </coordinates>
        </Point>
      </Placemark>
      <Placemark>
        <name>سد وادي داما</name>
        <styleUrl>#icon-1739-0288D1-labelson-nodesc</styleUrl>
        <Point>
          <coordinates>
            40.893345,20.689337,0
          </coordinates>
        </Point>
      </Placemark>
      <Placemark>
        <name>سد وادي كلاخ</name>
        <styleUrl>#icon-1739-0288D1-labelson-nodesc</styleUrl>
        <Point>
          <coordinates>
            40.782752,21.262729,0
          </coordinates>
        </Point>
      </Placemark>
      <Placemark>
        <name>سد وادي ليه</name>
        <styleUrl>#icon-1739-0288D1-labelson-nodesc</styleUrl>
        <Point>
          <coordinates>
            40.454664,21.217217,0
          </coordinates>
        </Point>
      </Placemark>
      <Placemark>
        <name>سدود العفارا</name>
        <styleUrl>#icon-1739-0288D1-labelson-nodesc</styleUrl>
        <Point>
          <coordinates>
            40.807471,20.988929,0
          </coordinates>
        </Point>
      </Placemark>
      <Placemark>
        <name>خبراء الحاج</name>
        <styleUrl>#icon-1739-0288D1-labelson-nodesc</styleUrl>
        <Point>
          <coordinates>
            40.782108,22.685909,0
          </coordinates>
        </Point>
      </Placemark>
      <Placemark>
        <name>خبراء الصدوعية</name>
        <styleUrl>#icon-1739-0288D1-labelson-nodesc</styleUrl>
        <Point>
          <coordinates>
            43.187943,21.245327,0
          </coordinates>
        </Point>
      </Placemark>
      <Placemark>
        <name>خبراء المنقى</name>
        <styleUrl>#icon-1739-0288D1-labelson-nodesc</styleUrl>
        <Point>
          <coordinates>
            40.548971,22.364924,0
          </coordinates>
        </Point>
      </Placemark>
      <Placemark>
        <name>خبراء ام الفيحان</name>
        <styleUrl>#icon-1739-0288D1-labelson-nodesc</styleUrl>
        <Point>
          <coordinates>
            42.349205,21.868629,0
          </coordinates>
        </Point>
      </Placemark>
      <Placemark>
        <name>خبراء امهات الجول</name>
        <styleUrl>#icon-1739-0288D1-labelson-nodesc</styleUrl>
        <Point>
          <coordinates>
            40.853519,22.567463,0
          </coordinates>
        </Point>
      </Placemark>
      <Placemark>
        <name>خبراء حرب</name>
        <styleUrl>#icon-1739-0288D1-labelson-nodesc</styleUrl>
        <Point>
          <coordinates>
            40.537491,22.081318,0
          </coordinates>
        </Point>
      </Placemark>
      <Placemark>
        <name>خبراء سقمان</name>
        <styleUrl>#icon-1739-0288D1-labelson-nodesc</styleUrl>
        <Point>
          <coordinates>
            40.847855,22.683334,0
          </coordinates>
        </Point>
      </Placemark>
      <Placemark>
        <name>خبراء طلق</name>
        <styleUrl>#icon-1739-0288D1-labelson-nodesc</styleUrl>
        <Point>
          <coordinates>
            43.047352,20.92844,0
          </coordinates>
        </Point>
      </Placemark>
      <Placemark>
        <name>خبة القيد</name>
        <styleUrl>#icon-1739-0288D1-labelson-nodesc</styleUrl>
        <Point>
          <coordinates>
            39.58653,21.21799,0
          </coordinates>
        </Point>
      </Placemark>
      <Placemark>
        <name>حوض المملحه</name>
        <styleUrl>#icon-1739-0288D1-labelson-nodesc</styleUrl>
        <Point>
          <coordinates>
            38.737063,23.26179,0
          </coordinates>
        </Point>
      </Placemark>
      <Placemark>
        <name>بركة الخرابه</name>
        <styleUrl>#icon-1739-0288D1-labelson-nodesc</styleUrl>
        <Point>
          <coordinates>
            40.834165,22.194443,0
          </coordinates>
        </Point>
      </Placemark>
      <Placemark>
        <name>بركة العقيق</name>
        <styleUrl>#icon-1739-0288D1-labelson-nodesc</styleUrl>
        <Point>
          <coordinates>
            40.726927,22.18643,0
          </coordinates>
        </Point>
      </Placemark>
      <Placemark>
        <name>الوادي الاخضر</name>
        <styleUrl>#icon-1739-0288D1-labelson-nodesc</styleUrl>
        <Point>
          <coordinates>
            39.660966,22.06147,0
          </coordinates>
        </Point>
      </Placemark>
      <Placemark>
        <name>الشعبة</name>
        <styleUrl>#icon-1739-0288D1-labelson-nodesc</styleUrl>
        <Point>
          <coordinates>
            39.548507,22.176011,0
          </coordinates>
        </Point>
      </Placemark>
      <Placemark>
        <name>الشعبه</name>
        <styleUrl>#icon-1739-0288D1-labelson-nodesc</styleUrl>
        <Point>
          <coordinates>
            39.78967,22.28847,0
          </coordinates>
        </Point>
      </Placemark>
      <Placemark>
        <name>الشعب الاسود</name>
        <styleUrl>#icon-1739-0288D1-labelson-nodesc</styleUrl>
        <Point>
          <coordinates>
            40.820861,20.949018,0
          </coordinates>
        </Point>
      </Placemark>
      <Placemark>
        <name>الشعب الاسود</name>
        <styleUrl>#icon-1739-0288D1-labelson-nodesc</styleUrl>
        <Point>
          <coordinates>
            40.785348,20.848875,0
          </coordinates>
        </Point>
      </Placemark>
      <Placemark>
        <name>شعب البعيرَين</name>
        <styleUrl>#icon-1739-0288D1-labelson-nodesc</styleUrl>
        <Point>
          <coordinates>
            41.638147,19.511585,0
          </coordinates>
        </Point>
      </Placemark>
      <Placemark>
        <name>شعيب العوجاء</name>
        <styleUrl>#icon-1739-0288D1-labelson-nodesc</styleUrl>
        <Point>
          <coordinates>
            42.6430784,21.6415923,0
          </coordinates>
        </Point>
      </Placemark>
      <Placemark>
        <name>شعيب الغال</name>
        <styleUrl>#icon-1739-0288D1-labelson-nodesc</styleUrl>
        <Point>
          <coordinates>
            42.6162354000001,21.5995429,0
          </coordinates>
        </Point>
      </Placemark>
      <Placemark>
        <name>قاع ملحه</name>
        <styleUrl>#icon-1739-0288D1-labelson-nodesc</styleUrl>
        <Point>
          <coordinates>
            41.467395,23.417214,0
          </coordinates>
        </Point>
      </Placemark>
      <Placemark>
        <name>وادي حسين</name>
        <styleUrl>#icon-1739-0288D1-labelson-nodesc</styleUrl>
        <Point>
          <coordinates>
            40.6530058999999,20.9673328,0
          </coordinates>
        </Point>
      </Placemark>
      <Placemark>
        <name>وادي الجوف</name>
        <styleUrl>#icon-1739-0288D1-labelson-nodesc</styleUrl>
        <Point>
          <coordinates>
            40.6477447,21.0133932,0
          </coordinates>
        </Point>
      </Placemark>
      <Placemark>
        <name>وادي المجامع
</name>
        <styleUrl>#icon-1739-0288D1-labelson-nodesc</styleUrl>
        <Point>
          <coordinates>
            43.62216,21.64639,0
          </coordinates>
        </Point>
      </Placemark>
      <Placemark>
        <name>سد الدحل
</name>
        <styleUrl>#icon-1739-0288D1-labelson-nodesc</styleUrl>
        <Point>
          <coordinates>
            43.7961299999999,21.12533,0
          </coordinates>
        </Point>
      </Placemark>
      <Placemark>
        <name>وادي الفرشة
</name>
        <styleUrl>#icon-1739-0288D1-labelson-nodesc</styleUrl>
        <Point>
          <coordinates>
            43.77251,21.22605,0
          </coordinates>
        </Point>
      </Placemark>
      <Placemark>
        <name>وادي الطيري
</name>
        <styleUrl>#icon-1739-0288D1-labelson-nodesc</styleUrl>
        <Point>
          <coordinates>
            43.79291,21.25629,0
          </coordinates>
        </Point>
      </Placemark>
      <Placemark>
        <name>شعيب المعجم
</name>
        <styleUrl>#icon-1739-0288D1-labelson-nodesc</styleUrl>
        <Point>
          <coordinates>
            43.59875,21.70252,0
          </coordinates>
        </Point>
      </Placemark>
    </Folder>
    <Folder>
      <name>أسماء ثانوية</name>
      <Placemark>
        <name>النخيلات</name>
        <styleUrl>#icon-1739-757575-labelson-nodesc</styleUrl>
        <Point>
          <coordinates>
            41.388931,19.149771,0
          </coordinates>
        </Point>
      </Placemark>
      <Placemark>
        <name>الطويل</name>
        <styleUrl>#icon-1739-757575-labelson-nodesc</styleUrl>
        <Point>
          <coordinates>
            41.540551,19.190283,0
          </coordinates>
        </Point>
      </Placemark>
      <Placemark>
        <name>حدبة حمراء</name>
        <styleUrl>#icon-1739-757575-labelson-nodesc</styleUrl>
        <Point>
          <coordinates>
            41.831946,19.280019,0
          </coordinates>
        </Point>
      </Placemark>
      <Placemark>
        <name>الحدبه</name>
        <styleUrl>#icon-1739-757575-labelson-nodesc</styleUrl>
        <Point>
          <coordinates>
            41.856387,19.318063,0
          </coordinates>
        </Point>
      </Placemark>
      <Placemark>
        <name>السواد</name>
        <styleUrl>#icon-1739-757575-labelson-nodesc</styleUrl>
        <Point>
          <coordinates>
            41.824179,19.409451,0
          </coordinates>
        </Point>
      </Placemark>
      <Placemark>
        <name>منطقة جلة النضر</name>
        <styleUrl>#icon-1739-757575-labelson-nodesc</styleUrl>
        <Point>
          <coordinates>
            41.835079,19.457774,0
          </coordinates>
        </Point>
      </Placemark>
      <Placemark>
        <name>مزارع الهميسات</name>
        <styleUrl>#icon-1739-757575-labelson-nodesc</styleUrl>
        <Point>
          <coordinates>
            40.360229,21.928003,0
          </coordinates>
        </Point>
      </Placemark>
      <Placemark>
        <name>مسيال ملحة</name>
        <styleUrl>#icon-1739-757575-labelson-nodesc</styleUrl>
        <Point>
          <coordinates>
            39.694784,21.554875,0
          </coordinates>
        </Point>
      </Placemark>
      <Placemark>
        <name>مسيحه</name>
        <styleUrl>#icon-1739-757575-labelson-nodesc</styleUrl>
        <Point>
          <coordinates>
            40.008602,22.031064,0
          </coordinates>
        </Point>
      </Placemark>
      <Placemark>
        <name>مسيربة</name>
        <styleUrl>#icon-1739-757575-labelson-nodesc</styleUrl>
        <Point>
          <coordinates>
            39.399998,21.974995,0
          </coordinates>
        </Point>
      </Placemark>
      <Placemark>
        <name>مسيل أم سويد</name>
        <styleUrl>#icon-1739-757575-labelson-nodesc</styleUrl>
        <Point>
          <coordinates>
            39.694076,21.550391,0
          </coordinates>
        </Point>
      </Placemark>
      <Placemark>
        <name>مشاش البهم</name>
        <styleUrl>#icon-1739-757575-labelson-nodesc</styleUrl>
        <Point>
          <coordinates>
            42.765656,22.11462,0
          </coordinates>
        </Point>
      </Placemark>
      <Placemark>
        <name>مشبقة</name>
        <styleUrl>#icon-1739-757575-labelson-nodesc</styleUrl>
        <Point>
          <coordinates>
            39.609168,22.518325,0
          </coordinates>
        </Point>
      </Placemark>
      <Placemark>
        <name>مشقوق السمارة</name>
        <styleUrl>#icon-1739-757575-labelson-nodesc</styleUrl>
        <Point>
          <coordinates>
            43.361835,21.698749,0
          </coordinates>
        </Point>
      </Placemark>
      <Placemark>
        <name>مظلله</name>
        <styleUrl>#icon-1739-757575-labelson-nodesc</styleUrl>
        <Point>
          <coordinates>
            42.300818,21.03693,0
          </coordinates>
        </Point>
      </Placemark>
      <Placemark>
        <name>مغبال الحكاك</name>
        <styleUrl>#icon-1739-757575-labelson-nodesc</styleUrl>
        <Point>
          <coordinates>
            39.283826,22.789421,0
          </coordinates>
        </Point>
      </Placemark>
      <Placemark>
        <name>مقبرة القيم</name>
        <styleUrl>#icon-1739-757575-labelson-nodesc</styleUrl>
        <Point>
          <coordinates>
            40.423143,21.328948,0
          </coordinates>
        </Point>
      </Placemark>
      <Placemark>
        <name>مقبل</name>
        <styleUrl>#icon-1739-757575-labelson-nodesc</styleUrl>
        <Point>
          <coordinates>
            39.424996,22.470002,0
          </coordinates>
        </Point>
      </Placemark>
      <Placemark>
        <name>مقر الشديد</name>
        <styleUrl>#icon-1739-757575-labelson-nodesc</styleUrl>
        <Point>
          <coordinates>
            41.155643,22.760925,0
          </coordinates>
        </Point>
      </Placemark>
      <Placemark>
        <name>مقري حاسن</name>
        <styleUrl>#icon-1739-757575-labelson-nodesc</styleUrl>
        <Point>
          <coordinates>
            40.202215,21.212776,0
          </coordinates>
        </Point>
      </Placemark>
      <Placemark>
        <name>مقلع طمية</name>
        <styleUrl>#icon-1739-757575-labelson-nodesc</styleUrl>
        <Point>
          <coordinates>
            41.139336,22.901344,0
          </coordinates>
        </Point>
      </Placemark>
      <Placemark>
        <name>ملح</name>
        <styleUrl>#icon-1739-757575-labelson-nodesc</styleUrl>
        <Point>
          <coordinates>
            39.308331,22.361105,0
          </coordinates>
        </Point>
      </Placemark>
      <Placemark>
        <name>ملقي</name>
        <styleUrl>#icon-1739-757575-labelson-nodesc</styleUrl>
        <Point>
          <coordinates>
            39.092703,23.114398,0
          </coordinates>
        </Point>
      </Placemark>
      <Placemark>
        <name>مملحة القلاوه</name>
        <styleUrl>#icon-1739-757575-labelson-nodesc</styleUrl>
        <Point>
          <coordinates>
            38.755023,23.271146,0
          </coordinates>
        </Point>
      </Placemark>
      <Placemark>
        <name>مناحل ال زيد</name>
        <styleUrl>#icon-1739-757575-labelson-nodesc</styleUrl>
        <Point>
          <coordinates>
            40.167861,21.197476,0
          </coordinates>
        </Point>
      </Placemark>
      <Placemark>
        <name>مناحل الرادف</name>
        <styleUrl>#icon-1739-757575-labelson-nodesc</styleUrl>
        <Point>
          <coordinates>
            40.19861,21.216381,0
          </coordinates>
        </Point>
      </Placemark>
      <Placemark>
        <name>منازل الغران</name>
        <styleUrl>#icon-1739-757575-labelson-nodesc</styleUrl>
        <Point>
          <coordinates>
            40.212514,21.222217,0
          </coordinates>
        </Point>
      </Placemark>
      <Placemark>
        <name>منتجع الحدبان</name>
        <styleUrl>#icon-1739-757575-labelson-nodesc</styleUrl>
        <Point>
          <coordinates>
            40.368061,21.124456,0
          </coordinates>
        </Point>
      </Placemark>
      <Placemark>
        <name>منتزة الباحة</name>
        <styleUrl>#icon-1739-757575-labelson-nodesc</styleUrl>
        <Point>
          <coordinates>
            40.844336,20.822546,0
          </coordinates>
        </Point>
      </Placemark>
      <Placemark>
        <name>منتزه الحكره</name>
        <styleUrl>#icon-1739-757575-labelson-nodesc</styleUrl>
        <Point>
          <coordinates>
            40.682266,21.027789,0
          </coordinates>
        </Point>
      </Placemark>
      <Placemark>
        <name>منتزه السحير</name>
        <styleUrl>#icon-1739-757575-labelson-nodesc</styleUrl>
        <Point>
          <coordinates>
            40.849228,20.834842,0
          </coordinates>
        </Point>
      </Placemark>
      <Placemark>
        <name>منتزه سمنان البري</name>
        <styleUrl>#icon-1739-757575-labelson-nodesc</styleUrl>
        <Point>
          <coordinates>
            40.526526,21.220243,0
          </coordinates>
        </Point>
      </Placemark>
      <Placemark>
        <name>منطقة أضبار التاريخية</name>
        <styleUrl>#icon-1739-757575-labelson-nodesc</styleUrl>
        <Point>
          <coordinates>
            40.914652,20.400023,0
          </coordinates>
        </Point>
      </Placemark>
      <Placemark>
        <name>منطقة ابو شوك</name>
        <styleUrl>#icon-1739-757575-labelson-nodesc</styleUrl>
        <Point>
          <coordinates>
            39.359357,20.881898,0
          </coordinates>
        </Point>
      </Placemark>
      <Placemark>
        <name>منطقة ال السني</name>
        <styleUrl>#icon-1739-757575-labelson-nodesc</styleUrl>
        <Point>
          <coordinates>
            40.908752,20.26396,0
          </coordinates>
        </Point>
      </Placemark>
      <Placemark>
        <name>منطقة الجابيه</name>
        <styleUrl>#icon-1739-757575-labelson-nodesc</styleUrl>
        <Point>
          <coordinates>
            38.954387,23.436584,0
          </coordinates>
        </Point>
      </Placemark>
      <Placemark>
        <name>منطقة الجبيهة</name>
        <styleUrl>#icon-1739-757575-labelson-nodesc</styleUrl>
        <Point>
          <coordinates>
            39.416671,22.083335,0
          </coordinates>
        </Point>
      </Placemark>
      <Placemark>
        <name>منطقة الخضراء</name>
        <styleUrl>#icon-1739-757575-labelson-nodesc</styleUrl>
        <Point>
          <coordinates>
            40.018044,20.364339,0
          </coordinates>
        </Point>
      </Placemark>
      <Placemark>
        <name>منطقة الرقيق</name>
        <styleUrl>#icon-1739-757575-labelson-nodesc</styleUrl>
        <Point>
          <coordinates>
            41.38067,20.940435,0
          </coordinates>
        </Point>
      </Placemark>
      <Placemark>
        <name>منطقة السليل</name>
        <styleUrl>#icon-1739-757575-labelson-nodesc</styleUrl>
        <Point>
          <coordinates>
            40.376987,20.195189,0
          </coordinates>
        </Point>
      </Placemark>
      <Placemark>
        <name>منطقة الشفا السياحية</name>
        <styleUrl>#icon-1739-757575-labelson-nodesc</styleUrl>
        <Point>
          <coordinates>
            40.3174,21.071091,0
          </coordinates>
        </Point>
      </Placemark>
      <Placemark>
        <name>منطقة الصدر</name>
        <styleUrl>#icon-1739-757575-labelson-nodesc</styleUrl>
        <Point>
          <coordinates>
            39.404483,22.151742,0
          </coordinates>
        </Point>
      </Placemark>
      <Placemark>
        <name>منطقة المدرج</name>
        <styleUrl>#icon-1739-757575-labelson-nodesc</styleUrl>
        <Point>
          <coordinates>
            40.417049,20.079424,0
          </coordinates>
        </Point>
      </Placemark>
      <Placemark>
        <name>منطقة خليص</name>
        <styleUrl>#icon-1739-757575-labelson-nodesc</styleUrl>
        <Point>
          <coordinates>
            39.323223,22.144704,0
          </coordinates>
        </Point>
      </Placemark>
      <Placemark>
        <name>منطقة قريش</name>
        <styleUrl>#icon-1739-757575-labelson-nodesc</styleUrl>
        <Point>
          <coordinates>
            41.069083,20.60694,0
          </coordinates>
        </Point>
      </Placemark>
      <Placemark>
        <name>منطقة مدخله</name>
        <styleUrl>#icon-1739-757575-labelson-nodesc</styleUrl>
        <Point>
          <coordinates>
            40.8868,20.58883,0
          </coordinates>
        </Point>
      </Placemark>
      <Placemark>
        <name>منطقة هدا الشام</name>
        <styleUrl>#icon-1739-757575-labelson-nodesc</styleUrl>
        <Point>
          <coordinates>
            39.702272,21.796467,0
          </coordinates>
        </Point>
      </Placemark>
      <Placemark>
        <name>منطقة وراخ</name>
        <styleUrl>#icon-1739-757575-labelson-nodesc</styleUrl>
        <Point>
          <coordinates>
            41.546216,20.653846,0
          </coordinates>
        </Point>
      </Placemark>
      <Placemark>
        <name>منطقة و الجناب</name>
        <styleUrl>#icon-1739-757575-labelson-nodesc</styleUrl>
        <Point>
          <coordinates>
            40.88135,20.595996,0
          </coordinates>
        </Point>
      </Placemark>
      <Placemark>
        <name>منقور</name>
        <styleUrl>#icon-1739-757575-labelson-nodesc</styleUrl>
        <Point>
          <coordinates>
            40.772796,20.606296,0
          </coordinates>
        </Point>
      </Placemark>
      <Placemark>
        <name>مهبط طائرات</name>
        <styleUrl>#icon-1739-757575-labelson-nodesc</styleUrl>
        <Point>
          <coordinates>
            41.197357,21.323433,0
          </coordinates>
        </Point>
      </Placemark>
      <Placemark>
        <name>ميعس</name>
        <styleUrl>#icon-1739-757575-labelson-nodesc</styleUrl>
        <Point>
          <coordinates>
            39.572217,22.11668,0
          </coordinates>
        </Point>
      </Placemark>
      <Placemark>
        <name>ميقات الجحفه</name>
        <styleUrl>#icon-1739-757575-labelson-nodesc</styleUrl>
        <Point>
          <coordinates>
            39.147012,22.705092,0
          </coordinates>
        </Point>
      </Placemark>
      <Placemark>
        <name>ميقات قرن المنازل</name>
        <styleUrl>#icon-1739-757575-labelson-nodesc</styleUrl>
        <Point>
          <coordinates>
            40.427349,21.633239,0
          </coordinates>
        </Point>
      </Placemark>
      <Placemark>
        <name>ميناء القضيمه</name>
        <styleUrl>#icon-1739-757575-labelson-nodesc</styleUrl>
        <Point>
          <coordinates>
            39.103539,22.341728,0
          </coordinates>
        </Point>
      </Placemark>
      <Placemark>
        <name>ناب القليب</name>
        <styleUrl>#icon-1739-757575-labelson-nodesc</styleUrl>
        <Point>
          <coordinates>
            40.241117,21.273887,0
          </coordinates>
        </Point>
      </Placemark>
      <Placemark>
        <name>ناصفة الشهبان</name>
        <styleUrl>#icon-1739-757575-labelson-nodesc</styleUrl>
        <Point>
          <coordinates>
            42.489967,22.397347,0
          </coordinates>
        </Point>
      </Placemark>
      <Placemark>
        <name>ناضفة كحيل</name>
        <styleUrl>#icon-1739-757575-labelson-nodesc</styleUrl>
        <Point>
          <coordinates>
            42.315044,22.420177,0
          </coordinates>
        </Point>
      </Placemark>
      <Placemark>
        <name>نبع العين</name>
        <styleUrl>#icon-1739-757575-labelson-nodesc</styleUrl>
        <Point>
          <coordinates>
            40.471101,20.461285,0
          </coordinates>
        </Point>
      </Placemark>
      <Placemark>
        <name>نخب</name>
        <styleUrl>#icon-1739-757575-labelson-nodesc</styleUrl>
        <Point>
          <coordinates>
            39.730554,22.649989,0
          </coordinates>
        </Point>
      </Placemark>
      <Placemark>
        <name>نزلة الشوابح</name>
        <styleUrl>#icon-1739-757575-labelson-nodesc</styleUrl>
        <Point>
          <coordinates>
            39.386673,22.137215,0
          </coordinates>
        </Point>
      </Placemark>
      <Placemark>
        <name>نزلة العسوم</name>
        <styleUrl>#icon-1739-757575-labelson-nodesc</styleUrl>
        <Point>
          <coordinates>
            39.364443,22.121937,0
          </coordinates>
        </Point>
      </Placemark>
      <Placemark>
        <name>نزلة المزاريع</name>
        <styleUrl>#icon-1739-757575-labelson-nodesc</styleUrl>
        <Point>
          <coordinates>
            39.337578,22.127881,0
          </coordinates>
        </Point>
      </Placemark>
      <Placemark>
        <name>متنة الحاطب</name>
        <styleUrl>#icon-1739-757575-labelson-nodesc</styleUrl>
        <Point>
          <coordinates>
            40.23277,21.28305,0
          </coordinates>
        </Point>
      </Placemark>
      <Placemark>
        <name>محجوبة</name>
        <styleUrl>#icon-1739-757575-labelson-nodesc</styleUrl>
        <Point>
          <coordinates>
            39.542477,22.186182,0
          </coordinates>
        </Point>
      </Placemark>
      <Placemark>
        <name>محجوبة</name>
        <styleUrl>#icon-1739-757575-labelson-nodesc</styleUrl>
        <Point>
          <coordinates>
            40.924995,20.870826,0
          </coordinates>
        </Point>
      </Placemark>
      <Placemark>
        <name>محمية سجا وأم الرمث</name>
        <styleUrl>#icon-1739-757575-labelson-nodesc</styleUrl>
        <Point>
          <coordinates>
            42.448168,22.743137,0
          </coordinates>
        </Point>
      </Placemark>
      <Placemark>
        <name>محمية محازة الصيد</name>
        <styleUrl>#icon-1739-757575-labelson-nodesc</styleUrl>
        <Point>
          <coordinates>
            41.849477,22.25888,0
          </coordinates>
        </Point>
      </Placemark>
      <Placemark>
        <name>مخرجة</name>
        <styleUrl>#icon-1739-757575-labelson-nodesc</styleUrl>
        <Point>
          <coordinates>
            39.116671,22.791674,0
          </coordinates>
        </Point>
      </Placemark>
      <Placemark>
        <name>مخمرة</name>
        <styleUrl>#icon-1739-757575-labelson-nodesc</styleUrl>
        <Point>
          <coordinates>
            39.487503,22.437494,0
          </coordinates>
        </Point>
      </Placemark>
      <Placemark>
        <name>مدالج كلية</name>
        <styleUrl>#icon-1739-757575-labelson-nodesc</styleUrl>
        <Point>
          <coordinates>
            39.241662,22.5,0
          </coordinates>
        </Point>
      </Placemark>
      <Placemark>
        <name>مدثر</name>
        <styleUrl>#icon-1739-757575-labelson-nodesc</styleUrl>
        <Point>
          <coordinates>
            39.351096,20.94537,0
          </coordinates>
        </Point>
      </Placemark>
      <Placemark>
        <name>مدسوس</name>
        <styleUrl>#icon-1739-757575-labelson-nodesc</styleUrl>
        <Point>
          <coordinates>
            39.650002,23.041677,0
          </coordinates>
        </Point>
      </Placemark>
      <Placemark>
        <name>مرباع تهامه</name>
        <styleUrl>#icon-1739-757575-labelson-nodesc</styleUrl>
        <Point>
          <coordinates>
            40.557082,21.089866,0
          </coordinates>
        </Point>
      </Placemark>
      <Placemark>
        <name>مرسى الرياض</name>
        <styleUrl>#icon-1739-757575-labelson-nodesc</styleUrl>
        <Point>
          <coordinates>
            40.312121,20.097706,0
          </coordinates>
        </Point>
      </Placemark>
      <Placemark>
        <name>مرسى ذنيب</name>
        <styleUrl>#icon-1739-757575-labelson-nodesc</styleUrl>
        <Point>
          <coordinates>
            39.050002,22.616665,0
          </coordinates>
        </Point>
      </Placemark>
      <Placemark>
        <name>مرسى ذهبان</name>
        <styleUrl>#icon-1739-757575-labelson-nodesc</styleUrl>
        <Point>
          <coordinates>
            39.009726,21.984951,0
          </coordinates>
        </Point>
      </Placemark>
      <Placemark>
        <name>مرسى راكه</name>
        <styleUrl>#icon-1739-757575-labelson-nodesc</styleUrl>
        <Point>
          <coordinates>
            40.42222,20.051379,0
          </coordinates>
        </Point>
      </Placemark>
      <Placemark>
        <name>قبيلة</name>
        <styleUrl>#icon-1739-757575-labelson-nodesc</styleUrl>
        <Point>
          <coordinates>
            39.099998,23.07056,0
          </coordinates>
        </Point>
      </Placemark>
      <Placemark>
        <name>قدمة الحاشي</name>
        <styleUrl>#icon-1739-757575-labelson-nodesc</styleUrl>
        <Point>
          <coordinates>
            41.480084,21.792412,0
          </coordinates>
        </Point>
      </Placemark>
      <Placemark>
        <name>قدمة الذيب</name>
        <styleUrl>#icon-1739-757575-labelson-nodesc</styleUrl>
        <Point>
          <coordinates>
            41.320438,22.44627,0
          </coordinates>
        </Point>
      </Placemark>
      <Placemark>
        <name>قديد</name>
        <styleUrl>#icon-1739-757575-labelson-nodesc</styleUrl>
        <Point>
          <coordinates>
            39.534817,22.447085,0
          </coordinates>
        </Point>
      </Placemark>
      <Placemark>
        <name>قديد</name>
        <styleUrl>#icon-1739-757575-labelson-nodesc</styleUrl>
        <Point>
          <coordinates>
            39.348779,22.377713,0
          </coordinates>
        </Point>
      </Placemark>
      <Placemark>
        <name>قرانات الطماخي</name>
        <styleUrl>#icon-1739-757575-labelson-nodesc</styleUrl>
        <Point>
          <coordinates>
            40.794232,20.964189,0
          </coordinates>
        </Point>
      </Placemark>
      <Placemark>
        <name>قراين الظمية</name>
        <styleUrl>#icon-1739-757575-labelson-nodesc</styleUrl>
        <Point>
          <coordinates>
            42.430122,22.51266,0
          </coordinates>
        </Point>
      </Placemark>
      <Placemark>
        <name>قربى</name>
        <styleUrl>#icon-1739-757575-labelson-nodesc</styleUrl>
        <Point>
          <coordinates>
            39.341676,22.624991,0
          </coordinates>
        </Point>
      </Placemark>
      <Placemark>
        <name>قصير</name>
        <styleUrl>#icon-1739-757575-labelson-nodesc</styleUrl>
        <Point>
          <coordinates>
            40.100248,22.212617,0
          </coordinates>
        </Point>
      </Placemark>
      <Placemark>
        <name>قطينة</name>
        <styleUrl>#icon-1739-757575-labelson-nodesc</styleUrl>
        <Point>
          <coordinates>
            39.358327,22.649989,0
          </coordinates>
        </Point>
      </Placemark>
      <Placemark>
        <name>قف الشهيلاء</name>
        <styleUrl>#icon-1739-757575-labelson-nodesc</styleUrl>
        <Point>
          <coordinates>
            41.160107,22.59613,0
          </coordinates>
        </Point>
      </Placemark>
      <Placemark>
        <name>قهب الطيري</name>
        <styleUrl>#icon-1739-757575-labelson-nodesc</styleUrl>
        <Point>
          <coordinates>
            43.365505,22.456441,0
          </coordinates>
        </Point>
      </Placemark>
      <Placemark>
        <name>قهب الطيري</name>
        <styleUrl>#icon-1739-757575-labelson-nodesc</styleUrl>
        <Point>
          <coordinates>
            43.365505,22.456462,0
          </coordinates>
        </Point>
      </Placemark>
      <Placemark>
        <name>قور الجنغفة</name>
        <styleUrl>#icon-1739-757575-labelson-nodesc</styleUrl>
        <Point>
          <coordinates>
            43.008621,22.420735,0
          </coordinates>
        </Point>
      </Placemark>
      <Placemark>
        <name>قور ام الظمران</name>
        <styleUrl>#icon-1739-757575-labelson-nodesc</styleUrl>
        <Point>
          <coordinates>
            42.87127,22.52135,0
          </coordinates>
        </Point>
      </Placemark>
      <Placemark>
        <name>قور سلطانة</name>
        <styleUrl>#icon-1739-757575-labelson-nodesc</styleUrl>
        <Point>
          <coordinates>
            42.810073,22.526736,0
          </coordinates>
        </Point>
      </Placemark>
      <Placemark>
        <name>قوز ابو سرير</name>
        <styleUrl>#icon-1739-757575-labelson-nodesc</styleUrl>
        <Point>
          <coordinates>
            39.482503,22.351427,0
          </coordinates>
        </Point>
      </Placemark>
      <Placemark>
        <name>قوز الهمله</name>
        <styleUrl>#icon-1739-757575-labelson-nodesc</styleUrl>
        <Point>
          <coordinates>
            39.903631,20.444076,0
          </coordinates>
        </Point>
      </Placemark>
      <Placemark>
        <name>قيزان عذا</name>
        <styleUrl>#icon-1739-757575-labelson-nodesc</styleUrl>
        <Point>
          <coordinates>
            42.871463,22.44848,0
          </coordinates>
        </Point>
      </Placemark>
      <Placemark>
        <name>قيزان فلاح</name>
        <styleUrl>#icon-1739-757575-labelson-nodesc</styleUrl>
        <Point>
          <coordinates>
            43.021753,21.397119,0
          </coordinates>
        </Point>
      </Placemark>
      <Placemark>
        <name>كتنه</name>
        <styleUrl>#icon-1739-757575-labelson-nodesc</styleUrl>
        <Point>
          <coordinates>
            39.540803,21.989286,0
          </coordinates>
        </Point>
      </Placemark>
      <Placemark>
        <name>كشب</name>
        <styleUrl>#icon-1739-757575-labelson-nodesc</styleUrl>
        <Point>
          <coordinates>
            41.499996,23.000007,0
          </coordinates>
        </Point>
      </Placemark>
      <Placemark>
        <name>كلهف</name>
        <styleUrl>#icon-1739-757575-labelson-nodesc</styleUrl>
        <Point>
          <coordinates>
            39.025004,22.975008,0
          </coordinates>
        </Point>
      </Placemark>
      <Placemark>
        <name>كليات</name>
        <styleUrl>#icon-1739-757575-labelson-nodesc</styleUrl>
        <Point>
          <coordinates>
            38.975008,22.911108,0
          </coordinates>
        </Point>
      </Placemark>
      <Placemark>
        <name>كوثر</name>
        <styleUrl>#icon-1739-757575-labelson-nodesc</styleUrl>
        <Point>
          <coordinates>
            39.320841,22.680566,0
          </coordinates>
        </Point>
      </Placemark>
      <Placemark>
        <name>لج الثعيبين</name>
        <styleUrl>#icon-1739-757575-labelson-nodesc</styleUrl>
        <Point>
          <coordinates>
            40.854163,20.675046,0
          </coordinates>
        </Point>
      </Placemark>
      <Placemark>
        <name>لج العُتم</name>
        <styleUrl>#icon-1739-757575-labelson-nodesc</styleUrl>
        <Point>
          <coordinates>
            40.845494,20.675476,0
          </coordinates>
        </Point>
      </Placemark>
      <Placemark>
        <name>لقف</name>
        <styleUrl>#icon-1739-757575-labelson-nodesc</styleUrl>
        <Point>
          <coordinates>
            39.263527,23.092661,0
          </coordinates>
        </Point>
      </Placemark>
      <Placemark>
        <name>لينة مخمرة</name>
        <styleUrl>#icon-1739-757575-labelson-nodesc</styleUrl>
        <Point>
          <coordinates>
            39.486108,22.466676,0
          </coordinates>
        </Point>
      </Placemark>
      <Placemark>
        <name>عويجا</name>
        <styleUrl>#icon-1739-757575-labelson-nodesc</styleUrl>
        <Point>
          <coordinates>
            40.015855,22.087798,0
          </coordinates>
        </Point>
      </Placemark>
      <Placemark>
        <name>عويرضة</name>
        <styleUrl>#icon-1739-757575-labelson-nodesc</styleUrl>
        <Point>
          <coordinates>
            39.24722,22.687497,0
          </coordinates>
        </Point>
      </Placemark>
      <Placemark>
        <name>غراب التلعة</name>
        <styleUrl>#icon-1739-757575-labelson-nodesc</styleUrl>
        <Point>
          <coordinates>
            41.17826,20.850334,0
          </coordinates>
        </Point>
      </Placemark>
      <Placemark>
        <name>غران</name>
        <styleUrl>#icon-1739-757575-labelson-nodesc</styleUrl>
        <Point>
          <coordinates>
            39.38487,22.016258,0
          </coordinates>
        </Point>
      </Placemark>
      <Placemark>
        <name>غرزة</name>
        <styleUrl>#icon-1739-757575-labelson-nodesc</styleUrl>
        <Point>
          <coordinates>
            39.40223,22.205,0
          </coordinates>
        </Point>
      </Placemark>
      <Placemark>
        <name>فج حفرة</name>
        <styleUrl>#icon-1739-757575-labelson-nodesc</styleUrl>
        <Point>
          <coordinates>
            39.509947,21.990509,0
          </coordinates>
        </Point>
      </Placemark>
      <Placemark>
        <name>فرشة ابو صفيح</name>
        <styleUrl>#icon-1739-757575-labelson-nodesc</styleUrl>
        <Point>
          <coordinates>
            41.884174,21.37167,0
          </coordinates>
        </Point>
      </Placemark>
      <Placemark>
        <name>فرشة الاحمة</name>
        <styleUrl>#icon-1739-757575-labelson-nodesc</styleUrl>
        <Point>
          <coordinates>
            41.993179,21.166878,0
          </coordinates>
        </Point>
      </Placemark>
      <Placemark>
        <name>فرشة الازهب</name>
        <styleUrl>#icon-1739-757575-labelson-nodesc</styleUrl>
        <Point>
          <coordinates>
            40.912099,20.364318,0
          </coordinates>
        </Point>
      </Placemark>
      <Placemark>
        <name>فرشة الجزعة</name>
        <styleUrl>#icon-1739-757575-labelson-nodesc</styleUrl>
        <Point>
          <coordinates>
            41.790791,21.058388,0
          </coordinates>
        </Point>
      </Placemark>
      <Placemark>
        <name>فرشة الخضيراء</name>
        <styleUrl>#icon-1739-757575-labelson-nodesc</styleUrl>
        <Point>
          <coordinates>
            41.901512,21.143188,0
          </coordinates>
        </Point>
      </Placemark>
      <Placemark>
        <name>فرشة ام الحريق</name>
        <styleUrl>#icon-1739-757575-labelson-nodesc</styleUrl>
        <Point>
          <coordinates>
            42.145615,21.411152,0
          </coordinates>
        </Point>
      </Placemark>
      <Placemark>
        <name>فرشة ام الساف</name>
        <styleUrl>#icon-1739-757575-labelson-nodesc</styleUrl>
        <Point>
          <coordinates>
            42.08107,21.414413,0
          </coordinates>
        </Point>
      </Placemark>
      <Placemark>
        <name>فرشة ام جنيب</name>
        <styleUrl>#icon-1739-757575-labelson-nodesc</styleUrl>
        <Point>
          <coordinates>
            42.047768,21.438103,0
          </coordinates>
        </Point>
      </Placemark>
      <Placemark>
        <name>فرشة سودان</name>
        <styleUrl>#icon-1739-757575-labelson-nodesc</styleUrl>
        <Point>
          <coordinates>
            42.007084,21.293564,0
          </coordinates>
        </Point>
      </Placemark>
      <Placemark>
        <name>فرشة شمظة</name>
        <styleUrl>#icon-1739-757575-labelson-nodesc</styleUrl>
        <Point>
          <coordinates>
            41.912499,21.462135,0
          </coordinates>
        </Point>
      </Placemark>
      <Placemark>
        <name>فرشة ضعة</name>
        <styleUrl>#icon-1739-757575-labelson-nodesc</styleUrl>
        <Point>
          <coordinates>
            42.132225,21.485481,0
          </coordinates>
        </Point>
      </Placemark>
      <Placemark>
        <name>فرشة ضعة</name>
        <styleUrl>#icon-1739-757575-labelson-nodesc</styleUrl>
        <Point>
          <coordinates>
            42.165506,21.055748,0
          </coordinates>
        </Point>
      </Placemark>
      <Placemark>
        <name>فرشة محرة</name>
        <styleUrl>#icon-1739-757575-labelson-nodesc</styleUrl>
        <Point>
          <coordinates>
            41.857738,21.320515,0
          </coordinates>
        </Point>
      </Placemark>
      <Placemark>
        <name>فرعة العمر</name>
        <styleUrl>#icon-1739-757575-labelson-nodesc</styleUrl>
        <Point>
          <coordinates>
            41.055586,20.635178,0
          </coordinates>
        </Point>
      </Placemark>
      <Placemark>
        <name>قارة الاشعرية</name>
        <styleUrl>#icon-1739-757575-labelson-nodesc</styleUrl>
        <Point>
          <coordinates>
            41.572909,22.596002,0
          </coordinates>
        </Point>
      </Placemark>
      <Placemark>
        <name>قارة الرحية السويداء</name>
        <styleUrl>#icon-1739-757575-labelson-nodesc</styleUrl>
        <Point>
          <coordinates>
            41.60368,22.394943,0
          </coordinates>
        </Point>
      </Placemark>
      <Placemark>
        <name>قارة حزم</name>
        <styleUrl>#icon-1739-757575-labelson-nodesc</styleUrl>
        <Point>
          <coordinates>
            41.499825,22.185001,0
          </coordinates>
        </Point>
      </Placemark>
      <Placemark>
        <name>قارة شداد</name>
        <styleUrl>#icon-1739-757575-labelson-nodesc</styleUrl>
        <Point>
          <coordinates>
            41.408157,22.024498,0
          </coordinates>
        </Point>
      </Placemark>
      <Placemark>
        <name>طلاح</name>
        <styleUrl>#icon-1739-757575-labelson-nodesc</styleUrl>
        <Point>
          <coordinates>
            39.539688,22.17247,0
          </coordinates>
        </Point>
      </Placemark>
      <Placemark>
        <name>ظفر</name>
        <styleUrl>#icon-1739-757575-labelson-nodesc</styleUrl>
        <Point>
          <coordinates>
            39.733322,22.666662,0
          </coordinates>
        </Point>
      </Placemark>
      <Placemark>
        <name>عارض صياحه</name>
        <styleUrl>#icon-1739-757575-labelson-nodesc</styleUrl>
        <Point>
          <coordinates>
            40.876672,20.665841,0
          </coordinates>
        </Point>
      </Placemark>
      <Placemark>
        <name>عبل اللميسة</name>
        <styleUrl>#icon-1739-757575-labelson-nodesc</styleUrl>
        <Point>
          <coordinates>
            42.552903,22.657349,0
          </coordinates>
        </Point>
      </Placemark>
      <Placemark>
        <name>عبلة مريطة</name>
        <styleUrl>#icon-1739-757575-labelson-nodesc</styleUrl>
        <Point>
          <coordinates>
            42.154841,23.605607,0
          </coordinates>
        </Point>
      </Placemark>
      <Placemark>
        <name>عثارب</name>
        <styleUrl>#icon-1739-757575-labelson-nodesc</styleUrl>
        <Point>
          <coordinates>
            40.290084,21.083257,0
          </coordinates>
        </Point>
      </Placemark>
      <Placemark>
        <name>عد المريصيص</name>
        <styleUrl>#icon-1739-757575-labelson-nodesc</styleUrl>
        <Point>
          <coordinates>
            42.233892,20.36597,0
          </coordinates>
        </Point>
      </Placemark>
      <Placemark>
        <name>عدامة الخصيين</name>
        <styleUrl>#icon-1739-757575-labelson-nodesc</styleUrl>
        <Point>
          <coordinates>
            43.337975,21.522624,0
          </coordinates>
        </Point>
      </Placemark>
      <Placemark>
        <name>عدامة الرخام</name>
        <styleUrl>#icon-1739-757575-labelson-nodesc</styleUrl>
        <Point>
          <coordinates>
            43.126659,21.570475,0
          </coordinates>
        </Point>
      </Placemark>
      <Placemark>
        <name>عدامة المسيف</name>
        <styleUrl>#icon-1739-757575-labelson-nodesc</styleUrl>
        <Point>
          <coordinates>
            43.101704,20.904129,0
          </coordinates>
        </Point>
      </Placemark>
      <Placemark>
        <name>عدامة المطوع</name>
        <styleUrl>#icon-1739-757575-labelson-nodesc</styleUrl>
        <Point>
          <coordinates>
            43.304093,21.566398,0
          </coordinates>
        </Point>
      </Placemark>
      <Placemark>
        <name>عدامة جوهر</name>
        <styleUrl>#icon-1739-757575-labelson-nodesc</styleUrl>
        <Point>
          <coordinates>
            43.11269,21.372507,0
          </coordinates>
        </Point>
      </Placemark>
      <Placemark>
        <name>عرف</name>
        <styleUrl>#icon-1739-757575-labelson-nodesc</styleUrl>
        <Point>
          <coordinates>
            39.602773,22.131937,0
          </coordinates>
        </Point>
      </Placemark>
      <Placemark>
        <name>عرم</name>
        <styleUrl>#icon-1739-757575-labelson-nodesc</styleUrl>
        <Point>
          <coordinates>
            39.410491,22.511008,0
          </coordinates>
        </Point>
      </Placemark>
      <Placemark>
        <name>عريق الوزان</name>
        <styleUrl>#icon-1739-757575-labelson-nodesc</styleUrl>
        <Point>
          <coordinates>
            43.081598,21.167328,0
          </coordinates>
        </Point>
      </Placemark>
      <Placemark>
        <name>عزور</name>
        <styleUrl>#icon-1739-757575-labelson-nodesc</styleUrl>
        <Point>
          <coordinates>
            39.154179,22.733331,0
          </coordinates>
        </Point>
      </Placemark>
      <Placemark>
        <name>عسفان</name>
        <styleUrl>#icon-1739-757575-labelson-nodesc</styleUrl>
        <Point>
          <coordinates>
            39.352341,21.925385,0
          </coordinates>
        </Point>
      </Placemark>
      <Placemark>
        <name>عصير</name>
        <styleUrl>#icon-1739-757575-labelson-nodesc</styleUrl>
        <Point>
          <coordinates>
            39.125147,23.157248,0
          </coordinates>
        </Point>
      </Placemark>
      <Placemark>
        <name>ضليعة الركبه</name>
        <styleUrl>#icon-1739-757575-labelson-nodesc</styleUrl>
        <Point>
          <coordinates>
            40.872209,20.680282,0
          </coordinates>
        </Point>
      </Placemark>
      <Placemark>
        <name>طابة</name>
        <styleUrl>#icon-1739-757575-labelson-nodesc</styleUrl>
        <Point>
          <coordinates>
            39.677789,22.613897,0
          </coordinates>
        </Point>
      </Placemark>
      <Placemark>
        <name>شق الحفائر</name>
        <styleUrl>#icon-1739-757575-labelson-nodesc</styleUrl>
        <Point>
          <coordinates>
            42.325108,22.593877,0
          </coordinates>
        </Point>
      </Placemark>
      <Placemark>
        <name>شلوان ابو عرائن</name>
        <styleUrl>#icon-1739-757575-labelson-nodesc</styleUrl>
        <Point>
          <coordinates>
            43.344026,21.894743,0
          </coordinates>
        </Point>
      </Placemark>
      <Placemark>
        <name>شمر</name>
        <styleUrl>#icon-1739-757575-labelson-nodesc</styleUrl>
        <Point>
          <coordinates>
            40.853884,20.66803,0
          </coordinates>
        </Point>
      </Placemark>
      <Placemark>
        <name>شود زهوه</name>
        <styleUrl>#icon-1739-757575-labelson-nodesc</styleUrl>
        <Point>
          <coordinates>
            42.908392,20.856128,0
          </coordinates>
        </Point>
      </Placemark>
      <Placemark>
        <name>صبخة الذنيب</name>
        <styleUrl>#icon-1739-757575-labelson-nodesc</styleUrl>
        <Point>
          <coordinates>
            39.114354,22.627909,0
          </coordinates>
        </Point>
      </Placemark>
      <Placemark>
        <name>صره</name>
        <styleUrl>#icon-1739-757575-labelson-nodesc</styleUrl>
        <Point>
          <coordinates>
            40.195456,21.188357,0
          </coordinates>
        </Point>
      </Placemark>
      <Placemark>
        <name>صفا العبد</name>
        <styleUrl>#icon-1739-757575-labelson-nodesc</styleUrl>
        <Point>
          <coordinates>
            41.170084,20.341165,0
          </coordinates>
        </Point>
      </Placemark>
      <Placemark>
        <name>صفا عفين</name>
        <styleUrl>#icon-1739-757575-labelson-nodesc</styleUrl>
        <Point>
          <coordinates>
            40.863068,20.672042,0
          </coordinates>
        </Point>
      </Placemark>
      <Placemark>
        <name>صمد ابو كراثة</name>
        <styleUrl>#icon-1739-757575-labelson-nodesc</styleUrl>
        <Point>
          <coordinates>
            39.210377,22.57493,0
          </coordinates>
        </Point>
      </Placemark>
      <Placemark>
        <name>صمد الاحمدي</name>
        <styleUrl>#icon-1739-757575-labelson-nodesc</styleUrl>
        <Point>
          <coordinates>
            39.174972,22.128739,0
          </coordinates>
        </Point>
      </Placemark>
      <Placemark>
        <name>صمد دفين</name>
        <styleUrl>#icon-1739-757575-labelson-nodesc</styleUrl>
        <Point>
          <coordinates>
            39.15905,22.606344,0
          </coordinates>
        </Point>
      </Placemark>
      <Placemark>
        <name>صميد</name>
        <styleUrl>#icon-1739-757575-labelson-nodesc</styleUrl>
        <Point>
          <coordinates>
            41.13837,20.384123,0
          </coordinates>
        </Point>
      </Placemark>
      <Placemark>
        <name>ضبيب</name>
        <styleUrl>#icon-1739-757575-labelson-nodesc</styleUrl>
        <Point>
          <coordinates>
            39.345839,22.811115,0
          </coordinates>
        </Point>
      </Placemark>
      <Placemark>
        <name>ضبيعة</name>
        <styleUrl>#icon-1739-757575-labelson-nodesc</styleUrl>
        <Point>
          <coordinates>
            39.488897,22.456934,0
          </coordinates>
        </Point>
      </Placemark>
      <Placemark>
        <name>سراة بني سعد</name>
        <styleUrl>#icon-1739-757575-labelson-nodesc</styleUrl>
        <Point>
          <coordinates>
            40.760157,20.836537,0
          </coordinates>
        </Point>
      </Placemark>
      <Placemark>
        <name>سرح الرخوم</name>
        <styleUrl>#icon-1739-757575-labelson-nodesc</styleUrl>
        <Point>
          <coordinates>
            41.19195,22.268193,0
          </coordinates>
        </Point>
      </Placemark>
      <Placemark>
        <name>سفيان</name>
        <styleUrl>#icon-1739-757575-labelson-nodesc</styleUrl>
        <Point>
          <coordinates>
            40.327785,21.16353,0
          </coordinates>
        </Point>
      </Placemark>
      <Placemark>
        <name>سقايف نحل المخاضه</name>
        <styleUrl>#icon-1739-757575-labelson-nodesc</styleUrl>
        <Point>
          <coordinates>
            40.301392,21.15778,0
          </coordinates>
        </Point>
      </Placemark>
      <Placemark>
        <name>سقم الاسفل</name>
        <styleUrl>#icon-1739-757575-labelson-nodesc</styleUrl>
        <Point>
          <coordinates>
            40.244143,21.281676,0
          </coordinates>
        </Point>
      </Placemark>
      <Placemark>
        <name>سقم الاعلى</name>
        <styleUrl>#icon-1739-757575-labelson-nodesc</styleUrl>
        <Point>
          <coordinates>
            40.257769,21.282213,0
          </coordinates>
        </Point>
      </Placemark>
      <Placemark>
        <name>سلسلة جبال رهوه</name>
        <styleUrl>#icon-1739-757575-labelson-nodesc</styleUrl>
        <Point>
          <coordinates>
            40.750759,21.154883,0
          </coordinates>
        </Point>
      </Placemark>
      <Placemark>
        <name>سهل حفان</name>
        <styleUrl>#icon-1739-757575-labelson-nodesc</styleUrl>
        <Point>
          <coordinates>
            41.358848,21.04914,0
          </coordinates>
        </Point>
      </Placemark>
      <Placemark>
        <name>شرم رابغ</name>
        <styleUrl>#icon-1739-757575-labelson-nodesc</styleUrl>
        <Point>
          <coordinates>
            39.001465,22.733202,0
          </coordinates>
        </Point>
      </Placemark>
      <Placemark>
        <name>شعاره</name>
        <styleUrl>#icon-1739-757575-labelson-nodesc</styleUrl>
        <Point>
          <coordinates>
            39.211729,21.117311,0
          </coordinates>
        </Point>
      </Placemark>
      <Placemark>
        <name>خربق ضبع</name>
        <styleUrl>#icon-1739-757575-labelson-nodesc</styleUrl>
        <Point>
          <coordinates>
            39.284813,22.20279,0
          </coordinates>
        </Point>
      </Placemark>
      <Placemark>
        <name>خريسات</name>
        <styleUrl>#icon-1739-757575-labelson-nodesc</styleUrl>
        <Point>
          <coordinates>
            40.782559,20.853102,0
          </coordinates>
        </Point>
      </Placemark>
      <Placemark>
        <name>خريم</name>
        <styleUrl>#icon-1739-757575-labelson-nodesc</styleUrl>
        <Point>
          <coordinates>
            39.59168,23.051398,0
          </coordinates>
        </Point>
      </Placemark>
      <Placemark>
        <name>خشعة معر</name>
        <styleUrl>#icon-1739-757575-labelson-nodesc</styleUrl>
        <Point>
          <coordinates>
            40.438614,21.123619,0
          </coordinates>
        </Point>
      </Placemark>
      <Placemark>
        <name>خشم الكنيثيل</name>
        <styleUrl>#icon-1739-757575-labelson-nodesc</styleUrl>
        <Point>
          <coordinates>
            39.198532,22.274308,0
          </coordinates>
        </Point>
      </Placemark>
      <Placemark>
        <name>خشم المقود</name>
        <styleUrl>#icon-1739-757575-labelson-nodesc</styleUrl>
        <Point>
          <coordinates>
            39.544709,21.5888,0
          </coordinates>
        </Point>
      </Placemark>
      <Placemark>
        <name>خور الزواهر</name>
        <styleUrl>#icon-1739-757575-labelson-nodesc</styleUrl>
        <Point>
          <coordinates>
            40.436447,20.02651,0
          </coordinates>
        </Point>
      </Placemark>
      <Placemark>
        <name>خور السوداء</name>
        <styleUrl>#icon-1739-757575-labelson-nodesc</styleUrl>
        <Point>
          <coordinates>
            39.58168,20.582221,0
          </coordinates>
        </Point>
      </Placemark>
      <Placemark>
        <name>خور الشديق</name>
        <styleUrl>#icon-1739-757575-labelson-nodesc</styleUrl>
        <Point>
          <coordinates>
            39.34689,20.911016,0
          </coordinates>
        </Point>
      </Placemark>
      <Placemark>
        <name>خور القضيمه</name>
        <styleUrl>#icon-1739-757575-labelson-nodesc</styleUrl>
        <Point>
          <coordinates>
            39.124546,22.37443,0
          </coordinates>
        </Point>
      </Placemark>
      <Placemark>
        <name>خيمة أم معبد</name>
        <styleUrl>#icon-1739-757575-labelson-nodesc</styleUrl>
        <Point>
          <coordinates>
            39.353886,22.156119,0
          </coordinates>
        </Point>
      </Placemark>
      <Placemark>
        <name>دحلة الفرس</name>
        <styleUrl>#icon-1739-757575-labelson-nodesc</styleUrl>
        <Point>
          <coordinates>
            42.485161,22.907696,0
          </coordinates>
        </Point>
      </Placemark>
      <Placemark>
        <name>دعب الرديهة</name>
        <styleUrl>#icon-1739-757575-labelson-nodesc</styleUrl>
        <Point>
          <coordinates>
            42.15909,23.470166,0
          </coordinates>
        </Point>
      </Placemark>
      <Placemark>
        <name>دعب صميع</name>
        <styleUrl>#icon-1739-757575-labelson-nodesc</styleUrl>
        <Point>
          <coordinates>
            41.402149,22.83371,0
          </coordinates>
        </Point>
      </Placemark>
      <Placemark>
        <name>دفين</name>
        <styleUrl>#icon-1739-757575-labelson-nodesc</styleUrl>
        <Point>
          <coordinates>
            39.291573,22.631149,0
          </coordinates>
        </Point>
      </Placemark>
      <Placemark>
        <name>دوار ابو كبير</name>
        <styleUrl>#icon-1739-757575-labelson-nodesc</styleUrl>
        <Point>
          <coordinates>
            41.058333,20.438347,0
          </coordinates>
        </Point>
      </Placemark>
      <Placemark>
        <name>دوران</name>
        <styleUrl>#icon-1739-757575-labelson-nodesc</styleUrl>
        <Point>
          <coordinates>
            39.354722,22.500365,0
          </coordinates>
        </Point>
      </Placemark>
      <Placemark>
        <name>دوران</name>
        <styleUrl>#icon-1739-757575-labelson-nodesc</styleUrl>
        <Point>
          <coordinates>
            39.429159,22.35971,0
          </coordinates>
        </Point>
      </Placemark>
      <Placemark>
        <name>ديار البلادية</name>
        <styleUrl>#icon-1739-757575-labelson-nodesc</styleUrl>
        <Point>
          <coordinates>
            39.250009,22.249997,0
          </coordinates>
        </Point>
      </Placemark>
      <Placemark>
        <name>ذات عرق</name>
        <styleUrl>#icon-1739-757575-labelson-nodesc</styleUrl>
        <Point>
          <coordinates>
            40.387909,21.928689,0
          </coordinates>
        </Point>
      </Placemark>
      <Placemark>
        <name>ذوي بنات</name>
        <styleUrl>#icon-1739-757575-labelson-nodesc</styleUrl>
        <Point>
          <coordinates>
            39.618416,22.543194,0
          </coordinates>
        </Point>
      </Placemark>
      <Placemark>
        <name>رابعة</name>
        <styleUrl>#icon-1739-757575-labelson-nodesc</styleUrl>
        <Point>
          <coordinates>
            42.047746,22.919154,0
          </coordinates>
        </Point>
      </Placemark>
      <Placemark>
        <name>راس صميع</name>
        <styleUrl>#icon-1739-757575-labelson-nodesc</styleUrl>
        <Point>
          <coordinates>
            40.145073,21.467221,0
          </coordinates>
        </Point>
      </Placemark>
      <Placemark>
        <name>راس عرب</name>
        <styleUrl>#icon-1739-757575-labelson-nodesc</styleUrl>
        <Point>
          <coordinates>
            39.09502,22.405844,0
          </coordinates>
        </Point>
      </Placemark>
      <Placemark>
        <name>ربع ابو الحبواء</name>
        <styleUrl>#icon-1739-757575-labelson-nodesc</styleUrl>
        <Point>
          <coordinates>
            40.1911,21.188056,0
          </coordinates>
        </Point>
      </Placemark>
      <Placemark>
        <name>ربع الحيط</name>
        <styleUrl>#icon-1739-757575-labelson-nodesc</styleUrl>
        <Point>
          <coordinates>
            40.181422,21.173165,0
          </coordinates>
        </Point>
      </Placemark>
      <Placemark>
        <name>ربوة البلادية</name>
        <styleUrl>#icon-1739-757575-labelson-nodesc</styleUrl>
        <Point>
          <coordinates>
            39.358327,22.141678,0
          </coordinates>
        </Point>
      </Placemark>
      <Placemark>
        <name>رجم الموية</name>
        <styleUrl>#icon-1739-757575-labelson-nodesc</styleUrl>
        <Point>
          <coordinates>
            41.832032,22.358551,0
          </coordinates>
        </Point>
      </Placemark>
      <Placemark>
        <name>ردة زبن</name>
        <styleUrl>#icon-1739-757575-labelson-nodesc</styleUrl>
        <Point>
          <coordinates>
            39.512758,21.967056,0
          </coordinates>
        </Point>
      </Placemark>
      <Placemark>
        <name>ردمة الصخرة</name>
        <styleUrl>#icon-1739-757575-labelson-nodesc</styleUrl>
        <Point>
          <coordinates>
            40.295405,21.142888,0
          </coordinates>
        </Point>
      </Placemark>
      <Placemark>
        <name>ركبة</name>
        <styleUrl>#icon-1739-757575-labelson-nodesc</styleUrl>
        <Point>
          <coordinates>
            40.946538,22.37546,0
          </coordinates>
        </Point>
      </Placemark>
      <Placemark>
        <name>ركبة</name>
        <styleUrl>#icon-1739-757575-labelson-nodesc</styleUrl>
        <Point>
          <coordinates>
            41.025953,22.142086,0
          </coordinates>
        </Point>
      </Placemark>
      <Placemark>
        <name>ركك</name>
        <styleUrl>#icon-1739-757575-labelson-nodesc</styleUrl>
        <Point>
          <coordinates>
            39.613888,22.450004,0
          </coordinates>
        </Point>
      </Placemark>
      <Placemark>
        <name>رمحة</name>
        <styleUrl>#icon-1739-757575-labelson-nodesc</styleUrl>
        <Point>
          <coordinates>
            39.232049,22.762771,0
          </coordinates>
        </Point>
      </Placemark>
      <Placemark>
        <name>رهاط</name>
        <styleUrl>#icon-1739-757575-labelson-nodesc</styleUrl>
        <Point>
          <coordinates>
            40.01107,22.070353,0
          </coordinates>
        </Point>
      </Placemark>
      <Placemark>
        <name>ريع الداويه</name>
        <styleUrl>#icon-1739-757575-labelson-nodesc</styleUrl>
        <Point>
          <coordinates>
            40.85618,20.67421,0
          </coordinates>
        </Point>
      </Placemark>
      <Placemark>
        <name>ريع الشيده</name>
        <styleUrl>#icon-1739-757575-labelson-nodesc</styleUrl>
        <Point>
          <coordinates>
            40.893066,20.621488,0
          </coordinates>
        </Point>
      </Placemark>
      <Placemark>
        <name>ريع اللوّة</name>
        <styleUrl>#icon-1739-757575-labelson-nodesc</styleUrl>
        <Point>
          <coordinates>
            40.860515,20.668952,0
          </coordinates>
        </Point>
      </Placemark>
      <Placemark>
        <name>ريع المخيم</name>
        <styleUrl>#icon-1739-757575-labelson-nodesc</styleUrl>
        <Point>
          <coordinates>
            40.113337,21.43527,0
          </coordinates>
        </Point>
      </Placemark>
      <Placemark>
        <name>ريع المشانق</name>
        <styleUrl>#icon-1739-757575-labelson-nodesc</styleUrl>
        <Point>
          <coordinates>
            42.785997,21.252558,0
          </coordinates>
        </Point>
      </Placemark>
      <Placemark>
        <name>ريع النخير</name>
        <styleUrl>#icon-1739-757575-labelson-nodesc</styleUrl>
        <Point>
          <coordinates>
            40.723314,20.519736,0
          </coordinates>
        </Point>
      </Placemark>
      <Placemark>
        <name>ريع النورة</name>
        <styleUrl>#icon-1739-757575-labelson-nodesc</styleUrl>
        <Point>
          <coordinates>
            39.154179,22.499163,0
          </coordinates>
        </Point>
      </Placemark>
      <Placemark>
        <name>ريع الهدية</name>
        <styleUrl>#icon-1739-757575-labelson-nodesc</styleUrl>
        <Point>
          <coordinates>
            40.811784,20.428519,0
          </coordinates>
        </Point>
      </Placemark>
      <Placemark>
        <name>ريع هرشا</name>
        <styleUrl>#icon-1739-757575-labelson-nodesc</styleUrl>
        <Point>
          <coordinates>
            39.144781,23.019726,0
          </coordinates>
        </Point>
      </Placemark>
      <Placemark>
        <name>رين</name>
        <styleUrl>#icon-1739-757575-labelson-nodesc</styleUrl>
        <Point>
          <coordinates>
            39.15832,22.141678,0
          </coordinates>
        </Point>
      </Placemark>
      <Placemark>
        <name>زادي طلحاء</name>
        <styleUrl>#icon-1739-757575-labelson-nodesc</styleUrl>
        <Point>
          <coordinates>
            39.515698,22.135091,0
          </coordinates>
        </Point>
      </Placemark>
      <Placemark>
        <name>زرايب التل</name>
        <styleUrl>#icon-1739-757575-labelson-nodesc</styleUrl>
        <Point>
          <coordinates>
            42.527068,22.365761,0
          </coordinates>
        </Point>
      </Placemark>
      <Placemark>
        <name>سباخ اللبان العفر</name>
        <styleUrl>#icon-1739-757575-labelson-nodesc</styleUrl>
        <Point>
          <coordinates>
            41.805789,21.93723,0
          </coordinates>
        </Point>
      </Placemark>
      <Placemark>
        <name>سبخة اراض</name>
        <styleUrl>#icon-1739-757575-labelson-nodesc</styleUrl>
        <Point>
          <coordinates>
            43.117733,22.360611,0
          </coordinates>
        </Point>
      </Placemark>
      <Placemark>
        <name>سبخة الاشعرية</name>
        <styleUrl>#icon-1739-757575-labelson-nodesc</styleUrl>
        <Point>
          <coordinates>
            41.444807,22.586367,0
          </coordinates>
        </Point>
      </Placemark>
      <Placemark>
        <name>سبخة الاشعرية</name>
        <styleUrl>#icon-1739-757575-labelson-nodesc</styleUrl>
        <Point>
          <coordinates>
            41.525917,22.582204,0
          </coordinates>
        </Point>
      </Placemark>
      <Placemark>
        <name>سبخة الاشعرية</name>
        <styleUrl>#icon-1739-757575-labelson-nodesc</styleUrl>
        <Point>
          <coordinates>
            41.563339,22.640076,0
          </coordinates>
        </Point>
      </Placemark>
      <Placemark>
        <name>سبخة الاشعرية</name>
        <styleUrl>#icon-1739-757575-labelson-nodesc</styleUrl>
        <Point>
          <coordinates>
            41.615353,22.596817,0
          </coordinates>
        </Point>
      </Placemark>
      <Placemark>
        <name>سبخة الاشعرية</name>
        <styleUrl>#icon-1739-757575-labelson-nodesc</styleUrl>
        <Point>
          <coordinates>
            41.575441,22.557786,0
          </coordinates>
        </Point>
      </Placemark>
      <Placemark>
        <name>سبخة البحرة</name>
        <styleUrl>#icon-1739-757575-labelson-nodesc</styleUrl>
        <Point>
          <coordinates>
            41.757038,22.934217,0
          </coordinates>
        </Point>
      </Placemark>
      <Placemark>
        <name>سبخة الحواء</name>
        <styleUrl>#icon-1739-757575-labelson-nodesc</styleUrl>
        <Point>
          <coordinates>
            41.686764,22.926922,0
          </coordinates>
        </Point>
      </Placemark>
      <Placemark>
        <name>سبخة الدعيثر</name>
        <styleUrl>#icon-1739-757575-labelson-nodesc</styleUrl>
        <Point>
          <coordinates>
            42.323456,23.009491,0
          </coordinates>
        </Point>
      </Placemark>
      <Placemark>
        <name>سبخة الدفينة</name>
        <styleUrl>#icon-1739-757575-labelson-nodesc</styleUrl>
        <Point>
          <coordinates>
            42.001934,23.2481,0
          </coordinates>
        </Point>
      </Placemark>
      <Placemark>
        <name>سبخة الذويب</name>
        <styleUrl>#icon-1739-757575-labelson-nodesc</styleUrl>
        <Point>
          <coordinates>
            41.678417,23.029447,0
          </coordinates>
        </Point>
      </Placemark>
      <Placemark>
        <name>سبخة العبدة</name>
        <styleUrl>#icon-1739-757575-labelson-nodesc</styleUrl>
        <Point>
          <coordinates>
            42.067337,22.98769,0
          </coordinates>
        </Point>
      </Placemark>
      <Placemark>
        <name>سبخة القرينة</name>
        <styleUrl>#icon-1739-757575-labelson-nodesc</styleUrl>
        <Point>
          <coordinates>
            42.003994,23.012581,0
          </coordinates>
        </Point>
      </Placemark>
      <Placemark>
        <name>سبخة القلب</name>
        <styleUrl>#icon-1739-757575-labelson-nodesc</styleUrl>
        <Point>
          <coordinates>
            43.105545,21.994286,0
          </coordinates>
        </Point>
      </Placemark>
      <Placemark>
        <name>سبخة المالحة</name>
        <styleUrl>#icon-1739-757575-labelson-nodesc</styleUrl>
        <Point>
          <coordinates>
            42.008457,23.402424,0
          </coordinates>
        </Point>
      </Placemark>
      <Placemark>
        <name>سبخة المقاطع</name>
        <styleUrl>#icon-1739-757575-labelson-nodesc</styleUrl>
        <Point>
          <coordinates>
            40.967331,22.650719,0
          </coordinates>
        </Point>
      </Placemark>
      <Placemark>
        <name>سبخة المنجر</name>
        <styleUrl>#icon-1739-757575-labelson-nodesc</styleUrl>
        <Point>
          <coordinates>
            42.345943,22.936707,0
          </coordinates>
        </Point>
      </Placemark>
      <Placemark>
        <name>سبخة الميسرية</name>
        <styleUrl>#icon-1739-757575-labelson-nodesc</styleUrl>
        <Point>
          <coordinates>
            41.86924,22.959366,0
          </coordinates>
        </Point>
      </Placemark>
      <Placemark>
        <name>سبخة ام مراغ</name>
        <styleUrl>#icon-1739-757575-labelson-nodesc</styleUrl>
        <Point>
          <coordinates>
            43.030872,22.060032,0
          </coordinates>
        </Point>
      </Placemark>
      <Placemark>
        <name>سبخة بحيران</name>
        <styleUrl>#icon-1739-757575-labelson-nodesc</styleUrl>
        <Point>
          <coordinates>
            42.235909,22.719727,0
          </coordinates>
        </Point>
      </Placemark>
      <Placemark>
        <name>سبخة جذيبة الحشو</name>
        <styleUrl>#icon-1739-757575-labelson-nodesc</styleUrl>
        <Point>
          <coordinates>
            42.155399,23.013096,0
          </coordinates>
        </Point>
      </Placemark>
      <Placemark>
        <name>سبخة جمعان</name>
        <styleUrl>#icon-1739-757575-labelson-nodesc</styleUrl>
        <Point>
          <coordinates>
            42.498207,22.969151,0
          </coordinates>
        </Point>
      </Placemark>
      <Placemark>
        <name>سبخة دغيبجة</name>
        <styleUrl>#icon-1739-757575-labelson-nodesc</styleUrl>
        <Point>
          <coordinates>
            41.38258,22.56094,0
          </coordinates>
        </Point>
      </Placemark>
      <Placemark>
        <name>سبخة دغيبجة</name>
        <styleUrl>#icon-1739-757575-labelson-nodesc</styleUrl>
        <Point>
          <coordinates>
            41.376743,22.524891,0
          </coordinates>
        </Point>
      </Placemark>
      <Placemark>
        <name>سبخة زبدان</name>
        <styleUrl>#icon-1739-757575-labelson-nodesc</styleUrl>
        <Point>
          <coordinates>
            41.936703,23.676567,0
          </coordinates>
        </Point>
      </Placemark>
      <Placemark>
        <name>سبخة سفوة</name>
        <styleUrl>#icon-1739-757575-labelson-nodesc</styleUrl>
        <Point>
          <coordinates>
            42.198143,23.102703,0
          </coordinates>
        </Point>
      </Placemark>
      <Placemark>
        <name>سبخة قزعان</name>
        <styleUrl>#icon-1739-757575-labelson-nodesc</styleUrl>
        <Point>
          <coordinates>
            42.676392,22.44215,0
          </coordinates>
        </Point>
      </Placemark>
      <Placemark>
        <name>سبخة كشران</name>
        <styleUrl>#icon-1739-757575-labelson-nodesc</styleUrl>
        <Point>
          <coordinates>
            39.790935,20.355198,0
          </coordinates>
        </Point>
      </Placemark>
      <Placemark>
        <name>سبخة مجرور</name>
        <styleUrl>#icon-1739-757575-labelson-nodesc</styleUrl>
        <Point>
          <coordinates>
            42.14407,23.427486,0
          </coordinates>
        </Point>
      </Placemark>
      <Placemark>
        <name>سبخة هدف</name>
        <styleUrl>#icon-1739-757575-labelson-nodesc</styleUrl>
        <Point>
          <coordinates>
            42.223034,22.960396,0
          </coordinates>
        </Point>
      </Placemark>
      <Placemark>
        <name>خبة شطير</name>
        <styleUrl>#icon-1739-757575-labelson-nodesc</styleUrl>
        <Point>
          <coordinates>
            39.098454,22.687883,0
          </coordinates>
        </Point>
      </Placemark>
      <Placemark>
        <name>خبت القري</name>
        <styleUrl>#icon-1739-757575-labelson-nodesc</styleUrl>
        <Point>
          <coordinates>
            39.049358,22.685137,0
          </coordinates>
        </Point>
      </Placemark>
      <Placemark>
        <name>حوية نمار</name>
        <styleUrl>#icon-1739-757575-labelson-nodesc</styleUrl>
        <Point>
          <coordinates>
            40.180864,21.001611,0
          </coordinates>
        </Point>
      </Placemark>
      <Placemark>
        <name>بحران</name>
        <styleUrl>#icon-1739-757575-labelson-nodesc</styleUrl>
        <Point>
          <coordinates>
            39.540288,23.00138,0
          </coordinates>
        </Point>
      </Placemark>
      <Placemark>
        <name>برث اللحم</name>
        <styleUrl>#icon-1739-757575-labelson-nodesc</styleUrl>
        <Point>
          <coordinates>
            42.158318,21.893671,0
          </coordinates>
        </Point>
      </Placemark>
      <Placemark>
        <name>برق البراعيم</name>
        <styleUrl>#icon-1739-757575-labelson-nodesc</styleUrl>
        <Point>
          <coordinates>
            42.697291,22.314563,0
          </coordinates>
        </Point>
      </Placemark>
      <Placemark>
        <name>برق الحمان</name>
        <styleUrl>#icon-1739-757575-labelson-nodesc</styleUrl>
        <Point>
          <coordinates>
            43.01362,21.074417,0
          </coordinates>
        </Point>
      </Placemark>
      <Placemark>
        <name>برق عسيلات</name>
        <styleUrl>#icon-1739-757575-labelson-nodesc</styleUrl>
        <Point>
          <coordinates>
            41.410217,22.120113,0
          </coordinates>
        </Point>
      </Placemark>
      <Placemark>
        <name>برق فريسنات</name>
        <styleUrl>#icon-1739-757575-labelson-nodesc</styleUrl>
        <Point>
          <coordinates>
            42.660642,21.039162,0
          </coordinates>
        </Point>
      </Placemark>
      <Placemark>
        <name>برقاء الذيب</name>
        <styleUrl>#icon-1739-757575-labelson-nodesc</styleUrl>
        <Point>
          <coordinates>
            41.315289,22.617245,0
          </coordinates>
        </Point>
      </Placemark>
      <Placemark>
        <name>برقاء حسنة</name>
        <styleUrl>#icon-1739-757575-labelson-nodesc</styleUrl>
        <Point>
          <coordinates>
            38.877182,23.436241,0
          </coordinates>
        </Point>
      </Placemark>
      <Placemark>
        <name>برقان القناصل</name>
        <styleUrl>#icon-1739-757575-labelson-nodesc</styleUrl>
        <Point>
          <coordinates>
            41.308422,22.002354,0
          </coordinates>
        </Point>
      </Placemark>
      <Placemark>
        <name>برقان الوظيفي</name>
        <styleUrl>#icon-1739-757575-labelson-nodesc</styleUrl>
        <Point>
          <coordinates>
            42.96077,21.602254,0
          </coordinates>
        </Point>
      </Placemark>
      <Placemark>
        <name>برقان جبيرين</name>
        <styleUrl>#icon-1739-757575-labelson-nodesc</styleUrl>
        <Point>
          <coordinates>
            42.141323,23.649273,0
          </coordinates>
        </Point>
      </Placemark>
      <Placemark>
        <name>برقان شلمان</name>
        <styleUrl>#icon-1739-757575-labelson-nodesc</styleUrl>
        <Point>
          <coordinates>
            41.327584,22.80678,0
          </coordinates>
        </Point>
      </Placemark>
      <Placemark>
        <name>برقان شلمان</name>
        <styleUrl>#icon-1739-757575-labelson-nodesc</styleUrl>
        <Point>
          <coordinates>
            41.328507,22.808475,0
          </coordinates>
        </Point>
      </Placemark>
      <Placemark>
        <name>برقان هكران</name>
        <styleUrl>#icon-1739-757575-labelson-nodesc</styleUrl>
        <Point>
          <coordinates>
            41.720924,22.622223,0
          </coordinates>
        </Point>
      </Placemark>
      <Placemark>
        <name>برقة الخرجاء</name>
        <styleUrl>#icon-1739-757575-labelson-nodesc</styleUrl>
        <Point>
          <coordinates>
            39.18334,22.791674,0
          </coordinates>
        </Point>
      </Placemark>
      <Placemark>
        <name>برقة حسمى</name>
        <styleUrl>#icon-1739-757575-labelson-nodesc</styleUrl>
        <Point>
          <coordinates>
            38.816671,23.449996,0
          </coordinates>
        </Point>
      </Placemark>
      <Placemark>
        <name>برقة غيلان</name>
        <styleUrl>#icon-1739-757575-labelson-nodesc</styleUrl>
        <Point>
          <coordinates>
            41.379833,22.030163,0
          </coordinates>
        </Point>
      </Placemark>
      <Placemark>
        <name>بسيان</name>
        <styleUrl>#icon-1739-757575-labelson-nodesc</styleUrl>
        <Point>
          <coordinates>
            41.075413,22.32291,0
          </coordinates>
        </Point>
      </Placemark>
      <Placemark>
        <name>بنيه</name>
        <styleUrl>#icon-1739-757575-labelson-nodesc</styleUrl>
        <Point>
          <coordinates>
            40.819187,22.215128,0
          </coordinates>
        </Point>
      </Placemark>
      <Placemark>
        <name>بير قرن جميل</name>
        <styleUrl>#icon-1739-757575-labelson-nodesc</styleUrl>
        <Point>
          <coordinates>
            41.016254,20.347559,0
          </coordinates>
        </Point>
      </Placemark>
      <Placemark>
        <name>بيضان</name>
        <styleUrl>#icon-1739-757575-labelson-nodesc</styleUrl>
        <Point>
          <coordinates>
            40.88974,20.423219,0
          </coordinates>
        </Point>
      </Placemark>
      <Placemark>
        <name>تربة الخياله</name>
        <styleUrl>#icon-1739-757575-labelson-nodesc</styleUrl>
        <Point>
          <coordinates>
            41.628227,20.717812,0
          </coordinates>
        </Point>
      </Placemark>
      <Placemark>
        <name>تلعة الخرار</name>
        <styleUrl>#icon-1739-757575-labelson-nodesc</styleUrl>
        <Point>
          <coordinates>
            40.105033,21.292813,0
          </coordinates>
        </Point>
      </Placemark>
      <Placemark>
        <name>تلعة الرمضه</name>
        <styleUrl>#icon-1739-757575-labelson-nodesc</styleUrl>
        <Point>
          <coordinates>
            39.48585,22.393506,0
          </coordinates>
        </Point>
      </Placemark>
      <Placemark>
        <name>تماية</name>
        <styleUrl>#icon-1739-757575-labelson-nodesc</styleUrl>
        <Point>
          <coordinates>
            39.491665,22.661104,0
          </coordinates>
        </Point>
      </Placemark>
      <Placemark>
        <name>تمران</name>
        <styleUrl>#icon-1739-757575-labelson-nodesc</styleUrl>
        <Point>
          <coordinates>
            42.075276,22.798133,0
          </coordinates>
        </Point>
      </Placemark>
      <Placemark>
        <name>تمن</name>
        <styleUrl>#icon-1739-757575-labelson-nodesc</styleUrl>
        <Point>
          <coordinates>
            39.216664,23.050003,0
          </coordinates>
        </Point>
      </Placemark>
      <Placemark>
        <name>تنيظب الطويل</name>
        <styleUrl>#icon-1739-757575-labelson-nodesc</styleUrl>
        <Point>
          <coordinates>
            39.934766,22.73803,0
          </coordinates>
        </Point>
      </Placemark>
      <Placemark>
        <name>ثمرة</name>
        <styleUrl>#icon-1739-757575-labelson-nodesc</styleUrl>
        <Point>
          <coordinates>
            39.478061,22.615828,0
          </coordinates>
        </Point>
      </Placemark>
      <Placemark>
        <name>ثول</name>
        <styleUrl>#icon-1739-757575-labelson-nodesc</styleUrl>
        <Point>
          <coordinates>
            39.111929,22.283599,0
          </coordinates>
        </Point>
      </Placemark>
      <Placemark>
        <name>جاهرة</name>
        <styleUrl>#icon-1739-757575-labelson-nodesc</styleUrl>
        <Point>
          <coordinates>
            39.469435,22.083335,0
          </coordinates>
        </Point>
      </Placemark>
      <Placemark>
        <name>جذيبة الشويطن</name>
        <styleUrl>#icon-1739-757575-labelson-nodesc</styleUrl>
        <Point>
          <coordinates>
            42.381821,22.983849,0
          </coordinates>
        </Point>
      </Placemark>
      <Placemark>
        <name>جزيرة العزيزيه</name>
        <styleUrl>#icon-1739-757575-labelson-nodesc</styleUrl>
        <Point>
          <coordinates>
            39.034338,22.091596,0
          </coordinates>
        </Point>
      </Placemark>
      <Placemark>
        <name>جش السباع</name>
        <styleUrl>#icon-1739-757575-labelson-nodesc</styleUrl>
        <Point>
          <coordinates>
            42.198615,21.530328,0
          </coordinates>
        </Point>
      </Placemark>
      <Placemark>
        <name>جليلة</name>
        <styleUrl>#icon-1739-757575-labelson-nodesc</styleUrl>
        <Point>
          <coordinates>
            39.60773,22.536478,0
          </coordinates>
        </Point>
      </Placemark>
      <Placemark>
        <name>جُرد الماء</name>
        <styleUrl>#icon-1739-757575-labelson-nodesc</styleUrl>
        <Point>
          <coordinates>
            40.846374,20.669403,0
          </coordinates>
        </Point>
      </Placemark>
      <Placemark>
        <name>حبل عشر</name>
        <styleUrl>#icon-1739-757575-labelson-nodesc</styleUrl>
        <Point>
          <coordinates>
            40.257339,21.691647,0
          </coordinates>
        </Point>
      </Placemark>
      <Placemark>
        <name>حجبة الاديم</name>
        <styleUrl>#icon-1739-757575-labelson-nodesc</styleUrl>
        <Point>
          <coordinates>
            40.244379,21.166384,0
          </coordinates>
        </Point>
      </Placemark>
      <Placemark>
        <name>حجبة ذات النخله</name>
        <styleUrl>#icon-1739-757575-labelson-nodesc</styleUrl>
        <Point>
          <coordinates>
            40.194147,21.203699,0
          </coordinates>
        </Point>
      </Placemark>
      <Placemark>
        <name>حجر شقين</name>
        <styleUrl>#icon-1739-757575-labelson-nodesc</styleUrl>
        <Point>
          <coordinates>
            40.875213,20.666699,0
          </coordinates>
        </Point>
      </Placemark>
      <Placemark>
        <name>حجرة القرضة</name>
        <styleUrl>#icon-1739-757575-labelson-nodesc</styleUrl>
        <Point>
          <coordinates>
            40.866694,20.679724,0
          </coordinates>
        </Point>
      </Placemark>
      <Placemark>
        <name>حداء</name>
        <styleUrl>#icon-1739-757575-labelson-nodesc</styleUrl>
        <Point>
          <coordinates>
            41.63415,22.948358,0
          </coordinates>
        </Point>
      </Placemark>
      <Placemark>
        <name>حداء</name>
        <styleUrl>#icon-1739-757575-labelson-nodesc</styleUrl>
        <Point>
          <coordinates>
            41.633892,22.948616,0
          </coordinates>
        </Point>
      </Placemark>
      <Placemark>
        <name>حداد</name>
        <styleUrl>#icon-1739-757575-labelson-nodesc</styleUrl>
        <Point>
          <coordinates>
            41.200147,20.595396,0
          </coordinates>
        </Point>
      </Placemark>
      <Placemark>
        <name>حدب الدار</name>
        <styleUrl>#icon-1739-757575-labelson-nodesc</styleUrl>
        <Point>
          <coordinates>
            40.855,20.669446,0
          </coordinates>
        </Point>
      </Placemark>
      <Placemark>
        <name>حدب الكده</name>
        <styleUrl>#icon-1739-757575-labelson-nodesc</styleUrl>
        <Point>
          <coordinates>
            40.855343,20.676312,0
          </coordinates>
        </Point>
      </Placemark>
      <Placemark>
        <name>حرة ابو هابر</name>
        <styleUrl>#icon-1739-757575-labelson-nodesc</styleUrl>
        <Point>
          <coordinates>
            39.666996,22.075524,0
          </coordinates>
        </Point>
      </Placemark>
      <Placemark>
        <name>حرة الأبواء</name>
        <styleUrl>#icon-1739-757575-labelson-nodesc</styleUrl>
        <Point>
          <coordinates>
            39.086115,23.080559,0
          </coordinates>
        </Point>
      </Placemark>
      <Placemark>
        <name>حرة الأفاعي</name>
        <styleUrl>#icon-1739-757575-labelson-nodesc</styleUrl>
        <Point>
          <coordinates>
            39.06249,23.169436,0
          </coordinates>
        </Point>
      </Placemark>
      <Placemark>
        <name>حرة الابه</name>
        <styleUrl>#icon-1739-757575-labelson-nodesc</styleUrl>
        <Point>
          <coordinates>
            41.26261,22.86536,0
          </coordinates>
        </Point>
      </Placemark>
      <Placemark>
        <name>حرة البقوم</name>
        <styleUrl>#icon-1739-757575-labelson-nodesc</styleUrl>
        <Point>
          <coordinates>
            41.828685,20.687878,0
          </coordinates>
        </Point>
      </Placemark>
      <Placemark>
        <name>حرة البقوم</name>
        <styleUrl>#icon-1739-757575-labelson-nodesc</styleUrl>
        <Point>
          <coordinates>
            41.862524,20.834219,0
          </coordinates>
        </Point>
      </Placemark>
      <Placemark>
        <name>حرة البلادي</name>
        <styleUrl>#icon-1739-757575-labelson-nodesc</styleUrl>
        <Point>
          <coordinates>
            39.298074,22.762771,0
          </coordinates>
        </Point>
      </Placemark>
      <Placemark>
        <name>حرة الثنية</name>
        <styleUrl>#icon-1739-757575-labelson-nodesc</styleUrl>
        <Point>
          <coordinates>
            39.343243,21.960297,0
          </coordinates>
        </Point>
      </Placemark>
      <Placemark>
        <name>حرة الجابرية</name>
        <styleUrl>#icon-1739-757575-labelson-nodesc</styleUrl>
        <Point>
          <coordinates>
            39.63335,21.866741,0
          </coordinates>
        </Point>
      </Placemark>
      <Placemark>
        <name>حرة الحجاز</name>
        <styleUrl>#icon-1739-757575-labelson-nodesc</styleUrl>
        <Point>
          <coordinates>
            40.220432,22.035656,0
          </coordinates>
        </Point>
      </Placemark>
      <Placemark>
        <name>حرة الحجاز العظيمة</name>
        <styleUrl>#icon-1739-757575-labelson-nodesc</styleUrl>
        <Point>
          <coordinates>
            39.496965,23.002753,0
          </coordinates>
        </Point>
      </Placemark>
      <Placemark>
        <name>حرة الخمص</name>
        <styleUrl>#icon-1739-757575-labelson-nodesc</styleUrl>
        <Point>
          <coordinates>
            39.062834,22.911,0
          </coordinates>
        </Point>
      </Placemark>
      <Placemark>
        <name>حرة الدحداحة</name>
        <styleUrl>#icon-1739-757575-labelson-nodesc</styleUrl>
        <Point>
          <coordinates>
            39.967747,22.040977,0
          </coordinates>
        </Point>
      </Placemark>
      <Placemark>
        <name>حرة الدنون</name>
        <styleUrl>#icon-1739-757575-labelson-nodesc</styleUrl>
        <Point>
          <coordinates>
            39.917965,21.834984,0
          </coordinates>
        </Point>
      </Placemark>
      <Placemark>
        <name>حرة الرين</name>
        <styleUrl>#icon-1739-757575-labelson-nodesc</styleUrl>
        <Point>
          <coordinates>
            39.269815,22.063379,0
          </coordinates>
        </Point>
      </Placemark>
      <Placemark>
        <name>حرة الشواطي</name>
        <styleUrl>#icon-1739-757575-labelson-nodesc</styleUrl>
        <Point>
          <coordinates>
            39.399998,22.450004,0
          </coordinates>
        </Point>
      </Placemark>
      <Placemark>
        <name>حرة الشيبا</name>
        <styleUrl>#icon-1739-757575-labelson-nodesc</styleUrl>
        <Point>
          <coordinates>
            39.371052,22.938509,0
          </coordinates>
        </Point>
      </Placemark>
      <Placemark>
        <name>حرة الصفية</name>
        <styleUrl>#icon-1739-757575-labelson-nodesc</styleUrl>
        <Point>
          <coordinates>
            39.715061,22.226887,0
          </coordinates>
        </Point>
      </Placemark>
      <Placemark>
        <name>حرة الطويحه</name>
        <styleUrl>#icon-1739-757575-labelson-nodesc</styleUrl>
        <Point>
          <coordinates>
            39.533272,22.549953,0
          </coordinates>
        </Point>
      </Placemark>
      <Placemark>
        <name>حرة العزورية</name>
        <styleUrl>#icon-1739-757575-labelson-nodesc</styleUrl>
        <Point>
          <coordinates>
            39.149995,22.751398,0
          </coordinates>
        </Point>
      </Placemark>
      <Placemark>
        <name>حرة العطاوية</name>
        <styleUrl>#icon-1739-757575-labelson-nodesc</styleUrl>
        <Point>
          <coordinates>
            39.541662,22.60834,0
          </coordinates>
        </Point>
      </Placemark>
      <Placemark>
        <name>حرة الفقارة</name>
        <styleUrl>#icon-1739-757575-labelson-nodesc</styleUrl>
        <Point>
          <coordinates>
            40.57869,22.11256,0
          </coordinates>
        </Point>
      </Placemark>
      <Placemark>
        <name>حرة القارة</name>
        <styleUrl>#icon-1739-757575-labelson-nodesc</styleUrl>
        <Point>
          <coordinates>
            40.151424,22.435627,0
          </coordinates>
        </Point>
      </Placemark>
      <Placemark>
        <name>حرة القديمة</name>
        <styleUrl>#icon-1739-757575-labelson-nodesc</styleUrl>
        <Point>
          <coordinates>
            39.499991,22.158329,0
          </coordinates>
        </Point>
      </Placemark>
      <Placemark>
        <name>حرة القطيرة</name>
        <styleUrl>#icon-1739-757575-labelson-nodesc</styleUrl>
        <Point>
          <coordinates>
            39.031162,23.013525,0
          </coordinates>
        </Point>
      </Placemark>
      <Placemark>
        <name>حرة المشلف</name>
        <styleUrl>#icon-1739-757575-labelson-nodesc</styleUrl>
        <Point>
          <coordinates>
            40.554142,22.17865,0
          </coordinates>
        </Point>
      </Placemark>
      <Placemark>
        <name>حرة المقاد</name>
        <styleUrl>#icon-1739-757575-labelson-nodesc</styleUrl>
        <Point>
          <coordinates>
            40.677738,22.242165,0
          </coordinates>
        </Point>
      </Placemark>
      <Placemark>
        <name>حرة الوبرية</name>
        <styleUrl>#icon-1739-757575-labelson-nodesc</styleUrl>
        <Point>
          <coordinates>
            39.276981,22.684622,0
          </coordinates>
        </Point>
      </Placemark>
      <Placemark>
        <name>حرة الوريكاء</name>
        <styleUrl>#icon-1739-757575-labelson-nodesc</styleUrl>
        <Point>
          <coordinates>
            39.333329,21.955554,0
          </coordinates>
        </Point>
      </Placemark>
      <Placemark>
        <name>حرة الوسمة</name>
        <styleUrl>#icon-1739-757575-labelson-nodesc</styleUrl>
        <Point>
          <coordinates>
            39.091673,22.941663,0
          </coordinates>
        </Point>
      </Placemark>
      <Placemark>
        <name>حرة الوقير</name>
        <styleUrl>#icon-1739-757575-labelson-nodesc</styleUrl>
        <Point>
          <coordinates>
            39.157934,21.865883,0
          </coordinates>
        </Point>
      </Placemark>
      <Placemark>
        <name>حرة الوقير</name>
        <styleUrl>#icon-1739-757575-labelson-nodesc</styleUrl>
        <Point>
          <coordinates>
            39.491901,21.826916,0
          </coordinates>
        </Point>
      </Placemark>
      <Placemark>
        <name>حرة بني هاشم</name>
        <styleUrl>#icon-1739-757575-labelson-nodesc</styleUrl>
        <Point>
          <coordinates>
            39.361954,22.18616,0
          </coordinates>
        </Point>
      </Placemark>
      <Placemark>
        <name>حرة بيض</name>
        <styleUrl>#icon-1739-757575-labelson-nodesc</styleUrl>
        <Point>
          <coordinates>
            39.050474,23.015199,0
          </coordinates>
        </Point>
      </Placemark>
      <Placemark>
        <name>حرة ثول</name>
        <styleUrl>#icon-1739-757575-labelson-nodesc</styleUrl>
        <Point>
          <coordinates>
            39.194241,22.255125,0
          </coordinates>
        </Point>
      </Placemark>
      <Placemark>
        <name>حرة حياء</name>
        <styleUrl>#icon-1739-757575-labelson-nodesc</styleUrl>
        <Point>
          <coordinates>
            39.366674,22.88332,0
          </coordinates>
        </Point>
      </Placemark>
      <Placemark>
        <name>حرة خليص</name>
        <styleUrl>#icon-1739-757575-labelson-nodesc</styleUrl>
        <Point>
          <coordinates>
            39.234409,22.189894,0
          </coordinates>
        </Point>
      </Placemark>
      <Placemark>
        <name>حرة ذويبان</name>
        <styleUrl>#icon-1739-757575-labelson-nodesc</styleUrl>
        <Point>
          <coordinates>
            39.375,22.783327,0
          </coordinates>
        </Point>
      </Placemark>
      <Placemark>
        <name>حرة رمحة</name>
        <styleUrl>#icon-1739-757575-labelson-nodesc</styleUrl>
        <Point>
          <coordinates>
            39.220848,22.774229,0
          </coordinates>
        </Point>
      </Placemark>
      <Placemark>
        <name>حرة رمحه</name>
        <styleUrl>#icon-1739-757575-labelson-nodesc</styleUrl>
        <Point>
          <coordinates>
            39.263871,22.765324,0
          </coordinates>
        </Point>
      </Placemark>
      <Placemark>
        <name>حرة رين</name>
        <styleUrl>#icon-1739-757575-labelson-nodesc</styleUrl>
        <Point>
          <coordinates>
            39.333329,22.824998,0
          </coordinates>
        </Point>
      </Placemark>
      <Placemark>
        <name>حرة زنيتة</name>
        <styleUrl>#icon-1739-757575-labelson-nodesc</styleUrl>
        <Point>
          <coordinates>
            41.456051,22.894649,0
          </coordinates>
        </Point>
      </Placemark>
      <Placemark>
        <name>حرة صويك</name>
        <styleUrl>#icon-1739-757575-labelson-nodesc</styleUrl>
        <Point>
          <coordinates>
            39.3805356,21.9437946,0
          </coordinates>
        </Point>
      </Placemark>
      <Placemark>
        <name>حرة كشب</name>
        <styleUrl>#icon-1739-757575-labelson-nodesc</styleUrl>
        <Point>
          <coordinates>
            41.384125,23.118668,0
          </coordinates>
        </Point>
      </Placemark>
      <Placemark>
        <name>حرة نقرة</name>
        <styleUrl>#icon-1739-757575-labelson-nodesc</styleUrl>
        <Point>
          <coordinates>
            39.30728,21.991646,0
          </coordinates>
        </Point>
      </Placemark>
      <Placemark>
        <name>حرة واسط</name>
        <styleUrl>#icon-1739-757575-labelson-nodesc</styleUrl>
        <Point>
          <coordinates>
            39.758277,22.145369,0
          </coordinates>
        </Point>
      </Placemark>
      <Placemark>
        <name>حشاشة</name>
        <styleUrl>#icon-1739-757575-labelson-nodesc</styleUrl>
        <Point>
          <coordinates>
            39.341676,22.024991,0
          </coordinates>
        </Point>
      </Placemark>
      <Placemark>
        <name>حشة الحمينية</name>
        <styleUrl>#icon-1739-757575-labelson-nodesc</styleUrl>
        <Point>
          <coordinates>
            42.810738,20.80375,0
          </coordinates>
        </Point>
      </Placemark>
      <Placemark>
        <name>حشة المره</name>
        <styleUrl>#icon-1739-757575-labelson-nodesc</styleUrl>
        <Point>
          <coordinates>
            43.645356,21.029291,0
          </coordinates>
        </Point>
      </Placemark>
      <Placemark>
        <name>حصاة لواف</name>
        <styleUrl>#icon-1739-757575-labelson-nodesc</styleUrl>
        <Point>
          <coordinates>
            39.956331,21.160526,0
          </coordinates>
        </Point>
      </Placemark>
      <Placemark>
        <name>حصاة لواف</name>
        <styleUrl>#icon-1739-757575-labelson-nodesc</styleUrl>
        <Point>
          <coordinates>
            39.956353,21.160505,0
          </coordinates>
        </Point>
      </Placemark>
      <Placemark>
        <name>حصن الجناب</name>
        <styleUrl>#icon-1739-757575-labelson-nodesc</styleUrl>
        <Point>
          <coordinates>
            40.814617,20.804286,0
          </coordinates>
        </Point>
      </Placemark>
      <Placemark>
        <name>حصن الخشعه</name>
        <styleUrl>#icon-1739-757575-labelson-nodesc</styleUrl>
        <Point>
          <coordinates>
            40.421512,21.140721,0
          </coordinates>
        </Point>
      </Placemark>
      <Placemark>
        <name>حصن الدقم التاريخي</name>
        <styleUrl>#icon-1739-757575-labelson-nodesc</styleUrl>
        <Point>
          <coordinates>
            41.019258,20.346015,0
          </coordinates>
        </Point>
      </Placemark>
      <Placemark>
        <name>حصن العسيلة</name>
        <styleUrl>#icon-1739-757575-labelson-nodesc</styleUrl>
        <Point>
          <coordinates>
            41.20285,20.37627,0
          </coordinates>
        </Point>
      </Placemark>
      <Placemark>
        <name>حصن الغراب</name>
        <styleUrl>#icon-1739-757575-labelson-nodesc</styleUrl>
        <Point>
          <coordinates>
            40.852704,20.88074,0
          </coordinates>
        </Point>
      </Placemark>
      <Placemark>
        <name>حصن الغيضة</name>
        <styleUrl>#icon-1739-757575-labelson-nodesc</styleUrl>
        <Point>
          <coordinates>
            40.994453,20.404251,0
          </coordinates>
        </Point>
      </Placemark>
      <Placemark>
        <name>حصن بني أسلم</name>
        <styleUrl>#icon-1739-757575-labelson-nodesc</styleUrl>
        <Point>
          <coordinates>
            39.723129,23.064594,0
          </coordinates>
        </Point>
      </Placemark>
      <Placemark>
        <name>حصن قرية</name>
        <styleUrl>#icon-1739-757575-labelson-nodesc</styleUrl>
        <Point>
          <coordinates>
            41.156459,20.386956,0
          </coordinates>
        </Point>
      </Placemark>
      <Placemark>
        <name>حلمة</name>
        <styleUrl>#icon-1739-757575-labelson-nodesc</styleUrl>
        <Point>
          <coordinates>
            39.702573,21.955447,0
          </coordinates>
        </Point>
      </Placemark>
      <Placemark>
        <name>حليان لهايل</name>
        <styleUrl>#icon-1739-757575-labelson-nodesc</styleUrl>
        <Point>
          <coordinates>
            41.786692,20.611854,0
          </coordinates>
        </Point>
      </Placemark>
      <Placemark>
        <name>حلية الدرين</name>
        <styleUrl>#icon-1739-757575-labelson-nodesc</styleUrl>
        <Point>
          <coordinates>
            41.200962,22.744446,0
          </coordinates>
        </Point>
      </Placemark>
      <Placemark>
        <name>حلية ضري</name>
        <styleUrl>#icon-1739-757575-labelson-nodesc</styleUrl>
        <Point>
          <coordinates>
            41.308422,22.691917,0
          </coordinates>
        </Point>
      </Placemark>
      <Placemark>
        <name>حمامة</name>
        <styleUrl>#icon-1739-757575-labelson-nodesc</styleUrl>
        <Point>
          <coordinates>
            39.091673,23.041677,0
          </coordinates>
        </Point>
      </Placemark>
      <Placemark>
        <name>حمى اليحيى</name>
        <styleUrl>#icon-1739-757575-labelson-nodesc</styleUrl>
        <Point>
          <coordinates>
            40.827749,20.76798,0
          </coordinates>
        </Point>
      </Placemark>
      <Placemark>
        <name>حمى الحدب</name>
        <styleUrl>#icon-1739-757575-labelson-nodesc</styleUrl>
        <Point>
          <coordinates>
            40.779877,20.84291,0
          </coordinates>
        </Point>
      </Placemark>
      <Placemark>
        <name>حمى الشرمان</name>
        <styleUrl>#icon-1739-757575-labelson-nodesc</styleUrl>
        <Point>
          <coordinates>
            40.884826,20.609407,0
          </coordinates>
        </Point>
      </Placemark>
      <Placemark>
        <name>حمى الطوال</name>
        <styleUrl>#icon-1739-757575-labelson-nodesc</styleUrl>
        <Point>
          <coordinates>
            40.827148,20.774589,0
          </coordinates>
        </Point>
      </Placemark>
      <Placemark>
        <name>حمى الغفره</name>
        <styleUrl>#icon-1739-757575-labelson-nodesc</styleUrl>
        <Point>
          <coordinates>
            40.983102,20.618012,0
          </coordinates>
        </Point>
      </Placemark>
      <Placemark>
        <name>الواسطة</name>
        <styleUrl>#icon-1739-757575-labelson-nodesc</styleUrl>
        <Point>
          <coordinates>
            39.444437,22.455561,0
          </coordinates>
        </Point>
      </Placemark>
      <Placemark>
        <name>الوركاء</name>
        <styleUrl>#icon-1739-757575-labelson-nodesc</styleUrl>
        <Point>
          <coordinates>
            40.253606,21.288049,0
          </coordinates>
        </Point>
      </Placemark>
      <Placemark>
        <name>الوزه</name>
        <styleUrl>#icon-1739-757575-labelson-nodesc</styleUrl>
        <Point>
          <coordinates>
            39.420662,22.524827,0
          </coordinates>
        </Point>
      </Placemark>
      <Placemark>
        <name>الوسق</name>
        <styleUrl>#icon-1739-757575-labelson-nodesc</styleUrl>
        <Point>
          <coordinates>
            39.48334,22.041664,0
          </coordinates>
        </Point>
      </Placemark>
      <Placemark>
        <name>الوسقه</name>
        <styleUrl>#icon-1739-757575-labelson-nodesc</styleUrl>
        <Point>
          <coordinates>
            39.370472,22.553923,0
          </coordinates>
        </Point>
      </Placemark>
      <Placemark>
        <name>الوعير</name>
        <styleUrl>#icon-1739-757575-labelson-nodesc</styleUrl>
        <Point>
          <coordinates>
            39.208338,22.700007,0
          </coordinates>
        </Point>
      </Placemark>
      <Placemark>
        <name>الوكرة</name>
        <styleUrl>#icon-1739-757575-labelson-nodesc</styleUrl>
        <Point>
          <coordinates>
            39.558334,22.106938,0
          </coordinates>
        </Point>
      </Placemark>
      <Placemark>
        <name>الوهط</name>
        <styleUrl>#icon-1739-757575-labelson-nodesc</styleUrl>
        <Point>
          <coordinates>
            40.347955,21.207669,0
          </coordinates>
        </Point>
      </Placemark>
      <Placemark>
        <name>ام الخضيري</name>
        <styleUrl>#icon-1739-757575-labelson-nodesc</styleUrl>
        <Point>
          <coordinates>
            39.177547,21.167328,0
          </coordinates>
        </Point>
      </Placemark>
      <Placemark>
        <name>ام السباع</name>
        <styleUrl>#icon-1739-757575-labelson-nodesc</styleUrl>
        <Point>
          <coordinates>
            40.01873,22.091661,0
          </coordinates>
        </Point>
      </Placemark>
      <Placemark>
        <name>ام الشبرم</name>
        <styleUrl>#icon-1739-757575-labelson-nodesc</styleUrl>
        <Point>
          <coordinates>
            39.489176,21.598327,0
          </coordinates>
        </Point>
      </Placemark>
      <Placemark>
        <name>ام الطين</name>
        <styleUrl>#icon-1739-757575-labelson-nodesc</styleUrl>
        <Point>
          <coordinates>
            39.128988,23.142486,0
          </coordinates>
        </Point>
      </Placemark>
      <Placemark>
        <name>ام اليتامى</name>
        <styleUrl>#icon-1739-757575-labelson-nodesc</styleUrl>
        <Point>
          <coordinates>
            39.432871,22.820363,0
          </coordinates>
        </Point>
      </Placemark>
      <Placemark>
        <name>ام راكه</name>
        <styleUrl>#icon-1739-757575-labelson-nodesc</styleUrl>
        <Point>
          <coordinates>
            39.37397,22.499292,0
          </coordinates>
        </Point>
      </Placemark>
      <Placemark>
        <name>ام قرين</name>
        <styleUrl>#icon-1739-757575-labelson-nodesc</styleUrl>
        <Point>
          <coordinates>
            40.024159,22.09548,0
          </coordinates>
        </Point>
      </Placemark>
      <Placemark>
        <name>ام لخ</name>
        <styleUrl>#icon-1739-757575-labelson-nodesc</styleUrl>
        <Point>
          <coordinates>
            42.002106,22.783349,0
          </coordinates>
        </Point>
      </Placemark>
      <Placemark>
        <name>ام نخله</name>
        <styleUrl>#icon-1739-757575-labelson-nodesc</styleUrl>
        <Point>
          <coordinates>
            39.523981,22.445991,0
          </coordinates>
        </Point>
      </Placemark>
      <Placemark>
        <name>ام هشيم</name>
        <styleUrl>#icon-1739-757575-labelson-nodesc</styleUrl>
        <Point>
          <coordinates>
            39.454715,21.604722,0
          </coordinates>
        </Point>
      </Placemark>
      <Placemark>
        <name>ايهالا</name>
        <styleUrl>#icon-1739-757575-labelson-nodesc</styleUrl>
        <Point>
          <coordinates>
            39.813638,22.168415,0
          </coordinates>
        </Point>
      </Placemark>
      <Placemark>
        <name>الفيضه الجديده</name>
        <styleUrl>#icon-1739-757575-labelson-nodesc</styleUrl>
        <Point>
          <coordinates>
            39.382489,21.962786,0
          </coordinates>
        </Point>
      </Placemark>
      <Placemark>
        <name>الفيضه القديمه</name>
        <styleUrl>#icon-1739-757575-labelson-nodesc</styleUrl>
        <Point>
          <coordinates>
            39.388325,21.980724,0
          </coordinates>
        </Point>
      </Placemark>
      <Placemark>
        <name>القائمة</name>
        <styleUrl>#icon-1739-757575-labelson-nodesc</styleUrl>
        <Point>
          <coordinates>
            39.366674,22.163887,0
          </coordinates>
        </Point>
      </Placemark>
      <Placemark>
        <name>القاحة</name>
        <styleUrl>#icon-1739-757575-labelson-nodesc</styleUrl>
        <Point>
          <coordinates>
            40.439343,22.112861,0
          </coordinates>
        </Point>
      </Placemark>
      <Placemark>
        <name>القاع البراق</name>
        <styleUrl>#icon-1739-757575-labelson-nodesc</styleUrl>
        <Point>
          <coordinates>
            41.981163,21.419735,0
          </coordinates>
        </Point>
      </Placemark>
      <Placemark>
        <name>القبلة</name>
        <styleUrl>#icon-1739-757575-labelson-nodesc</styleUrl>
        <Point>
          <coordinates>
            39.82619,21.422503,0
          </coordinates>
        </Point>
      </Placemark>
      <Placemark>
        <name>القدار</name>
        <styleUrl>#icon-1739-757575-labelson-nodesc</styleUrl>
        <Point>
          <coordinates>
            40.799253,20.9726,0
          </coordinates>
        </Point>
      </Placemark>
      <Placemark>
        <name>القديمات</name>
        <styleUrl>#icon-1739-757575-labelson-nodesc</styleUrl>
        <Point>
          <coordinates>
            39.573612,22.12889,0
          </coordinates>
        </Point>
      </Placemark>
      <Placemark>
        <name>القرفة</name>
        <styleUrl>#icon-1739-757575-labelson-nodesc</styleUrl>
        <Point>
          <coordinates>
            40.870106,20.481584,0
          </coordinates>
        </Point>
      </Placemark>
      <Placemark>
        <name>القرن</name>
        <styleUrl>#icon-1739-757575-labelson-nodesc</styleUrl>
        <Point>
          <coordinates>
            39.883311,23.026507,0
          </coordinates>
        </Point>
      </Placemark>
      <Placemark>
        <name>القريعه</name>
        <styleUrl>#icon-1739-757575-labelson-nodesc</styleUrl>
        <Point>
          <coordinates>
            40.863133,20.668952,0
          </coordinates>
        </Point>
      </Placemark>
      <Placemark>
        <name>القصيبه</name>
        <styleUrl>#icon-1739-757575-labelson-nodesc</styleUrl>
        <Point>
          <coordinates>
            39.29728,23.056934,0
          </coordinates>
        </Point>
      </Placemark>
      <Placemark>
        <name>القضيمه</name>
        <styleUrl>#icon-1739-757575-labelson-nodesc</styleUrl>
        <Point>
          <coordinates>
            39.233787,22.493327,0
          </coordinates>
        </Point>
      </Placemark>
      <Placemark>
        <name>القطار</name>
        <styleUrl>#icon-1739-757575-labelson-nodesc</styleUrl>
        <Point>
          <coordinates>
            39.690363,21.751642,0
          </coordinates>
        </Point>
      </Placemark>
      <Placemark>
        <name>القطيعاء</name>
        <styleUrl>#icon-1739-757575-labelson-nodesc</styleUrl>
        <Point>
          <coordinates>
            39.133322,22.69166,0
          </coordinates>
        </Point>
      </Placemark>
      <Placemark>
        <name>القعبه</name>
        <styleUrl>#icon-1739-757575-labelson-nodesc</styleUrl>
        <Point>
          <coordinates>
            39.492373,22.364581,0
          </coordinates>
        </Point>
      </Placemark>
      <Placemark>
        <name>القوز</name>
        <styleUrl>#icon-1739-757575-labelson-nodesc</styleUrl>
        <Point>
          <coordinates>
            39.391179,22.018318,0
          </coordinates>
        </Point>
      </Placemark>
      <Placemark>
        <name>القوقاء</name>
        <styleUrl>#icon-1739-757575-labelson-nodesc</styleUrl>
        <Point>
          <coordinates>
            39.886959,22.201803,0
          </coordinates>
        </Point>
      </Placemark>
      <Placemark>
        <name>القيد</name>
        <styleUrl>#icon-1739-757575-labelson-nodesc</styleUrl>
        <Point>
          <coordinates>
            39.233293,22.545683,0
          </coordinates>
        </Point>
      </Placemark>
      <Placemark>
        <name>الكامل</name>
        <styleUrl>#icon-1739-757575-labelson-nodesc</styleUrl>
        <Point>
          <coordinates>
            39.793961,22.263923,0
          </coordinates>
        </Point>
      </Placemark>
      <Placemark>
        <name>الكحيلية</name>
        <styleUrl>#icon-1739-757575-labelson-nodesc</styleUrl>
        <Point>
          <coordinates>
            39.562497,22.087498,0
          </coordinates>
        </Point>
      </Placemark>
      <Placemark>
        <name>الكديد</name>
        <styleUrl>#icon-1739-757575-labelson-nodesc</styleUrl>
        <Point>
          <coordinates>
            39.56666,21.983321,0
          </coordinates>
        </Point>
      </Placemark>
      <Placemark>
        <name>الكراع</name>
        <styleUrl>#icon-1739-757575-labelson-nodesc</styleUrl>
        <Point>
          <coordinates>
            42.74158,21.528118,0
          </coordinates>
        </Point>
      </Placemark>
      <Placemark>
        <name>الكرشه</name>
        <styleUrl>#icon-1739-757575-labelson-nodesc</styleUrl>
        <Point>
          <coordinates>
            39.368906,22.142858,0
          </coordinates>
        </Point>
      </Placemark>
      <Placemark>
        <name>الكريمية</name>
        <styleUrl>#icon-1739-757575-labelson-nodesc</styleUrl>
        <Point>
          <coordinates>
            39.416671,22.427216,0
          </coordinates>
        </Point>
      </Placemark>
      <Placemark>
        <name>الكلبه</name>
        <styleUrl>#icon-1739-757575-labelson-nodesc</styleUrl>
        <Point>
          <coordinates>
            39.912815,22.732086,0
          </coordinates>
        </Point>
      </Placemark>
      <Placemark>
        <name>الكنب</name>
        <styleUrl>#icon-1739-757575-labelson-nodesc</styleUrl>
        <Point>
          <coordinates>
            39.785614,22.737343,0
          </coordinates>
        </Point>
      </Placemark>
      <Placemark>
        <name>الكويسية</name>
        <styleUrl>#icon-1739-757575-labelson-nodesc</styleUrl>
        <Point>
          <coordinates>
            39.350839,22.113333,0
          </coordinates>
        </Point>
      </Placemark>
      <Placemark>
        <name>اللبده</name>
        <styleUrl>#icon-1739-757575-labelson-nodesc</styleUrl>
        <Point>
          <coordinates>
            39.397745,22.148674,0
          </coordinates>
        </Point>
      </Placemark>
      <Placemark>
        <name>اللحي</name>
        <styleUrl>#icon-1739-757575-labelson-nodesc</styleUrl>
        <Point>
          <coordinates>
            39.636118,22.119448,0
          </coordinates>
        </Point>
      </Placemark>
      <Placemark>
        <name>اللحيان</name>
        <styleUrl>#icon-1739-757575-labelson-nodesc</styleUrl>
        <Point>
          <coordinates>
            39.516664,22.033339,0
          </coordinates>
        </Point>
      </Placemark>
      <Placemark>
        <name>اللعب</name>
        <styleUrl>#icon-1739-757575-labelson-nodesc</styleUrl>
        <Point>
          <coordinates>
            38.917222,22.993891,0
          </coordinates>
        </Point>
      </Placemark>
      <Placemark>
        <name>اللواحج</name>
        <styleUrl>#icon-1739-757575-labelson-nodesc</styleUrl>
        <Point>
          <coordinates>
            40.767946,20.441329,0
          </coordinates>
        </Point>
      </Placemark>
      <Placemark>
        <name>اللوية</name>
        <styleUrl>#icon-1739-757575-labelson-nodesc</styleUrl>
        <Point>
          <coordinates>
            41.219716,23.010285,0
          </coordinates>
        </Point>
      </Placemark>
      <Placemark>
        <name>المازنية</name>
        <styleUrl>#icon-1739-757575-labelson-nodesc</styleUrl>
        <Point>
          <coordinates>
            39.73697,23.020713,0
          </coordinates>
        </Point>
      </Placemark>
      <Placemark>
        <name>المتلوي</name>
        <styleUrl>#icon-1739-757575-labelson-nodesc</styleUrl>
        <Point>
          <coordinates>
            39.530096,22.164252,0
          </coordinates>
        </Point>
      </Placemark>
      <Placemark>
        <name>المحرق</name>
        <styleUrl>#icon-1739-757575-labelson-nodesc</styleUrl>
        <Point>
          <coordinates>
            39.411113,22.136121,0
          </coordinates>
        </Point>
      </Placemark>
      <Placemark>
        <name>المحرق الاسفل</name>
        <styleUrl>#icon-1739-757575-labelson-nodesc</styleUrl>
        <Point>
          <coordinates>
            40.251117,21.168058,0
          </coordinates>
        </Point>
      </Placemark>
      <Placemark>
        <name>المحرق الاعلى</name>
        <styleUrl>#icon-1739-757575-labelson-nodesc</styleUrl>
        <Point>
          <coordinates>
            40.245881,21.169989,0
          </coordinates>
        </Point>
      </Placemark>
      <Placemark>
        <name>المحماة</name>
        <styleUrl>#icon-1739-757575-labelson-nodesc</styleUrl>
        <Point>
          <coordinates>
            39.427786,22.152772,0
          </coordinates>
        </Point>
      </Placemark>
      <Placemark>
        <name>المدانة</name>
        <styleUrl>#icon-1739-757575-labelson-nodesc</styleUrl>
        <Point>
          <coordinates>
            39.446218,22.227402,0
          </coordinates>
        </Point>
      </Placemark>
      <Placemark>
        <name>المدري</name>
        <styleUrl>#icon-1739-757575-labelson-nodesc</styleUrl>
        <Point>
          <coordinates>
            39.561102,22.086103,0
          </coordinates>
        </Point>
      </Placemark>
      <Placemark>
        <name>المديدينة</name>
        <styleUrl>#icon-1739-757575-labelson-nodesc</styleUrl>
        <Point>
          <coordinates>
            39.316678,22.233324,0
          </coordinates>
        </Point>
      </Placemark>
      <Placemark>
        <name>المرامحه</name>
        <styleUrl>#icon-1739-757575-labelson-nodesc</styleUrl>
        <Point>
          <coordinates>
            39.401157,22.145562,0
          </coordinates>
        </Point>
      </Placemark>
      <Placemark>
        <name>المرتج</name>
        <styleUrl>#icon-1739-757575-labelson-nodesc</styleUrl>
        <Point>
          <coordinates>
            39.124589,23.120491,0
          </coordinates>
        </Point>
      </Placemark>
      <Placemark>
        <name>المرواني</name>
        <styleUrl>#icon-1739-757575-labelson-nodesc</styleUrl>
        <Point>
          <coordinates>
            39.616678,22.183328,0
          </coordinates>
        </Point>
      </Placemark>
      <Placemark>
        <name>المريسيع</name>
        <styleUrl>#icon-1739-757575-labelson-nodesc</styleUrl>
        <Point>
          <coordinates>
            39.660237,22.55167,0
          </coordinates>
        </Point>
      </Placemark>
      <Placemark>
        <name>المزاميم</name>
        <styleUrl>#icon-1739-757575-labelson-nodesc</styleUrl>
        <Point>
          <coordinates>
            39.143965,22.25122,0
          </coordinates>
        </Point>
      </Placemark>
      <Placemark>
        <name>المزيرعه</name>
        <styleUrl>#icon-1739-757575-labelson-nodesc</styleUrl>
        <Point>
          <coordinates>
            39.492502,22.384965,0
          </coordinates>
        </Point>
      </Placemark>
      <Placemark>
        <name>المزيوره</name>
        <styleUrl>#icon-1739-757575-labelson-nodesc</styleUrl>
        <Point>
          <coordinates>
            39.360709,22.15112,0
          </coordinates>
        </Point>
      </Placemark>
      <Placemark>
        <name>المستظلة</name>
        <styleUrl>#icon-1739-757575-labelson-nodesc</styleUrl>
        <Point>
          <coordinates>
            39.138322,23.054724,0
          </coordinates>
        </Point>
      </Placemark>
      <Placemark>
        <name>المسماة</name>
        <styleUrl>#icon-1739-757575-labelson-nodesc</styleUrl>
        <Point>
          <coordinates>
            39.558442,22.479873,0
          </coordinates>
        </Point>
      </Placemark>
      <Placemark>
        <name>المسماة</name>
        <styleUrl>#icon-1739-757575-labelson-nodesc</styleUrl>
        <Point>
          <coordinates>
            39.646139,21.960425,0
          </coordinates>
        </Point>
      </Placemark>
      <Placemark>
        <name>المشلل</name>
        <styleUrl>#icon-1739-757575-labelson-nodesc</styleUrl>
        <Point>
          <coordinates>
            39.341676,22.41668,0
          </coordinates>
        </Point>
      </Placemark>
      <Placemark>
        <name>المشوية</name>
        <styleUrl>#icon-1739-757575-labelson-nodesc</styleUrl>
        <Point>
          <coordinates>
            39.413323,22.4161,0
          </coordinates>
        </Point>
      </Placemark>
      <Placemark>
        <name>المصامة</name>
        <styleUrl>#icon-1739-757575-labelson-nodesc</styleUrl>
        <Point>
          <coordinates>
            39.454179,22.202833,0
          </coordinates>
        </Point>
      </Placemark>
      <Placemark>
        <name>المصقال</name>
        <styleUrl>#icon-1739-757575-labelson-nodesc</styleUrl>
        <Point>
          <coordinates>
            42.082787,22.148588,0
          </coordinates>
        </Point>
      </Placemark>
      <Placemark>
        <name>المضحاة</name>
        <styleUrl>#icon-1739-757575-labelson-nodesc</styleUrl>
        <Point>
          <coordinates>
            39.82368,22.382112,0
          </coordinates>
        </Point>
      </Placemark>
      <Placemark>
        <name>المضيلف</name>
        <styleUrl>#icon-1739-757575-labelson-nodesc</styleUrl>
        <Point>
          <coordinates>
            40.966902,19.629114,0
          </coordinates>
        </Point>
      </Placemark>
      <Placemark>
        <name>المطيرد</name>
        <styleUrl>#icon-1739-757575-labelson-nodesc</styleUrl>
        <Point>
          <coordinates>
            39.50278,22.18056,0
          </coordinates>
        </Point>
      </Placemark>
      <Placemark>
        <name>المعالي</name>
        <styleUrl>#icon-1739-757575-labelson-nodesc</styleUrl>
        <Point>
          <coordinates>
            39.730554,22.684729,0
          </coordinates>
        </Point>
      </Placemark>
      <Placemark>
        <name>المعترضة</name>
        <styleUrl>#icon-1739-757575-labelson-nodesc</styleUrl>
        <Point>
          <coordinates>
            39.390278,22.41668,0
          </coordinates>
        </Point>
      </Placemark>
      <Placemark>
        <name>المعطون</name>
        <styleUrl>#icon-1739-757575-labelson-nodesc</styleUrl>
        <Point>
          <coordinates>
            39.504991,22.900271,0
          </coordinates>
        </Point>
      </Placemark>
      <Placemark>
        <name>المعلاة</name>
        <styleUrl>#icon-1739-757575-labelson-nodesc</styleUrl>
        <Point>
          <coordinates>
            40.028644,22.079,0
          </coordinates>
        </Point>
      </Placemark>
      <Placemark>
        <name>المغاربة</name>
        <styleUrl>#icon-1739-757575-labelson-nodesc</styleUrl>
        <Point>
          <coordinates>
            39.341934,22.139511,0
          </coordinates>
        </Point>
      </Placemark>
      <Placemark>
        <name>المقر</name>
        <styleUrl>#icon-1739-757575-labelson-nodesc</styleUrl>
        <Point>
          <coordinates>
            39.375837,21.998878,0
          </coordinates>
        </Point>
      </Placemark>
      <Placemark>
        <name>المقرن</name>
        <styleUrl>#icon-1739-757575-labelson-nodesc</styleUrl>
        <Point>
          <coordinates>
            41.749442,23.316379,0
          </coordinates>
        </Point>
      </Placemark>
      <Placemark>
        <name>المقوع</name>
        <styleUrl>#icon-1739-757575-labelson-nodesc</styleUrl>
        <Point>
          <coordinates>
            39.366653,22.150283,0
          </coordinates>
        </Point>
      </Placemark>
      <Placemark>
        <name>المقيتلة</name>
        <styleUrl>#icon-1739-757575-labelson-nodesc</styleUrl>
        <Point>
          <coordinates>
            39.191666,23.083327,0
          </coordinates>
        </Point>
      </Placemark>
      <Placemark>
        <name>المكسر</name>
        <styleUrl>#icon-1739-757575-labelson-nodesc</styleUrl>
        <Point>
          <coordinates>
            39.634466,22.064431,0
          </coordinates>
        </Point>
      </Placemark>
      <Placemark>
        <name>الملاحي</name>
        <styleUrl>#icon-1739-757575-labelson-nodesc</styleUrl>
        <Point>
          <coordinates>
            39.300005,22.144446,0
          </coordinates>
        </Point>
      </Placemark>
      <Placemark>
        <name>الملص</name>
        <styleUrl>#icon-1739-757575-labelson-nodesc</styleUrl>
        <Point>
          <coordinates>
            39.26666,22.758329,0
          </coordinates>
        </Point>
      </Placemark>
      <Placemark>
        <name>الملقاة</name>
        <styleUrl>#icon-1739-757575-labelson-nodesc</styleUrl>
        <Point>
          <coordinates>
            39.522221,21.977785,0
          </coordinates>
        </Point>
      </Placemark>
      <Placemark>
        <name>المنحر</name>
        <styleUrl>#icon-1739-757575-labelson-nodesc</styleUrl>
        <Point>
          <coordinates>
            39.499991,22.820835,0
          </coordinates>
        </Point>
      </Placemark>
      <Placemark>
        <name>المندسه</name>
        <styleUrl>#icon-1739-757575-labelson-nodesc</styleUrl>
        <Point>
          <coordinates>
            39.422593,22.414126,0
          </coordinates>
        </Point>
      </Placemark>
      <Placemark>
        <name>المواريد</name>
        <styleUrl>#icon-1739-757575-labelson-nodesc</styleUrl>
        <Point>
          <coordinates>
            39.9073,22.936149,0
          </coordinates>
        </Point>
      </Placemark>
      <Placemark>
        <name>المورحيه</name>
        <styleUrl>#icon-1739-757575-labelson-nodesc</styleUrl>
        <Point>
          <coordinates>
            39.51411,22.448373,0
          </coordinates>
        </Point>
      </Placemark>
      <Placemark>
        <name>الموطى</name>
        <styleUrl>#icon-1739-757575-labelson-nodesc</styleUrl>
        <Point>
          <coordinates>
            40.773504,20.435536,0
          </coordinates>
        </Point>
      </Placemark>
      <Placemark>
        <name>الميضه</name>
        <styleUrl>#icon-1739-757575-labelson-nodesc</styleUrl>
        <Point>
          <coordinates>
            39.78512,22.304349,0
          </coordinates>
        </Point>
      </Placemark>
      <Placemark>
        <name>النباع</name>
        <styleUrl>#icon-1739-757575-labelson-nodesc</styleUrl>
        <Point>
          <coordinates>
            39.333329,22.473607,0
          </coordinates>
        </Point>
      </Placemark>
      <Placemark>
        <name>النبعة</name>
        <styleUrl>#icon-1739-757575-labelson-nodesc</styleUrl>
        <Point>
          <coordinates>
            39.582775,22.067778,0
          </coordinates>
        </Point>
      </Placemark>
      <Placemark>
        <name>النجيل</name>
        <styleUrl>#icon-1739-757575-labelson-nodesc</styleUrl>
        <Point>
          <coordinates>
            39.530675,22.191503,0
          </coordinates>
        </Point>
      </Placemark>
      <Placemark>
        <name>النزة</name>
        <styleUrl>#icon-1739-757575-labelson-nodesc</styleUrl>
        <Point>
          <coordinates>
            39.541662,22.179165,0
          </coordinates>
        </Point>
      </Placemark>
      <Placemark>
        <name>النزهه</name>
        <styleUrl>#icon-1739-757575-labelson-nodesc</styleUrl>
        <Point>
          <coordinates>
            39.36661,22.005615,0
          </coordinates>
        </Point>
      </Placemark>
      <Placemark>
        <name>النصائف</name>
        <styleUrl>#icon-1739-757575-labelson-nodesc</styleUrl>
        <Point>
          <coordinates>
            38.801115,23.410556,0
          </coordinates>
        </Point>
      </Placemark>
      <Placemark>
        <name>النغرة</name>
        <styleUrl>#icon-1739-757575-labelson-nodesc</styleUrl>
        <Point>
          <coordinates>
            40.184727,21.187778,0
          </coordinates>
        </Point>
      </Placemark>
      <Placemark>
        <name>النغيريه</name>
        <styleUrl>#icon-1739-757575-labelson-nodesc</styleUrl>
        <Point>
          <coordinates>
            39.532499,22.452772,0
          </coordinates>
        </Point>
      </Placemark>
      <Placemark>
        <name>النمشه</name>
        <styleUrl>#icon-1739-757575-labelson-nodesc</styleUrl>
        <Point>
          <coordinates>
            40.860944,20.673201,0
          </coordinates>
        </Point>
      </Placemark>
      <Placemark>
        <name>النوره</name>
        <styleUrl>#icon-1739-757575-labelson-nodesc</styleUrl>
        <Point>
          <coordinates>
            39.660559,22.283878,0
          </coordinates>
        </Point>
      </Placemark>
      <Placemark>
        <name>النويبع</name>
        <styleUrl>#icon-1739-757575-labelson-nodesc</styleUrl>
        <Point>
          <coordinates>
            39.266381,22.468328,0
          </coordinates>
        </Point>
      </Placemark>
      <Placemark>
        <name>النويبع</name>
        <styleUrl>#icon-1739-757575-labelson-nodesc</styleUrl>
        <Point>
          <coordinates>
            39.251919,22.882397,0
          </coordinates>
        </Point>
      </Placemark>
      <Placemark>
        <name>الهديبية</name>
        <styleUrl>#icon-1739-757575-labelson-nodesc</styleUrl>
        <Point>
          <coordinates>
            39.441669,22.10417,0
          </coordinates>
        </Point>
      </Placemark>
      <Placemark>
        <name>الهضاب</name>
        <styleUrl>#icon-1739-757575-labelson-nodesc</styleUrl>
        <Point>
          <coordinates>
            39.48334,22.091661,0
          </coordinates>
        </Point>
      </Placemark>
      <Placemark>
        <name>الهواشم</name>
        <styleUrl>#icon-1739-757575-labelson-nodesc</styleUrl>
        <Point>
          <coordinates>
            39.401028,22.135327,0
          </coordinates>
        </Point>
      </Placemark>
      <Placemark>
        <name>العين</name>
        <styleUrl>#icon-1739-757575-labelson-nodesc</styleUrl>
        <Point>
          <coordinates>
            39.937212,22.765002,0
          </coordinates>
        </Point>
      </Placemark>
      <Placemark>
        <name>العينة</name>
        <styleUrl>#icon-1739-757575-labelson-nodesc</styleUrl>
        <Point>
          <coordinates>
            40.97379,20.295889,0
          </coordinates>
        </Point>
      </Placemark>
      <Placemark>
        <name>العيينة</name>
        <styleUrl>#icon-1739-757575-labelson-nodesc</styleUrl>
        <Point>
          <coordinates>
            39.308331,22.791674,0
          </coordinates>
        </Point>
      </Placemark>
      <Placemark>
        <name>الغائضة</name>
        <styleUrl>#icon-1739-757575-labelson-nodesc</styleUrl>
        <Point>
          <coordinates>
            39.091673,22.633338,0
          </coordinates>
        </Point>
      </Placemark>
      <Placemark>
        <name>الغاير الأعلى</name>
        <styleUrl>#icon-1739-757575-labelson-nodesc</styleUrl>
        <Point>
          <coordinates>
            40.859013,20.672472,0
          </coordinates>
        </Point>
      </Placemark>
      <Placemark>
        <name>الغاير الاسفل</name>
        <styleUrl>#icon-1739-757575-labelson-nodesc</styleUrl>
        <Point>
          <coordinates>
            40.856416,20.673158,0
          </coordinates>
        </Point>
      </Placemark>
      <Placemark>
        <name>الغبه</name>
        <styleUrl>#icon-1739-757575-labelson-nodesc</styleUrl>
        <Point>
          <coordinates>
            39.389484,22.0051,0
          </coordinates>
        </Point>
      </Placemark>
      <Placemark>
        <name>الغراء</name>
        <styleUrl>#icon-1739-757575-labelson-nodesc</styleUrl>
        <Point>
          <coordinates>
            39.26666,22.866669,0
          </coordinates>
        </Point>
      </Placemark>
      <Placemark>
        <name>الغراميل</name>
        <styleUrl>#icon-1739-757575-labelson-nodesc</styleUrl>
        <Point>
          <coordinates>
            42.903929,21.917446,0
          </coordinates>
        </Point>
      </Placemark>
      <Placemark>
        <name>الغربة</name>
        <styleUrl>#icon-1739-757575-labelson-nodesc</styleUrl>
        <Point>
          <coordinates>
            39.250009,22.741678,0
          </coordinates>
        </Point>
      </Placemark>
      <Placemark>
        <name>الغربي</name>
        <styleUrl>#icon-1739-757575-labelson-nodesc</styleUrl>
        <Point>
          <coordinates>
            40.579183,20.684209,0
          </coordinates>
        </Point>
      </Placemark>
      <Placemark>
        <name>الغرمول العود</name>
        <styleUrl>#icon-1739-757575-labelson-nodesc</styleUrl>
        <Point>
          <coordinates>
            42.912083,21.83346,0
          </coordinates>
        </Point>
      </Placemark>
      <Placemark>
        <name>الغروف</name>
        <styleUrl>#icon-1739-757575-labelson-nodesc</styleUrl>
        <Point>
          <coordinates>
            39.478319,22.440326,0
          </coordinates>
        </Point>
      </Placemark>
      <Placemark>
        <name>الغريفان</name>
        <styleUrl>#icon-1739-757575-labelson-nodesc</styleUrl>
        <Point>
          <coordinates>
            39.491665,22.438889,0
          </coordinates>
        </Point>
      </Placemark>
      <Placemark>
        <name>الغريفين</name>
        <styleUrl>#icon-1739-757575-labelson-nodesc</styleUrl>
        <Point>
          <coordinates>
            39.863763,22.442343,0
          </coordinates>
        </Point>
      </Placemark>
      <Placemark>
        <name>الغزيلة</name>
        <styleUrl>#icon-1739-757575-labelson-nodesc</styleUrl>
        <Point>
          <coordinates>
            39.507222,22.443652,0
          </coordinates>
        </Point>
      </Placemark>
      <Placemark>
        <name>الغوقة</name>
        <styleUrl>#icon-1739-757575-labelson-nodesc</styleUrl>
        <Point>
          <coordinates>
            40.774663,20.435236,0
          </coordinates>
        </Point>
      </Placemark>
      <Placemark>
        <name>الغيث</name>
        <styleUrl>#icon-1739-757575-labelson-nodesc</styleUrl>
        <Point>
          <coordinates>
            39.463448,22.005851,0
          </coordinates>
        </Point>
      </Placemark>
      <Placemark>
        <name>الفارع</name>
        <styleUrl>#icon-1739-757575-labelson-nodesc</styleUrl>
        <Point>
          <coordinates>
            39.098046,23.11635,0
          </coordinates>
        </Point>
      </Placemark>
      <Placemark>
        <name>الفارع</name>
        <styleUrl>#icon-1739-757575-labelson-nodesc</styleUrl>
        <Point>
          <coordinates>
            39.830289,22.827508,0
          </coordinates>
        </Point>
      </Placemark>
      <Placemark>
        <name>الفارع</name>
        <styleUrl>#icon-1739-757575-labelson-nodesc</styleUrl>
        <Point>
          <coordinates>
            39.441669,22.366662,0
          </coordinates>
        </Point>
      </Placemark>
      <Placemark>
        <name>الفالح</name>
        <styleUrl>#icon-1739-757575-labelson-nodesc</styleUrl>
        <Point>
          <coordinates>
            39.685879,21.958022,0
          </coordinates>
        </Point>
      </Placemark>
      <Placemark>
        <name>الفتي</name>
        <styleUrl>#icon-1739-757575-labelson-nodesc</styleUrl>
        <Point>
          <coordinates>
            40.239444,21.281419,0
          </coordinates>
        </Point>
      </Placemark>
      <Placemark>
        <name>الفج</name>
        <styleUrl>#icon-1739-757575-labelson-nodesc</styleUrl>
        <Point>
          <coordinates>
            39.526148,21.981733,0
          </coordinates>
        </Point>
      </Placemark>
      <Placemark>
        <name>الفجريه</name>
        <styleUrl>#icon-1739-757575-labelson-nodesc</styleUrl>
        <Point>
          <coordinates>
            39.351547,22.130005,0
          </coordinates>
        </Point>
      </Placemark>
      <Placemark>
        <name>الفراع</name>
        <styleUrl>#icon-1739-757575-labelson-nodesc</styleUrl>
        <Point>
          <coordinates>
            40.123336,21.449282,0
          </coordinates>
        </Point>
      </Placemark>
      <Placemark>
        <name>الفرع</name>
        <styleUrl>#icon-1739-757575-labelson-nodesc</styleUrl>
        <Point>
          <coordinates>
            40.909502,20.440836,0
          </coordinates>
        </Point>
      </Placemark>
      <Placemark>
        <name>الفرعة</name>
        <styleUrl>#icon-1739-757575-labelson-nodesc</styleUrl>
        <Point>
          <coordinates>
            40.824015,20.958073,0
          </coordinates>
        </Point>
      </Placemark>
      <Placemark>
        <name>الفطيمة</name>
        <styleUrl>#icon-1739-757575-labelson-nodesc</styleUrl>
        <Point>
          <coordinates>
            40.978253,20.60061,0
          </coordinates>
        </Point>
      </Placemark>
      <Placemark>
        <name>الفلج</name>
        <styleUrl>#icon-1739-757575-labelson-nodesc</styleUrl>
        <Point>
          <coordinates>
            39.357941,22.150369,0
          </coordinates>
        </Point>
      </Placemark>
      <Placemark>
        <name>الفلق</name>
        <styleUrl>#icon-1739-757575-labelson-nodesc</styleUrl>
        <Point>
          <coordinates>
            39.773448,22.732794,0
          </coordinates>
        </Point>
      </Placemark>
      <Placemark>
        <name>الفنادر</name>
        <styleUrl>#icon-1739-757575-labelson-nodesc</styleUrl>
        <Point>
          <coordinates>
            40.190542,21.175568,0
          </coordinates>
        </Point>
      </Placemark>
      <Placemark>
        <name>الفيت</name>
        <styleUrl>#icon-1739-757575-labelson-nodesc</styleUrl>
        <Point>
          <coordinates>
            39.283333,22.195837,0
          </coordinates>
        </Point>
      </Placemark>
      <Placemark>
        <name>الفيصليه</name>
        <styleUrl>#icon-1739-757575-labelson-nodesc</styleUrl>
        <Point>
          <coordinates>
            39.285779,22.182426,0
          </coordinates>
        </Point>
      </Placemark>
      <Placemark>
        <name>الصحراء</name>
        <styleUrl>#icon-1739-757575-labelson-nodesc</styleUrl>
        <Point>
          <coordinates>
            41.350136,23.465831,0
          </coordinates>
        </Point>
      </Placemark>
      <Placemark>
        <name>الصحن</name>
        <styleUrl>#icon-1739-757575-labelson-nodesc</styleUrl>
        <Point>
          <coordinates>
            41.41232,20.882606,0
          </coordinates>
        </Point>
      </Placemark>
      <Placemark>
        <name>الصحن</name>
        <styleUrl>#icon-1739-757575-labelson-nodesc</styleUrl>
        <Point>
          <coordinates>
            42.039721,21.604121,0
          </coordinates>
        </Point>
      </Placemark>
      <Placemark>
        <name>الصديرة</name>
        <styleUrl>#icon-1739-757575-labelson-nodesc</styleUrl>
        <Point>
          <coordinates>
            39.000006,23.366675,0
          </coordinates>
        </Point>
      </Placemark>
      <Placemark>
        <name>الصقاع</name>
        <styleUrl>#icon-1739-757575-labelson-nodesc</styleUrl>
        <Point>
          <coordinates>
            40.199726,21.18943,0
          </coordinates>
        </Point>
      </Placemark>
      <Placemark>
        <name>الصمد</name>
        <styleUrl>#icon-1739-757575-labelson-nodesc</styleUrl>
        <Point>
          <coordinates>
            39.283097,22.544589,0
          </coordinates>
        </Point>
      </Placemark>
      <Placemark>
        <name>الصمد</name>
        <styleUrl>#icon-1739-757575-labelson-nodesc</styleUrl>
        <Point>
          <coordinates>
            39.389441,21.973321,0
          </coordinates>
        </Point>
      </Placemark>
      <Placemark>
        <name>الصمد</name>
        <styleUrl>#icon-1739-757575-labelson-nodesc</styleUrl>
        <Point>
          <coordinates>
            39.37221,22.158329,0
          </coordinates>
        </Point>
      </Placemark>
      <Placemark>
        <name>الصمد</name>
        <styleUrl>#icon-1739-757575-labelson-nodesc</styleUrl>
        <Point>
          <coordinates>
            39.842091,22.170753,0
          </coordinates>
        </Point>
      </Placemark>
      <Placemark>
        <name>الصميد</name>
        <styleUrl>#icon-1739-757575-labelson-nodesc</styleUrl>
        <Point>
          <coordinates>
            39.77819,22.285531,0
          </coordinates>
        </Point>
      </Placemark>
      <Placemark>
        <name>الصميده</name>
        <styleUrl>#icon-1739-757575-labelson-nodesc</styleUrl>
        <Point>
          <coordinates>
            39.493532,22.433782,0
          </coordinates>
        </Point>
      </Placemark>
      <Placemark>
        <name>الصوامله</name>
        <styleUrl>#icon-1739-757575-labelson-nodesc</styleUrl>
        <Point>
          <coordinates>
            40.302057,20.25115,0
          </coordinates>
        </Point>
      </Placemark>
      <Placemark>
        <name>الصياحه</name>
        <styleUrl>#icon-1739-757575-labelson-nodesc</styleUrl>
        <Point>
          <coordinates>
            39.559364,22.475302,0
          </coordinates>
        </Point>
      </Placemark>
      <Placemark>
        <name>الضارب</name>
        <styleUrl>#icon-1739-757575-labelson-nodesc</styleUrl>
        <Point>
          <coordinates>
            40.767624,20.978844,0
          </coordinates>
        </Point>
      </Placemark>
      <Placemark>
        <name>الضبية</name>
        <styleUrl>#icon-1739-757575-labelson-nodesc</styleUrl>
        <Point>
          <coordinates>
            39.43182,22.42964,0
          </coordinates>
        </Point>
      </Placemark>
      <Placemark>
        <name>الضحياء</name>
        <styleUrl>#icon-1739-757575-labelson-nodesc</styleUrl>
        <Point>
          <coordinates>
            40.13252,21.171041,0
          </coordinates>
        </Point>
      </Placemark>
      <Placemark>
        <name>الضريبه</name>
        <styleUrl>#icon-1739-757575-labelson-nodesc</styleUrl>
        <Point>
          <coordinates>
            40.407264,21.930707,0
          </coordinates>
        </Point>
      </Placemark>
      <Placemark>
        <name>الضعضع</name>
        <styleUrl>#icon-1739-757575-labelson-nodesc</styleUrl>
        <Point>
          <coordinates>
            39.57917,22.750003,0
          </coordinates>
        </Point>
      </Placemark>
      <Placemark>
        <name>الطاشه</name>
        <styleUrl>#icon-1739-757575-labelson-nodesc</styleUrl>
        <Point>
          <coordinates>
            40.870707,20.956335,0
          </coordinates>
        </Point>
      </Placemark>
      <Placemark>
        <name>الطرف</name>
        <styleUrl>#icon-1739-757575-labelson-nodesc</styleUrl>
        <Point>
          <coordinates>
            42.316568,22.032158,0
          </coordinates>
        </Point>
      </Placemark>
      <Placemark>
        <name>الطرفاء</name>
        <styleUrl>#icon-1739-757575-labelson-nodesc</styleUrl>
        <Point>
          <coordinates>
            39.872775,21.708469,0
          </coordinates>
        </Point>
      </Placemark>
      <Placemark>
        <name>الطريف</name>
        <styleUrl>#icon-1739-757575-labelson-nodesc</styleUrl>
        <Point>
          <coordinates>
            39.045839,23.308332,0
          </coordinates>
        </Point>
      </Placemark>
      <Placemark>
        <name>الطفحاء</name>
        <styleUrl>#icon-1739-757575-labelson-nodesc</styleUrl>
        <Point>
          <coordinates>
            39.567904,22.243989,0
          </coordinates>
        </Point>
      </Placemark>
      <Placemark>
        <name>الطلحات</name>
        <styleUrl>#icon-1739-757575-labelson-nodesc</styleUrl>
        <Point>
          <coordinates>
            40.287552,21.13349,0
          </coordinates>
        </Point>
      </Placemark>
      <Placemark>
        <name>الطلحة</name>
        <styleUrl>#icon-1739-757575-labelson-nodesc</styleUrl>
        <Point>
          <coordinates>
            40.82556,20.962236,0
          </coordinates>
        </Point>
      </Placemark>
      <Placemark>
        <name>الطلعة</name>
        <styleUrl>#icon-1739-757575-labelson-nodesc</styleUrl>
        <Point>
          <coordinates>
            39.419632,22.127001,0
          </coordinates>
        </Point>
      </Placemark>
      <Placemark>
        <name>الطويرف</name>
        <styleUrl>#icon-1739-757575-labelson-nodesc</styleUrl>
        <Point>
          <coordinates>
            39.413881,22.123332,0
          </coordinates>
        </Point>
      </Placemark>
      <Placemark>
        <name>الطينه</name>
        <styleUrl>#icon-1739-757575-labelson-nodesc</styleUrl>
        <Point>
          <coordinates>
            39.396565,22.000358,0
          </coordinates>
        </Point>
      </Placemark>
      <Placemark>
        <name>الطينه</name>
        <styleUrl>#icon-1739-757575-labelson-nodesc</styleUrl>
        <Point>
          <coordinates>
            39.351418,22.149189,0
          </coordinates>
        </Point>
      </Placemark>
      <Placemark>
        <name>الظهر</name>
        <styleUrl>#icon-1739-757575-labelson-nodesc</styleUrl>
        <Point>
          <coordinates>
            39.333329,22.820835,0
          </coordinates>
        </Point>
      </Placemark>
      <Placemark>
        <name>العرجاء</name>
        <styleUrl>#icon-1739-757575-labelson-nodesc</styleUrl>
        <Point>
          <coordinates>
            40.822406,20.9464,0
          </coordinates>
        </Point>
      </Placemark>
      <Placemark>
        <name>العريضه</name>
        <styleUrl>#icon-1739-757575-labelson-nodesc</styleUrl>
        <Point>
          <coordinates>
            39.238079,22.482212,0
          </coordinates>
        </Point>
      </Placemark>
      <Placemark>
        <name>العزيزيه</name>
        <styleUrl>#icon-1739-757575-labelson-nodesc</styleUrl>
        <Point>
          <coordinates>
            39.344509,22.1579,0
          </coordinates>
        </Point>
      </Placemark>
      <Placemark>
        <name>العشاريه</name>
        <styleUrl>#icon-1739-757575-labelson-nodesc</styleUrl>
        <Point>
          <coordinates>
            41.097429,21.064632,0
          </coordinates>
        </Point>
      </Placemark>
      <Placemark>
        <name>العشوة</name>
        <styleUrl>#icon-1739-757575-labelson-nodesc</styleUrl>
        <Point>
          <coordinates>
            40.859721,20.675004,0
          </coordinates>
        </Point>
      </Placemark>
      <Placemark>
        <name>العطى</name>
        <styleUrl>#icon-1739-757575-labelson-nodesc</styleUrl>
        <Point>
          <coordinates>
            40.773997,20.437596,0
          </coordinates>
        </Point>
      </Placemark>
      <Placemark>
        <name>العقده</name>
        <styleUrl>#icon-1739-757575-labelson-nodesc</styleUrl>
        <Point>
          <coordinates>
            40.892229,20.653546,0
          </coordinates>
        </Point>
      </Placemark>
      <Placemark>
        <name>العقلة</name>
        <styleUrl>#icon-1739-757575-labelson-nodesc</styleUrl>
        <Point>
          <coordinates>
            39.474993,22.858322,0
          </coordinates>
        </Point>
      </Placemark>
      <Placemark>
        <name>العقلة</name>
        <styleUrl>#icon-1739-757575-labelson-nodesc</styleUrl>
        <Point>
          <coordinates>
            39.909875,22.497768,0
          </coordinates>
        </Point>
      </Placemark>
      <Placemark>
        <name>العقم</name>
        <styleUrl>#icon-1739-757575-labelson-nodesc</styleUrl>
        <Point>
          <coordinates>
            39.392231,22.008877,0
          </coordinates>
        </Point>
      </Placemark>
      <Placemark>
        <name>العملة</name>
        <styleUrl>#icon-1739-757575-labelson-nodesc</styleUrl>
        <Point>
          <coordinates>
            38.88334,23.012495,0
          </coordinates>
        </Point>
      </Placemark>
      <Placemark>
        <name>العمنه</name>
        <styleUrl>#icon-1739-757575-labelson-nodesc</styleUrl>
        <Point>
          <coordinates>
            40.195563,21.217496,0
          </coordinates>
        </Point>
      </Placemark>
      <Placemark>
        <name>العويقر</name>
        <styleUrl>#icon-1739-757575-labelson-nodesc</styleUrl>
        <Point>
          <coordinates>
            39.223616,23.091674,0
          </coordinates>
        </Point>
      </Placemark>
      <Placemark>
        <name>الشعيبه</name>
        <styleUrl>#icon-1739-757575-labelson-nodesc</styleUrl>
        <Point>
          <coordinates>
            39.44448,20.763474,0
          </coordinates>
        </Point>
      </Placemark>
      <Placemark>
        <name>الشقبة</name>
        <styleUrl>#icon-1739-757575-labelson-nodesc</styleUrl>
        <Point>
          <coordinates>
            40.767281,20.560441,0
          </coordinates>
        </Point>
      </Placemark>
      <Placemark>
        <name>الشقة</name>
        <styleUrl>#icon-1739-757575-labelson-nodesc</styleUrl>
        <Point>
          <coordinates>
            39.583333,22.858322,0
          </coordinates>
        </Point>
      </Placemark>
      <Placemark>
        <name>الشلالة</name>
        <styleUrl>#icon-1739-757575-labelson-nodesc</styleUrl>
        <Point>
          <coordinates>
            39.383326,22.436099,0
          </coordinates>
        </Point>
      </Placemark>
      <Placemark>
        <name>الشماس</name>
        <styleUrl>#icon-1739-757575-labelson-nodesc</styleUrl>
        <Point>
          <coordinates>
            41.674039,23.306787,0
          </coordinates>
        </Point>
      </Placemark>
      <Placemark>
        <name>الشميسي</name>
        <styleUrl>#icon-1739-757575-labelson-nodesc</styleUrl>
        <Point>
          <coordinates>
            39.616399,21.444454,0
          </coordinates>
        </Point>
      </Placemark>
      <Placemark>
        <name>الشوبة</name>
        <styleUrl>#icon-1739-757575-labelson-nodesc</styleUrl>
        <Point>
          <coordinates>
            39.351118,22.564716,0
          </coordinates>
        </Point>
      </Placemark>
      <Placemark>
        <name>الشيخ حسين</name>
        <styleUrl>#icon-1739-757575-labelson-nodesc</styleUrl>
        <Point>
          <coordinates>
            39.560072,21.993299,0
          </coordinates>
        </Point>
      </Placemark>
      <Placemark>
        <name>الشيخ دغاليب</name>
        <styleUrl>#icon-1739-757575-labelson-nodesc</styleUrl>
        <Point>
          <coordinates>
            39.550545,21.988106,0
          </coordinates>
        </Point>
      </Placemark>
      <Placemark>
        <name>الصبيخه</name>
        <styleUrl>#icon-1739-757575-labelson-nodesc</styleUrl>
        <Point>
          <coordinates>
            39.698389,21.759882,0
          </coordinates>
        </Point>
      </Placemark>
      <Placemark>
        <name>السد السملقي - ثمالة</name>
        <styleUrl>#icon-1739-757575-labelson-nodesc</styleUrl>
        <Point>
          <coordinates>
            40.511935,21.129177,0
          </coordinates>
        </Point>
      </Placemark>
      <Placemark>
        <name>السربين</name>
        <styleUrl>#icon-1739-757575-labelson-nodesc</styleUrl>
        <Point>
          <coordinates>
            40.881114,20.684767,0
          </coordinates>
        </Point>
      </Placemark>
      <Placemark>
        <name>السرج</name>
        <styleUrl>#icon-1739-757575-labelson-nodesc</styleUrl>
        <Point>
          <coordinates>
            39.016678,22.758329,0
          </coordinates>
        </Point>
      </Placemark>
      <Placemark>
        <name>السرحي</name>
        <styleUrl>#icon-1739-757575-labelson-nodesc</styleUrl>
        <Point>
          <coordinates>
            41.873059,23.186946,0
          </coordinates>
        </Point>
      </Placemark>
      <Placemark>
        <name>السفلى</name>
        <styleUrl>#icon-1739-757575-labelson-nodesc</styleUrl>
        <Point>
          <coordinates>
            39.642792,22.170882,0
          </coordinates>
        </Point>
      </Placemark>
      <Placemark>
        <name>السليته</name>
        <styleUrl>#icon-1739-757575-labelson-nodesc</styleUrl>
        <Point>
          <coordinates>
            39.123323,22.237186,0
          </coordinates>
        </Point>
      </Placemark>
      <Placemark>
        <name>السمان</name>
        <styleUrl>#icon-1739-757575-labelson-nodesc</styleUrl>
        <Point>
          <coordinates>
            40.028794,22.10063,0
          </coordinates>
        </Point>
      </Placemark>
      <Placemark>
        <name>السهم</name>
        <styleUrl>#icon-1739-757575-labelson-nodesc</styleUrl>
        <Point>
          <coordinates>
            39.595156,22.025506,0
          </coordinates>
        </Point>
      </Placemark>
      <Placemark>
        <name>السويلة</name>
        <styleUrl>#icon-1739-757575-labelson-nodesc</styleUrl>
        <Point>
          <coordinates>
            39.424438,22.365589,0
          </coordinates>
        </Point>
      </Placemark>
      <Placemark>
        <name>السير</name>
        <styleUrl>#icon-1739-757575-labelson-nodesc</styleUrl>
        <Point>
          <coordinates>
            39.149995,23.069444,0
          </coordinates>
        </Point>
      </Placemark>
      <Placemark>
        <name>السيسا</name>
        <styleUrl>#icon-1739-757575-labelson-nodesc</styleUrl>
        <Point>
          <coordinates>
            39.506943,21.540821,0
          </coordinates>
        </Point>
      </Placemark>
      <Placemark>
        <name>الشجنه</name>
        <styleUrl>#icon-1739-757575-labelson-nodesc</styleUrl>
        <Point>
          <coordinates>
            40.861394,20.663331,0
          </coordinates>
        </Point>
      </Placemark>
      <Placemark>
        <name>الشديق</name>
        <styleUrl>#icon-1739-757575-labelson-nodesc</styleUrl>
        <Point>
          <coordinates>
            39.364486,20.917046,0
          </coordinates>
        </Point>
      </Placemark>
      <Placemark>
        <name>الشراء</name>
        <styleUrl>#icon-1739-757575-labelson-nodesc</styleUrl>
        <Point>
          <coordinates>
            39.350839,22.767298,0
          </coordinates>
        </Point>
      </Placemark>
      <Placemark>
        <name>الشراء</name>
        <styleUrl>#icon-1739-757575-labelson-nodesc</styleUrl>
        <Point>
          <coordinates>
            39.449995,22.766676,0
          </coordinates>
        </Point>
      </Placemark>
      <Placemark>
        <name>الشرع</name>
        <styleUrl>#icon-1739-757575-labelson-nodesc</styleUrl>
        <Point>
          <coordinates>
            39.304168,22.647779,0
          </coordinates>
        </Point>
      </Placemark>
      <Placemark>
        <name>الشرفيه</name>
        <styleUrl>#icon-1739-757575-labelson-nodesc</styleUrl>
        <Point>
          <coordinates>
            39.380364,22.013168,0
          </coordinates>
        </Point>
      </Placemark>
      <Placemark>
        <name>الشرمان</name>
        <styleUrl>#icon-1739-757575-labelson-nodesc</styleUrl>
        <Point>
          <coordinates>
            40.886049,20.61857,0
          </coordinates>
        </Point>
      </Placemark>
      <Placemark>
        <name>الحزم الاحمر</name>
        <styleUrl>#icon-1739-757575-labelson-nodesc</styleUrl>
        <Point>
          <coordinates>
            41.71689,22.025356,0
          </coordinates>
        </Point>
      </Placemark>
      <Placemark>
        <name>الحزم الاحمر</name>
        <styleUrl>#icon-1739-757575-labelson-nodesc</styleUrl>
        <Point>
          <coordinates>
            42.112291,22.408354,0
          </coordinates>
        </Point>
      </Placemark>
      <Placemark>
        <name>الحشيمر</name>
        <styleUrl>#icon-1739-757575-labelson-nodesc</styleUrl>
        <Point>
          <coordinates>
            40.77198,20.442359,0
          </coordinates>
        </Point>
      </Placemark>
      <Placemark>
        <name>الحصن</name>
        <styleUrl>#icon-1739-757575-labelson-nodesc</styleUrl>
        <Point>
          <coordinates>
            39.336119,22.156398,0
          </coordinates>
        </Point>
      </Placemark>
      <Placemark>
        <name>الحلق</name>
        <styleUrl>#icon-1739-757575-labelson-nodesc</styleUrl>
        <Point>
          <coordinates>
            39.166667,22.751398,0
          </coordinates>
        </Point>
      </Placemark>
      <Placemark>
        <name>الحلق</name>
        <styleUrl>#icon-1739-757575-labelson-nodesc</styleUrl>
        <Point>
          <coordinates>
            39.48334,22.161119,0
          </coordinates>
        </Point>
      </Placemark>
      <Placemark>
        <name>الحليفية</name>
        <styleUrl>#icon-1739-757575-labelson-nodesc</styleUrl>
        <Point>
          <coordinates>
            40.853734,20.67009,0
          </coordinates>
        </Point>
      </Placemark>
      <Placemark>
        <name>الحمار</name>
        <styleUrl>#icon-1739-757575-labelson-nodesc</styleUrl>
        <Point>
          <coordinates>
            42.46484,22.856777,0
          </coordinates>
        </Point>
      </Placemark>
      <Placemark>
        <name>الحمدانيه</name>
        <styleUrl>#icon-1739-757575-labelson-nodesc</styleUrl>
        <Point>
          <coordinates>
            39.488554,22.112174,0
          </coordinates>
        </Point>
      </Placemark>
      <Placemark>
        <name>الحمرة</name>
        <styleUrl>#icon-1739-757575-labelson-nodesc</styleUrl>
        <Point>
          <coordinates>
            39.308331,22.722216,0
          </coordinates>
        </Point>
      </Placemark>
      <Placemark>
        <name>الحمنه</name>
        <styleUrl>#icon-1739-757575-labelson-nodesc</styleUrl>
        <Point>
          <coordinates>
            39.920154,22.97621,0
          </coordinates>
        </Point>
      </Placemark>
      <Placemark>
        <name>الحميراء</name>
        <styleUrl>#icon-1739-757575-labelson-nodesc</styleUrl>
        <Point>
          <coordinates>
            39.366674,22.28332,0
          </coordinates>
        </Point>
      </Placemark>
      <Placemark>
        <name>الحميرات</name>
        <styleUrl>#icon-1739-757575-labelson-nodesc</styleUrl>
        <Point>
          <coordinates>
            39.404569,22.16114,0
          </coordinates>
        </Point>
      </Placemark>
      <Placemark>
        <name>الحميمة</name>
        <styleUrl>#icon-1739-757575-labelson-nodesc</styleUrl>
        <Point>
          <coordinates>
            39.355559,22.397218,0
          </coordinates>
        </Point>
      </Placemark>
      <Placemark>
        <name>الحنكة</name>
        <styleUrl>#icon-1739-757575-labelson-nodesc</styleUrl>
        <Point>
          <coordinates>
            40.771894,20.441523,0
          </coordinates>
        </Point>
      </Placemark>
      <Placemark>
        <name>الحنو</name>
        <styleUrl>#icon-1739-757575-labelson-nodesc</styleUrl>
        <Point>
          <coordinates>
            39.500313,22.238731,0
          </coordinates>
        </Point>
      </Placemark>
      <Placemark>
        <name>الحنيطه</name>
        <styleUrl>#icon-1739-757575-labelson-nodesc</styleUrl>
        <Point>
          <coordinates>
            40.172689,21.211038,0
          </coordinates>
        </Point>
      </Placemark>
      <Placemark>
        <name>الحوج</name>
        <styleUrl>#icon-1739-757575-labelson-nodesc</styleUrl>
        <Point>
          <coordinates>
            39.490399,22.372434,0
          </coordinates>
        </Point>
      </Placemark>
      <Placemark>
        <name>الحومة</name>
        <styleUrl>#icon-1739-757575-labelson-nodesc</styleUrl>
        <Point>
          <coordinates>
            39.283333,22.793069,0
          </coordinates>
        </Point>
      </Placemark>
      <Placemark>
        <name>الحيد</name>
        <styleUrl>#icon-1739-757575-labelson-nodesc</styleUrl>
        <Point>
          <coordinates>
            39.213917,21.980767,0
          </coordinates>
        </Point>
      </Placemark>
      <Placemark>
        <name>الخال</name>
        <styleUrl>#icon-1739-757575-labelson-nodesc</styleUrl>
        <Point>
          <coordinates>
            41.979575,23.225977,0
          </coordinates>
        </Point>
      </Placemark>
      <Placemark>
        <name>الخبز</name>
        <styleUrl>#icon-1739-757575-labelson-nodesc</styleUrl>
        <Point>
          <coordinates>
            39.216664,22.2736,0
          </coordinates>
        </Point>
      </Placemark>
      <Placemark>
        <name>الخثوث</name>
        <styleUrl>#icon-1739-757575-labelson-nodesc</styleUrl>
        <Point>
          <coordinates>
            42.347596,22.311494,0
          </coordinates>
        </Point>
      </Placemark>
      <Placemark>
        <name>الخرنقيه</name>
        <styleUrl>#icon-1739-757575-labelson-nodesc</styleUrl>
        <Point>
          <coordinates>
            39.309683,22.141743,0
          </coordinates>
        </Point>
      </Placemark>
      <Placemark>
        <name>الخريبا</name>
        <styleUrl>#icon-1739-757575-labelson-nodesc</styleUrl>
        <Point>
          <coordinates>
            39.092553,23.100686,0
          </coordinates>
        </Point>
      </Placemark>
      <Placemark>
        <name>الخريفة</name>
        <styleUrl>#icon-1739-757575-labelson-nodesc</styleUrl>
        <Point>
          <coordinates>
            39.443042,22.230535,0
          </coordinates>
        </Point>
      </Placemark>
      <Placemark>
        <name>الخريمة</name>
        <styleUrl>#icon-1739-757575-labelson-nodesc</styleUrl>
        <Point>
          <coordinates>
            42.12641,22.546606,0
          </coordinates>
        </Point>
      </Placemark>
      <Placemark>
        <name>الخشيش</name>
        <styleUrl>#icon-1739-757575-labelson-nodesc</styleUrl>
        <Point>
          <coordinates>
            39.033329,23.222222,0
          </coordinates>
        </Point>
      </Placemark>
      <Placemark>
        <name>الخصيين</name>
        <styleUrl>#icon-1739-757575-labelson-nodesc</styleUrl>
        <Point>
          <coordinates>
            42.704759,21.89292,0
          </coordinates>
        </Point>
      </Placemark>
      <Placemark>
        <name>الخضراء</name>
        <styleUrl>#icon-1739-757575-labelson-nodesc</styleUrl>
        <Point>
          <coordinates>
            40.186937,21.185825,0
          </coordinates>
        </Point>
      </Placemark>
      <Placemark>
        <name>الخطام</name>
        <styleUrl>#icon-1739-757575-labelson-nodesc</styleUrl>
        <Point>
          <coordinates>
            39.631398,23.014319,0
          </coordinates>
        </Point>
      </Placemark>
      <Placemark>
        <name>الخليصية</name>
        <styleUrl>#icon-1739-757575-labelson-nodesc</styleUrl>
        <Point>
          <coordinates>
            39.383326,22.191675,0
          </coordinates>
        </Point>
      </Placemark>
      <Placemark>
        <name>الخليف</name>
        <styleUrl>#icon-1739-757575-labelson-nodesc</styleUrl>
        <Point>
          <coordinates>
            39.575007,22.086661,0
          </coordinates>
        </Point>
      </Placemark>
      <Placemark>
        <name>الخمص</name>
        <styleUrl>#icon-1739-757575-labelson-nodesc</styleUrl>
        <Point>
          <coordinates>
            39.133322,22.908339,0
          </coordinates>
        </Point>
      </Placemark>
      <Placemark>
        <name>الخميسي</name>
        <styleUrl>#icon-1739-757575-labelson-nodesc</styleUrl>
        <Point>
          <coordinates>
            39.25488,21.971262,0
          </coordinates>
        </Point>
      </Placemark>
      <Placemark>
        <name>الخوار</name>
        <styleUrl>#icon-1739-757575-labelson-nodesc</styleUrl>
        <Point>
          <coordinates>
            39.533336,22.194443,0
          </coordinates>
        </Point>
      </Placemark>
      <Placemark>
        <name>الخيف</name>
        <styleUrl>#icon-1739-757575-labelson-nodesc</styleUrl>
        <Point>
          <coordinates>
            39.354444,22.372777,0
          </coordinates>
        </Point>
      </Placemark>
      <Placemark>
        <name>الدارة</name>
        <styleUrl>#icon-1739-757575-labelson-nodesc</styleUrl>
        <Point>
          <coordinates>
            42.102721,20.513213,0
          </coordinates>
        </Point>
      </Placemark>
      <Placemark>
        <name>الداوية</name>
        <styleUrl>#icon-1739-757575-labelson-nodesc</styleUrl>
        <Point>
          <coordinates>
            40.858111,20.676999,0
          </coordinates>
        </Point>
      </Placemark>
      <Placemark>
        <name>الدبه</name>
        <styleUrl>#icon-1739-757575-labelson-nodesc</styleUrl>
        <Point>
          <coordinates>
            39.873977,21.732566,0
          </coordinates>
        </Point>
      </Placemark>
      <Placemark>
        <name>الدحلة</name>
        <styleUrl>#icon-1739-757575-labelson-nodesc</styleUrl>
        <Point>
          <coordinates>
            39.652169,22.2945,0
          </coordinates>
        </Point>
      </Placemark>
      <Placemark>
        <name>الدخيل</name>
        <styleUrl>#icon-1739-757575-labelson-nodesc</styleUrl>
        <Point>
          <coordinates>
            39.534817,22.45687,0
          </coordinates>
        </Point>
      </Placemark>
      <Placemark>
        <name>الدعكة</name>
        <styleUrl>#icon-1739-757575-labelson-nodesc</styleUrl>
        <Point>
          <coordinates>
            41.660006,23.005006,0
          </coordinates>
        </Point>
      </Placemark>
      <Placemark>
        <name>الدف</name>
        <styleUrl>#icon-1739-757575-labelson-nodesc</styleUrl>
        <Point>
          <coordinates>
            39.310927,22.117774,0
          </coordinates>
        </Point>
      </Placemark>
      <Placemark>
        <name>الدفارية</name>
        <styleUrl>#icon-1739-757575-labelson-nodesc</styleUrl>
        <Point>
          <coordinates>
            41.058612,20.258617,0
          </coordinates>
        </Point>
      </Placemark>
      <Placemark>
        <name>الدفينه</name>
        <styleUrl>#icon-1739-757575-labelson-nodesc</styleUrl>
        <Point>
          <coordinates>
            41.863832,23.325348,0
          </coordinates>
        </Point>
      </Placemark>
      <Placemark>
        <name>الدقيقة</name>
        <styleUrl>#icon-1739-757575-labelson-nodesc</styleUrl>
        <Point>
          <coordinates>
            39.537499,22.5,0
          </coordinates>
        </Point>
      </Placemark>
      <Placemark>
        <name>الدمين</name>
        <styleUrl>#icon-1739-757575-labelson-nodesc</styleUrl>
        <Point>
          <coordinates>
            40.023451,22.108097,0
          </coordinates>
        </Point>
      </Placemark>
      <Placemark>
        <name>الدهيساء</name>
        <styleUrl>#icon-1739-757575-labelson-nodesc</styleUrl>
        <Point>
          <coordinates>
            40.03139,22.105801,0
          </coordinates>
        </Point>
      </Placemark>
      <Placemark>
        <name>الدوارة</name>
        <styleUrl>#icon-1739-757575-labelson-nodesc</styleUrl>
        <Point>
          <coordinates>
            39.678111,22.436464,0
          </coordinates>
        </Point>
      </Placemark>
      <Placemark>
        <name>الدورية</name>
        <styleUrl>#icon-1739-757575-labelson-nodesc</styleUrl>
        <Point>
          <coordinates>
            39.342492,22.43361,0
          </coordinates>
        </Point>
      </Placemark>
      <Placemark>
        <name>الذنيب</name>
        <styleUrl>#icon-1739-757575-labelson-nodesc</styleUrl>
        <Point>
          <coordinates>
            39.050002,22.624991,0
          </coordinates>
        </Point>
      </Placemark>
      <Placemark>
        <name>الذيابات</name>
        <styleUrl>#icon-1739-757575-labelson-nodesc</styleUrl>
        <Point>
          <coordinates>
            40.934651,21.040149,0
          </coordinates>
        </Point>
      </Placemark>
      <Placemark>
        <name>الربوة العلياء</name>
        <styleUrl>#icon-1739-757575-labelson-nodesc</styleUrl>
        <Point>
          <coordinates>
            39.412766,21.981754,0
          </coordinates>
        </Point>
      </Placemark>
      <Placemark>
        <name>الربوه</name>
        <styleUrl>#icon-1739-757575-labelson-nodesc</styleUrl>
        <Point>
          <coordinates>
            41.150429,20.48182,0
          </coordinates>
        </Point>
      </Placemark>
      <Placemark>
        <name>الرجع</name>
        <styleUrl>#icon-1739-757575-labelson-nodesc</styleUrl>
        <Point>
          <coordinates>
            39.341676,22.125006,0
          </coordinates>
        </Point>
      </Placemark>
      <Placemark>
        <name>الرحاء الخرماء</name>
        <styleUrl>#icon-1739-757575-labelson-nodesc</styleUrl>
        <Point>
          <coordinates>
            41.701784,22.392969,0
          </coordinates>
        </Point>
      </Placemark>
      <Placemark>
        <name>الرحى</name>
        <styleUrl>#icon-1739-757575-labelson-nodesc</styleUrl>
        <Point>
          <coordinates>
            41.601598,22.271669,0
          </coordinates>
        </Point>
      </Placemark>
      <Placemark>
        <name>الرخمانية</name>
        <styleUrl>#icon-1739-757575-labelson-nodesc</styleUrl>
        <Point>
          <coordinates>
            39.191666,22.299993,0
          </coordinates>
        </Point>
      </Placemark>
      <Placemark>
        <name>الرديمه</name>
        <styleUrl>#icon-1739-757575-labelson-nodesc</styleUrl>
        <Point>
          <coordinates>
            39.686694,21.76692,0
          </coordinates>
        </Point>
      </Placemark>
      <Placemark>
        <name>الرشاء</name>
        <styleUrl>#icon-1739-757575-labelson-nodesc</styleUrl>
        <Point>
          <coordinates>
            41.596384,22.973056,0
          </coordinates>
        </Point>
      </Placemark>
      <Placemark>
        <name>الرضم</name>
        <styleUrl>#icon-1739-757575-labelson-nodesc</styleUrl>
        <Point>
          <coordinates>
            42.232926,21.967485,0
          </coordinates>
        </Point>
      </Placemark>
      <Placemark>
        <name>الرغامة</name>
        <styleUrl>#icon-1739-757575-labelson-nodesc</styleUrl>
        <Point>
          <coordinates>
            39.424996,22.450004,0
          </coordinates>
        </Point>
      </Placemark>
      <Placemark>
        <name>الركبة</name>
        <styleUrl>#icon-1739-757575-labelson-nodesc</styleUrl>
        <Point>
          <coordinates>
            40.284827,21.140206,0
          </coordinates>
        </Point>
      </Placemark>
      <Placemark>
        <name>الرهوة</name>
        <styleUrl>#icon-1739-757575-labelson-nodesc</styleUrl>
        <Point>
          <coordinates>
            39.799111,22.17159,0
          </coordinates>
        </Point>
      </Placemark>
      <Placemark>
        <name>الروايضه</name>
        <styleUrl>#icon-1739-757575-labelson-nodesc</styleUrl>
        <Point>
          <coordinates>
            39.404762,22.158222,0
          </coordinates>
        </Point>
      </Placemark>
      <Placemark>
        <name>الروضات</name>
        <styleUrl>#icon-1739-757575-labelson-nodesc</styleUrl>
        <Point>
          <coordinates>
            41.834521,21.227775,0
          </coordinates>
        </Point>
      </Placemark>
      <Placemark>
        <name>الروضة</name>
        <styleUrl>#icon-1739-757575-labelson-nodesc</styleUrl>
        <Point>
          <coordinates>
            39.493146,22.313039,0
          </coordinates>
        </Point>
      </Placemark>
      <Placemark>
        <name>الريع</name>
        <styleUrl>#icon-1739-757575-labelson-nodesc</styleUrl>
        <Point>
          <coordinates>
            40.873947,21.006632,0
          </coordinates>
        </Point>
      </Placemark>
      <Placemark>
        <name>الزابن</name>
        <styleUrl>#icon-1739-757575-labelson-nodesc</styleUrl>
        <Point>
          <coordinates>
            39.635561,22.53195,0
          </coordinates>
        </Point>
      </Placemark>
      <Placemark>
        <name>الزريب</name>
        <styleUrl>#icon-1739-757575-labelson-nodesc</styleUrl>
        <Point>
          <coordinates>
            39.970751,21.92045,0
          </coordinates>
        </Point>
      </Placemark>
      <Placemark>
        <name>الزوايدة</name>
        <styleUrl>#icon-1739-757575-labelson-nodesc</styleUrl>
        <Point>
          <coordinates>
            39.238615,23.039725,0
          </coordinates>
        </Point>
      </Placemark>
      <Placemark>
        <name>الساعد</name>
        <styleUrl>#icon-1739-757575-labelson-nodesc</styleUrl>
        <Point>
          <coordinates>
            40.225389,21.882105,0
          </coordinates>
        </Point>
      </Placemark>
      <Placemark>
        <name>السبخة</name>
        <styleUrl>#icon-1739-757575-labelson-nodesc</styleUrl>
        <Point>
          <coordinates>
            40.723958,22.64441,0
          </coordinates>
        </Point>
      </Placemark>
      <Placemark>
        <name>ابرق ابا الغبيس</name>
        <styleUrl>#icon-1739-757575-labelson-nodesc</styleUrl>
        <Point>
          <coordinates>
            42.312233,22.47689,0
          </coordinates>
        </Point>
      </Placemark>
      <Placemark>
        <name>ابرق ابو الهران</name>
        <styleUrl>#icon-1739-757575-labelson-nodesc</styleUrl>
        <Point>
          <coordinates>
            42.345471,22.81708,0
          </coordinates>
        </Point>
      </Placemark>
      <Placemark>
        <name>ابرق الحليج</name>
        <styleUrl>#icon-1739-757575-labelson-nodesc</styleUrl>
        <Point>
          <coordinates>
            43.270319,20.974467,0
          </coordinates>
        </Point>
      </Placemark>
      <Placemark>
        <name>ابرق الخنفرية</name>
        <styleUrl>#icon-1739-757575-labelson-nodesc</styleUrl>
        <Point>
          <coordinates>
            41.574926,22.348938,0
          </coordinates>
        </Point>
      </Placemark>
      <Placemark>
        <name>ابرق الزهر</name>
        <styleUrl>#icon-1739-757575-labelson-nodesc</styleUrl>
        <Point>
          <coordinates>
            43.402863,22.525685,0
          </coordinates>
        </Point>
      </Placemark>
      <Placemark>
        <name>ابرق الزهر</name>
        <styleUrl>#icon-1739-757575-labelson-nodesc</styleUrl>
        <Point>
          <coordinates>
            43.402863,22.525706,0
          </coordinates>
        </Point>
      </Placemark>
      <Placemark>
        <name>ابرق القتلى</name>
        <styleUrl>#icon-1739-757575-labelson-nodesc</styleUrl>
        <Point>
          <coordinates>
            43.403614,21.644375,0
          </coordinates>
        </Point>
      </Placemark>
      <Placemark>
        <name>ابرق القمقوم</name>
        <styleUrl>#icon-1739-757575-labelson-nodesc</styleUrl>
        <Point>
          <coordinates>
            41.255722,22.353744,0
          </coordinates>
        </Point>
      </Placemark>
      <Placemark>
        <name>ابرق رضيوين</name>
        <styleUrl>#icon-1739-757575-labelson-nodesc</styleUrl>
        <Point>
          <coordinates>
            41.283016,22.131572,0
          </coordinates>
        </Point>
      </Placemark>
      <Placemark>
        <name>ابرق عقيل</name>
        <styleUrl>#icon-1739-757575-labelson-nodesc</styleUrl>
        <Point>
          <coordinates>
            41.549134,22.173479,0
          </coordinates>
        </Point>
      </Placemark>
      <Placemark>
        <name>ابرق عويقر</name>
        <styleUrl>#icon-1739-757575-labelson-nodesc</styleUrl>
        <Point>
          <coordinates>
            40.794983,22.588749,0
          </coordinates>
        </Point>
      </Placemark>
      <Placemark>
        <name>ابو سليم</name>
        <styleUrl>#icon-1739-757575-labelson-nodesc</styleUrl>
        <Point>
          <coordinates>
            39.349444,22.164896,0
          </coordinates>
        </Point>
      </Placemark>
      <Placemark>
        <name>ابو عراد</name>
        <styleUrl>#icon-1739-757575-labelson-nodesc</styleUrl>
        <Point>
          <coordinates>
            41.174998,22.15318,0
          </coordinates>
        </Point>
      </Placemark>
      <Placemark>
        <name>اخرم</name>
        <styleUrl>#icon-1739-757575-labelson-nodesc</styleUrl>
        <Point>
          <coordinates>
            39.408324,22.244439,0
          </coordinates>
        </Point>
      </Placemark>
      <Placemark>
        <name>الأبواء</name>
        <styleUrl>#icon-1739-757575-labelson-nodesc</styleUrl>
        <Point>
          <coordinates>
            39.075193,23.109226,0
          </coordinates>
        </Point>
      </Placemark>
      <Placemark>
        <name>الأخيرم</name>
        <styleUrl>#icon-1739-757575-labelson-nodesc</styleUrl>
        <Point>
          <coordinates>
            39.363885,22.213883,0
          </coordinates>
        </Point>
      </Placemark>
      <Placemark>
        <name>الأخيضر</name>
        <styleUrl>#icon-1739-757575-labelson-nodesc</styleUrl>
        <Point>
          <coordinates>
            39.444394,22.180603,0
          </coordinates>
        </Point>
      </Placemark>
      <Placemark>
        <name>الأخيضرات</name>
        <styleUrl>#icon-1739-757575-labelson-nodesc</styleUrl>
        <Point>
          <coordinates>
            39.300005,22.138889,0
          </coordinates>
        </Point>
      </Placemark>
      <Placemark>
        <name>الأزرق</name>
        <styleUrl>#icon-1739-757575-labelson-nodesc</styleUrl>
        <Point>
          <coordinates>
            39.327772,22.033339,0
          </coordinates>
        </Point>
      </Placemark>
      <Placemark>
        <name>الأصافر</name>
        <styleUrl>#icon-1739-757575-labelson-nodesc</styleUrl>
        <Point>
          <coordinates>
            39.16111,22.983334,0
          </coordinates>
        </Point>
      </Placemark>
      <Placemark>
        <name>الإثنين</name>
        <styleUrl>#icon-1739-757575-labelson-nodesc</styleUrl>
        <Point>
          <coordinates>
            39.513896,21.995831,0
          </coordinates>
        </Point>
      </Placemark>
      <Placemark>
        <name>الباب</name>
        <styleUrl>#icon-1739-757575-labelson-nodesc</styleUrl>
        <Point>
          <coordinates>
            39.865286,22.649989,0
          </coordinates>
        </Point>
      </Placemark>
      <Placemark>
        <name>البازان</name>
        <styleUrl>#icon-1739-757575-labelson-nodesc</styleUrl>
        <Point>
          <coordinates>
            39.202502,22.863364,0
          </coordinates>
        </Point>
      </Placemark>
      <Placemark>
        <name>البثنة</name>
        <styleUrl>#icon-1739-757575-labelson-nodesc</styleUrl>
        <Point>
          <coordinates>
            38.95973,23.342493,0
          </coordinates>
        </Point>
      </Placemark>
      <Placemark>
        <name>البحره</name>
        <styleUrl>#icon-1739-757575-labelson-nodesc</styleUrl>
        <Point>
          <coordinates>
            39.949293,22.704191,0
          </coordinates>
        </Point>
      </Placemark>
      <Placemark>
        <name>البحول</name>
        <styleUrl>#icon-1739-757575-labelson-nodesc</styleUrl>
        <Point>
          <coordinates>
            39.434288,22.438159,0
          </coordinates>
        </Point>
      </Placemark>
      <Placemark>
        <name>البخترية</name>
        <styleUrl>#icon-1739-757575-labelson-nodesc</styleUrl>
        <Point>
          <coordinates>
            39.36249,22.413054,0
          </coordinates>
        </Point>
      </Placemark>
      <Placemark>
        <name>البرزة</name>
        <styleUrl>#icon-1739-757575-labelson-nodesc</styleUrl>
        <Point>
          <coordinates>
            39.696372,21.970532,0
          </coordinates>
        </Point>
      </Placemark>
      <Placemark>
        <name>البرقاء</name>
        <styleUrl>#icon-1739-757575-labelson-nodesc</styleUrl>
        <Point>
          <coordinates>
            39.319017,22.155025,0
          </coordinates>
        </Point>
      </Placemark>
      <Placemark>
        <name>البرقاء</name>
        <styleUrl>#icon-1739-757575-labelson-nodesc</styleUrl>
        <Point>
          <coordinates>
            39.437249,22.167277,0
          </coordinates>
        </Point>
      </Placemark>
      <Placemark>
        <name>البركه</name>
        <styleUrl>#icon-1739-757575-labelson-nodesc</styleUrl>
        <Point>
          <coordinates>
            39.371288,22.571282,0
          </coordinates>
        </Point>
      </Placemark>
      <Placemark>
        <name>البرهمية</name>
        <styleUrl>#icon-1739-757575-labelson-nodesc</styleUrl>
        <Point>
          <coordinates>
            39.811106,22.727773,0
          </coordinates>
        </Point>
      </Placemark>
      <Placemark>
        <name>البريقاء</name>
        <styleUrl>#icon-1739-757575-labelson-nodesc</styleUrl>
        <Point>
          <coordinates>
            40.080271,21.647229,0
          </coordinates>
        </Point>
      </Placemark>
      <Placemark>
        <name>البساتين</name>
        <styleUrl>#icon-1739-757575-labelson-nodesc</styleUrl>
        <Point>
          <coordinates>
            39.349444,22.542079,0
          </coordinates>
        </Point>
      </Placemark>
      <Placemark>
        <name>البقيعة</name>
        <styleUrl>#icon-1739-757575-labelson-nodesc</styleUrl>
        <Point>
          <coordinates>
            39.892216,22.967498,0
          </coordinates>
        </Point>
      </Placemark>
      <Placemark>
        <name>البقيلة</name>
        <styleUrl>#icon-1739-757575-labelson-nodesc</styleUrl>
        <Point>
          <coordinates>
            39.008331,22.741678,0
          </coordinates>
        </Point>
      </Placemark>
      <Placemark>
        <name>البكاوية</name>
        <styleUrl>#icon-1739-757575-labelson-nodesc</styleUrl>
        <Point>
          <coordinates>
            39.224989,22.216673,0
          </coordinates>
        </Point>
      </Placemark>
      <Placemark>
        <name>البناية</name>
        <styleUrl>#icon-1739-757575-labelson-nodesc</styleUrl>
        <Point>
          <coordinates>
            40.015297,21.934462,0
          </coordinates>
        </Point>
      </Placemark>
      <Placemark>
        <name>البيار</name>
        <styleUrl>#icon-1739-757575-labelson-nodesc</styleUrl>
        <Point>
          <coordinates>
            39.663069,22.643917,0
          </coordinates>
        </Point>
      </Placemark>
      <Placemark>
        <name>البيار</name>
        <styleUrl>#icon-1739-757575-labelson-nodesc</styleUrl>
        <Point>
          <coordinates>
            39.725404,23.01522,0
          </coordinates>
        </Point>
      </Placemark>
      <Placemark>
        <name>البيشي</name>
        <styleUrl>#icon-1739-757575-labelson-nodesc</styleUrl>
        <Point>
          <coordinates>
            39.495549,22.29862,0
          </coordinates>
        </Point>
      </Placemark>
      <Placemark>
        <name>الجحفه</name>
        <styleUrl>#icon-1739-757575-labelson-nodesc</styleUrl>
        <Point>
          <coordinates>
            39.468727,22.434854,0
          </coordinates>
        </Point>
      </Placemark>
      <Placemark>
        <name>الجدره</name>
        <styleUrl>#icon-1739-757575-labelson-nodesc</styleUrl>
        <Point>
          <coordinates>
            40.146253,21.847794,0
          </coordinates>
        </Point>
      </Placemark>
      <Placemark>
        <name>الجرثمية</name>
        <styleUrl>#icon-1739-757575-labelson-nodesc</styleUrl>
        <Point>
          <coordinates>
            42.73025,21.183958,0
          </coordinates>
        </Point>
      </Placemark>
      <Placemark>
        <name>الجضعة</name>
        <styleUrl>#icon-1739-757575-labelson-nodesc</styleUrl>
        <Point>
          <coordinates>
            39.325004,22.869437,0
          </coordinates>
        </Point>
      </Placemark>
      <Placemark>
        <name>الجميعيه</name>
        <styleUrl>#icon-1739-757575-labelson-nodesc</styleUrl>
        <Point>
          <coordinates>
            39.552112,22.475495,0
          </coordinates>
        </Point>
      </Placemark>
      <Placemark>
        <name>الجميماء</name>
        <styleUrl>#icon-1739-757575-labelson-nodesc</styleUrl>
        <Point>
          <coordinates>
            41.790555,23.700557,0
          </coordinates>
        </Point>
      </Placemark>
      <Placemark>
        <name>الجوبة</name>
        <styleUrl>#icon-1739-757575-labelson-nodesc</styleUrl>
        <Point>
          <coordinates>
            41.771672,23.302774,0
          </coordinates>
        </Point>
      </Placemark>
      <Placemark>
        <name>الجويف</name>
        <styleUrl>#icon-1739-757575-labelson-nodesc</styleUrl>
        <Point>
          <coordinates>
            42.192821,21.818333,0
          </coordinates>
        </Point>
      </Placemark>
      <Placemark>
        <name>الحاجر</name>
        <styleUrl>#icon-1739-757575-labelson-nodesc</styleUrl>
        <Point>
          <coordinates>
            38.870831,23.25001,0
          </coordinates>
        </Point>
      </Placemark>
      <Placemark>
        <name>الحاوي</name>
        <styleUrl>#icon-1739-757575-labelson-nodesc</styleUrl>
        <Point>
          <coordinates>
            39.465444,22.439232,0
          </coordinates>
        </Point>
      </Placemark>
      <Placemark>
        <name>الحباله</name>
        <styleUrl>#icon-1739-757575-labelson-nodesc</styleUrl>
        <Point>
          <coordinates>
            40.853112,20.675797,0
          </coordinates>
        </Point>
      </Placemark>
      <Placemark>
        <name>الحجبه</name>
        <styleUrl>#icon-1739-757575-labelson-nodesc</styleUrl>
        <Point>
          <coordinates>
            40.76962,20.781584,0
          </coordinates>
        </Point>
      </Placemark>
      <Placemark>
        <name>الحجور</name>
        <styleUrl>#icon-1739-757575-labelson-nodesc</styleUrl>
        <Point>
          <coordinates>
            39.345839,22.39445,0
          </coordinates>
        </Point>
      </Placemark>
      <Placemark>
        <name>الحديباء</name>
        <styleUrl>#icon-1739-757575-labelson-nodesc</styleUrl>
        <Point>
          <coordinates>
            41.777809,21.742716,0
          </coordinates>
        </Point>
      </Placemark>
      <Placemark>
        <name>الحراشفة</name>
        <styleUrl>#icon-1739-757575-labelson-nodesc</styleUrl>
        <Point>
          <coordinates>
            39.656932,22.402775,0
          </coordinates>
        </Point>
      </Placemark>
      <Placemark>
        <name>الحراشنه</name>
        <styleUrl>#icon-1739-757575-labelson-nodesc</styleUrl>
        <Point>
          <coordinates>
            39.492738,22.10947,0
          </coordinates>
        </Point>
      </Placemark>
      <Placemark>
        <name>الحرشاء</name>
        <styleUrl>#icon-1739-757575-labelson-nodesc</styleUrl>
        <Point>
          <coordinates>
            39.474993,22.075009,0
          </coordinates>
        </Point>
      </Placemark>
      <Placemark>
        <name>أبو الرضاف</name>
        <styleUrl>#icon-1739-757575-labelson-nodesc</styleUrl>
        <Point>
          <coordinates>
            39.608331,22.186117,0
          </coordinates>
        </Point>
      </Placemark>
      <Placemark>
        <name>أبو حليفاء</name>
        <styleUrl>#icon-1739-757575-labelson-nodesc</styleUrl>
        <Point>
          <coordinates>
            39.654937,22.101767,0
          </coordinates>
        </Point>
      </Placemark>
      <Placemark>
        <name>أبو خشبة</name>
        <styleUrl>#icon-1739-757575-labelson-nodesc</styleUrl>
        <Point>
          <coordinates>
            39.083884,22.445819,0
          </coordinates>
        </Point>
      </Placemark>
      <Placemark>
        <name>أبو شهاب</name>
        <styleUrl>#icon-1739-757575-labelson-nodesc</styleUrl>
        <Point>
          <coordinates>
            39.625003,22.504163,0
          </coordinates>
        </Point>
      </Placemark>
      <Placemark>
        <name>أبو عجب</name>
        <styleUrl>#icon-1739-757575-labelson-nodesc</styleUrl>
        <Point>
          <coordinates>
            39.525011,22.206931,0
          </coordinates>
        </Point>
      </Placemark>
      <Placemark>
        <name>أبو غشا</name>
        <styleUrl>#icon-1739-757575-labelson-nodesc</styleUrl>
        <Point>
          <coordinates>
            39.466667,22.229161,0
          </coordinates>
        </Point>
      </Placemark>
      <Placemark>
        <name>أبو مراغة</name>
        <styleUrl>#icon-1739-757575-labelson-nodesc</styleUrl>
        <Point>
          <coordinates>
            39.615283,22.127774,0
          </coordinates>
        </Point>
      </Placemark>
      <Placemark>
        <name>أبو هماج</name>
        <styleUrl>#icon-1739-757575-labelson-nodesc</styleUrl>
        <Point>
          <coordinates>
            39.520826,22.170839,0
          </coordinates>
        </Point>
      </Placemark>
      <Placemark>
        <name>أرثد</name>
        <styleUrl>#icon-1739-757575-labelson-nodesc</styleUrl>
        <Point>
          <coordinates>
            38.966661,23.050003,0
          </coordinates>
        </Point>
      </Placemark>
      <Placemark>
        <name>أرينبة</name>
        <styleUrl>#icon-1739-757575-labelson-nodesc</styleUrl>
        <Point>
          <coordinates>
            41.553898,23.247778,0
          </coordinates>
        </Point>
      </Placemark>
      <Placemark>
        <name>أم الجرم</name>
        <styleUrl>#icon-1739-757575-labelson-nodesc</styleUrl>
        <Point>
          <coordinates>
            39.459522,21.958172,0
          </coordinates>
        </Point>
      </Placemark>
      <Placemark>
        <name>أم الحرم</name>
        <styleUrl>#icon-1739-757575-labelson-nodesc</styleUrl>
        <Point>
          <coordinates>
            39.066675,22.899992,0
          </coordinates>
        </Point>
      </Placemark>
      <Placemark>
        <name>أم السمر</name>
        <styleUrl>#icon-1739-757575-labelson-nodesc</styleUrl>
        <Point>
          <coordinates>
            39.406371,22.061384,0
          </coordinates>
        </Point>
      </Placemark>
      <Placemark>
        <name>أم الضروة</name>
        <styleUrl>#icon-1739-757575-labelson-nodesc</styleUrl>
        <Point>
          <coordinates>
            40.863605,20.674446,0
          </coordinates>
        </Point>
      </Placemark>
      <Placemark>
        <name>أم الكناثي</name>
        <styleUrl>#icon-1739-757575-labelson-nodesc</styleUrl>
        <Point>
          <coordinates>
            40.25028,21.276398,0
          </coordinates>
        </Point>
      </Placemark>
      <Placemark>
        <name>أم حدا</name>
        <styleUrl>#icon-1739-757575-labelson-nodesc</styleUrl>
        <Point>
          <coordinates>
            41.633613,22.982218,0
          </coordinates>
        </Point>
      </Placemark>
      <Placemark>
        <name>أم سدرة</name>
        <styleUrl>#icon-1739-757575-labelson-nodesc</styleUrl>
        <Point>
          <coordinates>
            39.493897,21.966798,0
          </coordinates>
        </Point>
      </Placemark>
      <Placemark>
        <name>أم سريحة</name>
        <styleUrl>#icon-1739-757575-labelson-nodesc</styleUrl>
        <Point>
          <coordinates>
            39.487524,21.953645,0
          </coordinates>
        </Point>
      </Placemark>
      <Placemark>
        <name>أمج</name>
        <styleUrl>#icon-1739-757575-labelson-nodesc</styleUrl>
        <Point>
          <coordinates>
            39.630282,22.183199,0
          </coordinates>
        </Point>
      </Placemark>
      <Placemark>
        <name>مركز الملاوحة</name>
        <styleUrl>#icon-1739-757575-labelson-nodesc</styleUrl>
        <Point>
          <coordinates>
            40.965207,19.501119,0
          </coordinates>
        </Point>
      </Placemark>
      <Placemark>
        <name>المضيلف</name>
        <styleUrl>#icon-1739-757575-labelson-nodesc</styleUrl>
        <Point>
          <coordinates>
            40.966902,19.629114,0
          </coordinates>
        </Point>
      </Placemark>
      <Placemark>
        <name>راك المحسني</name>
        <styleUrl>#icon-1739-757575-labelson-nodesc</styleUrl>
        <Point>
          <coordinates>
            40.978167,19.676836,0
          </coordinates>
        </Point>
      </Placemark>
      <Placemark>
        <name>الجوبة</name>
        <styleUrl>#icon-1739-757575-labelson-nodesc</styleUrl>
        <Point>
          <coordinates>
            41.700733,19.593494,0
          </coordinates>
        </Point>
      </Placemark>
      <Placemark>
        <name>الذنبه</name>
        <styleUrl>#icon-1739-757575-labelson-nodesc</styleUrl>
        <Point>
          <coordinates>
            41.673331,19.55472,0
          </coordinates>
        </Point>
      </Placemark>
      <Placemark>
        <name>مران</name>
        <styleUrl>#icon-1739-757575-labelson-nodesc</styleUrl>
        <Point>
          <coordinates>
            41.706827,19.618921,0
          </coordinates>
        </Point>
      </Placemark>
      <Placemark>
        <name>الاسترل</name>
        <styleUrl>#icon-1739-757575-labelson-nodesc</styleUrl>
        <Point>
          <coordinates>
            41.731439,19.431338,0
          </coordinates>
        </Point>
      </Placemark>
      <Placemark>
        <name>شياح</name>
        <styleUrl>#icon-1739-757575-labelson-nodesc</styleUrl>
        <Point>
          <coordinates>
            41.481671,18.859727,0
          </coordinates>
        </Point>
      </Placemark>
      <Placemark>
        <name>غابة اشجار الاراك</name>
        <styleUrl>#icon-1739-757575-labelson-nodesc</styleUrl>
        <Point>
          <coordinates>
            41.488688,18.774648,0
          </coordinates>
        </Point>
      </Placemark>
      <Placemark>
        <name>الحداب</name>
        <styleUrl>#icon-1739-757575-labelson-nodesc</styleUrl>
        <Point>
          <coordinates>
            41.450901,18.764091,0
          </coordinates>
        </Point>
      </Placemark>
      <Placemark>
        <name>محاريف</name>
        <styleUrl>#icon-1739-757575-labelson-nodesc</styleUrl>
        <Point>
          <coordinates>
            41.465557,18.756945,0
          </coordinates>
        </Point>
      </Placemark>
      <Placemark>
        <name>مقفلة</name>
        <styleUrl>#icon-1739-757575-labelson-nodesc</styleUrl>
        <Point>
          <coordinates>
            41.46251,18.838334,0
          </coordinates>
        </Point>
      </Placemark>
      <Placemark>
        <name>الخبت</name>
        <styleUrl>#icon-1739-757575-labelson-nodesc</styleUrl>
        <Point>
          <coordinates>
            41.441889,18.769712,0
          </coordinates>
        </Point>
      </Placemark>
      <Placemark>
        <name>الشارة</name>
        <styleUrl>#icon-1739-757575-labelson-nodesc</styleUrl>
        <Point>
          <coordinates>
            41.574433,19.131381,0
          </coordinates>
        </Point>
      </Placemark>
      <Placemark>
        <name>أهالا</name>
        <styleUrl>#icon-1739-757575-labelson-nodesc</styleUrl>
        <Point>
          <coordinates>
            39.649057,22.17144,0
          </coordinates>
        </Point>
      </Placemark>
      <Placemark>
        <name>مطل نمرة</name>
        <styleUrl>#icon-1739-757575-labelson-nodesc</styleUrl>
        <Point>
          <coordinates>
            41.670739,19.57905,0
          </coordinates>
        </Point>
      </Placemark>
      <Placemark>
        <name>المستوية</name>
        <styleUrl>#icon-1739-757575-labelson-nodesc</styleUrl>
        <Point>
          <coordinates>
            42.7372104,21.6158057,0
          </coordinates>
        </Point>
      </Placemark>
      <Placemark>
        <name>ابوعشرة</name>
        <styleUrl>#icon-1739-757575-labelson-nodesc</styleUrl>
        <Point>
          <coordinates>
            42.7372104,21.5654057,0
          </coordinates>
        </Point>
      </Placemark>
      <Placemark>
        <name>الجفره</name>
        <styleUrl>#icon-1739-757575-labelson-nodesc</styleUrl>
        <Point>
          <coordinates>
            43.60331,22.08977,0
          </coordinates>
        </Point>
      </Placemark>
      <Placemark>
        <name>جفره الصاقب</name>
        <styleUrl>#icon-1739-757575-labelson-nodesc</styleUrl>
        <Point>
          <coordinates>
            43.5786000000001,22.28454,0
          </coordinates>
        </Point>
      </Placemark>
      <Placemark>
        <name>نبطاء حوفية
</name>
        <styleUrl>#icon-1739-757575-labelson-nodesc</styleUrl>
        <Point>
          <coordinates>
            43.48474,21.79161,0
          </coordinates>
        </Point>
      </Placemark>
      <Placemark>
        <name>مصفوحه
</name>
        <styleUrl>#icon-1739-757575-labelson-nodesc</styleUrl>
        <Point>
          <coordinates>
            43.71846,21.20235,0
          </coordinates>
        </Point>
      </Placemark>
      <Placemark>
        <name>الرقيقه</name>
        <styleUrl>#icon-1739-757575-labelson-nodesc</styleUrl>
        <Point>
          <coordinates>
            43.74614,21.12113,0
          </coordinates>
        </Point>
      </Placemark>
      <Placemark>
        <name>الدحل
</name>
        <styleUrl>#icon-1739-757575-labelson-nodesc</styleUrl>
        <Point>
          <coordinates>
            43.78819,21.15299,0
          </coordinates>
        </Point>
      </Placemark>
      <Placemark>
        <name>محمية مجامع الهضب
</name>
        <styleUrl>#icon-1739-757575-labelson-nodesc</styleUrl>
        <Point>
          <coordinates>
            43.77311,21.26032,0
          </coordinates>
        </Point>
      </Placemark>
    </Folder>
    <Folder>
      <name>أسماء رئيسة</name>
      <Placemark>
        <name>أبن غنام</name>
        <styleUrl>#icon-1899-DB4436-labelson-nodesc</styleUrl>
        <Point>
          <coordinates>
            41.679211,21.199322,0
          </coordinates>
        </Point>
      </Placemark>
      <Placemark>
        <name>أبو الجزعة</name>
        <styleUrl>#icon-1899-DB4436-labelson-nodesc</styleUrl>
        <Point>
          <coordinates>
            41.318057,18.643606,0
          </coordinates>
        </Point>
      </Placemark>
      <Placemark>
        <name>أبو الريش</name>
        <styleUrl>#icon-1899-DB4436-labelson-nodesc</styleUrl>
        <Point>
          <coordinates>
            41.299174,18.752224,0
          </coordinates>
        </Point>
      </Placemark>
      <Placemark>
        <name>أبو راكة</name>
        <styleUrl>#icon-1899-DB4436-labelson-nodesc</styleUrl>
        <Point>
          <coordinates>
            41.200962,20.933504,0
          </coordinates>
        </Point>
      </Placemark>
      <Placemark>
        <name>أبو عروة</name>
        <styleUrl>#icon-1899-DB4436-labelson-nodesc</styleUrl>
        <Point>
          <coordinates>
            39.706478,21.647358,0
          </coordinates>
        </Point>
      </Placemark>
      <Placemark>
        <name>أبو علي</name>
        <styleUrl>#icon-1899-DB4436-labelson-nodesc</styleUrl>
        <Point>
          <coordinates>
            41.088696,19.2453,0
          </coordinates>
        </Point>
      </Placemark>
      <Placemark>
        <name>أبو غيل</name>
        <styleUrl>#icon-1899-DB4436-labelson-nodesc</styleUrl>
        <Point>
          <coordinates>
            40.491829,21.173916,0
          </coordinates>
        </Point>
      </Placemark>
      <Placemark>
        <name>أبو مراغ</name>
        <styleUrl>#icon-1899-DB4436-labelson-nodesc</styleUrl>
        <Point>
          <coordinates>
            39.797115,21.523762,0
          </coordinates>
        </Point>
      </Placemark>
      <Placemark>
        <name>أم الجرم</name>
        <styleUrl>#icon-1899-DB4436-labelson-nodesc</styleUrl>
        <Point>
          <coordinates>
            39.457397,21.956005,0
          </coordinates>
        </Point>
      </Placemark>
      <Placemark>
        <name>أم الحاضر</name>
        <styleUrl>#icon-1899-DB4436-labelson-nodesc</styleUrl>
        <Point>
          <coordinates>
            41.321661,18.75555,0
          </coordinates>
        </Point>
      </Placemark>
      <Placemark>
        <name>أم الحناية</name>
        <styleUrl>#icon-1899-DB4436-labelson-nodesc</styleUrl>
        <Point>
          <coordinates>
            41.350286,18.754435,0
          </coordinates>
        </Point>
      </Placemark>
      <Placemark>
        <name>أم الراكة</name>
        <styleUrl>#icon-1899-DB4436-labelson-nodesc</styleUrl>
        <Point>
          <coordinates>
            39.993324,21.157608,0
          </coordinates>
        </Point>
      </Placemark>
      <Placemark>
        <name>أم الزلة</name>
        <styleUrl>#icon-1899-DB4436-labelson-nodesc</styleUrl>
        <Point>
          <coordinates>
            40.038643,21.051006,0
          </coordinates>
        </Point>
      </Placemark>
      <Placemark>
        <name>أم الشوك</name>
        <styleUrl>#icon-1899-DB4436-labelson-nodesc</styleUrl>
        <Point>
          <coordinates>
            40.609589,19.869118,0
          </coordinates>
        </Point>
      </Placemark>
      <Placemark>
        <name>أم العرمط</name>
        <styleUrl>#icon-1899-DB4436-labelson-nodesc</styleUrl>
        <Point>
          <coordinates>
            39.690964,22.35029,0
          </coordinates>
        </Point>
      </Placemark>
      <Placemark>
        <name>أم القنديل</name>
        <styleUrl>#icon-1899-DB4436-labelson-nodesc</styleUrl>
        <Point>
          <coordinates>
            40.695355,19.756057,0
          </coordinates>
        </Point>
      </Placemark>
      <Placemark>
        <name>أم الملح</name>
        <styleUrl>#icon-1899-DB4436-labelson-nodesc</styleUrl>
        <Point>
          <coordinates>
            39.450874,21.966305,0
          </coordinates>
        </Point>
      </Placemark>
      <Placemark>
        <name>أم الملح</name>
        <styleUrl>#icon-1899-DB4436-labelson-nodesc</styleUrl>
        <Point>
          <coordinates>
            39.756775,22.079601,0
          </coordinates>
        </Point>
      </Placemark>
      <Placemark>
        <name>أم حبيتر</name>
        <styleUrl>#icon-1899-DB4436-labelson-nodesc</styleUrl>
        <Point>
          <coordinates>
            40.086708,21.278629,0
          </coordinates>
        </Point>
      </Placemark>
      <Placemark>
        <name>أم راكة</name>
        <styleUrl>#icon-1899-DB4436-labelson-nodesc</styleUrl>
        <Point>
          <coordinates>
            42.079117,21.95298,0
          </coordinates>
        </Point>
      </Placemark>
      <Placemark>
        <name>أم رُبيص</name>
        <styleUrl>#icon-1899-DB4436-labelson-nodesc</styleUrl>
        <Point>
          <coordinates>
            40.752111,19.657073,0
          </coordinates>
        </Point>
      </Placemark>
      <Placemark>
        <name>أم سدرة</name>
        <styleUrl>#icon-1899-DB4436-labelson-nodesc</styleUrl>
        <Point>
          <coordinates>
            39.499283,21.973343,0
          </coordinates>
        </Point>
      </Placemark>
      <Placemark>
        <name>أم سريحة</name>
        <styleUrl>#icon-1899-DB4436-labelson-nodesc</styleUrl>
        <Point>
          <coordinates>
            39.495678,21.959438,0
          </coordinates>
        </Point>
      </Placemark>
      <Placemark>
        <name>أم شعره</name>
        <styleUrl>#icon-1899-DB4436-labelson-nodesc</styleUrl>
        <Point>
          <coordinates>
            41.217227,18.923328,0
          </coordinates>
        </Point>
      </Placemark>
      <Placemark>
        <name>أهالا</name>
        <styleUrl>#icon-1899-DB4436-labelson-nodesc</styleUrl>
        <Point>
          <coordinates>
            39.650517,22.171612,0
          </coordinates>
        </Point>
      </Placemark>
      <Placemark>
        <name>ابو جميدة</name>
        <styleUrl>#icon-1899-DB4436-labelson-nodesc</styleUrl>
        <Point>
          <coordinates>
            42.067981,22.011237,0
          </coordinates>
        </Point>
      </Placemark>
      <Placemark>
        <name>ابو حصاني</name>
        <styleUrl>#icon-1899-DB4436-labelson-nodesc</styleUrl>
        <Point>
          <coordinates>
            39.784241,21.73027,0
          </coordinates>
        </Point>
      </Placemark>
      <Placemark>
        <name>ابو شوشه</name>
        <styleUrl>#icon-1899-DB4436-labelson-nodesc</styleUrl>
        <Point>
          <coordinates>
            39.048135,22.303834,0
          </coordinates>
        </Point>
      </Placemark>
      <Placemark>
        <name>ابو صليلة</name>
        <styleUrl>#icon-1899-DB4436-labelson-nodesc</styleUrl>
        <Point>
          <coordinates>
            39.499969,22.250061,0
          </coordinates>
        </Point>
      </Placemark>
      <Placemark>
        <name>ابو قشع</name>
        <styleUrl>#icon-1899-DB4436-labelson-nodesc</styleUrl>
        <Point>
          <coordinates>
            39.028051,22.252743,0
          </coordinates>
        </Point>
      </Placemark>
      <Placemark>
        <name>ابو ملوح</name>
        <styleUrl>#icon-1899-DB4436-labelson-nodesc</styleUrl>
        <Point>
          <coordinates>
            42.187157,20.724335,0
          </coordinates>
        </Point>
      </Placemark>
      <Placemark>
        <name>اتانة</name>
        <styleUrl>#icon-1899-DB4436-labelson-nodesc</styleUrl>
        <Point>
          <coordinates>
            40.557532,20.62932,0
          </coordinates>
        </Point>
      </Placemark>
      <Placemark>
        <name>احد بني زيد</name>
        <styleUrl>#icon-1899-DB4436-labelson-nodesc</styleUrl>
        <Point>
          <coordinates>
            41.203022,19.192772,0
          </coordinates>
        </Point>
      </Placemark>
      <Placemark>
        <name>اضم</name>
        <styleUrl>#icon-1899-DB4436-labelson-nodesc</styleUrl>
        <Point>
          <coordinates>
            40.88474,20.449569,0
          </coordinates>
        </Point>
      </Placemark>
      <Placemark>
        <name>ال بن برزان</name>
        <styleUrl>#icon-1899-DB4436-labelson-nodesc</styleUrl>
        <Point>
          <coordinates>
            41.731825,19.538691,0
          </coordinates>
        </Point>
      </Placemark>
      <Placemark>
        <name>ال حفيش</name>
        <styleUrl>#icon-1899-DB4436-labelson-nodesc</styleUrl>
        <Point>
          <coordinates>
            41.825209,19.540429,0
          </coordinates>
        </Point>
      </Placemark>
      <Placemark>
        <name>ال خريم</name>
        <styleUrl>#icon-1899-DB4436-labelson-nodesc</styleUrl>
        <Point>
          <coordinates>
            41.801391,19.518628,0
          </coordinates>
        </Point>
      </Placemark>
      <Placemark>
        <name>ال شهوان</name>
        <styleUrl>#icon-1899-DB4436-labelson-nodesc</styleUrl>
        <Point>
          <coordinates>
            41.813428,19.554312,0
          </coordinates>
        </Point>
      </Placemark>
      <Placemark>
        <name>ال مشاعث</name>
        <styleUrl>#icon-1899-DB4436-labelson-nodesc</styleUrl>
        <Point>
          <coordinates>
            41.63048,19.623492,0
          </coordinates>
        </Point>
      </Placemark>
      <Placemark>
        <name>ال مقرن</name>
        <styleUrl>#icon-1899-DB4436-labelson-nodesc</styleUrl>
        <Point>
          <coordinates>
            41.720388,19.804165,0
          </coordinates>
        </Point>
      </Placemark>
      <Placemark>
        <name>الأبرق</name>
        <styleUrl>#icon-1899-DB4436-labelson-nodesc</styleUrl>
        <Point>
          <coordinates>
            38.62499,20.585568,0
          </coordinates>
        </Point>
      </Placemark>
      <Placemark>
        <name>الأبرق</name>
        <styleUrl>#icon-1899-DB4436-labelson-nodesc</styleUrl>
        <Point>
          <coordinates>
            42.844813,21.228933,0
          </coordinates>
        </Point>
      </Placemark>
      <Placemark>
        <name>الأبواء</name>
        <styleUrl>#icon-1899-DB4436-labelson-nodesc</styleUrl>
        <Point>
          <coordinates>
            39.077168,23.112144,0
          </coordinates>
        </Point>
      </Placemark>
      <Placemark>
        <name>الأخاضر</name>
        <styleUrl>#icon-1899-DB4436-labelson-nodesc</styleUrl>
        <Point>
          <coordinates>
            40.62933,21.481082,0
          </coordinates>
        </Point>
      </Placemark>
      <Placemark>
        <name>الأريقط</name>
        <styleUrl>#icon-1899-DB4436-labelson-nodesc</styleUrl>
        <Point>
          <coordinates>
            41.863403,21.559639,0
          </coordinates>
        </Point>
      </Placemark>
      <Placemark>
        <name>الأصيحر</name>
        <styleUrl>#icon-1899-DB4436-labelson-nodesc</styleUrl>
        <Point>
          <coordinates>
            40.372932,22.603426,0
          </coordinates>
        </Point>
      </Placemark>
      <Placemark>
        <name>الأملح</name>
        <styleUrl>#icon-1899-DB4436-labelson-nodesc</styleUrl>
        <Point>
          <coordinates>
            42.713814,21.170011,0
          </coordinates>
        </Point>
      </Placemark>
      <Placemark>
        <name>الاثيل</name>
        <styleUrl>#icon-1899-DB4436-labelson-nodesc</styleUrl>
        <Point>
          <coordinates>
            40.879226,21.534469,0
          </coordinates>
        </Point>
      </Placemark>
      <Placemark>
        <name>الاجوف</name>
        <styleUrl>#icon-1899-DB4436-labelson-nodesc</styleUrl>
        <Point>
          <coordinates>
            40.729945,20.939598,0
          </coordinates>
        </Point>
      </Placemark>
      <Placemark>
        <name>الاصادعه</name>
        <styleUrl>#icon-1899-DB4436-labelson-nodesc</styleUrl>
        <Point>
          <coordinates>
            41.805618,19.546952,0
          </coordinates>
        </Point>
      </Placemark>
      <Placemark>
        <name>الاصفر</name>
        <styleUrl>#icon-1899-DB4436-labelson-nodesc</styleUrl>
        <Point>
          <coordinates>
            40.741854,21.227431,0
          </coordinates>
        </Point>
      </Placemark>
      <Placemark>
        <name>الافينخ</name>
        <styleUrl>#icon-1899-DB4436-labelson-nodesc</styleUrl>
        <Point>
          <coordinates>
            42.421625,20.635006,0
          </coordinates>
        </Point>
      </Placemark>
      <Placemark>
        <name>الباثة</name>
        <styleUrl>#icon-1899-DB4436-labelson-nodesc</styleUrl>
        <Point>
          <coordinates>
            40.90991,20.371249,0
          </coordinates>
        </Point>
      </Placemark>
      <Placemark>
        <name>البادرية</name>
        <styleUrl>#icon-1899-DB4436-labelson-nodesc</styleUrl>
        <Point>
          <coordinates>
            41.639214,22.921493,0
          </coordinates>
        </Point>
      </Placemark>
      <Placemark>
        <name>الباردة</name>
        <styleUrl>#icon-1899-DB4436-labelson-nodesc</styleUrl>
        <Point>
          <coordinates>
            40.657353,21.450634,0
          </coordinates>
        </Point>
      </Placemark>
      <Placemark>
        <name>البارك</name>
        <styleUrl>#icon-1899-DB4436-labelson-nodesc</styleUrl>
        <Point>
          <coordinates>
            41.687107,19.599137,0
          </coordinates>
        </Point>
      </Placemark>
      <Placemark>
        <name>البازم</name>
        <styleUrl>#icon-1899-DB4436-labelson-nodesc</styleUrl>
        <Point>
          <coordinates>
            42.659397,21.119413,0
          </coordinates>
        </Point>
      </Placemark>
      <Placemark>
        <name>البحرة</name>
        <styleUrl>#icon-1899-DB4436-labelson-nodesc</styleUrl>
        <Point>
          <coordinates>
            41.669211,22.942157,0
          </coordinates>
        </Point>
      </Placemark>
      <Placemark>
        <name>البحول</name>
        <styleUrl>#icon-1899-DB4436-labelson-nodesc</styleUrl>
        <Point>
          <coordinates>
            39.430447,22.429104,0
          </coordinates>
        </Point>
      </Placemark>
      <Placemark>
        <name>البراكيت</name>
        <styleUrl>#icon-1899-DB4436-labelson-nodesc</styleUrl>
        <Point>
          <coordinates>
            41.308379,18.754692,0
          </coordinates>
        </Point>
      </Placemark>
      <Placemark>
        <name>البرزة</name>
        <styleUrl>#icon-1899-DB4436-labelson-nodesc</styleUrl>
        <Point>
          <coordinates>
            39.676437,21.979694,0
          </coordinates>
        </Point>
      </Placemark>
      <Placemark>
        <name>البريكة</name>
        <styleUrl>#icon-1899-DB4436-labelson-nodesc</styleUrl>
        <Point>
          <coordinates>
            39.320927,22.344131,0
          </coordinates>
        </Point>
      </Placemark>
      <Placemark>
        <name>البريكة</name>
        <styleUrl>#icon-1899-DB4436-labelson-nodesc</styleUrl>
        <Point>
          <coordinates>
            39.717636,21.785717,0
          </coordinates>
        </Point>
      </Placemark>
      <Placemark>
        <name>البريكة</name>
        <styleUrl>#icon-1899-DB4436-labelson-nodesc</styleUrl>
        <Point>
          <coordinates>
            41.890011,21.589165,0
          </coordinates>
        </Point>
      </Placemark>
      <Placemark>
        <name>البريم</name>
        <styleUrl>#icon-1899-DB4436-labelson-nodesc</styleUrl>
        <Point>
          <coordinates>
            41.208,18.936481,0
          </coordinates>
        </Point>
      </Placemark>
      <Placemark>
        <name>البلهاء</name>
        <styleUrl>#icon-1899-DB4436-labelson-nodesc</styleUrl>
        <Point>
          <coordinates>
            40.366366,20.094573,0
          </coordinates>
        </Point>
      </Placemark>
      <Placemark>
        <name>البناية</name>
        <styleUrl>#icon-1899-DB4436-labelson-nodesc</styleUrl>
        <Point>
          <coordinates>
            40.015469,21.932209,0
          </coordinates>
        </Point>
      </Placemark>
      <Placemark>
        <name>البيار</name>
        <styleUrl>#icon-1899-DB4436-labelson-nodesc</styleUrl>
        <Point>
          <coordinates>
            39.671288,22.649345,0
          </coordinates>
        </Point>
      </Placemark>
      <Placemark>
        <name>البيداء</name>
        <styleUrl>#icon-1899-DB4436-labelson-nodesc</styleUrl>
        <Point>
          <coordinates>
            40.719881,20.472143,0
          </coordinates>
        </Point>
      </Placemark>
      <Placemark>
        <name>البيضاء</name>
        <styleUrl>#icon-1899-DB4436-labelson-nodesc</styleUrl>
        <Point>
          <coordinates>
            40.448742,22.428246,0
          </coordinates>
        </Point>
      </Placemark>
      <Placemark>
        <name>البيضتين</name>
        <styleUrl>#icon-1899-DB4436-labelson-nodesc</styleUrl>
        <Point>
          <coordinates>
            41.369405,18.692443,0
          </coordinates>
        </Point>
      </Placemark>
      <Placemark>
        <name>التضبية</name>
        <styleUrl>#icon-1899-DB4436-labelson-nodesc</styleUrl>
        <Point>
          <coordinates>
            39.069271,23.101501,0
          </coordinates>
        </Point>
      </Placemark>
      <Placemark>
        <name>التنعيم</name>
        <styleUrl>#icon-1899-DB4436-labelson-nodesc</styleUrl>
        <Point>
          <coordinates>
            39.796429,21.477413,0
          </coordinates>
        </Point>
      </Placemark>
      <Placemark>
        <name>الثابتية</name>
        <styleUrl>#icon-1899-DB4436-labelson-nodesc</styleUrl>
        <Point>
          <coordinates>
            40.610426,21.403642,0
          </coordinates>
        </Point>
      </Placemark>
      <Placemark>
        <name>الثعالبه</name>
        <styleUrl>#icon-1899-DB4436-labelson-nodesc</styleUrl>
        <Point>
          <coordinates>
            41.084683,19.17243,0
          </coordinates>
        </Point>
      </Placemark>
      <Placemark>
        <name>الثلوث</name>
        <styleUrl>#icon-1899-DB4436-labelson-nodesc</styleUrl>
        <Point>
          <coordinates>
            41.375263,19.443762,0
          </coordinates>
        </Point>
      </Placemark>
      <Placemark>
        <name>الثني</name>
        <styleUrl>#icon-1899-DB4436-labelson-nodesc</styleUrl>
        <Point>
          <coordinates>
            40.873368,20.995259,0
          </coordinates>
        </Point>
      </Placemark>
      <Placemark>
        <name>الثيل</name>
        <styleUrl>#icon-1899-DB4436-labelson-nodesc</styleUrl>
        <Point>
          <coordinates>
            40.719044,21.200674,0
          </coordinates>
        </Point>
      </Placemark>
      <Placemark>
        <name>الجبوب</name>
        <styleUrl>#icon-1899-DB4436-labelson-nodesc</styleUrl>
        <Point>
          <coordinates>
            41.044729,20.998499,0
          </coordinates>
        </Point>
      </Placemark>
      <Placemark>
        <name>الجذية</name>
        <styleUrl>#icon-1899-DB4436-labelson-nodesc</styleUrl>
        <Point>
          <coordinates>
            41.127148,20.54306,0
          </coordinates>
        </Point>
      </Placemark>
      <Placemark>
        <name>الجربة</name>
        <styleUrl>#icon-1899-DB4436-labelson-nodesc</styleUrl>
        <Point>
          <coordinates>
            40.73694,21.22138,0
          </coordinates>
        </Point>
      </Placemark>
      <Placemark>
        <name>الجرد</name>
        <styleUrl>#icon-1899-DB4436-labelson-nodesc</styleUrl>
        <Point>
          <coordinates>
            41.438262,18.987508,0
          </coordinates>
        </Point>
      </Placemark>
      <Placemark>
        <name>الجرويه</name>
        <styleUrl>#icon-1899-DB4436-labelson-nodesc</styleUrl>
        <Point>
          <coordinates>
            40.786228,21.265111,0
          </coordinates>
        </Point>
      </Placemark>
      <Placemark>
        <name>الجضع</name>
        <styleUrl>#icon-1899-DB4436-labelson-nodesc</styleUrl>
        <Point>
          <coordinates>
            39.583397,21.934376,0
          </coordinates>
        </Point>
      </Placemark>
      <Placemark>
        <name>الجعرانة</name>
        <styleUrl>#icon-1899-DB4436-labelson-nodesc</styleUrl>
        <Point>
          <coordinates>
            39.955902,21.563072,0
          </coordinates>
        </Point>
      </Placemark>
      <Placemark>
        <name>الجعلان</name>
        <styleUrl>#icon-1899-DB4436-labelson-nodesc</styleUrl>
        <Point>
          <coordinates>
            41.094532,20.592499,0
          </coordinates>
        </Point>
      </Placemark>
      <Placemark>
        <name>الجعيده</name>
        <styleUrl>#icon-1899-DB4436-labelson-nodesc</styleUrl>
        <Point>
          <coordinates>
            41.571,19.665399,0
          </coordinates>
        </Point>
      </Placemark>
      <Placemark>
        <name>الجعيرة</name>
        <styleUrl>#icon-1899-DB4436-labelson-nodesc</styleUrl>
        <Point>
          <coordinates>
            42.24329,22.149811,0
          </coordinates>
        </Point>
      </Placemark>
      <Placemark>
        <name>الجلمه</name>
        <styleUrl>#icon-1899-DB4436-labelson-nodesc</styleUrl>
        <Point>
          <coordinates>
            41.179118,19.167044,0
          </coordinates>
        </Point>
      </Placemark>
      <Placemark>
        <name>الجمدة</name>
        <styleUrl>#icon-1899-DB4436-labelson-nodesc</styleUrl>
        <Point>
          <coordinates>
            42.710724,21.149712,0
          </coordinates>
        </Point>
      </Placemark>
      <Placemark>
        <name>الجموم</name>
        <styleUrl>#icon-1899-DB4436-labelson-nodesc</styleUrl>
        <Point>
          <coordinates>
            39.698925,21.616631,0
          </coordinates>
        </Point>
      </Placemark>
      <Placemark>
        <name>الجناب الاحمر</name>
        <styleUrl>#icon-1899-DB4436-labelson-nodesc</styleUrl>
        <Point>
          <coordinates>
            40.730245,20.808234,0
          </coordinates>
        </Point>
      </Placemark>
      <Placemark>
        <name>الجنابيات</name>
        <styleUrl>#icon-1899-DB4436-labelson-nodesc</styleUrl>
        <Point>
          <coordinates>
            40.585878,19.765692,0
          </coordinates>
        </Point>
      </Placemark>
      <Placemark>
        <name>الجناح</name>
        <styleUrl>#icon-1899-DB4436-labelson-nodesc</styleUrl>
        <Point>
          <coordinates>
            41.70835,19.690611,0
          </coordinates>
        </Point>
      </Placemark>
      <Placemark>
        <name>الجندل</name>
        <styleUrl>#icon-1899-DB4436-labelson-nodesc</styleUrl>
        <Point>
          <coordinates>
            41.551859,18.791707,0
          </coordinates>
        </Point>
      </Placemark>
      <Placemark>
        <name>الجنيزيه</name>
        <styleUrl>#icon-1899-DB4436-labelson-nodesc</styleUrl>
        <Point>
          <coordinates>
            38.982174,22.255189,0
          </coordinates>
        </Point>
      </Placemark>
      <Placemark>
        <name>الحاجب</name>
        <styleUrl>#icon-1899-DB4436-labelson-nodesc</styleUrl>
        <Point>
          <coordinates>
            41.007221,19.195004,0
          </coordinates>
        </Point>
      </Placemark>
      <Placemark>
        <name>الحاجب</name>
        <styleUrl>#icon-1899-DB4436-labelson-nodesc</styleUrl>
        <Point>
          <coordinates>
            41.373761,18.961608,0
          </coordinates>
        </Point>
      </Placemark>
      <Placemark>
        <name>الحاذرية</name>
        <styleUrl>#icon-1899-DB4436-labelson-nodesc</styleUrl>
        <Point>
          <coordinates>
            41.60162,21.148059,0
          </coordinates>
        </Point>
      </Placemark>
      <Placemark>
        <name>الحبواء</name>
        <styleUrl>#icon-1899-DB4436-labelson-nodesc</styleUrl>
        <Point>
          <coordinates>
            41.872716,19.39353,0
          </coordinates>
        </Point>
      </Placemark>
      <Placemark>
        <name>الحبيل</name>
        <styleUrl>#icon-1899-DB4436-labelson-nodesc</styleUrl>
        <Point>
          <coordinates>
            41.802506,19.571607,0
          </coordinates>
        </Point>
      </Placemark>
      <Placemark>
        <name>الحبيل</name>
        <styleUrl>#icon-1899-DB4436-labelson-nodesc</styleUrl>
        <Point>
          <coordinates>
            41.347926,18.973646,0
          </coordinates>
        </Point>
      </Placemark>
      <Placemark>
        <name>الحجرة</name>
        <styleUrl>#icon-1899-DB4436-labelson-nodesc</styleUrl>
        <Point>
          <coordinates>
            42.67416,21.138725,0
          </coordinates>
        </Point>
      </Placemark>
      <Placemark>
        <name>الحجره</name>
        <styleUrl>#icon-1899-DB4436-labelson-nodesc</styleUrl>
        <Point>
          <coordinates>
            41.86188,19.382093,0
          </coordinates>
        </Point>
      </Placemark>
      <Placemark>
        <name>الحجف</name>
        <styleUrl>#icon-1899-DB4436-labelson-nodesc</styleUrl>
        <Point>
          <coordinates>
            42.001998,21.861076,0
          </coordinates>
        </Point>
      </Placemark>
      <Placemark>
        <name>الحجف</name>
        <styleUrl>#icon-1899-DB4436-labelson-nodesc</styleUrl>
        <Point>
          <coordinates>
            41.24598,18.966436,0
          </coordinates>
        </Point>
      </Placemark>
      <Placemark>
        <name>الحدباء</name>
        <styleUrl>#icon-1899-DB4436-labelson-nodesc</styleUrl>
        <Point>
          <coordinates>
            39.815655,22.117882,0
          </coordinates>
        </Point>
      </Placemark>
      <Placemark>
        <name>الحدة</name>
        <styleUrl>#icon-1899-DB4436-labelson-nodesc</styleUrl>
        <Point>
          <coordinates>
            42.439671,21.052895,0
          </coordinates>
        </Point>
      </Placemark>
      <Placemark>
        <name>الحذيفة</name>
        <styleUrl>#icon-1899-DB4436-labelson-nodesc</styleUrl>
        <Point>
          <coordinates>
            41.716762,19.627397,0
          </coordinates>
        </Point>
      </Placemark>
      <Placemark>
        <name>الحذيفية</name>
        <styleUrl>#icon-1899-DB4436-labelson-nodesc</styleUrl>
        <Point>
          <coordinates>
            41.615739,21.679266,0
          </coordinates>
        </Point>
      </Placemark>
      <Placemark>
        <name>الحرش</name>
        <styleUrl>#icon-1899-DB4436-labelson-nodesc</styleUrl>
        <Point>
          <coordinates>
            41.732791,19.468653,0
          </coordinates>
        </Point>
      </Placemark>
      <Placemark>
        <name>الحزم</name>
        <styleUrl>#icon-1899-DB4436-labelson-nodesc</styleUrl>
        <Point>
          <coordinates>
            41.780813,21.476684,0
          </coordinates>
        </Point>
      </Placemark>
      <Placemark>
        <name>الحسباء</name>
        <styleUrl>#icon-1899-DB4436-labelson-nodesc</styleUrl>
        <Point>
          <coordinates>
            40.232942,21.163981,0
          </coordinates>
        </Point>
      </Placemark>
      <Placemark>
        <name>الحسن</name>
        <styleUrl>#icon-1899-DB4436-labelson-nodesc</styleUrl>
        <Point>
          <coordinates>
            40.143335,21.387999,0
          </coordinates>
        </Point>
      </Placemark>
      <Placemark>
        <name>الحسينيه</name>
        <styleUrl>#icon-1899-DB4436-labelson-nodesc</styleUrl>
        <Point>
          <coordinates>
            39.89773,21.308713,0
          </coordinates>
        </Point>
      </Placemark>
      <Placemark>
        <name>الحشرج</name>
        <styleUrl>#icon-1899-DB4436-labelson-nodesc</styleUrl>
        <Point>
          <coordinates>
            41.562138,21.08963,0
          </coordinates>
        </Point>
      </Placemark>
      <Placemark>
        <name>الحشفة</name>
        <styleUrl>#icon-1899-DB4436-labelson-nodesc</styleUrl>
        <Point>
          <coordinates>
            41.792679,21.399994,0
          </coordinates>
        </Point>
      </Placemark>
      <Placemark>
        <name>الحشو</name>
        <styleUrl>#icon-1899-DB4436-labelson-nodesc</styleUrl>
        <Point>
          <coordinates>
            41.545165,19.625466,0
          </coordinates>
        </Point>
      </Placemark>
      <Placemark>
        <name>الحصاء</name>
        <styleUrl>#icon-1899-DB4436-labelson-nodesc</styleUrl>
        <Point>
          <coordinates>
            41.5239,19.154448,0
          </coordinates>
        </Point>
      </Placemark>
      <Placemark>
        <name>الحصينية</name>
        <styleUrl>#icon-1899-DB4436-labelson-nodesc</styleUrl>
        <Point>
          <coordinates>
            39.432335,22.588921,0
          </coordinates>
        </Point>
      </Placemark>
      <Placemark>
        <name>الحطامية</name>
        <styleUrl>#icon-1899-DB4436-labelson-nodesc</styleUrl>
        <Point>
          <coordinates>
            41.323121,18.787737,0
          </coordinates>
        </Point>
      </Placemark>
      <Placemark>
        <name>الحفائر</name>
        <styleUrl>#icon-1899-DB4436-labelson-nodesc</styleUrl>
        <Point>
          <coordinates>
            40.604181,22.311108,0
          </coordinates>
        </Point>
      </Placemark>
      <Placemark>
        <name>الحفائر</name>
        <styleUrl>#icon-1899-DB4436-labelson-nodesc</styleUrl>
        <Point>
          <coordinates>
            42.963731,21.279016,0
          </coordinates>
        </Point>
      </Placemark>
      <Placemark>
        <name>الحفرة</name>
        <styleUrl>#icon-1899-DB4436-labelson-nodesc</styleUrl>
        <Point>
          <coordinates>
            40.799232,20.902627,0
          </coordinates>
        </Point>
      </Placemark>
      <Placemark>
        <name>الحفنة</name>
        <styleUrl>#icon-1899-DB4436-labelson-nodesc</styleUrl>
        <Point>
          <coordinates>
            39.909124,22.620163,0
          </coordinates>
        </Point>
      </Placemark>
      <Placemark>
        <name>الحفيرة</name>
        <styleUrl>#icon-1899-DB4436-labelson-nodesc</styleUrl>
        <Point>
          <coordinates>
            40.500755,22.595615,0
          </coordinates>
        </Point>
      </Placemark>
      <Placemark>
        <name>الحفيرة</name>
        <styleUrl>#icon-1899-DB4436-labelson-nodesc</styleUrl>
        <Point>
          <coordinates>
            41.572437,22.817466,0
          </coordinates>
        </Point>
      </Placemark>
      <Placemark>
        <name>الحفيرة</name>
        <styleUrl>#icon-1899-DB4436-labelson-nodesc</styleUrl>
        <Point>
          <coordinates>
            42.534041,22.875273,0
          </coordinates>
        </Point>
      </Placemark>
      <Placemark>
        <name>الحفيرة</name>
        <styleUrl>#icon-1899-DB4436-labelson-nodesc</styleUrl>
        <Point>
          <coordinates>
            41.53347,21.843567,0
          </coordinates>
        </Point>
      </Placemark>
      <Placemark>
        <name>الحكاك</name>
        <styleUrl>#icon-1899-DB4436-labelson-nodesc</styleUrl>
        <Point>
          <coordinates>
            39.267712,22.816372,0
          </coordinates>
        </Point>
      </Placemark>
      <Placemark>
        <name>الحلاة</name>
        <styleUrl>#icon-1899-DB4436-labelson-nodesc</styleUrl>
        <Point>
          <coordinates>
            40.65834,21.360769,0
          </coordinates>
        </Point>
      </Placemark>
      <Placemark>
        <name>الحلة</name>
        <styleUrl>#icon-1899-DB4436-labelson-nodesc</styleUrl>
        <Point>
          <coordinates>
            41.035008,19.088058,0
          </coordinates>
        </Point>
      </Placemark>
      <Placemark>
        <name>الحمره</name>
        <styleUrl>#icon-1899-DB4436-labelson-nodesc</styleUrl>
        <Point>
          <coordinates>
            41.799438,19.496956,0
          </coordinates>
        </Point>
      </Placemark>
      <Placemark>
        <name>الحمضة</name>
        <styleUrl>#icon-1899-DB4436-labelson-nodesc</styleUrl>
        <Point>
          <coordinates>
            41.602135,19.428978,0
          </coordinates>
        </Point>
      </Placemark>
      <Placemark>
        <name>الحنو</name>
        <styleUrl>#icon-1899-DB4436-labelson-nodesc</styleUrl>
        <Point>
          <coordinates>
            42.167544,22.128053,0
          </coordinates>
        </Point>
      </Placemark>
      <Placemark>
        <name>الحورة</name>
        <styleUrl>#icon-1899-DB4436-labelson-nodesc</styleUrl>
        <Point>
          <coordinates>
            40.709839,20.816689,0
          </coordinates>
        </Point>
      </Placemark>
      <Placemark>
        <name>الحوية</name>
        <styleUrl>#icon-1899-DB4436-labelson-nodesc</styleUrl>
        <Point>
          <coordinates>
            40.500498,21.442137,0
          </coordinates>
        </Point>
      </Placemark>
      <Placemark>
        <name>الحوية</name>
        <styleUrl>#icon-1899-DB4436-labelson-nodesc</styleUrl>
        <Point>
          <coordinates>
            40.723186,20.481884,0
          </coordinates>
        </Point>
      </Placemark>
      <Placemark>
        <name>الحويرس</name>
        <styleUrl>#icon-1899-DB4436-labelson-nodesc</styleUrl>
        <Point>
          <coordinates>
            41.249714,18.90584,0
          </coordinates>
        </Point>
      </Placemark>
      <Placemark>
        <name>الحيلة</name>
        <styleUrl>#icon-1899-DB4436-labelson-nodesc</styleUrl>
        <Point>
          <coordinates>
            41.38567,18.97208,0
          </coordinates>
        </Point>
      </Placemark>
      <Placemark>
        <name>الحيلة</name>
        <styleUrl>#icon-1899-DB4436-labelson-nodesc</styleUrl>
        <Point>
          <coordinates>
            41.368332,18.954721,0
          </coordinates>
        </Point>
      </Placemark>
      <Placemark>
        <name>الخالدية</name>
        <styleUrl>#icon-1899-DB4436-labelson-nodesc</styleUrl>
        <Point>
          <coordinates>
            41.570077,21.726837,0
          </coordinates>
        </Point>
      </Placemark>
      <Placemark>
        <name>الخالدية</name>
        <styleUrl>#icon-1899-DB4436-labelson-nodesc</styleUrl>
        <Point>
          <coordinates>
            42.78029,21.345556,0
          </coordinates>
        </Point>
      </Placemark>
      <Placemark>
        <name>الخالف</name>
        <styleUrl>#icon-1899-DB4436-labelson-nodesc</styleUrl>
        <Point>
          <coordinates>
            41.788001,19.43445,0
          </coordinates>
        </Point>
      </Placemark>
      <Placemark>
        <name>الخبيبة</name>
        <styleUrl>#icon-1899-DB4436-labelson-nodesc</styleUrl>
        <Point>
          <coordinates>
            41.42307,18.981113,0
          </coordinates>
        </Point>
      </Placemark>
      <Placemark>
        <name>الخديد</name>
        <styleUrl>#icon-1899-DB4436-labelson-nodesc</styleUrl>
        <Point>
          <coordinates>
            39.867926,22.455926,0
          </coordinates>
        </Point>
      </Placemark>
      <Placemark>
        <name>الخرائق</name>
        <styleUrl>#icon-1899-DB4436-labelson-nodesc</styleUrl>
        <Point>
          <coordinates>
            40.87296,21.35107,0
          </coordinates>
        </Point>
      </Placemark>
      <Placemark>
        <name>الخرابة</name>
        <styleUrl>#icon-1899-DB4436-labelson-nodesc</styleUrl>
        <Point>
          <coordinates>
            40.851202,22.19455,0
          </coordinates>
        </Point>
      </Placemark>
      <Placemark>
        <name>الخربه</name>
        <styleUrl>#icon-1899-DB4436-labelson-nodesc</styleUrl>
        <Point>
          <coordinates>
            40.813201,20.968909,0
          </coordinates>
        </Point>
      </Placemark>
      <Placemark>
        <name>الخرمة</name>
        <styleUrl>#icon-1899-DB4436-labelson-nodesc</styleUrl>
        <Point>
          <coordinates>
            42.025065,21.91397,0
          </coordinates>
        </Point>
      </Placemark>
      <Placemark>
        <name>الخريبا</name>
        <styleUrl>#icon-1899-DB4436-labelson-nodesc</styleUrl>
        <Point>
          <coordinates>
            39.084377,23.099613,0
          </coordinates>
        </Point>
      </Placemark>
      <Placemark>
        <name>الخشاشة</name>
        <styleUrl>#icon-1899-DB4436-labelson-nodesc</styleUrl>
        <Point>
          <coordinates>
            40.78979,20.902627,0
          </coordinates>
        </Point>
      </Placemark>
      <Placemark>
        <name>الخشرمه</name>
        <styleUrl>#icon-1899-DB4436-labelson-nodesc</styleUrl>
        <Point>
          <coordinates>
            40.667224,21.137223,0
          </coordinates>
        </Point>
      </Placemark>
      <Placemark>
        <name>الخشيعي</name>
        <styleUrl>#icon-1899-DB4436-labelson-nodesc</styleUrl>
        <Point>
          <coordinates>
            41.280785,18.737891,0
          </coordinates>
        </Point>
      </Placemark>
      <Placemark>
        <name>الخصرة</name>
        <styleUrl>#icon-1899-DB4436-labelson-nodesc</styleUrl>
        <Point>
          <coordinates>
            40.783825,20.357494,0
          </coordinates>
        </Point>
      </Placemark>
      <Placemark>
        <name>الخضر</name>
        <styleUrl>#icon-1899-DB4436-labelson-nodesc</styleUrl>
        <Point>
          <coordinates>
            40.474942,22.519548,0
          </coordinates>
        </Point>
      </Placemark>
      <Placemark>
        <name>الخضراء</name>
        <styleUrl>#icon-1899-DB4436-labelson-nodesc</styleUrl>
        <Point>
          <coordinates>
            39.55797,21.110272,0
          </coordinates>
        </Point>
      </Placemark>
      <Placemark>
        <name>الخفاشة</name>
        <styleUrl>#icon-1899-DB4436-labelson-nodesc</styleUrl>
        <Point>
          <coordinates>
            40.291693,21.277192,0
          </coordinates>
        </Point>
      </Placemark>
      <Placemark>
        <name>الخلاصة</name>
        <styleUrl>#icon-1899-DB4436-labelson-nodesc</styleUrl>
        <Point>
          <coordinates>
            39.925861,21.691303,0
          </coordinates>
        </Point>
      </Placemark>
      <Placemark>
        <name>الخلاصة</name>
        <styleUrl>#icon-1899-DB4436-labelson-nodesc</styleUrl>
        <Point>
          <coordinates>
            40.262554,20.886769,0
          </coordinates>
        </Point>
      </Placemark>
      <Placemark>
        <name>الخليف</name>
        <styleUrl>#icon-1899-DB4436-labelson-nodesc</styleUrl>
        <Point>
          <coordinates>
            41.671572,19.540944,0
          </coordinates>
        </Point>
      </Placemark>
      <Placemark>
        <name>الخمجان</name>
        <styleUrl>#icon-1899-DB4436-labelson-nodesc</styleUrl>
        <Point>
          <coordinates>
            41.154099,19.32641,0
          </coordinates>
        </Point>
      </Placemark>
      <Placemark>
        <name>الخنفسة</name>
        <styleUrl>#icon-1899-DB4436-labelson-nodesc</styleUrl>
        <Point>
          <coordinates>
            39.885864,22.11153,0
          </coordinates>
        </Point>
      </Placemark>
      <Placemark>
        <name>الخوار</name>
        <styleUrl>#icon-1899-DB4436-labelson-nodesc</styleUrl>
        <Point>
          <coordinates>
            39.551468,22.170239,0
          </coordinates>
        </Point>
      </Placemark>
      <Placemark>
        <name>الخوالدة</name>
        <styleUrl>#icon-1899-DB4436-labelson-nodesc</styleUrl>
        <Point>
          <coordinates>
            41.316276,18.727698,0
          </coordinates>
        </Point>
      </Placemark>
      <Placemark>
        <name>الخوالدة</name>
        <styleUrl>#icon-1899-DB4436-labelson-nodesc</styleUrl>
        <Point>
          <coordinates>
            41.294174,18.745358,0
          </coordinates>
        </Point>
      </Placemark>
      <Placemark>
        <name>الخيال</name>
        <styleUrl>#icon-1899-DB4436-labelson-nodesc</styleUrl>
        <Point>
          <coordinates>
            41.789718,19.431381,0
          </coordinates>
        </Point>
      </Placemark>
      <Placemark>
        <name>الخيع</name>
        <styleUrl>#icon-1899-DB4436-labelson-nodesc</styleUrl>
        <Point>
          <coordinates>
            41.391463,18.761194,0
          </coordinates>
        </Point>
      </Placemark>
      <Placemark>
        <name>الخيف</name>
        <styleUrl>#icon-1899-DB4436-labelson-nodesc</styleUrl>
        <Point>
          <coordinates>
            39.737549,21.688042,0
          </coordinates>
        </Point>
      </Placemark>
      <Placemark>
        <name>الخيمة</name>
        <styleUrl>#icon-1899-DB4436-labelson-nodesc</styleUrl>
        <Point>
          <coordinates>
            38.074172,23.248894,0
          </coordinates>
        </Point>
      </Placemark>
      <Placemark>
        <name>الدار البيضاء</name>
        <styleUrl>#icon-1899-DB4436-labelson-nodesc</styleUrl>
        <Point>
          <coordinates>
            42.937853,21.217303,0
          </coordinates>
        </Point>
      </Placemark>
      <Placemark>
        <name>الدبش</name>
        <styleUrl>#icon-1899-DB4436-labelson-nodesc</styleUrl>
        <Point>
          <coordinates>
            41.30971,18.744221,0
          </coordinates>
        </Point>
      </Placemark>
      <Placemark>
        <name>الدبيسية</name>
        <styleUrl>#icon-1899-DB4436-labelson-nodesc</styleUrl>
        <Point>
          <coordinates>
            41.314538,18.738985,0
          </coordinates>
        </Point>
      </Placemark>
      <Placemark>
        <name>الدبيلة</name>
        <styleUrl>#icon-1899-DB4436-labelson-nodesc</styleUrl>
        <Point>
          <coordinates>
            42.061908,21.924505,0
          </coordinates>
        </Point>
      </Placemark>
      <Placemark>
        <name>الدحلة</name>
        <styleUrl>#icon-1899-DB4436-labelson-nodesc</styleUrl>
        <Point>
          <coordinates>
            39.664421,22.293663,0
          </coordinates>
        </Point>
      </Placemark>
      <Placemark>
        <name>الدعاشيش</name>
        <styleUrl>#icon-1899-DB4436-labelson-nodesc</styleUrl>
        <Point>
          <coordinates>
            41.254027,19.027526,0
          </coordinates>
        </Point>
      </Placemark>
      <Placemark>
        <name>الدعامه</name>
        <styleUrl>#icon-1899-DB4436-labelson-nodesc</styleUrl>
        <Point>
          <coordinates>
            40.214059,20.162895,0
          </coordinates>
        </Point>
      </Placemark>
      <Placemark>
        <name>الدعدي</name>
        <styleUrl>#icon-1899-DB4436-labelson-nodesc</styleUrl>
        <Point>
          <coordinates>
            41.141524,19.131918,0
          </coordinates>
        </Point>
      </Placemark>
      <Placemark>
        <name>الدغمية</name>
        <styleUrl>#icon-1899-DB4436-labelson-nodesc</styleUrl>
        <Point>
          <coordinates>
            42.061436,21.958752,0
          </coordinates>
        </Point>
      </Placemark>
      <Placemark>
        <name>الدف</name>
        <styleUrl>#icon-1899-DB4436-labelson-nodesc</styleUrl>
        <Point>
          <coordinates>
            39.320755,22.093506,0
          </coordinates>
        </Point>
      </Placemark>
      <Placemark>
        <name>الدفينة</name>
        <styleUrl>#icon-1899-DB4436-labelson-nodesc</styleUrl>
        <Point>
          <coordinates>
            41.994338,23.302152,0
          </coordinates>
        </Point>
      </Placemark>
      <Placemark>
        <name>الدوارة</name>
        <styleUrl>#icon-1899-DB4436-labelson-nodesc</styleUrl>
        <Point>
          <coordinates>
            39.684162,22.439404,0
          </coordinates>
        </Point>
      </Placemark>
      <Placemark>
        <name>الدوح الكبير</name>
        <styleUrl>#icon-1899-DB4436-labelson-nodesc</styleUrl>
        <Point>
          <coordinates>
            39.658928,21.556892,0
          </coordinates>
        </Point>
      </Placemark>
      <Placemark>
        <name>الدور</name>
        <styleUrl>#icon-1899-DB4436-labelson-nodesc</styleUrl>
        <Point>
          <coordinates>
            39.018052,22.034433,0
          </coordinates>
        </Point>
      </Placemark>
      <Placemark>
        <name>الدور</name>
        <styleUrl>#icon-1899-DB4436-labelson-nodesc</styleUrl>
        <Point>
          <coordinates>
            41.235402,18.838227,0
          </coordinates>
        </Point>
      </Placemark>
      <Placemark>
        <name>الدوم</name>
        <styleUrl>#icon-1899-DB4436-labelson-nodesc</styleUrl>
        <Point>
          <coordinates>
            40.412135,22.602868,0
          </coordinates>
        </Point>
      </Placemark>
      <Placemark>
        <name>الذويب</name>
        <styleUrl>#icon-1899-DB4436-labelson-nodesc</styleUrl>
        <Point>
          <coordinates>
            41.64299,23.034382,0
          </coordinates>
        </Point>
      </Placemark>
      <Placemark>
        <name>الراغية</name>
        <styleUrl>#icon-1899-DB4436-labelson-nodesc</styleUrl>
        <Point>
          <coordinates>
            41.490147,23.425512,0
          </coordinates>
        </Point>
      </Placemark>
      <Placemark>
        <name>الراكة</name>
        <styleUrl>#icon-1899-DB4436-labelson-nodesc</styleUrl>
        <Point>
          <coordinates>
            40.57369,20.67539,0
          </coordinates>
        </Point>
      </Placemark>
      <Placemark>
        <name>الربوة السفلى</name>
        <styleUrl>#icon-1899-DB4436-labelson-nodesc</styleUrl>
        <Point>
          <coordinates>
            39.437656,21.954975,0
          </coordinates>
        </Point>
      </Placemark>
      <Placemark>
        <name>الربوة العليا</name>
        <styleUrl>#icon-1899-DB4436-labelson-nodesc</styleUrl>
        <Point>
          <coordinates>
            39.412766,21.981754,0
          </coordinates>
        </Point>
      </Placemark>
      <Placemark>
        <name>الرجيله</name>
        <styleUrl>#icon-1899-DB4436-labelson-nodesc</styleUrl>
        <Point>
          <coordinates>
            40.381,21.104264,0
          </coordinates>
        </Point>
      </Placemark>
      <Placemark>
        <name>الرحى</name>
        <styleUrl>#icon-1899-DB4436-labelson-nodesc</styleUrl>
        <Point>
          <coordinates>
            40.810089,20.871964,0
          </coordinates>
        </Point>
      </Placemark>
      <Placemark>
        <name>الردمة</name>
        <styleUrl>#icon-1899-DB4436-labelson-nodesc</styleUrl>
        <Point>
          <coordinates>
            41.410432,18.76261,0
          </coordinates>
        </Point>
      </Placemark>
      <Placemark>
        <name>الرصفة</name>
        <styleUrl>#icon-1899-DB4436-labelson-nodesc</styleUrl>
        <Point>
          <coordinates>
            40.816655,20.910566,0
          </coordinates>
        </Point>
      </Placemark>
      <Placemark>
        <name>الرفائع</name>
        <styleUrl>#icon-1899-DB4436-labelson-nodesc</styleUrl>
        <Point>
          <coordinates>
            41.411633,23.376224,0
          </coordinates>
        </Point>
      </Placemark>
      <Placemark>
        <name>الرفيبعه</name>
        <styleUrl>#icon-1899-DB4436-labelson-nodesc</styleUrl>
        <Point>
          <coordinates>
            41.150043,22.854288,0
          </coordinates>
        </Point>
      </Placemark>
      <Placemark>
        <name>الركنة</name>
        <styleUrl>#icon-1899-DB4436-labelson-nodesc</styleUrl>
        <Point>
          <coordinates>
            41.734872,23.34142,0
          </coordinates>
        </Point>
      </Placemark>
      <Placemark>
        <name>الرمثية</name>
        <styleUrl>#icon-1899-DB4436-labelson-nodesc</styleUrl>
        <Point>
          <coordinates>
            41.658161,23.137872,0
          </coordinates>
        </Point>
      </Placemark>
      <Placemark>
        <name>الرميدة</name>
        <styleUrl>#icon-1899-DB4436-labelson-nodesc</styleUrl>
        <Point>
          <coordinates>
            40.562725,21.323605,0
          </coordinates>
        </Point>
      </Placemark>
      <Placemark>
        <name>الرميده</name>
        <styleUrl>#icon-1899-DB4436-labelson-nodesc</styleUrl>
        <Point>
          <coordinates>
            40.855644,20.95994,0
          </coordinates>
        </Point>
      </Placemark>
      <Placemark>
        <name>الرميضة</name>
        <styleUrl>#icon-1899-DB4436-labelson-nodesc</styleUrl>
        <Point>
          <coordinates>
            41.419616,18.765163,0
          </coordinates>
        </Point>
      </Placemark>
      <Placemark>
        <name>الرنفية</name>
        <styleUrl>#icon-1899-DB4436-labelson-nodesc</styleUrl>
        <Point>
          <coordinates>
            40.360422,20.860784,0
          </coordinates>
        </Point>
      </Placemark>
      <Placemark>
        <name>الرهناء</name>
        <styleUrl>#icon-1899-DB4436-labelson-nodesc</styleUrl>
        <Point>
          <coordinates>
            39.377747,21.322403,0
          </coordinates>
        </Point>
      </Placemark>
      <Placemark>
        <name>الرهوة</name>
        <styleUrl>#icon-1899-DB4436-labelson-nodesc</styleUrl>
        <Point>
          <coordinates>
            39.81411,22.168007,0
          </coordinates>
        </Point>
      </Placemark>
      <Placemark>
        <name>الرهوة</name>
        <styleUrl>#icon-1899-DB4436-labelson-nodesc</styleUrl>
        <Point>
          <coordinates>
            41.519051,19.593086,0
          </coordinates>
        </Point>
      </Placemark>
      <Placemark>
        <name>الروابة</name>
        <styleUrl>#icon-1899-DB4436-labelson-nodesc</styleUrl>
        <Point>
          <coordinates>
            40.715311,20.506818,0
          </coordinates>
        </Point>
      </Placemark>
      <Placemark>
        <name>الروسان</name>
        <styleUrl>#icon-1899-DB4436-labelson-nodesc</styleUrl>
        <Point>
          <coordinates>
            40.659714,21.126945,0
          </coordinates>
        </Point>
      </Placemark>
      <Placemark>
        <name>الروضة</name>
        <styleUrl>#icon-1899-DB4436-labelson-nodesc</styleUrl>
        <Point>
          <coordinates>
            39.895821,21.56702,0
          </coordinates>
        </Point>
      </Placemark>
      <Placemark>
        <name>الروضة</name>
        <styleUrl>#icon-1899-DB4436-labelson-nodesc</styleUrl>
        <Point>
          <coordinates>
            40.857811,20.823877,0
          </coordinates>
        </Point>
      </Placemark>
      <Placemark>
        <name>الروضة الشمالية</name>
        <styleUrl>#icon-1899-DB4436-labelson-nodesc</styleUrl>
        <Point>
          <coordinates>
            39.975986,21.73027,0
          </coordinates>
        </Point>
      </Placemark>
      <Placemark>
        <name>الرون</name>
        <styleUrl>#icon-1899-DB4436-labelson-nodesc</styleUrl>
        <Point>
          <coordinates>
            41.342497,18.756387,0
          </coordinates>
        </Point>
      </Placemark>
      <Placemark>
        <name>الرويضات</name>
        <styleUrl>#icon-1899-DB4436-labelson-nodesc</styleUrl>
        <Point>
          <coordinates>
            40.276716,21.288972,0
          </coordinates>
        </Point>
      </Placemark>
      <Placemark>
        <name>الرويغة</name>
        <styleUrl>#icon-1899-DB4436-labelson-nodesc</styleUrl>
        <Point>
          <coordinates>
            39.627063,21.772134,0
          </coordinates>
        </Point>
      </Placemark>
      <Placemark>
        <name>الرويلية</name>
        <styleUrl>#icon-1899-DB4436-labelson-nodesc</styleUrl>
        <Point>
          <coordinates>
            41.706376,23.427594,0
          </coordinates>
        </Point>
      </Placemark>
      <Placemark>
        <name>الريان</name>
        <styleUrl>#icon-1899-DB4436-labelson-nodesc</styleUrl>
        <Point>
          <coordinates>
            39.898739,21.677914,0
          </coordinates>
        </Point>
      </Placemark>
      <Placemark>
        <name>الريش</name>
        <styleUrl>#icon-1899-DB4436-labelson-nodesc</styleUrl>
        <Point>
          <coordinates>
            41.047776,18.690555,0
          </coordinates>
        </Point>
      </Placemark>
      <Placemark>
        <name>الريع</name>
        <styleUrl>#icon-1899-DB4436-labelson-nodesc</styleUrl>
        <Point>
          <coordinates>
            40.858455,20.908248,0
          </coordinates>
        </Point>
      </Placemark>
      <Placemark>
        <name>الريع</name>
        <styleUrl>#icon-1899-DB4436-labelson-nodesc</styleUrl>
        <Point>
          <coordinates>
            41.327112,21.494,0
          </coordinates>
        </Point>
      </Placemark>
      <Placemark>
        <name>الريقة</name>
        <styleUrl>#icon-1899-DB4436-labelson-nodesc</styleUrl>
        <Point>
          <coordinates>
            40.186272,21.396883,0
          </coordinates>
        </Point>
      </Placemark>
      <Placemark>
        <name>الزباره</name>
        <styleUrl>#icon-1899-DB4436-labelson-nodesc</styleUrl>
        <Point>
          <coordinates>
            38.825619,22.966082,0
          </coordinates>
        </Point>
      </Placemark>
      <Placemark>
        <name>الزراب</name>
        <styleUrl>#icon-1899-DB4436-labelson-nodesc</styleUrl>
        <Point>
          <coordinates>
            41.796627,19.45389,0
          </coordinates>
        </Point>
      </Placemark>
      <Placemark>
        <name>الزراب</name>
        <styleUrl>#icon-1899-DB4436-labelson-nodesc</styleUrl>
        <Point>
          <coordinates>
            41.332498,18.726947,0
          </coordinates>
        </Point>
      </Placemark>
      <Placemark>
        <name>الزراع</name>
        <styleUrl>#icon-1899-DB4436-labelson-nodesc</styleUrl>
        <Point>
          <coordinates>
            39.400921,21.910171,0
          </coordinates>
        </Point>
      </Placemark>
      <Placemark>
        <name>الزريب</name>
        <styleUrl>#icon-1899-DB4436-labelson-nodesc</styleUrl>
        <Point>
          <coordinates>
            39.971459,21.918626,0
          </coordinates>
        </Point>
      </Placemark>
      <Placemark>
        <name>الزعاترة</name>
        <styleUrl>#icon-1899-DB4436-labelson-nodesc</styleUrl>
        <Point>
          <coordinates>
            41.244972,19.298601,0
          </coordinates>
        </Point>
      </Placemark>
      <Placemark>
        <name>الزغابية</name>
        <styleUrl>#icon-1899-DB4436-labelson-nodesc</styleUrl>
        <Point>
          <coordinates>
            41.306942,18.761945,0
          </coordinates>
        </Point>
      </Placemark>
      <Placemark>
        <name>الزفايفة</name>
        <styleUrl>#icon-1899-DB4436-labelson-nodesc</styleUrl>
        <Point>
          <coordinates>
            39.442291,22.139854,0
          </coordinates>
        </Point>
      </Placemark>
      <Placemark>
        <name>الزقاق</name>
        <styleUrl>#icon-1899-DB4436-labelson-nodesc</styleUrl>
        <Point>
          <coordinates>
            40.715482,20.509737,0
          </coordinates>
        </Point>
      </Placemark>
      <Placemark>
        <name>الزويراء</name>
        <styleUrl>#icon-1899-DB4436-labelson-nodesc</styleUrl>
        <Point>
          <coordinates>
            39.73609,23.039446,0
          </coordinates>
        </Point>
      </Placemark>
      <Placemark>
        <name>الزيمة</name>
        <styleUrl>#icon-1899-DB4436-labelson-nodesc</styleUrl>
        <Point>
          <coordinates>
            40.111556,21.617296,0
          </coordinates>
        </Point>
      </Placemark>
      <Placemark>
        <name>الزيمة</name>
        <styleUrl>#icon-1899-DB4436-labelson-nodesc</styleUrl>
        <Point>
          <coordinates>
            40.100441,21.618347,0
          </coordinates>
        </Point>
      </Placemark>
      <Placemark>
        <name>السادة</name>
        <styleUrl>#icon-1899-DB4436-labelson-nodesc</styleUrl>
        <Point>
          <coordinates>
            41.307907,18.717356,0
          </coordinates>
        </Point>
      </Placemark>
      <Placemark>
        <name>السادة</name>
        <styleUrl>#icon-1899-DB4436-labelson-nodesc</styleUrl>
        <Point>
          <coordinates>
            41.28336,18.727677,0
          </coordinates>
        </Point>
      </Placemark>
      <Placemark>
        <name>السادة</name>
        <styleUrl>#icon-1899-DB4436-labelson-nodesc</styleUrl>
        <Point>
          <coordinates>
            41.353998,19.239743,0
          </coordinates>
        </Point>
      </Placemark>
      <Placemark>
        <name>الساده</name>
        <styleUrl>#icon-1899-DB4436-labelson-nodesc</styleUrl>
        <Point>
          <coordinates>
            41.266108,18.909209,0
          </coordinates>
        </Point>
      </Placemark>
      <Placemark>
        <name>السبت</name>
        <styleUrl>#icon-1899-DB4436-labelson-nodesc</styleUrl>
        <Point>
          <coordinates>
            41.126461,19.357567,0
          </coordinates>
        </Point>
      </Placemark>
      <Placemark>
        <name>السبت</name>
        <styleUrl>#icon-1899-DB4436-labelson-nodesc</styleUrl>
        <Point>
          <coordinates>
            41.114359,19.371879,0
          </coordinates>
        </Point>
      </Placemark>
      <Placemark>
        <name>السبطة</name>
        <styleUrl>#icon-1899-DB4436-labelson-nodesc</styleUrl>
        <Point>
          <coordinates>
            41.524243,18.779991,0
          </coordinates>
        </Point>
      </Placemark>
      <Placemark>
        <name>السحن</name>
        <styleUrl>#icon-1899-DB4436-labelson-nodesc</styleUrl>
        <Point>
          <coordinates>
            40.807085,20.944662,0
          </coordinates>
        </Point>
      </Placemark>
      <Placemark>
        <name>السديرة</name>
        <styleUrl>#icon-1899-DB4436-labelson-nodesc</styleUrl>
        <Point>
          <coordinates>
            41.711011,19.695096,0
          </coordinates>
        </Point>
      </Placemark>
      <Placemark>
        <name>السر</name>
        <styleUrl>#icon-1899-DB4436-labelson-nodesc</styleUrl>
        <Point>
          <coordinates>
            41.702793,19.529486,0
          </coordinates>
        </Point>
      </Placemark>
      <Placemark>
        <name>السراحين</name>
        <styleUrl>#icon-1899-DB4436-labelson-nodesc</styleUrl>
        <Point>
          <coordinates>
            40.648384,21.12392,0
          </coordinates>
        </Point>
      </Placemark>
      <Placemark>
        <name>السطى</name>
        <styleUrl>#icon-1899-DB4436-labelson-nodesc</styleUrl>
        <Point>
          <coordinates>
            41.652174,19.627419,0
          </coordinates>
        </Point>
      </Placemark>
      <Placemark>
        <name>السعدية</name>
        <styleUrl>#icon-1899-DB4436-labelson-nodesc</styleUrl>
        <Point>
          <coordinates>
            39.908373,20.705431,0
          </coordinates>
        </Point>
      </Placemark>
      <Placemark>
        <name>السلم</name>
        <styleUrl>#icon-1899-DB4436-labelson-nodesc</styleUrl>
        <Point>
          <coordinates>
            42.814407,21.257172,0
          </coordinates>
        </Point>
      </Placemark>
      <Placemark>
        <name>السلمية</name>
        <styleUrl>#icon-1899-DB4436-labelson-nodesc</styleUrl>
        <Point>
          <coordinates>
            42.081242,21.968,0
          </coordinates>
        </Point>
      </Placemark>
      <Placemark>
        <name>السليم</name>
        <styleUrl>#icon-1899-DB4436-labelson-nodesc</styleUrl>
        <Point>
          <coordinates>
            39.634209,22.587719,0
          </coordinates>
        </Point>
      </Placemark>
      <Placemark>
        <name>السمرة</name>
        <styleUrl>#icon-1899-DB4436-labelson-nodesc</styleUrl>
        <Point>
          <coordinates>
            41.190705,19.105246,0
          </coordinates>
        </Point>
      </Placemark>
      <Placemark>
        <name>السمرة</name>
        <styleUrl>#icon-1899-DB4436-labelson-nodesc</styleUrl>
        <Point>
          <coordinates>
            41.261945,18.973882,0
          </coordinates>
        </Point>
      </Placemark>
      <Placemark>
        <name>السنح</name>
        <styleUrl>#icon-1899-DB4436-labelson-nodesc</styleUrl>
        <Point>
          <coordinates>
            40.29253,21.209793,0
          </coordinates>
        </Point>
      </Placemark>
      <Placemark>
        <name>السند</name>
        <styleUrl>#icon-1899-DB4436-labelson-nodesc</styleUrl>
        <Point>
          <coordinates>
            41.714036,19.67175,0
          </coordinates>
        </Point>
      </Placemark>
      <Placemark>
        <name>السنيه</name>
        <styleUrl>#icon-1899-DB4436-labelson-nodesc</styleUrl>
        <Point>
          <coordinates>
            38.955889,22.881303,0
          </coordinates>
        </Point>
      </Placemark>
      <Placemark>
        <name>السهم</name>
        <styleUrl>#icon-1899-DB4436-labelson-nodesc</styleUrl>
        <Point>
          <coordinates>
            39.600735,22.031021,0
          </coordinates>
        </Point>
      </Placemark>
      <Placemark>
        <name>السوارقية</name>
        <styleUrl>#icon-1899-DB4436-labelson-nodesc</styleUrl>
        <Point>
          <coordinates>
            40.693982,21.853137,0
          </coordinates>
        </Point>
      </Placemark>
      <Placemark>
        <name>السور</name>
        <styleUrl>#icon-1899-DB4436-labelson-nodesc</styleUrl>
        <Point>
          <coordinates>
            40.739708,21.198442,0
          </coordinates>
        </Point>
      </Placemark>
      <Placemark>
        <name>السويلة</name>
        <styleUrl>#icon-1899-DB4436-labelson-nodesc</styleUrl>
        <Point>
          <coordinates>
            39.454994,22.366962,0
          </coordinates>
        </Point>
      </Placemark>
      <Placemark>
        <name>السيل الصغير</name>
        <styleUrl>#icon-1899-DB4436-labelson-nodesc</styleUrl>
        <Point>
          <coordinates>
            40.481701,21.508999,0
          </coordinates>
        </Point>
      </Placemark>
      <Placemark>
        <name>السيل الكبير</name>
        <styleUrl>#icon-1899-DB4436-labelson-nodesc</styleUrl>
        <Point>
          <coordinates>
            40.427091,21.628132,0
          </coordinates>
        </Point>
      </Placemark>
      <Placemark>
        <name>الشامية</name>
        <styleUrl>#icon-1899-DB4436-labelson-nodesc</styleUrl>
        <Point>
          <coordinates>
            39.525375,21.84082,0
          </coordinates>
        </Point>
      </Placemark>
      <Placemark>
        <name>الشامية</name>
        <styleUrl>#icon-1899-DB4436-labelson-nodesc</styleUrl>
        <Point>
          <coordinates>
            40.350723,21.773357,0
          </coordinates>
        </Point>
      </Placemark>
      <Placemark>
        <name>الشباشبة</name>
        <styleUrl>#icon-1899-DB4436-labelson-nodesc</styleUrl>
        <Point>
          <coordinates>
            40.866137,20.829477,0
          </coordinates>
        </Point>
      </Placemark>
      <Placemark>
        <name>الشبان</name>
        <styleUrl>#icon-1899-DB4436-labelson-nodesc</styleUrl>
        <Point>
          <coordinates>
            41.09539,20.423241,0
          </coordinates>
        </Point>
      </Placemark>
      <Placemark>
        <name>الشبان</name>
        <styleUrl>#icon-1899-DB4436-labelson-nodesc</styleUrl>
        <Point>
          <coordinates>
            41.067731,20.444291,0
          </coordinates>
        </Point>
      </Placemark>
      <Placemark>
        <name>الشثه</name>
        <styleUrl>#icon-1899-DB4436-labelson-nodesc</styleUrl>
        <Point>
          <coordinates>
            40.803502,20.986161,0
          </coordinates>
        </Point>
      </Placemark>
      <Placemark>
        <name>الشدقاء</name>
        <styleUrl>#icon-1899-DB4436-labelson-nodesc</styleUrl>
        <Point>
          <coordinates>
            40.160093,21.436064,0
          </coordinates>
        </Point>
      </Placemark>
      <Placemark>
        <name>الشرائع</name>
        <styleUrl>#icon-1899-DB4436-labelson-nodesc</styleUrl>
        <Point>
          <coordinates>
            40.062332,21.516037,0
          </coordinates>
        </Point>
      </Placemark>
      <Placemark>
        <name>الشرع</name>
        <styleUrl>#icon-1899-DB4436-labelson-nodesc</styleUrl>
        <Point>
          <coordinates>
            39.970665,22.647972,0
          </coordinates>
        </Point>
      </Placemark>
      <Placemark>
        <name>الشرفية</name>
        <styleUrl>#icon-1899-DB4436-labelson-nodesc</styleUrl>
        <Point>
          <coordinates>
            41.857223,21.584187,0
          </coordinates>
        </Point>
      </Placemark>
      <Placemark>
        <name>الشرى</name>
        <styleUrl>#icon-1899-DB4436-labelson-nodesc</styleUrl>
        <Point>
          <coordinates>
            41.865699,19.383101,0
          </coordinates>
        </Point>
      </Placemark>
      <Placemark>
        <name>الشرى</name>
        <styleUrl>#icon-1899-DB4436-labelson-nodesc</styleUrl>
        <Point>
          <coordinates>
            40.881929,20.276985,0
          </coordinates>
        </Point>
      </Placemark>
      <Placemark>
        <name>الشريف</name>
        <styleUrl>#icon-1899-DB4436-labelson-nodesc</styleUrl>
        <Point>
          <coordinates>
            40.247555,21.46162,0
          </coordinates>
        </Point>
      </Placemark>
      <Placemark>
        <name>الشصرة</name>
        <styleUrl>#icon-1899-DB4436-labelson-nodesc</styleUrl>
        <Point>
          <coordinates>
            41.461716,19.408207,0
          </coordinates>
        </Point>
      </Placemark>
      <Placemark>
        <name>الشعاعيب</name>
        <styleUrl>#icon-1899-DB4436-labelson-nodesc</styleUrl>
        <Point>
          <coordinates>
            40.840473,20.738926,0
          </coordinates>
        </Point>
      </Placemark>
      <Placemark>
        <name>الشعب</name>
        <styleUrl>#icon-1899-DB4436-labelson-nodesc</styleUrl>
        <Point>
          <coordinates>
            39.487095,21.968536,0
          </coordinates>
        </Point>
      </Placemark>
      <Placemark>
        <name>الشعب</name>
        <styleUrl>#icon-1899-DB4436-labelson-nodesc</styleUrl>
        <Point>
          <coordinates>
            41.424658,18.767159,0
          </coordinates>
        </Point>
      </Placemark>
      <Placemark>
        <name>الشعبان</name>
        <styleUrl>#icon-1899-DB4436-labelson-nodesc</styleUrl>
        <Point>
          <coordinates>
            40.352869,21.116409,0
          </coordinates>
        </Point>
      </Placemark>
      <Placemark>
        <name>الشعبة</name>
        <styleUrl>#icon-1899-DB4436-labelson-nodesc</styleUrl>
        <Point>
          <coordinates>
            39.656525,22.612438,0
          </coordinates>
        </Point>
      </Placemark>
      <Placemark>
        <name>الشعبة</name>
        <styleUrl>#icon-1899-DB4436-labelson-nodesc</styleUrl>
        <Point>
          <coordinates>
            40.920296,20.494652,0
          </coordinates>
        </Point>
      </Placemark>
      <Placemark>
        <name>الشعبه</name>
        <styleUrl>#icon-1899-DB4436-labelson-nodesc</styleUrl>
        <Point>
          <coordinates>
            40.372074,21.113319,0
          </coordinates>
        </Point>
      </Placemark>
      <Placemark>
        <name>الشفاء</name>
        <styleUrl>#icon-1899-DB4436-labelson-nodesc</styleUrl>
        <Point>
          <coordinates>
            40.315554,21.080725,0
          </coordinates>
        </Point>
      </Placemark>
      <Placemark>
        <name>الشميسي</name>
        <styleUrl>#icon-1899-DB4436-labelson-nodesc</styleUrl>
        <Point>
          <coordinates>
            39.600391,21.441536,0
          </coordinates>
        </Point>
      </Placemark>
      <Placemark>
        <name>الشوحطه</name>
        <styleUrl>#icon-1899-DB4436-labelson-nodesc</styleUrl>
        <Point>
          <coordinates>
            40.851653,20.995281,0
          </coordinates>
        </Point>
      </Placemark>
      <Placemark>
        <name>الشيبية</name>
        <styleUrl>#icon-1899-DB4436-labelson-nodesc</styleUrl>
        <Point>
          <coordinates>
            40.790927,20.512762,0
          </coordinates>
        </Point>
      </Placemark>
      <Placemark>
        <name>الصاغية</name>
        <styleUrl>#icon-1899-DB4436-labelson-nodesc</styleUrl>
        <Point>
          <coordinates>
            41.254156,18.867881,0
          </coordinates>
        </Point>
      </Placemark>
      <Placemark>
        <name>الصافي</name>
        <styleUrl>#icon-1899-DB4436-labelson-nodesc</styleUrl>
        <Point>
          <coordinates>
            41.020567,19.216676,0
          </coordinates>
        </Point>
      </Placemark>
      <Placemark>
        <name>الصبخه</name>
        <styleUrl>#icon-1899-DB4436-labelson-nodesc</styleUrl>
        <Point>
          <coordinates>
            40.841932,20.948052,0
          </coordinates>
        </Point>
      </Placemark>
      <Placemark>
        <name>الصبه</name>
        <styleUrl>#icon-1899-DB4436-labelson-nodesc</styleUrl>
        <Point>
          <coordinates>
            41.791906,19.498801,0
          </coordinates>
        </Point>
      </Placemark>
      <Placemark>
        <name>الصدر</name>
        <styleUrl>#icon-1899-DB4436-labelson-nodesc</styleUrl>
        <Point>
          <coordinates>
            39.401436,22.140541,0
          </coordinates>
        </Point>
      </Placemark>
      <Placemark>
        <name>الصدر</name>
        <styleUrl>#icon-1899-DB4436-labelson-nodesc</styleUrl>
        <Point>
          <coordinates>
            40.179899,21.521745,0
          </coordinates>
        </Point>
      </Placemark>
      <Placemark>
        <name>الصدر</name>
        <styleUrl>#icon-1899-DB4436-labelson-nodesc</styleUrl>
        <Point>
          <coordinates>
            42.734156,21.200202,0
          </coordinates>
        </Point>
      </Placemark>
      <Placemark>
        <name>الصدية</name>
        <styleUrl>#icon-1899-DB4436-labelson-nodesc</styleUrl>
        <Point>
          <coordinates>
            40.553112,20.297413,0
          </coordinates>
        </Point>
      </Placemark>
      <Placemark>
        <name>الصرح</name>
        <styleUrl>#icon-1899-DB4436-labelson-nodesc</styleUrl>
        <Point>
          <coordinates>
            41.193752,19.233348,0
          </coordinates>
        </Point>
      </Placemark>
      <Placemark>
        <name>الصريرات</name>
        <styleUrl>#icon-1899-DB4436-labelson-nodesc</styleUrl>
        <Point>
          <coordinates>
            40.639458,21.122224,0
          </coordinates>
        </Point>
      </Placemark>
      <Placemark>
        <name>الصعيب</name>
        <styleUrl>#icon-1899-DB4436-labelson-nodesc</styleUrl>
        <Point>
          <coordinates>
            39.941247,22.398398,0
          </coordinates>
        </Point>
      </Placemark>
      <Placemark>
        <name>الصفة</name>
        <styleUrl>#icon-1899-DB4436-labelson-nodesc</styleUrl>
        <Point>
          <coordinates>
            41.385198,18.766193,0
          </coordinates>
        </Point>
      </Placemark>
      <Placemark>
        <name>الصفية</name>
        <styleUrl>#icon-1899-DB4436-labelson-nodesc</styleUrl>
        <Point>
          <coordinates>
            42.955019,21.270111,0
          </coordinates>
        </Point>
      </Placemark>
      <Placemark>
        <name>الصلب</name>
        <styleUrl>#icon-1899-DB4436-labelson-nodesc</styleUrl>
        <Point>
          <coordinates>
            41.290505,18.73641,0
          </coordinates>
        </Point>
      </Placemark>
      <Placemark>
        <name>الصلة</name>
        <styleUrl>#icon-1899-DB4436-labelson-nodesc</styleUrl>
        <Point>
          <coordinates>
            41.521668,19.188609,0
          </coordinates>
        </Point>
      </Placemark>
      <Placemark>
        <name>الصليلة</name>
        <styleUrl>#icon-1899-DB4436-labelson-nodesc</styleUrl>
        <Point>
          <coordinates>
            41.135709,20.250721,0
          </coordinates>
        </Point>
      </Placemark>
      <Placemark>
        <name>الصماء</name>
        <styleUrl>#icon-1899-DB4436-labelson-nodesc</styleUrl>
        <Point>
          <coordinates>
            40.870492,20.733175,0
          </coordinates>
        </Point>
      </Placemark>
      <Placemark>
        <name>الصمد</name>
        <styleUrl>#icon-1899-DB4436-labelson-nodesc</styleUrl>
        <Point>
          <coordinates>
            39.604168,21.506081,0
          </coordinates>
        </Point>
      </Placemark>
      <Placemark>
        <name>الصمد الشمالي</name>
        <styleUrl>#icon-1899-DB4436-labelson-nodesc</styleUrl>
        <Point>
          <coordinates>
            39.750938,21.674652,0
          </coordinates>
        </Point>
      </Placemark>
      <Placemark>
        <name>الصهوة</name>
        <styleUrl>#icon-1899-DB4436-labelson-nodesc</styleUrl>
        <Point>
          <coordinates>
            41.34769,18.951137,0
          </coordinates>
        </Point>
      </Placemark>
      <Placemark>
        <name>الصهوه</name>
        <styleUrl>#icon-1899-DB4436-labelson-nodesc</styleUrl>
        <Point>
          <coordinates>
            40.274227,21.159132,0
          </coordinates>
        </Point>
      </Placemark>
      <Placemark>
        <name>الصوافية</name>
        <styleUrl>#icon-1899-DB4436-labelson-nodesc</styleUrl>
        <Point>
          <coordinates>
            41.69908,19.618084,0
          </coordinates>
        </Point>
      </Placemark>
      <Placemark>
        <name>الصواملة</name>
        <styleUrl>#icon-1899-DB4436-labelson-nodesc</styleUrl>
        <Point>
          <coordinates>
            40.428228,20.247052,0
          </coordinates>
        </Point>
      </Placemark>
      <Placemark>
        <name>الصوان</name>
        <styleUrl>#icon-1899-DB4436-labelson-nodesc</styleUrl>
        <Point>
          <coordinates>
            41.586771,22.795043,0
          </coordinates>
        </Point>
      </Placemark>
      <Placemark>
        <name>الصور</name>
        <styleUrl>#icon-1899-DB4436-labelson-nodesc</styleUrl>
        <Point>
          <coordinates>
            40.980206,20.884001,0
          </coordinates>
        </Point>
      </Placemark>
      <Placemark>
        <name>الصور المهجوره</name>
        <styleUrl>#icon-1899-DB4436-labelson-nodesc</styleUrl>
        <Point>
          <coordinates>
            40.724173,21.211102,0
          </coordinates>
        </Point>
      </Placemark>
      <Placemark>
        <name>الضبية</name>
        <styleUrl>#icon-1899-DB4436-labelson-nodesc</styleUrl>
        <Point>
          <coordinates>
            39.447098,22.424297,0
          </coordinates>
        </Point>
      </Placemark>
      <Placemark>
        <name>الضحياء</name>
        <styleUrl>#icon-1899-DB4436-labelson-nodesc</styleUrl>
        <Point>
          <coordinates>
            40.278733,21.288242,0
          </coordinates>
        </Point>
      </Placemark>
      <Placemark>
        <name>الضرس</name>
        <styleUrl>#icon-1899-DB4436-labelson-nodesc</styleUrl>
        <Point>
          <coordinates>
            39.880028,21.755161,0
          </coordinates>
        </Point>
      </Placemark>
      <Placemark>
        <name>الضرس</name>
        <styleUrl>#icon-1899-DB4436-labelson-nodesc</styleUrl>
        <Point>
          <coordinates>
            41.328893,18.774176,0
          </coordinates>
        </Point>
      </Placemark>
      <Placemark>
        <name>الضرم</name>
        <styleUrl>#icon-1899-DB4436-labelson-nodesc</styleUrl>
        <Point>
          <coordinates>
            42.795181,21.203613,0
          </coordinates>
        </Point>
      </Placemark>
      <Placemark>
        <name>الطائف</name>
        <styleUrl>#icon-1899-DB4436-labelson-nodesc</styleUrl>
        <Point>
          <coordinates>
            40.416877,21.267171,0
          </coordinates>
        </Point>
      </Placemark>
      <Placemark>
        <name>الطفحاء</name>
        <styleUrl>#icon-1899-DB4436-labelson-nodesc</styleUrl>
        <Point>
          <coordinates>
            39.569321,22.243881,0
          </coordinates>
        </Point>
      </Placemark>
      <Placemark>
        <name>الطفلان</name>
        <styleUrl>#icon-1899-DB4436-labelson-nodesc</styleUrl>
        <Point>
          <coordinates>
            40.696278,20.947151,0
          </coordinates>
        </Point>
      </Placemark>
      <Placemark>
        <name>الطفيحاء</name>
        <styleUrl>#icon-1899-DB4436-labelson-nodesc</styleUrl>
        <Point>
          <coordinates>
            40.814188,21.033797,0
          </coordinates>
        </Point>
      </Placemark>
      <Placemark>
        <name>الطلعة</name>
        <styleUrl>#icon-1899-DB4436-labelson-nodesc</styleUrl>
        <Point>
          <coordinates>
            39.416027,22.123718,0
          </coordinates>
        </Point>
      </Placemark>
      <Placemark>
        <name>الطويله</name>
        <styleUrl>#icon-1899-DB4436-labelson-nodesc</styleUrl>
        <Point>
          <coordinates>
            39.082146,22.277699,0
          </coordinates>
        </Point>
      </Placemark>
      <Placemark>
        <name>الطويله</name>
        <styleUrl>#icon-1899-DB4436-labelson-nodesc</styleUrl>
        <Point>
          <coordinates>
            40.8182,19.462109,0
          </coordinates>
        </Point>
      </Placemark>
      <Placemark>
        <name>الظليف</name>
        <styleUrl>#icon-1899-DB4436-labelson-nodesc</styleUrl>
        <Point>
          <coordinates>
            41.505125,19.704773,0
          </coordinates>
        </Point>
      </Placemark>
      <Placemark>
        <name>الظليم</name>
        <styleUrl>#icon-1899-DB4436-labelson-nodesc</styleUrl>
        <Point>
          <coordinates>
            42.160721,22.105179,0
          </coordinates>
        </Point>
      </Placemark>
      <Placemark>
        <name>الظهرة</name>
        <styleUrl>#icon-1899-DB4436-labelson-nodesc</styleUrl>
        <Point>
          <coordinates>
            41.872222,19.436381,0
          </coordinates>
        </Point>
      </Placemark>
      <Placemark>
        <name>العاصد</name>
        <styleUrl>#icon-1899-DB4436-labelson-nodesc</styleUrl>
        <Point>
          <coordinates>
            41.036682,20.505445,0
          </coordinates>
        </Point>
      </Placemark>
      <Placemark>
        <name>العتمه</name>
        <styleUrl>#icon-1899-DB4436-labelson-nodesc</styleUrl>
        <Point>
          <coordinates>
            41.802335,19.52985,0
          </coordinates>
        </Point>
      </Placemark>
      <Placemark>
        <name>العثيثي</name>
        <styleUrl>#icon-1899-DB4436-labelson-nodesc</styleUrl>
        <Point>
          <coordinates>
            42.917404,21.248589,0
          </coordinates>
        </Point>
      </Placemark>
      <Placemark>
        <name>العجوزه</name>
        <styleUrl>#icon-1899-DB4436-labelson-nodesc</styleUrl>
        <Point>
          <coordinates>
            40.069864,20.251279,0
          </coordinates>
        </Point>
      </Placemark>
      <Placemark>
        <name>العجية</name>
        <styleUrl>#icon-1899-DB4436-labelson-nodesc</styleUrl>
        <Point>
          <coordinates>
            41.37361,18.726947,0
          </coordinates>
        </Point>
      </Placemark>
      <Placemark>
        <name>العدل</name>
        <styleUrl>#icon-1899-DB4436-labelson-nodesc</styleUrl>
        <Point>
          <coordinates>
            40.804982,22.180882,0
          </coordinates>
        </Point>
      </Placemark>
      <Placemark>
        <name>العذيبه</name>
        <styleUrl>#icon-1899-DB4436-labelson-nodesc</styleUrl>
        <Point>
          <coordinates>
            40.677094,21.06077,0
          </coordinates>
        </Point>
      </Placemark>
      <Placemark>
        <name>العرفاء</name>
        <styleUrl>#icon-1899-DB4436-labelson-nodesc</styleUrl>
        <Point>
          <coordinates>
            40.618944,21.536207,0
          </coordinates>
        </Point>
      </Placemark>
      <Placemark>
        <name>العرقين</name>
        <styleUrl>#icon-1899-DB4436-labelson-nodesc</styleUrl>
        <Point>
          <coordinates>
            41.76075,21.329269,0
          </coordinates>
        </Point>
      </Placemark>
      <Placemark>
        <name>العروشيه</name>
        <styleUrl>#icon-1899-DB4436-labelson-nodesc</styleUrl>
        <Point>
          <coordinates>
            40.846932,20.924728,0
          </coordinates>
        </Point>
      </Placemark>
      <Placemark>
        <name>العزيزية</name>
        <styleUrl>#icon-1899-DB4436-labelson-nodesc</styleUrl>
        <Point>
          <coordinates>
            40.855258,20.396934,0
          </coordinates>
        </Point>
      </Placemark>
      <Placemark>
        <name>العصامي</name>
        <styleUrl>#icon-1899-DB4436-labelson-nodesc</styleUrl>
        <Point>
          <coordinates>
            41.353376,18.674891,0
          </coordinates>
        </Point>
      </Placemark>
      <Placemark>
        <name>العصب</name>
        <styleUrl>#icon-1899-DB4436-labelson-nodesc</styleUrl>
        <Point>
          <coordinates>
            39.775743,21.807024,0
          </coordinates>
        </Point>
      </Placemark>
      <Placemark>
        <name>العصمه</name>
        <styleUrl>#icon-1899-DB4436-labelson-nodesc</styleUrl>
        <Point>
          <coordinates>
            40.717478,21.211295,0
          </coordinates>
        </Point>
      </Placemark>
      <Placemark>
        <name>العطيف</name>
        <styleUrl>#icon-1899-DB4436-labelson-nodesc</styleUrl>
        <Point>
          <coordinates>
            41.02119,21.874101,0
          </coordinates>
        </Point>
      </Placemark>
      <Placemark>
        <name>العفيرية</name>
        <styleUrl>#icon-1899-DB4436-labelson-nodesc</styleUrl>
        <Point>
          <coordinates>
            42.148876,20.589066,0
          </coordinates>
        </Point>
      </Placemark>
      <Placemark>
        <name>العقبه</name>
        <styleUrl>#icon-1899-DB4436-labelson-nodesc</styleUrl>
        <Point>
          <coordinates>
            40.85279,20.95582,0
          </coordinates>
        </Point>
      </Placemark>
      <Placemark>
        <name>العقدة</name>
        <styleUrl>#icon-1899-DB4436-labelson-nodesc</styleUrl>
        <Point>
          <coordinates>
            41.162682,19.302292,0
          </coordinates>
        </Point>
      </Placemark>
      <Placemark>
        <name>العقلة</name>
        <styleUrl>#icon-1899-DB4436-labelson-nodesc</styleUrl>
        <Point>
          <coordinates>
            39.917686,22.501202,0
          </coordinates>
        </Point>
      </Placemark>
      <Placemark>
        <name>العلاوة</name>
        <styleUrl>#icon-1899-DB4436-labelson-nodesc</styleUrl>
        <Point>
          <coordinates>
            41.647968,21.177521,0
          </coordinates>
        </Point>
      </Placemark>
      <Placemark>
        <name>العلبة</name>
        <styleUrl>#icon-1899-DB4436-labelson-nodesc</styleUrl>
        <Point>
          <coordinates>
            41.434143,20.918205,0
          </coordinates>
        </Point>
      </Placemark>
      <Placemark>
        <name>العمائر</name>
        <styleUrl>#icon-1899-DB4436-labelson-nodesc</styleUrl>
        <Point>
          <coordinates>
            42.895045,21.26142,0
          </coordinates>
        </Point>
      </Placemark>
      <Placemark>
        <name>العمار</name>
        <styleUrl>#icon-1899-DB4436-labelson-nodesc</styleUrl>
        <Point>
          <coordinates>
            40.878239,20.67215,0
          </coordinates>
        </Point>
      </Placemark>
      <Placemark>
        <name>العماير</name>
        <styleUrl>#icon-1899-DB4436-labelson-nodesc</styleUrl>
        <Point>
          <coordinates>
            41.26158,19.251802,0
          </coordinates>
        </Point>
      </Placemark>
      <Placemark>
        <name>العمشان</name>
        <styleUrl>#icon-1899-DB4436-labelson-nodesc</styleUrl>
        <Point>
          <coordinates>
            41.042669,20.553789,0
          </coordinates>
        </Point>
      </Placemark>
      <Placemark>
        <name>العمودة</name>
        <styleUrl>#icon-1899-DB4436-labelson-nodesc</styleUrl>
        <Point>
          <coordinates>
            40.012808,22.477427,0
          </coordinates>
        </Point>
      </Placemark>
      <Placemark>
        <name>العمودية</name>
        <styleUrl>#icon-1899-DB4436-labelson-nodesc</styleUrl>
        <Point>
          <coordinates>
            41.108394,19.197578,0
          </coordinates>
        </Point>
      </Placemark>
      <Placemark>
        <name>العوادات</name>
        <styleUrl>#icon-1899-DB4436-labelson-nodesc</styleUrl>
        <Point>
          <coordinates>
            41.100154,19.360228,0
          </coordinates>
        </Point>
      </Placemark>
      <Placemark>
        <name>العوامرة</name>
        <styleUrl>#icon-1899-DB4436-labelson-nodesc</styleUrl>
        <Point>
          <coordinates>
            41.705625,19.669905,0
          </coordinates>
        </Point>
      </Placemark>
      <Placemark>
        <name>العوصاء</name>
        <styleUrl>#icon-1899-DB4436-labelson-nodesc</styleUrl>
        <Point>
          <coordinates>
            40.848777,20.907133,0
          </coordinates>
        </Point>
      </Placemark>
      <Placemark>
        <name>العويلة</name>
        <styleUrl>#icon-1899-DB4436-labelson-nodesc</styleUrl>
        <Point>
          <coordinates>
            42.471943,21.051006,0
          </coordinates>
        </Point>
      </Placemark>
      <Placemark>
        <name>العيبة السفلى</name>
        <styleUrl>#icon-1899-DB4436-labelson-nodesc</styleUrl>
        <Point>
          <coordinates>
            40.01461,22.42007,0
          </coordinates>
        </Point>
      </Placemark>
      <Placemark>
        <name>العيبة الوسطى</name>
        <styleUrl>#icon-1899-DB4436-labelson-nodesc</styleUrl>
        <Point>
          <coordinates>
            40.021327,22.43994,0
          </coordinates>
        </Point>
      </Placemark>
      <Placemark>
        <name>العين الحارة</name>
        <styleUrl>#icon-1899-DB4436-labelson-nodesc</styleUrl>
        <Point>
          <coordinates>
            40.472946,20.462379,0
          </coordinates>
        </Point>
      </Placemark>
      <Placemark>
        <name>العينة</name>
        <styleUrl>#icon-1899-DB4436-labelson-nodesc</styleUrl>
        <Point>
          <coordinates>
            41.48283,18.741817,0
          </coordinates>
        </Point>
      </Placemark>
      <Placemark>
        <name>الغافة</name>
        <styleUrl>#icon-1899-DB4436-labelson-nodesc</styleUrl>
        <Point>
          <coordinates>
            42.444134,20.958824,0
          </coordinates>
        </Point>
      </Placemark>
      <Placemark>
        <name>الغبه</name>
        <styleUrl>#icon-1899-DB4436-labelson-nodesc</styleUrl>
        <Point>
          <coordinates>
            39.147892,21.1357,0
          </coordinates>
        </Point>
      </Placemark>
      <Placemark>
        <name>الغراب</name>
        <styleUrl>#icon-1899-DB4436-labelson-nodesc</styleUrl>
        <Point>
          <coordinates>
            40.807493,20.905287,0
          </coordinates>
        </Point>
      </Placemark>
      <Placemark>
        <name>الغرابة</name>
        <styleUrl>#icon-1899-DB4436-labelson-nodesc</styleUrl>
        <Point>
          <coordinates>
            40.764921,20.422382,0
          </coordinates>
        </Point>
      </Placemark>
      <Placemark>
        <name>الغرابة</name>
        <styleUrl>#icon-1899-DB4436-labelson-nodesc</styleUrl>
        <Point>
          <coordinates>
            41.533642,21.03178,0
          </coordinates>
        </Point>
      </Placemark>
      <Placemark>
        <name>الغرات</name>
        <styleUrl>#icon-1899-DB4436-labelson-nodesc</styleUrl>
        <Point>
          <coordinates>
            40.893345,20.45414,0
          </coordinates>
        </Point>
      </Placemark>
      <Placemark>
        <name>الغريب</name>
        <styleUrl>#icon-1899-DB4436-labelson-nodesc</styleUrl>
        <Point>
          <coordinates>
            39.929724,22.623575,0
          </coordinates>
        </Point>
      </Placemark>
      <Placemark>
        <name>الغريف</name>
        <styleUrl>#icon-1899-DB4436-labelson-nodesc</styleUrl>
        <Point>
          <coordinates>
            39.866295,22.43906,0
          </coordinates>
        </Point>
      </Placemark>
      <Placemark>
        <name>الغريف</name>
        <styleUrl>#icon-1899-DB4436-labelson-nodesc</styleUrl>
        <Point>
          <coordinates>
            41.874733,21.614571,0
          </coordinates>
        </Point>
      </Placemark>
      <Placemark>
        <name>الغزر</name>
        <styleUrl>#icon-1899-DB4436-labelson-nodesc</styleUrl>
        <Point>
          <coordinates>
            41.32252,18.946416,0
          </coordinates>
        </Point>
      </Placemark>
      <Placemark>
        <name>الغزوية</name>
        <styleUrl>#icon-1899-DB4436-labelson-nodesc</styleUrl>
        <Point>
          <coordinates>
            41.100326,19.305232,0
          </coordinates>
        </Point>
      </Placemark>
      <Placemark>
        <name>الغمير</name>
        <styleUrl>#icon-1899-DB4436-labelson-nodesc</styleUrl>
        <Point>
          <coordinates>
            40.595062,21.207283,0
          </coordinates>
        </Point>
      </Placemark>
      <Placemark>
        <name>الغوانمه</name>
        <styleUrl>#icon-1899-DB4436-labelson-nodesc</styleUrl>
        <Point>
          <coordinates>
            41.411161,18.767052,0
          </coordinates>
        </Point>
      </Placemark>
      <Placemark>
        <name>الغوقه</name>
        <styleUrl>#icon-1899-DB4436-labelson-nodesc</styleUrl>
        <Point>
          <coordinates>
            40.928042,20.77225,0
          </coordinates>
        </Point>
      </Placemark>
      <Placemark>
        <name>الغولاء</name>
        <styleUrl>#icon-1899-DB4436-labelson-nodesc</styleUrl>
        <Point>
          <coordinates>
            39.279556,21.94519,0
          </coordinates>
        </Point>
      </Placemark>
      <Placemark>
        <name>الغيث</name>
        <styleUrl>#icon-1899-DB4436-labelson-nodesc</styleUrl>
        <Point>
          <coordinates>
            39.457054,22.009735,0
          </coordinates>
        </Point>
      </Placemark>
      <Placemark>
        <name>الفارع</name>
        <styleUrl>#icon-1899-DB4436-labelson-nodesc</styleUrl>
        <Point>
          <coordinates>
            39.881144,22.470624,0
          </coordinates>
        </Point>
      </Placemark>
      <Placemark>
        <name>الفارعة</name>
        <styleUrl>#icon-1899-DB4436-labelson-nodesc</styleUrl>
        <Point>
          <coordinates>
            41.435559,18.989439,0
          </coordinates>
        </Point>
      </Placemark>
      <Placemark>
        <name>الفارعة</name>
        <styleUrl>#icon-1899-DB4436-labelson-nodesc</styleUrl>
        <Point>
          <coordinates>
            40.801849,20.721073,0
          </coordinates>
        </Point>
      </Placemark>
      <Placemark>
        <name>الفاهمة</name>
        <styleUrl>#icon-1899-DB4436-labelson-nodesc</styleUrl>
        <Point>
          <coordinates>
            41.348591,18.651867,0
          </coordinates>
        </Point>
      </Placemark>
      <Placemark>
        <name>الفايجة</name>
        <styleUrl>#icon-1899-DB4436-labelson-nodesc</styleUrl>
        <Point>
          <coordinates>
            41.613808,19.469833,0
          </coordinates>
        </Point>
      </Placemark>
      <Placemark>
        <name>الفج</name>
        <styleUrl>#icon-1899-DB4436-labelson-nodesc</styleUrl>
        <Point>
          <coordinates>
            39.523144,21.982956,0
          </coordinates>
        </Point>
      </Placemark>
      <Placemark>
        <name>الفرعة</name>
        <styleUrl>#icon-1899-DB4436-labelson-nodesc</styleUrl>
        <Point>
          <coordinates>
            40.507793,21.059933,0
          </coordinates>
        </Point>
      </Placemark>
      <Placemark>
        <name>الفرعة</name>
        <styleUrl>#icon-1899-DB4436-labelson-nodesc</styleUrl>
        <Point>
          <coordinates>
            42.963753,21.251163,0
          </coordinates>
        </Point>
      </Placemark>
      <Placemark>
        <name>الفريجة</name>
        <styleUrl>#icon-1899-DB4436-labelson-nodesc</styleUrl>
        <Point>
          <coordinates>
            40.323622,20.114443,0
          </coordinates>
        </Point>
      </Placemark>
      <Placemark>
        <name>الفعور</name>
        <styleUrl>#icon-1899-DB4436-labelson-nodesc</styleUrl>
        <Point>
          <coordinates>
            40.51981,21.224384,0
          </coordinates>
        </Point>
      </Placemark>
      <Placemark>
        <name>الفوارة</name>
        <styleUrl>#icon-1899-DB4436-labelson-nodesc</styleUrl>
        <Point>
          <coordinates>
            40.08306,21.794901,0
          </coordinates>
        </Point>
      </Placemark>
      <Placemark>
        <name>الفيصلية</name>
        <styleUrl>#icon-1899-DB4436-labelson-nodesc</styleUrl>
        <Point>
          <coordinates>
            40.681987,21.81432,0
          </coordinates>
        </Point>
      </Placemark>
      <Placemark>
        <name>القاحة</name>
        <styleUrl>#icon-1899-DB4436-labelson-nodesc</styleUrl>
        <Point>
          <coordinates>
            40.44445,22.117195,0
          </coordinates>
        </Point>
      </Placemark>
      <Placemark>
        <name>القاع</name>
        <styleUrl>#icon-1899-DB4436-labelson-nodesc</styleUrl>
        <Point>
          <coordinates>
            40.110226,22.21693,0
          </coordinates>
        </Point>
      </Placemark>
      <Placemark>
        <name>القاع</name>
        <styleUrl>#icon-1899-DB4436-labelson-nodesc</styleUrl>
        <Point>
          <coordinates>
            40.726919,21.221187,0
          </coordinates>
        </Point>
      </Placemark>
      <Placemark>
        <name>القاع</name>
        <styleUrl>#icon-1899-DB4436-labelson-nodesc</styleUrl>
        <Point>
          <coordinates>
            41.17075,19.159577,0
          </coordinates>
        </Point>
      </Placemark>
      <Placemark>
        <name>القاعية</name>
        <styleUrl>#icon-1899-DB4436-labelson-nodesc</styleUrl>
        <Point>
          <coordinates>
            42.79089,21.229534,0
          </coordinates>
        </Point>
      </Placemark>
      <Placemark>
        <name>القامة</name>
        <styleUrl>#icon-1899-DB4436-labelson-nodesc</styleUrl>
        <Point>
          <coordinates>
            40.280814,21.139326,0
          </coordinates>
        </Point>
      </Placemark>
      <Placemark>
        <name>القحب</name>
        <styleUrl>#icon-1899-DB4436-labelson-nodesc</styleUrl>
        <Point>
          <coordinates>
            41.38979,19.269848,0
          </coordinates>
        </Point>
      </Placemark>
      <Placemark>
        <name>القحمان</name>
        <styleUrl>#icon-1899-DB4436-labelson-nodesc</styleUrl>
        <Point>
          <coordinates>
            41.296642,18.94249,0
          </coordinates>
        </Point>
      </Placemark>
      <Placemark>
        <name>القحوم</name>
        <styleUrl>#icon-1899-DB4436-labelson-nodesc</styleUrl>
        <Point>
          <coordinates>
            40.784898,21.094372,0
          </coordinates>
        </Point>
      </Placemark>
      <Placemark>
        <name>القرا</name>
        <styleUrl>#icon-1899-DB4436-labelson-nodesc</styleUrl>
        <Point>
          <coordinates>
            41.022048,20.637882,0
          </coordinates>
        </Point>
      </Placemark>
      <Placemark>
        <name>القرارة</name>
        <styleUrl>#icon-1899-DB4436-labelson-nodesc</styleUrl>
        <Point>
          <coordinates>
            41.40039,22.650225,0
          </coordinates>
        </Point>
      </Placemark>
      <Placemark>
        <name>القرارة</name>
        <styleUrl>#icon-1899-DB4436-labelson-nodesc</styleUrl>
        <Point>
          <coordinates>
            40.400805,20.255892,0
          </coordinates>
        </Point>
      </Placemark>
      <Placemark>
        <name>القراره</name>
        <styleUrl>#icon-1899-DB4436-labelson-nodesc</styleUrl>
        <Point>
          <coordinates>
            40.575857,21.211188,0
          </coordinates>
        </Point>
      </Placemark>
      <Placemark>
        <name>القران</name>
        <styleUrl>#icon-1899-DB4436-labelson-nodesc</styleUrl>
        <Point>
          <coordinates>
            40.53468,21.569767,0
          </coordinates>
        </Point>
      </Placemark>
      <Placemark>
        <name>القرانة</name>
        <styleUrl>#icon-1899-DB4436-labelson-nodesc</styleUrl>
        <Point>
          <coordinates>
            41.686099,19.5927,0
          </coordinates>
        </Point>
      </Placemark>
      <Placemark>
        <name>القرشيات</name>
        <styleUrl>#icon-1899-DB4436-labelson-nodesc</styleUrl>
        <Point>
          <coordinates>
            40.712312,21.614368,0
          </coordinates>
        </Point>
      </Placemark>
      <Placemark>
        <name>القرشية</name>
        <styleUrl>#icon-1899-DB4436-labelson-nodesc</styleUrl>
        <Point>
          <coordinates>
            40.753741,21.650169,0
          </coordinates>
        </Point>
      </Placemark>
      <Placemark>
        <name>القرنية</name>
        <styleUrl>#icon-1899-DB4436-labelson-nodesc</styleUrl>
        <Point>
          <coordinates>
            41.220295,19.322784,0
          </coordinates>
        </Point>
      </Placemark>
      <Placemark>
        <name>القرية</name>
        <styleUrl>#icon-1899-DB4436-labelson-nodesc</styleUrl>
        <Point>
          <coordinates>
            39.987488,21.771126,0
          </coordinates>
        </Point>
      </Placemark>
      <Placemark>
        <name>القرية</name>
        <styleUrl>#icon-1899-DB4436-labelson-nodesc</styleUrl>
        <Point>
          <coordinates>
            39.928522,22.358916,0
          </coordinates>
        </Point>
      </Placemark>
      <Placemark>
        <name>القريع</name>
        <styleUrl>#icon-1899-DB4436-labelson-nodesc</styleUrl>
        <Point>
          <coordinates>
            41.068246,20.466027,0
          </coordinates>
        </Point>
      </Placemark>
      <Placemark>
        <name>القرين</name>
        <styleUrl>#icon-1899-DB4436-labelson-nodesc</styleUrl>
        <Point>
          <coordinates>
            39.670429,21.780224,0
          </coordinates>
        </Point>
      </Placemark>
      <Placemark>
        <name>القرينين</name>
        <styleUrl>#icon-1899-DB4436-labelson-nodesc</styleUrl>
        <Point>
          <coordinates>
            40.773096,20.548618,0
          </coordinates>
        </Point>
      </Placemark>
      <Placemark>
        <name>القريه المائيه</name>
        <styleUrl>#icon-1899-DB4436-labelson-nodesc</styleUrl>
        <Point>
          <coordinates>
            40.230002,21.355834,0
          </coordinates>
        </Point>
      </Placemark>
      <Placemark>
        <name>القشاشية</name>
        <styleUrl>#icon-1899-DB4436-labelson-nodesc</styleUrl>
        <Point>
          <coordinates>
            39.817543,21.716366,0
          </coordinates>
        </Point>
      </Placemark>
      <Placemark>
        <name>القصر</name>
        <styleUrl>#icon-1899-DB4436-labelson-nodesc</styleUrl>
        <Point>
          <coordinates>
            40.442669,22.494292,0
          </coordinates>
        </Point>
      </Placemark>
      <Placemark>
        <name>القصر اليمانيه</name>
        <styleUrl>#icon-1899-DB4436-labelson-nodesc</styleUrl>
        <Point>
          <coordinates>
            39.165187,21.094694,0
          </coordinates>
        </Point>
      </Placemark>
      <Placemark>
        <name>القضب</name>
        <styleUrl>#icon-1899-DB4436-labelson-nodesc</styleUrl>
        <Point>
          <coordinates>
            41.224437,18.907771,0
          </coordinates>
        </Point>
      </Placemark>
      <Placemark>
        <name>القضيمة</name>
        <styleUrl>#icon-1899-DB4436-labelson-nodesc</styleUrl>
        <Point>
          <coordinates>
            39.15596,22.346878,0
          </coordinates>
        </Point>
      </Placemark>
      <Placemark>
        <name>القطعتين</name>
        <styleUrl>#icon-1899-DB4436-labelson-nodesc</styleUrl>
        <Point>
          <coordinates>
            38.904991,22.903898,0
          </coordinates>
        </Point>
      </Placemark>
      <Placemark>
        <name>القطعتين الجنوبيه</name>
        <styleUrl>#icon-1899-DB4436-labelson-nodesc</styleUrl>
        <Point>
          <coordinates>
            38.947949,22.86772,0
          </coordinates>
        </Point>
      </Placemark>
      <Placemark>
        <name>القعر</name>
        <styleUrl>#icon-1899-DB4436-labelson-nodesc</styleUrl>
        <Point>
          <coordinates>
            38.934517,22.859695,0
          </coordinates>
        </Point>
      </Placemark>
      <Placemark>
        <name>القعر الأسفل</name>
        <styleUrl>#icon-1899-DB4436-labelson-nodesc</styleUrl>
        <Point>
          <coordinates>
            40.023537,22.270145,0
          </coordinates>
        </Point>
      </Placemark>
      <Placemark>
        <name>القعر الأعلى</name>
        <styleUrl>#icon-1899-DB4436-labelson-nodesc</styleUrl>
        <Point>
          <coordinates>
            40.038471,22.306881,0
          </coordinates>
        </Point>
      </Placemark>
      <Placemark>
        <name>القعضبة</name>
        <styleUrl>#icon-1899-DB4436-labelson-nodesc</styleUrl>
        <Point>
          <coordinates>
            40.362997,21.928732,0
          </coordinates>
        </Point>
      </Placemark>
      <Placemark>
        <name>القفيف</name>
        <styleUrl>#icon-1899-DB4436-labelson-nodesc</styleUrl>
        <Point>
          <coordinates>
            40.442026,21.828783,0
          </coordinates>
        </Point>
      </Placemark>
      <Placemark>
        <name>القنع</name>
        <styleUrl>#icon-1899-DB4436-labelson-nodesc</styleUrl>
        <Point>
          <coordinates>
            40.774727,20.781326,0
          </coordinates>
        </Point>
      </Placemark>
      <Placemark>
        <name>القنفذة</name>
        <styleUrl>#icon-1899-DB4436-labelson-nodesc</styleUrl>
        <Point>
          <coordinates>
            41.081486,19.132926,0
          </coordinates>
        </Point>
      </Placemark>
      <Placemark>
        <name>القهب</name>
        <styleUrl>#icon-1899-DB4436-labelson-nodesc</styleUrl>
        <Point>
          <coordinates>
            41.810918,19.540021,0
          </coordinates>
        </Point>
      </Placemark>
      <Placemark>
        <name>القهيب</name>
        <styleUrl>#icon-1899-DB4436-labelson-nodesc</styleUrl>
        <Point>
          <coordinates>
            40.502601,21.548266,0
          </coordinates>
        </Point>
      </Placemark>
      <Placemark>
        <name>القوامة</name>
        <styleUrl>#icon-1899-DB4436-labelson-nodesc</styleUrl>
        <Point>
          <coordinates>
            41.694488,20.756607,0
          </coordinates>
        </Point>
      </Placemark>
      <Placemark>
        <name>القوبعية</name>
        <styleUrl>#icon-1899-DB4436-labelson-nodesc</styleUrl>
        <Point>
          <coordinates>
            39.988689,21.660748,0
          </coordinates>
        </Point>
      </Placemark>
      <Placemark>
        <name>القوز</name>
        <styleUrl>#icon-1899-DB4436-labelson-nodesc</styleUrl>
        <Point>
          <coordinates>
            42.929056,21.270025,0
          </coordinates>
        </Point>
      </Placemark>
      <Placemark>
        <name>القوزين</name>
        <styleUrl>#icon-1899-DB4436-labelson-nodesc</styleUrl>
        <Point>
          <coordinates>
            39.175701,21.26524,0
          </coordinates>
        </Point>
      </Placemark>
      <Placemark>
        <name>القويسم</name>
        <styleUrl>#icon-1899-DB4436-labelson-nodesc</styleUrl>
        <Point>
          <coordinates>
            40.578282,21.3468,0
          </coordinates>
        </Point>
      </Placemark>
      <Placemark>
        <name>القويعية</name>
        <styleUrl>#icon-1899-DB4436-labelson-nodesc</styleUrl>
        <Point>
          <coordinates>
            41.261344,23.408539,0
          </coordinates>
        </Point>
      </Placemark>
      <Placemark>
        <name>القويعية</name>
        <styleUrl>#icon-1899-DB4436-labelson-nodesc</styleUrl>
        <Point>
          <coordinates>
            41.6661,21.25906,0
          </coordinates>
        </Point>
      </Placemark>
      <Placemark>
        <name>القُصّر الشامية - الخسعة</name>
        <styleUrl>#icon-1899-DB4436-labelson-nodesc</styleUrl>
        <Point>
          <coordinates>
            39.053328,21.163337,0
          </coordinates>
        </Point>
      </Placemark>
      <Placemark>
        <name>القُصّر اليمانية</name>
        <styleUrl>#icon-1899-DB4436-labelson-nodesc</styleUrl>
        <Point>
          <coordinates>
            39.03054,21.097226,0
          </coordinates>
        </Point>
      </Placemark>
      <Placemark>
        <name>الكامل</name>
        <styleUrl>#icon-1899-DB4436-labelson-nodesc</styleUrl>
        <Point>
          <coordinates>
            41.876042,19.38602,0
          </coordinates>
        </Point>
      </Placemark>
      <Placemark>
        <name>الكامل</name>
        <styleUrl>#icon-1899-DB4436-labelson-nodesc</styleUrl>
        <Point>
          <coordinates>
            39.797802,22.260189,0
          </coordinates>
        </Point>
      </Placemark>
      <Placemark>
        <name>الكتاده</name>
        <styleUrl>#icon-1899-DB4436-labelson-nodesc</styleUrl>
        <Point>
          <coordinates>
            41.796498,19.505475,0
          </coordinates>
        </Point>
      </Placemark>
      <Placemark>
        <name>الكدسة</name>
        <styleUrl>#icon-1899-DB4436-labelson-nodesc</styleUrl>
        <Point>
          <coordinates>
            41.215832,18.966715,0
          </coordinates>
        </Point>
      </Placemark>
      <Placemark>
        <name>الكديس</name>
        <styleUrl>#icon-1899-DB4436-labelson-nodesc</styleUrl>
        <Point>
          <coordinates>
            41.825917,19.324651,0
          </coordinates>
        </Point>
      </Placemark>
      <Placemark>
        <name>الكر</name>
        <styleUrl>#icon-1899-DB4436-labelson-nodesc</styleUrl>
        <Point>
          <coordinates>
            40.198438,21.348002,0
          </coordinates>
        </Point>
      </Placemark>
      <Placemark>
        <name>الكلادى</name>
        <styleUrl>#icon-1899-DB4436-labelson-nodesc</styleUrl>
        <Point>
          <coordinates>
            40.795648,20.904043,0
          </coordinates>
        </Point>
      </Placemark>
      <Placemark>
        <name>الكلبية</name>
        <styleUrl>#icon-1899-DB4436-labelson-nodesc</styleUrl>
        <Point>
          <coordinates>
            40.282681,20.159698,0
          </coordinates>
        </Point>
      </Placemark>
      <Placemark>
        <name>اللحمتين</name>
        <styleUrl>#icon-1899-DB4436-labelson-nodesc</styleUrl>
        <Point>
          <coordinates>
            41.884217,19.405568,0
          </coordinates>
        </Point>
      </Placemark>
      <Placemark>
        <name>اللحيان</name>
        <styleUrl>#icon-1899-DB4436-labelson-nodesc</styleUrl>
        <Point>
          <coordinates>
            40.827641,20.953116,0
          </coordinates>
        </Point>
      </Placemark>
      <Placemark>
        <name>اللصفه</name>
        <styleUrl>#icon-1899-DB4436-labelson-nodesc</styleUrl>
        <Point>
          <coordinates>
            40.131791,21.380875,0
          </coordinates>
        </Point>
      </Placemark>
      <Placemark>
        <name>اللويات</name>
        <styleUrl>#icon-1899-DB4436-labelson-nodesc</styleUrl>
        <Point>
          <coordinates>
            41.937904,21.684093,0
          </coordinates>
        </Point>
      </Placemark>
      <Placemark>
        <name>الليث</name>
        <styleUrl>#icon-1899-DB4436-labelson-nodesc</styleUrl>
        <Point>
          <coordinates>
            40.285664,20.153604,0
          </coordinates>
        </Point>
      </Placemark>
      <Placemark>
        <name>الماوين</name>
        <styleUrl>#icon-1899-DB4436-labelson-nodesc</styleUrl>
        <Point>
          <coordinates>
            40.317507,21.211359,0
          </coordinates>
        </Point>
      </Placemark>
      <Placemark>
        <name>المبدا</name>
        <styleUrl>#icon-1899-DB4436-labelson-nodesc</styleUrl>
        <Point>
          <coordinates>
            41.431396,18.988066,0
          </coordinates>
        </Point>
      </Placemark>
      <Placemark>
        <name>المبني</name>
        <styleUrl>#icon-1899-DB4436-labelson-nodesc</styleUrl>
        <Point>
          <coordinates>
            41.684167,19.58652,0
          </coordinates>
        </Point>
      </Placemark>
      <Placemark>
        <name>المبيرز</name>
        <styleUrl>#icon-1899-DB4436-labelson-nodesc</styleUrl>
        <Point>
          <coordinates>
            40.361195,21.438961,0
          </coordinates>
        </Point>
      </Placemark>
      <Placemark>
        <name>المتاحمة</name>
        <styleUrl>#icon-1899-DB4436-labelson-nodesc</styleUrl>
        <Point>
          <coordinates>
            41.136482,19.262874,0
          </coordinates>
        </Point>
      </Placemark>
      <Placemark>
        <name>المثناة</name>
        <styleUrl>#icon-1899-DB4436-labelson-nodesc</styleUrl>
        <Point>
          <coordinates>
            39.848764,22.419491,0
          </coordinates>
        </Point>
      </Placemark>
      <Placemark>
        <name>المجاريش</name>
        <styleUrl>#icon-1899-DB4436-labelson-nodesc</styleUrl>
        <Point>
          <coordinates>
            40.198288,21.321201,0
          </coordinates>
        </Point>
      </Placemark>
      <Placemark>
        <name>المجايشة</name>
        <styleUrl>#icon-1899-DB4436-labelson-nodesc</styleUrl>
        <Point>
          <coordinates>
            40.370228,20.106118,0
          </coordinates>
        </Point>
      </Placemark>
      <Placemark>
        <name>المجبه</name>
        <styleUrl>#icon-1899-DB4436-labelson-nodesc</styleUrl>
        <Point>
          <coordinates>
            40.265558,21.186104,0
          </coordinates>
        </Point>
      </Placemark>
      <Placemark>
        <name>المجنب</name>
        <styleUrl>#icon-1899-DB4436-labelson-nodesc</styleUrl>
        <Point>
          <coordinates>
            40.638363,21.454389,0
          </coordinates>
        </Point>
      </Placemark>
      <Placemark>
        <name>المجيرمة</name>
        <styleUrl>#icon-1899-DB4436-labelson-nodesc</styleUrl>
        <Point>
          <coordinates>
            39.722614,20.468903,0
          </coordinates>
        </Point>
      </Placemark>
      <Placemark>
        <name>المجيوليه</name>
        <styleUrl>#icon-1899-DB4436-labelson-nodesc</styleUrl>
        <Point>
          <coordinates>
            41.539812,23.415312,0
          </coordinates>
        </Point>
      </Placemark>
      <Placemark>
        <name>المحاسنه</name>
        <styleUrl>#icon-1899-DB4436-labelson-nodesc</styleUrl>
        <Point>
          <coordinates>
            41.298101,19.034736,0
          </coordinates>
        </Point>
      </Placemark>
      <Placemark>
        <name>المحاني</name>
        <styleUrl>#icon-1899-DB4436-labelson-nodesc</styleUrl>
        <Point>
          <coordinates>
            40.391579,22.474079,0
          </coordinates>
        </Point>
      </Placemark>
      <Placemark>
        <name>المحضر</name>
        <styleUrl>#icon-1899-DB4436-labelson-nodesc</styleUrl>
        <Point>
          <coordinates>
            40.814424,20.453367,0
          </coordinates>
        </Point>
      </Placemark>
      <Placemark>
        <name>المحوى</name>
        <styleUrl>#icon-1899-DB4436-labelson-nodesc</styleUrl>
        <Point>
          <coordinates>
            41.594474,21.111023,0
          </coordinates>
        </Point>
      </Placemark>
      <Placemark>
        <name>المديد</name>
        <styleUrl>#icon-1899-DB4436-labelson-nodesc</styleUrl>
        <Point>
          <coordinates>
            39.690342,22.65192,0
          </coordinates>
        </Point>
      </Placemark>
      <Placemark>
        <name>المديد</name>
        <styleUrl>#icon-1899-DB4436-labelson-nodesc</styleUrl>
        <Point>
          <coordinates>
            40.82762,20.925136,0
          </coordinates>
        </Point>
      </Placemark>
      <Placemark>
        <name>المديد</name>
        <styleUrl>#icon-1899-DB4436-labelson-nodesc</styleUrl>
        <Point>
          <coordinates>
            41.57778,19.706061,0
          </coordinates>
        </Point>
      </Placemark>
      <Placemark>
        <name>المرباء</name>
        <styleUrl>#icon-1899-DB4436-labelson-nodesc</styleUrl>
        <Point>
          <coordinates>
            41.801949,19.562509,0
          </coordinates>
        </Point>
      </Placemark>
      <Placemark>
        <name>المرشدية</name>
        <styleUrl>#icon-1899-DB4436-labelson-nodesc</styleUrl>
        <Point>
          <coordinates>
            39.783726,21.488914,0
          </coordinates>
        </Point>
      </Placemark>
      <Placemark>
        <name>المروة</name>
        <styleUrl>#icon-1899-DB4436-labelson-nodesc</styleUrl>
        <Point>
          <coordinates>
            41.69878,19.660892,0
          </coordinates>
        </Point>
      </Placemark>
      <Placemark>
        <name>المريفق</name>
        <styleUrl>#icon-1899-DB4436-labelson-nodesc</styleUrl>
        <Point>
          <coordinates>
            40.922184,20.793686,0
          </coordinates>
        </Point>
      </Placemark>
      <Placemark>
        <name>المزرع</name>
        <styleUrl>#icon-1899-DB4436-labelson-nodesc</styleUrl>
        <Point>
          <coordinates>
            39.897881,23.010178,0
          </coordinates>
        </Point>
      </Placemark>
      <Placemark>
        <name>المسماة</name>
        <styleUrl>#icon-1899-DB4436-labelson-nodesc</styleUrl>
        <Point>
          <coordinates>
            39.547691,22.461548,0
          </coordinates>
        </Point>
      </Placemark>
      <Placemark>
        <name>المشاش</name>
        <styleUrl>#icon-1899-DB4436-labelson-nodesc</styleUrl>
        <Point>
          <coordinates>
            41.214974,21.8311,0
          </coordinates>
        </Point>
      </Placemark>
      <Placemark>
        <name>المشهاة</name>
        <styleUrl>#icon-1899-DB4436-labelson-nodesc</styleUrl>
        <Point>
          <coordinates>
            39.82368,22.382112,0
          </coordinates>
        </Point>
      </Placemark>
      <Placemark>
        <name>المشيرفة</name>
        <styleUrl>#icon-1899-DB4436-labelson-nodesc</styleUrl>
        <Point>
          <coordinates>
            39.677811,22.011108,0
          </coordinates>
        </Point>
      </Placemark>
      <Placemark>
        <name>المضحاة</name>
        <styleUrl>#icon-1899-DB4436-labelson-nodesc</styleUrl>
        <Point>
          <coordinates>
            39.827156,22.368443,0
          </coordinates>
        </Point>
      </Placemark>
      <Placemark>
        <name>المضيق</name>
        <styleUrl>#icon-1899-DB4436-labelson-nodesc</styleUrl>
        <Point>
          <coordinates>
            40.134945,21.677914,0
          </coordinates>
        </Point>
      </Placemark>
      <Placemark>
        <name>المظلف</name>
        <styleUrl>#icon-1899-DB4436-labelson-nodesc</styleUrl>
        <Point>
          <coordinates>
            41.404445,18.977272,0
          </coordinates>
        </Point>
      </Placemark>
      <Placemark>
        <name>المعششة</name>
        <styleUrl>#icon-1899-DB4436-labelson-nodesc</styleUrl>
        <Point>
          <coordinates>
            41.555614,21.96476,0
          </coordinates>
        </Point>
      </Placemark>
      <Placemark>
        <name>المعقص</name>
        <styleUrl>#icon-1899-DB4436-labelson-nodesc</styleUrl>
        <Point>
          <coordinates>
            41.670113,19.51086,0
          </coordinates>
        </Point>
      </Placemark>
      <Placemark>
        <name>المغاربة</name>
        <styleUrl>#icon-1899-DB4436-labelson-nodesc</styleUrl>
        <Point>
          <coordinates>
            39.343758,22.137451,0
          </coordinates>
        </Point>
      </Placemark>
      <Placemark>
        <name>المغراء</name>
        <styleUrl>#icon-1899-DB4436-labelson-nodesc</styleUrl>
        <Point>
          <coordinates>
            42.41993,21.060791,0
          </coordinates>
        </Point>
      </Placemark>
      <Placemark>
        <name>المغرة</name>
        <styleUrl>#icon-1899-DB4436-labelson-nodesc</styleUrl>
        <Point>
          <coordinates>
            40.860364,20.933912,0
          </coordinates>
        </Point>
      </Placemark>
      <Placemark>
        <name>المغلبيه</name>
        <styleUrl>#icon-1899-DB4436-labelson-nodesc</styleUrl>
        <Point>
          <coordinates>
            40.82247,20.984724,0
          </coordinates>
        </Point>
      </Placemark>
      <Placemark>
        <name>المغمس</name>
        <styleUrl>#icon-1899-DB4436-labelson-nodesc</styleUrl>
        <Point>
          <coordinates>
            40.018601,21.379952,0
          </coordinates>
        </Point>
      </Placemark>
      <Placemark>
        <name>المفارق</name>
        <styleUrl>#icon-1899-DB4436-labelson-nodesc</styleUrl>
        <Point>
          <coordinates>
            41.333334,19.004824,0
          </coordinates>
        </Point>
      </Placemark>
      <Placemark>
        <name>المقسبة</name>
        <styleUrl>#icon-1899-DB4436-labelson-nodesc</styleUrl>
        <Point>
          <coordinates>
            40.865192,20.556793,0
          </coordinates>
        </Point>
      </Placemark>
      <Placemark>
        <name>المقيتي</name>
        <styleUrl>#icon-1899-DB4436-labelson-nodesc</styleUrl>
        <Point>
          <coordinates>
            39.778984,21.540971,0
          </coordinates>
        </Point>
      </Placemark>
      <Placemark>
        <name>المقيصر</name>
        <styleUrl>#icon-1899-DB4436-labelson-nodesc</styleUrl>
        <Point>
          <coordinates>
            42.13583,22.074451,0
          </coordinates>
        </Point>
      </Placemark>
      <Placemark>
        <name>المقيطع</name>
        <styleUrl>#icon-1899-DB4436-labelson-nodesc</styleUrl>
        <Point>
          <coordinates>
            39.478512,21.851292,0
          </coordinates>
        </Point>
      </Placemark>
      <Placemark>
        <name>الملحه</name>
        <styleUrl>#icon-1899-DB4436-labelson-nodesc</styleUrl>
        <Point>
          <coordinates>
            41.545637,18.773897,0
          </coordinates>
        </Point>
      </Placemark>
      <Placemark>
        <name>الملعب</name>
        <styleUrl>#icon-1899-DB4436-labelson-nodesc</styleUrl>
        <Point>
          <coordinates>
            40.62933,21.204386,0
          </coordinates>
        </Point>
      </Placemark>
      <Placemark>
        <name>المليحة</name>
        <styleUrl>#icon-1899-DB4436-labelson-nodesc</styleUrl>
        <Point>
          <coordinates>
            39.677639,22.317009,0
          </coordinates>
        </Point>
      </Placemark>
      <Placemark>
        <name>المناديل</name>
        <styleUrl>#icon-1899-DB4436-labelson-nodesc</styleUrl>
        <Point>
          <coordinates>
            41.284475,18.976715,0
          </coordinates>
        </Point>
      </Placemark>
      <Placemark>
        <name>المناز</name>
        <styleUrl>#icon-1899-DB4436-labelson-nodesc</styleUrl>
        <Point>
          <coordinates>
            39.83192,22.394664,0
          </coordinates>
        </Point>
      </Placemark>
      <Placemark>
        <name>المناضح</name>
        <styleUrl>#icon-1899-DB4436-labelson-nodesc</styleUrl>
        <Point>
          <coordinates>
            40.902979,20.710259,0
          </coordinates>
        </Point>
      </Placemark>
      <Placemark>
        <name>المندسة</name>
        <styleUrl>#icon-1899-DB4436-labelson-nodesc</styleUrl>
        <Point>
          <coordinates>
            39.749565,21.632938,0
          </coordinates>
        </Point>
      </Placemark>
      <Placemark>
        <name>المنقب</name>
        <styleUrl>#icon-1899-DB4436-labelson-nodesc</styleUrl>
        <Point>
          <coordinates>
            41.795855,19.430845,0
          </coordinates>
        </Point>
      </Placemark>
      <Placemark>
        <name>المنقطعة</name>
        <styleUrl>#icon-1899-DB4436-labelson-nodesc</styleUrl>
        <Point>
          <coordinates>
            41.21315,18.970964,0
          </coordinates>
        </Point>
      </Placemark>
      <Placemark>
        <name>المهايع</name>
        <styleUrl>#icon-1899-DB4436-labelson-nodesc</styleUrl>
        <Point>
          <coordinates>
            39.805527,22.324047,0
          </coordinates>
        </Point>
      </Placemark>
      <Placemark>
        <name>المواجدة</name>
        <styleUrl>#icon-1899-DB4436-labelson-nodesc</styleUrl>
        <Point>
          <coordinates>
            41.231132,18.990726,0
          </coordinates>
        </Point>
      </Placemark>
      <Placemark>
        <name>الموثب</name>
        <styleUrl>#icon-1899-DB4436-labelson-nodesc</styleUrl>
        <Point>
          <coordinates>
            41.553147,19.257703,0
          </coordinates>
        </Point>
      </Placemark>
      <Placemark>
        <name>الموية</name>
        <styleUrl>#icon-1899-DB4436-labelson-nodesc</styleUrl>
        <Point>
          <coordinates>
            41.766222,22.430263,0
          </coordinates>
        </Point>
      </Placemark>
      <Placemark>
        <name>المويه القديم</name>
        <styleUrl>#icon-1899-DB4436-labelson-nodesc</styleUrl>
        <Point>
          <coordinates>
            41.592028,22.745712,0
          </coordinates>
        </Point>
      </Placemark>
      <Placemark>
        <name>الميثاء</name>
        <styleUrl>#icon-1899-DB4436-labelson-nodesc</styleUrl>
        <Point>
          <coordinates>
            40.774105,20.43618,0
          </coordinates>
        </Point>
      </Placemark>
      <Placemark>
        <name>النازح</name>
        <styleUrl>#icon-1899-DB4436-labelson-nodesc</styleUrl>
        <Point>
          <coordinates>
            38.90439,22.909584,0
          </coordinates>
        </Point>
      </Placemark>
      <Placemark>
        <name>النافهية</name>
        <styleUrl>#icon-1899-DB4436-labelson-nodesc</styleUrl>
        <Point>
          <coordinates>
            41.133993,22.755625,0
          </coordinates>
        </Point>
      </Placemark>
      <Placemark>
        <name>النبيعة</name>
        <styleUrl>#icon-1899-DB4436-labelson-nodesc</styleUrl>
        <Point>
          <coordinates>
            41.793709,19.394817,0
          </coordinates>
        </Point>
      </Placemark>
      <Placemark>
        <name>النجمة</name>
        <styleUrl>#icon-1899-DB4436-labelson-nodesc</styleUrl>
        <Point>
          <coordinates>
            41.034021,20.471134,0
          </coordinates>
        </Point>
      </Placemark>
      <Placemark>
        <name>النجيل</name>
        <styleUrl>#icon-1899-DB4436-labelson-nodesc</styleUrl>
        <Point>
          <coordinates>
            38.791673,22.162213,0
          </coordinates>
        </Point>
      </Placemark>
      <Placemark>
        <name>النخيشية</name>
        <styleUrl>#icon-1899-DB4436-labelson-nodesc</styleUrl>
        <Point>
          <coordinates>
            40.747776,21.221681,0
          </coordinates>
        </Point>
      </Placemark>
      <Placemark>
        <name>النخيل</name>
        <styleUrl>#icon-1899-DB4436-labelson-nodesc</styleUrl>
        <Point>
          <coordinates>
            39.80587,22.083549,0
          </coordinates>
        </Point>
      </Placemark>
      <Placemark>
        <name>النخيلات</name>
        <styleUrl>#icon-1899-DB4436-labelson-nodesc</styleUrl>
        <Point>
          <coordinates>
            41.373074,19.222662,0
          </coordinates>
        </Point>
      </Placemark>
      <Placemark>
        <name>النزة</name>
        <styleUrl>#icon-1899-DB4436-labelson-nodesc</styleUrl>
        <Point>
          <coordinates>
            39.536705,22.170067,0
          </coordinates>
        </Point>
      </Placemark>
      <Placemark>
        <name>النغير</name>
        <styleUrl>#icon-1899-DB4436-labelson-nodesc</styleUrl>
        <Point>
          <coordinates>
            42.71862,21.19091,0
          </coordinates>
        </Point>
      </Placemark>
      <Placemark>
        <name>النهيمة</name>
        <styleUrl>#icon-1899-DB4436-labelson-nodesc</styleUrl>
        <Point>
          <coordinates>
            39.849193,22.700179,0
          </coordinates>
        </Point>
      </Placemark>
      <Placemark>
        <name>النوارية</name>
        <styleUrl>#icon-1899-DB4436-labelson-nodesc</styleUrl>
        <Point>
          <coordinates>
            39.773297,21.561978,0
          </coordinates>
        </Point>
      </Placemark>
      <Placemark>
        <name>النويبع</name>
        <styleUrl>#icon-1899-DB4436-labelson-nodesc</styleUrl>
        <Point>
          <coordinates>
            39.246254,22.883148,0
          </coordinates>
        </Point>
      </Placemark>
      <Placemark>
        <name>النويدرة</name>
        <styleUrl>#icon-1899-DB4436-labelson-nodesc</styleUrl>
        <Point>
          <coordinates>
            39.642105,21.507454,0
          </coordinates>
        </Point>
      </Placemark>
      <Placemark>
        <name>الهدا</name>
        <styleUrl>#icon-1899-DB4436-labelson-nodesc</styleUrl>
        <Point>
          <coordinates>
            40.280385,21.364868,0
          </coordinates>
        </Point>
      </Placemark>
      <Placemark>
        <name>الهديه</name>
        <styleUrl>#icon-1899-DB4436-labelson-nodesc</styleUrl>
        <Point>
          <coordinates>
            40.235581,21.151149,0
          </coordinates>
        </Point>
      </Placemark>
      <Placemark>
        <name>الهمجة</name>
        <styleUrl>#icon-1899-DB4436-labelson-nodesc</styleUrl>
        <Point>
          <coordinates>
            41.554756,22.122517,0
          </coordinates>
        </Point>
      </Placemark>
      <Placemark>
        <name>الهيجة</name>
        <styleUrl>#icon-1899-DB4436-labelson-nodesc</styleUrl>
        <Point>
          <coordinates>
            41.106484,19.276607,0
          </coordinates>
        </Point>
      </Placemark>
      <Placemark>
        <name>الهيجه</name>
        <styleUrl>#icon-1899-DB4436-labelson-nodesc</styleUrl>
        <Point>
          <coordinates>
            41.323936,18.731926,0
          </coordinates>
        </Point>
      </Placemark>
      <Placemark>
        <name>الهيف</name>
        <styleUrl>#icon-1899-DB4436-labelson-nodesc</styleUrl>
        <Point>
          <coordinates>
            42.72671,21.165977,0
          </coordinates>
        </Point>
      </Placemark>
      <Placemark>
        <name>الهيله</name>
        <styleUrl>#icon-1899-DB4436-labelson-nodesc</styleUrl>
        <Point>
          <coordinates>
            41.328936,18.73729,0
          </coordinates>
        </Point>
      </Placemark>
      <Placemark>
        <name>الودية</name>
        <styleUrl>#icon-1899-DB4436-labelson-nodesc</styleUrl>
        <Point>
          <coordinates>
            40.390034,22.49588,0
          </coordinates>
        </Point>
      </Placemark>
      <Placemark>
        <name>الوزير</name>
        <styleUrl>#icon-1899-DB4436-labelson-nodesc</styleUrl>
        <Point>
          <coordinates>
            40.540988,21.249297,0
          </coordinates>
        </Point>
      </Placemark>
      <Placemark>
        <name>الوسقة</name>
        <styleUrl>#icon-1899-DB4436-labelson-nodesc</styleUrl>
        <Point>
          <coordinates>
            40.56324,19.982758,0
          </coordinates>
        </Point>
      </Placemark>
      <Placemark>
        <name>الوطاة</name>
        <styleUrl>#icon-1899-DB4436-labelson-nodesc</styleUrl>
        <Point>
          <coordinates>
            42.058604,21.983449,0
          </coordinates>
        </Point>
      </Placemark>
      <Placemark>
        <name>الوطاة</name>
        <styleUrl>#icon-1899-DB4436-labelson-nodesc</styleUrl>
        <Point>
          <coordinates>
            41.648655,21.130936,0
          </coordinates>
        </Point>
      </Placemark>
      <Placemark>
        <name>الوقب</name>
        <styleUrl>#icon-1899-DB4436-labelson-nodesc</styleUrl>
        <Point>
          <coordinates>
            39.715233,22.043552,0
          </coordinates>
        </Point>
      </Placemark>
      <Placemark>
        <name>الوقير</name>
        <styleUrl>#icon-1899-DB4436-labelson-nodesc</styleUrl>
        <Point>
          <coordinates>
            40.771036,20.430171,0
          </coordinates>
        </Point>
      </Placemark>
      <Placemark>
        <name>الوكف</name>
        <styleUrl>#icon-1899-DB4436-labelson-nodesc</styleUrl>
        <Point>
          <coordinates>
            40.341818,21.21887,0
          </coordinates>
        </Point>
      </Placemark>
      <Placemark>
        <name>الوكيف</name>
        <styleUrl>#icon-1899-DB4436-labelson-nodesc</styleUrl>
        <Point>
          <coordinates>
            40.342977,21.224234,0
          </coordinates>
        </Point>
      </Placemark>
      <Placemark>
        <name>الوهيط</name>
        <styleUrl>#icon-1899-DB4436-labelson-nodesc</styleUrl>
        <Point>
          <coordinates>
            40.342848,21.235156,0
          </coordinates>
        </Point>
      </Placemark>
      <Placemark>
        <name>اليمانية</name>
        <styleUrl>#icon-1899-DB4436-labelson-nodesc</styleUrl>
        <Point>
          <coordinates>
            39.388733,21.967163,0
          </coordinates>
        </Point>
      </Placemark>
      <Placemark>
        <name>ام الدوم</name>
        <styleUrl>#icon-1899-DB4436-labelson-nodesc</styleUrl>
        <Point>
          <coordinates>
            41.344514,22.608984,0
          </coordinates>
        </Point>
      </Placemark>
      <Placemark>
        <name>ام السدره</name>
        <styleUrl>#icon-1899-DB4436-labelson-nodesc</styleUrl>
        <Point>
          <coordinates>
            40.326197,21.0777,0
          </coordinates>
        </Point>
      </Placemark>
      <Placemark>
        <name>ام الشرم</name>
        <styleUrl>#icon-1899-DB4436-labelson-nodesc</styleUrl>
        <Point>
          <coordinates>
            40.639672,21.436107,0
          </coordinates>
        </Point>
      </Placemark>
      <Placemark>
        <name>ام العود</name>
        <styleUrl>#icon-1899-DB4436-labelson-nodesc</styleUrl>
        <Point>
          <coordinates>
            40.741231,19.684689,0
          </coordinates>
        </Point>
      </Placemark>
      <Placemark>
        <name>ام القماري</name>
        <styleUrl>#icon-1899-DB4436-labelson-nodesc</styleUrl>
        <Point>
          <coordinates>
            41.120882,19.026754,0
          </coordinates>
        </Point>
      </Placemark>
      <Placemark>
        <name>ام المسك</name>
        <styleUrl>#icon-1899-DB4436-labelson-nodesc</styleUrl>
        <Point>
          <coordinates>
            39.069786,22.326257,0
          </coordinates>
        </Point>
      </Placemark>
      <Placemark>
        <name>ام النشب</name>
        <styleUrl>#icon-1899-DB4436-labelson-nodesc</styleUrl>
        <Point>
          <coordinates>
            38.913059,22.893062,0
          </coordinates>
        </Point>
      </Placemark>
      <Placemark>
        <name>ام ثلويوه</name>
        <styleUrl>#icon-1899-DB4436-labelson-nodesc</styleUrl>
        <Point>
          <coordinates>
            40.810196,21.142395,0
          </coordinates>
        </Point>
      </Placemark>
      <Placemark>
        <name>ام هشيم</name>
        <styleUrl>#icon-1899-DB4436-labelson-nodesc</styleUrl>
        <Point>
          <coordinates>
            39.758019,21.81859,0
          </coordinates>
        </Point>
      </Placemark>
      <Placemark>
        <name>بئر الغنم</name>
        <styleUrl>#icon-1899-DB4436-labelson-nodesc</styleUrl>
        <Point>
          <coordinates>
            39.809303,21.591396,0
          </coordinates>
        </Point>
      </Placemark>
      <Placemark>
        <name>بئر شريف</name>
        <styleUrl>#icon-1899-DB4436-labelson-nodesc</styleUrl>
        <Point>
          <coordinates>
            39.493961,22.111187,0
          </coordinates>
        </Point>
      </Placemark>
      <Placemark>
        <name>بادية</name>
        <styleUrl>#icon-1899-DB4436-labelson-nodesc</styleUrl>
        <Point>
          <coordinates>
            41.622219,23.098691,0
          </coordinates>
        </Point>
      </Placemark>
      <Placemark>
        <name>باشوت</name>
        <styleUrl>#icon-1899-DB4436-labelson-nodesc</styleUrl>
        <Point>
          <coordinates>
            41.32252,18.725681,0
          </coordinates>
        </Point>
      </Placemark>
      <Placemark>
        <name>بحرة</name>
        <styleUrl>#icon-1899-DB4436-labelson-nodesc</styleUrl>
        <Point>
          <coordinates>
            39.451733,21.401367,0
          </coordinates>
        </Point>
      </Placemark>
      <Placemark>
        <name>بحرة القديمة</name>
        <styleUrl>#icon-1899-DB4436-labelson-nodesc</styleUrl>
        <Point>
          <coordinates>
            39.49482,21.41304,0
          </coordinates>
        </Point>
      </Placemark>
      <Placemark>
        <name>بحره</name>
        <styleUrl>#icon-1899-DB4436-labelson-nodesc</styleUrl>
        <Point>
          <coordinates>
            40.33287,21.339118,0
          </coordinates>
        </Point>
      </Placemark>
      <Placemark>
        <name>بدائع حابر</name>
        <styleUrl>#icon-1899-DB4436-labelson-nodesc</styleUrl>
        <Point>
          <coordinates>
            41.653032,23.129976,0
          </coordinates>
        </Point>
      </Placemark>
      <Placemark>
        <name>بدره</name>
        <styleUrl>#icon-1899-DB4436-labelson-nodesc</styleUrl>
        <Point>
          <coordinates>
            41.317284,18.747439,0
          </coordinates>
        </Point>
      </Placemark>
      <Placemark>
        <name>براش</name>
        <styleUrl>#icon-1899-DB4436-labelson-nodesc</styleUrl>
        <Point>
          <coordinates>
            40.271544,21.233397,0
          </coordinates>
        </Point>
      </Placemark>
      <Placemark>
        <name>بريدة</name>
        <styleUrl>#icon-1899-DB4436-labelson-nodesc</styleUrl>
        <Point>
          <coordinates>
            41.417663,19.514937,0
          </coordinates>
        </Point>
      </Placemark>
      <Placemark>
        <name>بسل</name>
        <styleUrl>#icon-1899-DB4436-labelson-nodesc</styleUrl>
        <Point>
          <coordinates>
            40.702264,21.179667,0
          </coordinates>
        </Point>
      </Placemark>
      <Placemark>
        <name>بطاط - الزناد</name>
        <styleUrl>#icon-1899-DB4436-labelson-nodesc</styleUrl>
        <Point>
          <coordinates>
            41.547375,19.673595,0
          </coordinates>
        </Point>
      </Placemark>
      <Placemark>
        <name>بلاقة</name>
        <styleUrl>#icon-1899-DB4436-labelson-nodesc</styleUrl>
        <Point>
          <coordinates>
            41.453133,19.334393,0
          </coordinates>
        </Point>
      </Placemark>
      <Placemark>
        <name>بني دعد</name>
        <styleUrl>#icon-1899-DB4436-labelson-nodesc</styleUrl>
        <Point>
          <coordinates>
            40.092545,21.152458,0
          </coordinates>
        </Point>
      </Placemark>
      <Placemark>
        <name>بني سعد</name>
        <styleUrl>#icon-1899-DB4436-labelson-nodesc</styleUrl>
        <Point>
          <coordinates>
            40.825174,20.900352,0
          </coordinates>
        </Point>
      </Placemark>
      <Placemark>
        <name>بني سهيم</name>
        <styleUrl>#icon-1899-DB4436-labelson-nodesc</styleUrl>
        <Point>
          <coordinates>
            41.619473,19.568367,0
          </coordinates>
        </Point>
      </Placemark>
      <Placemark>
        <name>بني يحيى</name>
        <styleUrl>#icon-1899-DB4436-labelson-nodesc</styleUrl>
        <Point>
          <coordinates>
            41.307414,18.638091,0
          </coordinates>
        </Point>
      </Placemark>
      <Placemark>
        <name>بوا</name>
        <styleUrl>#icon-1899-DB4436-labelson-nodesc</styleUrl>
        <Point>
          <coordinates>
            41.240959,20.748603,0
          </coordinates>
        </Point>
      </Placemark>
      <Placemark>
        <name>تربة</name>
        <styleUrl>#icon-1899-DB4436-labelson-nodesc</styleUrl>
        <Point>
          <coordinates>
            41.63887,21.213741,0
          </coordinates>
        </Point>
      </Placemark>
      <Placemark>
        <name>ترعة</name>
        <styleUrl>#icon-1899-DB4436-labelson-nodesc</styleUrl>
        <Point>
          <coordinates>
            40.914459,20.607777,0
          </coordinates>
        </Point>
      </Placemark>
      <Placemark>
        <name>تيه الصناع آل موسى</name>
        <styleUrl>#icon-1899-DB4436-labelson-nodesc</styleUrl>
        <Point>
          <coordinates>
            41.330566,18.556101,0
          </coordinates>
        </Point>
      </Placemark>
      <Placemark>
        <name>ثرا فره</name>
        <styleUrl>#icon-1899-DB4436-labelson-nodesc</styleUrl>
        <Point>
          <coordinates>
            40.885856,19.33068,0
          </coordinates>
        </Point>
      </Placemark>
      <Placemark>
        <name>ثريبان</name>
        <styleUrl>#icon-1899-DB4436-labelson-nodesc</styleUrl>
        <Point>
          <coordinates>
            41.830101,19.44241,0
          </coordinates>
        </Point>
      </Placemark>
      <Placemark>
        <name>ثلاثاء يبه</name>
        <styleUrl>#icon-1899-DB4436-labelson-nodesc</styleUrl>
        <Point>
          <coordinates>
            41.33312,18.945751,0
          </coordinates>
        </Point>
      </Placemark>
      <Placemark>
        <name>ثلوث عمارة</name>
        <styleUrl>#icon-1899-DB4436-labelson-nodesc</styleUrl>
        <Point>
          <coordinates>
            41.817398,19.280148,0
          </coordinates>
        </Point>
      </Placemark>
      <Placemark>
        <name>ثمالة</name>
        <styleUrl>#icon-1899-DB4436-labelson-nodesc</styleUrl>
        <Point>
          <coordinates>
            40.523114,21.120443,0
          </coordinates>
        </Point>
      </Placemark>
      <Placemark>
        <name>ثول</name>
        <styleUrl>#icon-1899-DB4436-labelson-nodesc</styleUrl>
        <Point>
          <coordinates>
            39.113216,22.264652,0
          </coordinates>
        </Point>
      </Placemark>
      <Placemark>
        <name>جبار</name>
        <styleUrl>#icon-1899-DB4436-labelson-nodesc</styleUrl>
        <Point>
          <coordinates>
            41.966057,21.822968,0
          </coordinates>
        </Point>
      </Placemark>
      <Placemark>
        <name>جبل الصبايا</name>
        <styleUrl>#icon-1899-DB4436-labelson-nodesc</styleUrl>
        <Point>
          <coordinates>
            41.06153,18.585348,0
          </coordinates>
        </Point>
      </Placemark>
      <Placemark>
        <name>جبل الليث</name>
        <styleUrl>#icon-1899-DB4436-labelson-nodesc</styleUrl>
        <Point>
          <coordinates>
            40.134344,19.968295,0
          </coordinates>
        </Point>
      </Placemark>
      <Placemark>
        <name>جبل دوقه</name>
        <styleUrl>#icon-1899-DB4436-labelson-nodesc</styleUrl>
        <Point>
          <coordinates>
            40.617764,19.627354,0
          </coordinates>
        </Point>
      </Placemark>
      <Placemark>
        <name>جدة</name>
        <styleUrl>#icon-1899-DB4436-labelson-nodesc</styleUrl>
        <Point>
          <coordinates>
            39.193318,21.499279,0
          </coordinates>
        </Point>
      </Placemark>
      <Placemark>
        <name>جدمه</name>
        <styleUrl>#icon-1899-DB4436-labelson-nodesc</styleUrl>
        <Point>
          <coordinates>
            41.809351,19.471529,0
          </coordinates>
        </Point>
      </Placemark>
      <Placemark>
        <name>جذجة</name>
        <styleUrl>#icon-1899-DB4436-labelson-nodesc</styleUrl>
        <Point>
          <coordinates>
            41.633077,20.827825,0
          </coordinates>
        </Point>
      </Placemark>
      <Placemark>
        <name>جرجر</name>
        <styleUrl>#icon-1899-DB4436-labelson-nodesc</styleUrl>
        <Point>
          <coordinates>
            38.760431,22.94868,0
          </coordinates>
        </Point>
      </Placemark>
      <Placemark>
        <name>جرداء بن علي</name>
        <styleUrl>#icon-1899-DB4436-labelson-nodesc</styleUrl>
        <Point>
          <coordinates>
            41.144421,20.245614,0
          </coordinates>
        </Point>
      </Placemark>
      <Placemark>
        <name>جزر الجنابيات</name>
        <styleUrl>#icon-1899-DB4436-labelson-nodesc</styleUrl>
        <Point>
          <coordinates>
            40.581608,19.772644,0
          </coordinates>
        </Point>
      </Placemark>
      <Placemark>
        <name>جزيرة ابو خشان</name>
        <styleUrl>#icon-1899-DB4436-labelson-nodesc</styleUrl>
        <Point>
          <coordinates>
            38.774571,23.07852,0
          </coordinates>
        </Point>
      </Placemark>
      <Placemark>
        <name>جزيرة ابو سرور</name>
        <styleUrl>#icon-1899-DB4436-labelson-nodesc</styleUrl>
        <Point>
          <coordinates>
            38.94222,22.875295,0
          </coordinates>
        </Point>
      </Placemark>
      <Placemark>
        <name>جزيرة ابو مرزوق</name>
        <styleUrl>#icon-1899-DB4436-labelson-nodesc</styleUrl>
        <Point>
          <coordinates>
            39.020927,22.060869,0
          </coordinates>
        </Point>
      </Placemark>
      <Placemark>
        <name>جزيرة اسحار</name>
        <styleUrl>#icon-1899-DB4436-labelson-nodesc</styleUrl>
        <Point>
          <coordinates>
            38.702989,23.265352,0
          </coordinates>
        </Point>
      </Placemark>
      <Placemark>
        <name>جزيرة البديعه</name>
        <styleUrl>#icon-1899-DB4436-labelson-nodesc</styleUrl>
        <Point>
          <coordinates>
            38.973355,22.033017,0
          </coordinates>
        </Point>
      </Placemark>
      <Placemark>
        <name>جزيرة الدليدله</name>
        <styleUrl>#icon-1899-DB4436-labelson-nodesc</styleUrl>
        <Point>
          <coordinates>
            38.782189,23.158622,0
          </coordinates>
        </Point>
      </Placemark>
      <Placemark>
        <name>جزيرة السقالت</name>
        <styleUrl>#icon-1899-DB4436-labelson-nodesc</styleUrl>
        <Point>
          <coordinates>
            41.062431,19.119194,0
          </coordinates>
        </Point>
      </Placemark>
      <Placemark>
        <name>جزيرة السّقّاء</name>
        <styleUrl>#icon-1899-DB4436-labelson-nodesc</styleUrl>
        <Point>
          <coordinates>
            40.893259,19.27798,0
          </coordinates>
        </Point>
      </Placemark>
      <Placemark>
        <name>جزيرة القود</name>
        <styleUrl>#icon-1899-DB4436-labelson-nodesc</styleUrl>
        <Point>
          <coordinates>
            38.933272,22.885745,0
          </coordinates>
        </Point>
      </Placemark>
      <Placemark>
        <name>جزيرة ام البل</name>
        <styleUrl>#icon-1899-DB4436-labelson-nodesc</styleUrl>
        <Point>
          <coordinates>
            38.849394,22.951469,0
          </coordinates>
        </Point>
      </Placemark>
      <Placemark>
        <name>جزيرة ام دينار</name>
        <styleUrl>#icon-1899-DB4436-labelson-nodesc</styleUrl>
        <Point>
          <coordinates>
            38.870165,22.949731,0
          </coordinates>
        </Point>
      </Placemark>
      <Placemark>
        <name>جزيرة حاطبه</name>
        <styleUrl>#icon-1899-DB4436-labelson-nodesc</styleUrl>
        <Point>
          <coordinates>
            38.944623,21.999972,0
          </coordinates>
        </Point>
      </Placemark>
      <Placemark>
        <name>جزيرة شريفه</name>
        <styleUrl>#icon-1899-DB4436-labelson-nodesc</styleUrl>
        <Point>
          <coordinates>
            40.117114,20.211861,0
          </coordinates>
        </Point>
      </Placemark>
      <Placemark>
        <name>جزيرة صورة</name>
        <styleUrl>#icon-1899-DB4436-labelson-nodesc</styleUrl>
        <Point>
          <coordinates>
            40.888624,19.494381,0
          </coordinates>
        </Point>
      </Placemark>
      <Placemark>
        <name>جزيرة عاشومة</name>
        <styleUrl>#icon-1899-DB4436-labelson-nodesc</styleUrl>
        <Point>
          <coordinates>
            40.772688,19.62965,0
          </coordinates>
        </Point>
      </Placemark>
      <Placemark>
        <name>جزيرة قطنه</name>
        <styleUrl>#icon-1899-DB4436-labelson-nodesc</styleUrl>
        <Point>
          <coordinates>
            41.074512,18.510182,0
          </coordinates>
        </Point>
      </Placemark>
      <Placemark>
        <name>جزيرة قواعه</name>
        <styleUrl>#icon-1899-DB4436-labelson-nodesc</styleUrl>
        <Point>
          <coordinates>
            38.795128,23.117316,0
          </coordinates>
        </Point>
      </Placemark>
      <Placemark>
        <name>جليل</name>
        <styleUrl>#icon-1899-DB4436-labelson-nodesc</styleUrl>
        <Point>
          <coordinates>
            39.756088,21.966133,0
          </coordinates>
        </Point>
      </Placemark>
      <Placemark>
        <name>جليل</name>
        <styleUrl>#icon-1899-DB4436-labelson-nodesc</styleUrl>
        <Point>
          <coordinates>
            40.597186,21.390703,0
          </coordinates>
        </Point>
      </Placemark>
      <Placemark>
        <name>جليلة</name>
        <styleUrl>#icon-1899-DB4436-labelson-nodesc</styleUrl>
        <Point>
          <coordinates>
            39.617558,22.532959,0
          </coordinates>
        </Point>
      </Placemark>
      <Placemark>
        <name>جماحة</name>
        <styleUrl>#icon-1899-DB4436-labelson-nodesc</styleUrl>
        <Point>
          <coordinates>
            40.34229,20.113199,0
          </coordinates>
        </Point>
      </Placemark>
      <Placemark>
        <name>جمعة ربيعه</name>
        <styleUrl>#icon-1899-DB4436-labelson-nodesc</styleUrl>
        <Point>
          <coordinates>
            41.507356,19.056945,0
          </coordinates>
        </Point>
      </Placemark>
      <Placemark>
        <name>جوش</name>
        <styleUrl>#icon-1899-DB4436-labelson-nodesc</styleUrl>
        <Point>
          <coordinates>
            40.781314,21.118598,0
          </coordinates>
        </Point>
      </Placemark>
      <Placemark>
        <name>جويرة</name>
        <styleUrl>#icon-1899-DB4436-labelson-nodesc</styleUrl>
        <Point>
          <coordinates>
            40.830839,21.081111,0
          </coordinates>
        </Point>
      </Placemark>
      <Placemark>
        <name>حجر</name>
        <styleUrl>#icon-1899-DB4436-labelson-nodesc</styleUrl>
        <Point>
          <coordinates>
            39.731197,23.017387,0
          </coordinates>
        </Point>
      </Placemark>
      <Placemark>
        <name>حداب الريان</name>
        <styleUrl>#icon-1899-DB4436-labelson-nodesc</styleUrl>
        <Point>
          <coordinates>
            41.837997,19.379346,0
          </coordinates>
        </Point>
      </Placemark>
      <Placemark>
        <name>حداب صياح</name>
        <styleUrl>#icon-1899-DB4436-labelson-nodesc</styleUrl>
        <Point>
          <coordinates>
            41.063204,20.239992,0
          </coordinates>
        </Point>
      </Placemark>
      <Placemark>
        <name>حداد</name>
        <styleUrl>#icon-1899-DB4436-labelson-nodesc</styleUrl>
        <Point>
          <coordinates>
            41.041317,20.591125,0
          </coordinates>
        </Point>
      </Placemark>
      <Placemark>
        <name>حداد بني مالك</name>
        <styleUrl>#icon-1899-DB4436-labelson-nodesc</styleUrl>
        <Point>
          <coordinates>
            41.049492,20.595868,0
          </coordinates>
        </Point>
      </Placemark>
      <Placemark>
        <name>حدبة السلامه</name>
        <styleUrl>#icon-1899-DB4436-labelson-nodesc</styleUrl>
        <Point>
          <coordinates>
            41.433241,18.766601,0
          </coordinates>
        </Point>
      </Placemark>
      <Placemark>
        <name>حدبة عنتر</name>
        <styleUrl>#icon-1899-DB4436-labelson-nodesc</styleUrl>
        <Point>
          <coordinates>
            41.514759,18.776922,0
          </coordinates>
        </Point>
      </Placemark>
      <Placemark>
        <name>حدة</name>
        <styleUrl>#icon-1899-DB4436-labelson-nodesc</styleUrl>
        <Point>
          <coordinates>
            39.555416,21.449947,0
          </coordinates>
        </Point>
      </Placemark>
      <Placemark>
        <name>حضن</name>
        <styleUrl>#icon-1899-DB4436-labelson-nodesc</styleUrl>
        <Point>
          <coordinates>
            41.18489,21.31191,0
          </coordinates>
        </Point>
      </Placemark>
      <Placemark>
        <name>حفر كشب</name>
        <styleUrl>#icon-1899-DB4436-labelson-nodesc</styleUrl>
        <Point>
          <coordinates>
            41.13852,22.816694,0
          </coordinates>
        </Point>
      </Placemark>
      <Placemark>
        <name>حقال</name>
        <styleUrl>#icon-1899-DB4436-labelson-nodesc</styleUrl>
        <Point>
          <coordinates>
            40.727091,20.481863,0
          </coordinates>
        </Point>
      </Placemark>
      <Placemark>
        <name>حلباء</name>
        <styleUrl>#icon-1899-DB4436-labelson-nodesc</styleUrl>
        <Point>
          <coordinates>
            40.964563,20.54718,0
          </coordinates>
        </Point>
      </Placemark>
      <Placemark>
        <name>حلمة</name>
        <styleUrl>#icon-1899-DB4436-labelson-nodesc</styleUrl>
        <Point>
          <coordinates>
            39.697552,21.956863,0
          </coordinates>
        </Point>
      </Placemark>
      <Placemark>
        <name>حلي قديم</name>
        <styleUrl>#icon-1899-DB4436-labelson-nodesc</styleUrl>
        <Point>
          <coordinates>
            41.309774,18.717999,0
          </coordinates>
        </Point>
      </Placemark>
      <Placemark>
        <name>حنين</name>
        <styleUrl>#icon-1899-DB4436-labelson-nodesc</styleUrl>
        <Point>
          <coordinates>
            38.840554,22.960567,0
          </coordinates>
        </Point>
      </Placemark>
      <Placemark>
        <name>حواز</name>
        <styleUrl>#icon-1899-DB4436-labelson-nodesc</styleUrl>
        <Point>
          <coordinates>
            41.50815,19.711447,0
          </coordinates>
        </Point>
      </Placemark>
      <Placemark>
        <name>حوالة</name>
        <styleUrl>#icon-1899-DB4436-labelson-nodesc</styleUrl>
        <Point>
          <coordinates>
            41.732426,19.791527,0
          </coordinates>
        </Point>
      </Placemark>
      <Placemark>
        <name>حوالة</name>
        <styleUrl>#icon-1899-DB4436-labelson-nodesc</styleUrl>
        <Point>
          <coordinates>
            41.704316,19.700761,0
          </coordinates>
        </Point>
      </Placemark>
      <Placemark>
        <name>خبيران</name>
        <styleUrl>#icon-1899-DB4436-labelson-nodesc</styleUrl>
        <Point>
          <coordinates>
            41.426933,18.980277,0
          </coordinates>
        </Point>
      </Placemark>
      <Placemark>
        <name>خضرة</name>
        <styleUrl>#icon-1899-DB4436-labelson-nodesc</styleUrl>
        <Point>
          <coordinates>
            39.700899,23.116608,0
          </coordinates>
        </Point>
      </Placemark>
      <Placemark>
        <name>خفاش</name>
        <styleUrl>#icon-1899-DB4436-labelson-nodesc</styleUrl>
        <Point>
          <coordinates>
            40.836418,20.983222,0
          </coordinates>
        </Point>
      </Placemark>
      <Placemark>
        <name>خليص</name>
        <styleUrl>#icon-1899-DB4436-labelson-nodesc</styleUrl>
        <Point>
          <coordinates>
            39.31921,22.153587,0
          </coordinates>
        </Point>
      </Placemark>
      <Placemark>
        <name>خماس</name>
        <styleUrl>#icon-1899-DB4436-labelson-nodesc</styleUrl>
        <Point>
          <coordinates>
            40.298796,21.127868,0
          </coordinates>
        </Point>
      </Placemark>
      <Placemark>
        <name>خميس حرب</name>
        <styleUrl>#icon-1899-DB4436-labelson-nodesc</styleUrl>
        <Point>
          <coordinates>
            41.534328,19.174919,0
          </coordinates>
        </Point>
      </Placemark>
      <Placemark>
        <name>خور اجفيفيه</name>
        <styleUrl>#icon-1899-DB4436-labelson-nodesc</styleUrl>
        <Point>
          <coordinates>
            38.962004,22.857249,0
          </coordinates>
        </Point>
      </Placemark>
      <Placemark>
        <name>خور البطان</name>
        <styleUrl>#icon-1899-DB4436-labelson-nodesc</styleUrl>
        <Point>
          <coordinates>
            38.98241,21.921759,0
          </coordinates>
        </Point>
      </Placemark>
      <Placemark>
        <name>خور الخرار</name>
        <styleUrl>#icon-1899-DB4436-labelson-nodesc</styleUrl>
        <Point>
          <coordinates>
            38.906429,22.86978,0
          </coordinates>
        </Point>
      </Placemark>
      <Placemark>
        <name>خور ام سدرة</name>
        <styleUrl>#icon-1899-DB4436-labelson-nodesc</styleUrl>
        <Point>
          <coordinates>
            39.033222,22.120886,0
          </coordinates>
        </Point>
      </Placemark>
      <Placemark>
        <name>دار السوق</name>
        <styleUrl>#icon-1899-DB4436-labelson-nodesc</styleUrl>
        <Point>
          <coordinates>
            41.767616,19.777279,0
          </coordinates>
        </Point>
      </Placemark>
      <Placemark>
        <name>دار الشيخ</name>
        <styleUrl>#icon-1899-DB4436-labelson-nodesc</styleUrl>
        <Point>
          <coordinates>
            41.156394,19.14608,0
          </coordinates>
        </Point>
      </Placemark>
      <Placemark>
        <name>دار بن جده</name>
        <styleUrl>#icon-1899-DB4436-labelson-nodesc</styleUrl>
        <Point>
          <coordinates>
            41.18077,19.223049,0
          </coordinates>
        </Point>
      </Placemark>
      <Placemark>
        <name>داما السوداء</name>
        <styleUrl>#icon-1899-DB4436-labelson-nodesc</styleUrl>
        <Point>
          <coordinates>
            40.92139,20.69262,0
          </coordinates>
        </Point>
      </Placemark>
      <Placemark>
        <name>دبوس</name>
        <styleUrl>#icon-1899-DB4436-labelson-nodesc</styleUrl>
        <Point>
          <coordinates>
            40.719516,20.478258,0
          </coordinates>
        </Point>
      </Placemark>
      <Placemark>
        <name>دردر</name>
        <styleUrl>#icon-1899-DB4436-labelson-nodesc</styleUrl>
        <Point>
          <coordinates>
            39.050667,22.260211,0
          </coordinates>
        </Point>
      </Placemark>
      <Placemark>
        <name>دغبج</name>
        <styleUrl>#icon-1899-DB4436-labelson-nodesc</styleUrl>
        <Point>
          <coordinates>
            40.713487,22.379665,0
          </coordinates>
        </Point>
      </Placemark>
      <Placemark>
        <name>دغيبجة</name>
        <styleUrl>#icon-1899-DB4436-labelson-nodesc</styleUrl>
        <Point>
          <coordinates>
            41.357861,22.588813,0
          </coordinates>
        </Point>
      </Placemark>
      <Placemark>
        <name>دف زيني</name>
        <styleUrl>#icon-1899-DB4436-labelson-nodesc</styleUrl>
        <Point>
          <coordinates>
            39.685535,21.560669,0
          </coordinates>
        </Point>
      </Placemark>
      <Placemark>
        <name>دقة الثانية</name>
        <styleUrl>#icon-1899-DB4436-labelson-nodesc</styleUrl>
        <Point>
          <coordinates>
            40.957074,19.645979,0
          </coordinates>
        </Point>
      </Placemark>
      <Placemark>
        <name>دقيشه</name>
        <styleUrl>#icon-1899-DB4436-labelson-nodesc</styleUrl>
        <Point>
          <coordinates>
            41.321533,18.738942,0
          </coordinates>
        </Point>
      </Placemark>
      <Placemark>
        <name>دوقة</name>
        <styleUrl>#icon-1899-DB4436-labelson-nodesc</styleUrl>
        <Point>
          <coordinates>
            39.351826,22.383785,0
          </coordinates>
        </Point>
      </Placemark>
      <Placemark>
        <name>ذنباء</name>
        <styleUrl>#icon-1899-DB4436-labelson-nodesc</styleUrl>
        <Point>
          <coordinates>
            40.679047,20.426159,0
          </coordinates>
        </Point>
      </Placemark>
      <Placemark>
        <name>ذهبان</name>
        <styleUrl>#icon-1899-DB4436-labelson-nodesc</styleUrl>
        <Point>
          <coordinates>
            39.124031,21.930428,0
          </coordinates>
        </Point>
      </Placemark>
      <Placemark>
        <name>ذي رهجان</name>
        <styleUrl>#icon-1899-DB4436-labelson-nodesc</styleUrl>
        <Point>
          <coordinates>
            41.015353,20.345263,0
          </coordinates>
        </Point>
      </Placemark>
      <Placemark>
        <name>رأس الخيام</name>
        <styleUrl>#icon-1899-DB4436-labelson-nodesc</styleUrl>
        <Point>
          <coordinates>
            38.764508,23.182204,0
          </coordinates>
        </Point>
      </Placemark>
      <Placemark>
        <name>رأس دليدلة</name>
        <styleUrl>#icon-1899-DB4436-labelson-nodesc</styleUrl>
        <Point>
          <coordinates>
            38.788948,23.178685,0
          </coordinates>
        </Point>
      </Placemark>
      <Placemark>
        <name>رابغ</name>
        <styleUrl>#icon-1899-DB4436-labelson-nodesc</styleUrl>
        <Point>
          <coordinates>
            39.033222,22.798176,0
          </coordinates>
        </Point>
      </Placemark>
      <Placemark>
        <name>راس الاسود</name>
        <styleUrl>#icon-1899-DB4436-labelson-nodesc</styleUrl>
        <Point>
          <coordinates>
            39.134481,21.363795,0
          </coordinates>
        </Point>
      </Placemark>
      <Placemark>
        <name>راس الحوش</name>
        <styleUrl>#icon-1899-DB4436-labelson-nodesc</styleUrl>
        <Point>
          <coordinates>
            39.341462,20.920823,0
          </coordinates>
        </Point>
      </Placemark>
      <Placemark>
        <name>راس المملحه</name>
        <styleUrl>#icon-1899-DB4436-labelson-nodesc</styleUrl>
        <Point>
          <coordinates>
            38.694105,23.287218,0
          </coordinates>
        </Point>
      </Placemark>
      <Placemark>
        <name>راس ام ربيس</name>
        <styleUrl>#icon-1899-DB4436-labelson-nodesc</styleUrl>
        <Point>
          <coordinates>
            40.654993,19.753847,0
          </coordinates>
        </Point>
      </Placemark>
      <Placemark>
        <name>راس محسن</name>
        <styleUrl>#icon-1899-DB4436-labelson-nodesc</styleUrl>
        <Point>
          <coordinates>
            40.786121,19.606111,0
          </coordinates>
        </Point>
      </Placemark>
      <Placemark>
        <name>راس مستورة</name>
        <styleUrl>#icon-1899-DB4436-labelson-nodesc</styleUrl>
        <Point>
          <coordinates>
            38.768692,23.041677,0
          </coordinates>
        </Point>
      </Placemark>
      <Placemark>
        <name>رامدان</name>
        <styleUrl>#icon-1899-DB4436-labelson-nodesc</styleUrl>
        <Point>
          <coordinates>
            41.652346,21.187005,0
          </coordinates>
        </Point>
      </Placemark>
      <Placemark>
        <name>راين</name>
        <styleUrl>#icon-1899-DB4436-labelson-nodesc</styleUrl>
        <Point>
          <coordinates>
            39.73006,23.060238,0
          </coordinates>
        </Point>
      </Placemark>
      <Placemark>
        <name>ربوع العين</name>
        <styleUrl>#icon-1899-DB4436-labelson-nodesc</styleUrl>
        <Point>
          <coordinates>
            40.745952,20.611167,0
          </coordinates>
        </Point>
      </Placemark>
      <Placemark>
        <name>رحمان</name>
        <styleUrl>#icon-1899-DB4436-labelson-nodesc</styleUrl>
        <Point>
          <coordinates>
            41.093996,19.210818,0
          </coordinates>
        </Point>
      </Placemark>
      <Placemark>
        <name>رضوان</name>
        <styleUrl>#icon-1899-DB4436-labelson-nodesc</styleUrl>
        <Point>
          <coordinates>
            41.272588,22.09003,0
          </coordinates>
        </Point>
      </Placemark>
      <Placemark>
        <name>رمحة</name>
        <styleUrl>#icon-1899-DB4436-labelson-nodesc</styleUrl>
        <Point>
          <coordinates>
            40.605662,20.847051,0
          </coordinates>
        </Point>
      </Placemark>
      <Placemark>
        <name>رنية</name>
        <styleUrl>#icon-1899-DB4436-labelson-nodesc</styleUrl>
        <Point>
          <coordinates>
            42.842431,21.250927,0
          </coordinates>
        </Point>
      </Placemark>
      <Placemark>
        <name>رهاط</name>
        <styleUrl>#icon-1899-DB4436-labelson-nodesc</styleUrl>
        <Point>
          <coordinates>
            40.023365,22.075825,0
          </coordinates>
        </Point>
      </Placemark>
      <Placemark>
        <name>روحه</name>
        <styleUrl>#icon-1899-DB4436-labelson-nodesc</styleUrl>
        <Point>
          <coordinates>
            41.793323,19.47464,0
          </coordinates>
        </Point>
      </Placemark>
      <Placemark>
        <name>ريع المزرق</name>
        <styleUrl>#icon-1899-DB4436-labelson-nodesc</styleUrl>
        <Point>
          <coordinates>
            40.259485,21.173744,0
          </coordinates>
        </Point>
      </Placemark>
      <Placemark>
        <name>زبارة</name>
        <styleUrl>#icon-1899-DB4436-labelson-nodesc</styleUrl>
        <Point>
          <coordinates>
            41.483603,18.746667,0
          </coordinates>
        </Point>
      </Placemark>
      <Placemark>
        <name>زبارة</name>
        <styleUrl>#icon-1899-DB4436-labelson-nodesc</styleUrl>
        <Point>
          <coordinates>
            41.483603,18.746667,0
          </coordinates>
        </Point>
      </Placemark>
      <Placemark>
        <name>زبيد</name>
        <styleUrl>#icon-1899-DB4436-labelson-nodesc</styleUrl>
        <Point>
          <coordinates>
            41.340179,19.333878,0
          </coordinates>
        </Point>
      </Placemark>
      <Placemark>
        <name>زبيدة</name>
        <styleUrl>#icon-1899-DB4436-labelson-nodesc</styleUrl>
        <Point>
          <coordinates>
            40.764942,21.23035,0
          </coordinates>
        </Point>
      </Placemark>
      <Placemark>
        <name>زبير الرصاص</name>
        <styleUrl>#icon-1899-DB4436-labelson-nodesc</styleUrl>
        <Point>
          <coordinates>
            41.459484,18.741817,0
          </coordinates>
        </Point>
      </Placemark>
      <Placemark>
        <name>زلاقة</name>
        <styleUrl>#icon-1899-DB4436-labelson-nodesc</styleUrl>
        <Point>
          <coordinates>
            41.785641,21.364117,0
          </coordinates>
        </Point>
      </Placemark>
      <Placemark>
        <name>زنقاحة</name>
        <styleUrl>#icon-1899-DB4436-labelson-nodesc</styleUrl>
        <Point>
          <coordinates>
            41.437383,22.36649,0
          </coordinates>
        </Point>
      </Placemark>
      <Placemark>
        <name>زهوه</name>
        <styleUrl>#icon-1899-DB4436-labelson-nodesc</styleUrl>
        <Point>
          <coordinates>
            41.796091,19.492793,0
          </coordinates>
        </Point>
      </Placemark>
      <Placemark>
        <name>ساحل</name>
        <styleUrl>#icon-1899-DB4436-labelson-nodesc</styleUrl>
        <Point>
          <coordinates>
            41.293981,18.667595,0
          </coordinates>
        </Point>
      </Placemark>
      <Placemark>
        <name>سبت الجارة</name>
        <styleUrl>#icon-1899-DB4436-labelson-nodesc</styleUrl>
        <Point>
          <coordinates>
            41.428413,19.285984,0
          </coordinates>
        </Point>
      </Placemark>
      <Placemark>
        <name>سبت شمران</name>
        <styleUrl>#icon-1899-DB4436-labelson-nodesc</styleUrl>
        <Point>
          <coordinates>
            41.792507,19.466228,0
          </coordinates>
        </Point>
      </Placemark>
      <Placemark>
        <name>سبهان</name>
        <styleUrl>#icon-1899-DB4436-labelson-nodesc</styleUrl>
        <Point>
          <coordinates>
            40.797279,19.451723,0
          </coordinates>
        </Point>
      </Placemark>
      <Placemark>
        <name>سديرة</name>
        <styleUrl>#icon-1899-DB4436-labelson-nodesc</styleUrl>
        <Point>
          <coordinates>
            40.848176,21.365039,0
          </coordinates>
        </Point>
      </Placemark>
      <Placemark>
        <name>سعيدات</name>
        <styleUrl>#icon-1899-DB4436-labelson-nodesc</styleUrl>
        <Point>
          <coordinates>
            41.729422,21.280475,0
          </coordinates>
        </Point>
      </Placemark>
      <Placemark>
        <name>سلامة الفريق</name>
        <styleUrl>#icon-1899-DB4436-labelson-nodesc</styleUrl>
        <Point>
          <coordinates>
            41.379018,18.705618,0
          </coordinates>
        </Point>
      </Placemark>
      <Placemark>
        <name>سلم الزواهر</name>
        <styleUrl>#icon-1899-DB4436-labelson-nodesc</styleUrl>
        <Point>
          <coordinates>
            40.731983,19.812984,0
          </coordinates>
        </Point>
      </Placemark>
      <Placemark>
        <name>سمنان</name>
        <styleUrl>#icon-1899-DB4436-labelson-nodesc</styleUrl>
        <Point>
          <coordinates>
            40.522878,21.212904,0
          </coordinates>
        </Point>
      </Placemark>
      <Placemark>
        <name>سناني المنقض</name>
        <styleUrl>#icon-1899-DB4436-labelson-nodesc</styleUrl>
        <Point>
          <coordinates>
            38.942542,22.882934,0
          </coordinates>
        </Point>
      </Placemark>
      <Placemark>
        <name>سوق اللصفة</name>
        <styleUrl>#icon-1899-DB4436-labelson-nodesc</styleUrl>
        <Point>
          <coordinates>
            40.267296,20.766006,0
          </coordinates>
        </Point>
      </Placemark>
      <Placemark>
        <name>سوق بني يزيد</name>
        <styleUrl>#icon-1899-DB4436-labelson-nodesc</styleUrl>
        <Point>
          <coordinates>
            40.564656,20.72221,0
          </coordinates>
        </Point>
      </Placemark>
      <Placemark>
        <name>سوق جدم</name>
        <styleUrl>#icon-1899-DB4436-labelson-nodesc</styleUrl>
        <Point>
          <coordinates>
            40.406127,20.620201,0
          </coordinates>
        </Point>
      </Placemark>
      <Placemark>
        <name>سيل ال عياش</name>
        <styleUrl>#icon-1899-DB4436-labelson-nodesc</styleUrl>
        <Point>
          <coordinates>
            40.377352,21.095059,0
          </coordinates>
        </Point>
      </Placemark>
      <Placemark>
        <name>شبرا</name>
        <styleUrl>#icon-1899-DB4436-labelson-nodesc</styleUrl>
        <Point>
          <coordinates>
            41.27027,18.99888,0
          </coordinates>
        </Point>
      </Placemark>
      <Placemark>
        <name>شداد</name>
        <styleUrl>#icon-1899-DB4436-labelson-nodesc</styleUrl>
        <Point>
          <coordinates>
            40.051346,21.316223,0
          </coordinates>
        </Point>
      </Placemark>
      <Placemark>
        <name>شرائع المجاهدين</name>
        <styleUrl>#icon-1899-DB4436-labelson-nodesc</styleUrl>
        <Point>
          <coordinates>
            39.958134,21.492519,0
          </coordinates>
        </Point>
      </Placemark>
      <Placemark>
        <name>شراقب</name>
        <styleUrl>#icon-1899-DB4436-labelson-nodesc</styleUrl>
        <Point>
          <coordinates>
            40.860043,20.525551,0
          </coordinates>
        </Point>
      </Placemark>
      <Placemark>
        <name>شركة الروبيان</name>
        <styleUrl>#icon-1899-DB4436-labelson-nodesc</styleUrl>
        <Point>
          <coordinates>
            40.044801,20.318527,0
          </coordinates>
        </Point>
      </Placemark>
      <Placemark>
        <name>شعاب الخمسه</name>
        <styleUrl>#icon-1899-DB4436-labelson-nodesc</styleUrl>
        <Point>
          <coordinates>
            38.619883,22.761397,0
          </coordinates>
        </Point>
      </Placemark>
      <Placemark>
        <name>شعاب خرار</name>
        <styleUrl>#icon-1899-DB4436-labelson-nodesc</styleUrl>
        <Point>
          <coordinates>
            38.74335,22.961147,0
          </coordinates>
        </Point>
      </Placemark>
      <Placemark>
        <name>شعب ابو ساهم</name>
        <styleUrl>#icon-1899-DB4436-labelson-nodesc</styleUrl>
        <Point>
          <coordinates>
            38.897738,22.636964,0
          </coordinates>
        </Point>
      </Placemark>
      <Placemark>
        <name>شعب ابو مدافع</name>
        <styleUrl>#icon-1899-DB4436-labelson-nodesc</styleUrl>
        <Point>
          <coordinates>
            38.775022,22.074859,0
          </coordinates>
        </Point>
      </Placemark>
      <Placemark>
        <name>شعب اسحار</name>
        <styleUrl>#icon-1899-DB4436-labelson-nodesc</styleUrl>
        <Point>
          <coordinates>
            38.691766,23.246169,0
          </coordinates>
        </Point>
      </Placemark>
      <Placemark>
        <name>شعب البيضاء</name>
        <styleUrl>#icon-1899-DB4436-labelson-nodesc</styleUrl>
        <Point>
          <coordinates>
            38.783369,22.731464,0
          </coordinates>
        </Point>
      </Placemark>
      <Placemark>
        <name>شعب التومان</name>
        <styleUrl>#icon-1899-DB4436-labelson-nodesc</styleUrl>
        <Point>
          <coordinates>
            39.821663,20.18167,0
          </coordinates>
        </Point>
      </Placemark>
      <Placemark>
        <name>شعب الثلاثه</name>
        <styleUrl>#icon-1899-DB4436-labelson-nodesc</styleUrl>
        <Point>
          <coordinates>
            41.094446,18.959999,0
          </coordinates>
        </Point>
      </Placemark>
      <Placemark>
        <name>شعب الجباره</name>
        <styleUrl>#icon-1899-DB4436-labelson-nodesc</styleUrl>
        <Point>
          <coordinates>
            40.124431,19.530559,0
          </coordinates>
        </Point>
      </Placemark>
      <Placemark>
        <name>شعب الجدير</name>
        <styleUrl>#icon-1899-DB4436-labelson-nodesc</styleUrl>
        <Point>
          <coordinates>
            38.650739,23.19598,0
          </coordinates>
        </Point>
      </Placemark>
      <Placemark>
        <name>شعب الجُدير الجنوبي</name>
        <styleUrl>#icon-1899-DB4436-labelson-nodesc</styleUrl>
        <Point>
          <coordinates>
            38.620827,23.25001,0
          </coordinates>
        </Point>
      </Placemark>
      <Placemark>
        <name>شعب الخاتم</name>
        <styleUrl>#icon-1899-DB4436-labelson-nodesc</styleUrl>
        <Point>
          <coordinates>
            40.384734,18.954163,0
          </coordinates>
        </Point>
      </Placemark>
      <Placemark>
        <name>شعب الساقه</name>
        <styleUrl>#icon-1899-DB4436-labelson-nodesc</styleUrl>
        <Point>
          <coordinates>
            40.1125,19.358339,0
          </coordinates>
        </Point>
      </Placemark>
      <Placemark>
        <name>شعب السبعه</name>
        <styleUrl>#icon-1899-DB4436-labelson-nodesc</styleUrl>
        <Point>
          <coordinates>
            40.013881,19.654176,0
          </coordinates>
        </Point>
      </Placemark>
      <Placemark>
        <name>شعب الشجعه</name>
        <styleUrl>#icon-1899-DB4436-labelson-nodesc</styleUrl>
        <Point>
          <coordinates>
            39.649808,20.362515,0
          </coordinates>
        </Point>
      </Placemark>
      <Placemark>
        <name>شعب الشق</name>
        <styleUrl>#icon-1899-DB4436-labelson-nodesc</styleUrl>
        <Point>
          <coordinates>
            40.856094,21.001589,0
          </coordinates>
        </Point>
      </Placemark>
      <Placemark>
        <name>شعب الصيّل</name>
        <styleUrl>#icon-1899-DB4436-labelson-nodesc</styleUrl>
        <Point>
          <coordinates>
            41.147211,18.799989,0
          </coordinates>
        </Point>
      </Placemark>
      <Placemark>
        <name>شعب القِرش</name>
        <styleUrl>#icon-1899-DB4436-labelson-nodesc</styleUrl>
        <Point>
          <coordinates>
            38.881667,22.645826,0
          </coordinates>
        </Point>
      </Placemark>
      <Placemark>
        <name>شعب الكبير</name>
        <styleUrl>#icon-1899-DB4436-labelson-nodesc</styleUrl>
        <Point>
          <coordinates>
            38.834589,21.688106,0
          </coordinates>
        </Point>
      </Placemark>
      <Placemark>
        <name>شعب المسماري</name>
        <styleUrl>#icon-1899-DB4436-labelson-nodesc</styleUrl>
        <Point>
          <coordinates>
            39.034317,21.321201,0
          </coordinates>
        </Point>
      </Placemark>
      <Placemark>
        <name>شعب المغدي</name>
        <styleUrl>#icon-1899-DB4436-labelson-nodesc</styleUrl>
        <Point>
          <coordinates>
            40.870106,20.483236,0
          </coordinates>
        </Point>
      </Placemark>
      <Placemark>
        <name>شعب الملح</name>
        <styleUrl>#icon-1899-DB4436-labelson-nodesc</styleUrl>
        <Point>
          <coordinates>
            40.444322,21.190181,0
          </coordinates>
        </Point>
      </Placemark>
      <Placemark>
        <name>شعب النخل</name>
        <styleUrl>#icon-1899-DB4436-labelson-nodesc</styleUrl>
        <Point>
          <coordinates>
            40.551159,20.67039,0
          </coordinates>
        </Point>
      </Placemark>
      <Placemark>
        <name>شعب النفعه</name>
        <styleUrl>#icon-1899-DB4436-labelson-nodesc</styleUrl>
        <Point>
          <coordinates>
            40.801249,20.95022,0
          </coordinates>
        </Point>
      </Placemark>
      <Placemark>
        <name>شعب جنابيات</name>
        <styleUrl>#icon-1899-DB4436-labelson-nodesc</styleUrl>
        <Point>
          <coordinates>
            39.948328,19.963338,0
          </coordinates>
        </Point>
      </Placemark>
      <Placemark>
        <name>شعب دوكه</name>
        <styleUrl>#icon-1899-DB4436-labelson-nodesc</styleUrl>
        <Point>
          <coordinates>
            40.279162,19.170821,0
          </coordinates>
        </Point>
      </Placemark>
      <Placemark>
        <name>شعب مخارج</name>
        <styleUrl>#icon-1899-DB4436-labelson-nodesc</styleUrl>
        <Point>
          <coordinates>
            38.584778,23.342042,0
          </coordinates>
        </Point>
      </Placemark>
      <Placemark>
        <name>شعب نزار</name>
        <styleUrl>#icon-1899-DB4436-labelson-nodesc</styleUrl>
        <Point>
          <coordinates>
            38.85066,22.328639,0
          </coordinates>
        </Point>
      </Placemark>
      <Placemark>
        <name>شعبان الشجعه</name>
        <styleUrl>#icon-1899-DB4436-labelson-nodesc</styleUrl>
        <Point>
          <coordinates>
            39.516664,20.359168,0
          </coordinates>
        </Point>
      </Placemark>
      <Placemark>
        <name>شعبة</name>
        <styleUrl>#icon-1899-DB4436-labelson-nodesc</styleUrl>
        <Point>
          <coordinates>
            40.875878,20.941916,0
          </coordinates>
        </Point>
      </Placemark>
      <Placemark>
        <name>شعبة سيلانه</name>
        <styleUrl>#icon-1899-DB4436-labelson-nodesc</styleUrl>
        <Point>
          <coordinates>
            41.79388,19.472258,0
          </coordinates>
        </Point>
      </Placemark>
      <Placemark>
        <name>شعر</name>
        <styleUrl>#icon-1899-DB4436-labelson-nodesc</styleUrl>
        <Point>
          <coordinates>
            41.780319,21.447222,0
          </coordinates>
        </Point>
      </Placemark>
      <Placemark>
        <name>شفيق</name>
        <styleUrl>#icon-1899-DB4436-labelson-nodesc</styleUrl>
        <Point>
          <coordinates>
            40.716898,19.536481,0
          </coordinates>
        </Point>
      </Placemark>
      <Placemark>
        <name>شقصان</name>
        <styleUrl>#icon-1899-DB4436-labelson-nodesc</styleUrl>
        <Point>
          <coordinates>
            40.836997,21.124477,0
          </coordinates>
        </Point>
      </Placemark>
      <Placemark>
        <name>شينانة</name>
        <styleUrl>#icon-1899-DB4436-labelson-nodesc</styleUrl>
        <Point>
          <coordinates>
            41.238041,19.135094,0
          </coordinates>
        </Point>
      </Placemark>
      <Placemark>
        <name>صبح</name>
        <styleUrl>#icon-1899-DB4436-labelson-nodesc</styleUrl>
        <Point>
          <coordinates>
            40.832834,20.492034,0
          </coordinates>
        </Point>
      </Placemark>
      <Placemark>
        <name>صعبر</name>
        <styleUrl>#icon-1899-DB4436-labelson-nodesc</styleUrl>
        <Point>
          <coordinates>
            39.188747,22.449017,0
          </coordinates>
        </Point>
      </Placemark>
      <Placemark>
        <name>صعيبة</name>
        <styleUrl>#icon-1899-DB4436-labelson-nodesc</styleUrl>
        <Point>
          <coordinates>
            40.913386,20.375755,0
          </coordinates>
        </Point>
      </Placemark>
      <Placemark>
        <name>صقيعة</name>
        <styleUrl>#icon-1899-DB4436-labelson-nodesc</styleUrl>
        <Point>
          <coordinates>
            39.001679,21.14027,0
          </coordinates>
        </Point>
      </Placemark>
      <Placemark>
        <name>صلبة</name>
        <styleUrl>#icon-1899-DB4436-labelson-nodesc</styleUrl>
        <Point>
          <coordinates>
            40.660615,21.463037,0
          </coordinates>
        </Point>
      </Placemark>
      <Placemark>
        <name>صور</name>
        <styleUrl>#icon-1899-DB4436-labelson-nodesc</styleUrl>
        <Point>
          <coordinates>
            40.79994,20.924041,0
          </coordinates>
        </Point>
      </Placemark>
      <Placemark>
        <name>ضبيعة</name>
        <styleUrl>#icon-1899-DB4436-labelson-nodesc</styleUrl>
        <Point>
          <coordinates>
            40.86515,20.420473,0
          </coordinates>
        </Point>
      </Placemark>
      <Placemark>
        <name>ضهياء</name>
        <styleUrl>#icon-1899-DB4436-labelson-nodesc</styleUrl>
        <Point>
          <coordinates>
            40.595169,20.365455,0
          </coordinates>
        </Point>
      </Placemark>
      <Placemark>
        <name>طارق</name>
        <styleUrl>#icon-1899-DB4436-labelson-nodesc</styleUrl>
        <Point>
          <coordinates>
            39.053585,22.282934,0
          </coordinates>
        </Point>
      </Placemark>
      <Placemark>
        <name>طويرق</name>
        <styleUrl>#icon-1899-DB4436-labelson-nodesc</styleUrl>
        <Point>
          <coordinates>
            40.292702,21.4781,0
          </coordinates>
        </Point>
      </Placemark>
      <Placemark>
        <name>طويل رغوان</name>
        <styleUrl>#icon-1899-DB4436-labelson-nodesc</styleUrl>
        <Point>
          <coordinates>
            39.37676,20.644963,0
          </coordinates>
        </Point>
      </Placemark>
      <Placemark>
        <name>ظلم</name>
        <styleUrl>#icon-1899-DB4436-labelson-nodesc</styleUrl>
        <Point>
          <coordinates>
            42.1719,22.721443,0
          </coordinates>
        </Point>
      </Placemark>
      <Placemark>
        <name>عاجة</name>
        <styleUrl>#icon-1899-DB4436-labelson-nodesc</styleUrl>
        <Point>
          <coordinates>
            41.103866,19.262252,0
          </coordinates>
        </Point>
      </Placemark>
      <Placemark>
        <name>عبال</name>
        <styleUrl>#icon-1899-DB4436-labelson-nodesc</styleUrl>
        <Point>
          <coordinates>
            40.96482,20.59325,0
          </coordinates>
        </Point>
      </Placemark>
      <Placemark>
        <name>عبلة المحاني</name>
        <styleUrl>#icon-1899-DB4436-labelson-nodesc</styleUrl>
        <Point>
          <coordinates>
            40.678124,22.303147,0
          </coordinates>
        </Point>
      </Placemark>
      <Placemark>
        <name>عجلان</name>
        <styleUrl>#icon-1899-DB4436-labelson-nodesc</styleUrl>
        <Point>
          <coordinates>
            41.227248,19.016819,0
          </coordinates>
        </Point>
      </Placemark>
      <Placemark>
        <name>عرفات</name>
        <styleUrl>#icon-1899-DB4436-labelson-nodesc</styleUrl>
        <Point>
          <coordinates>
            39.976072,21.351542,0
          </coordinates>
        </Point>
      </Placemark>
      <Placemark>
        <name>عرق ابو خشبه</name>
        <styleUrl>#icon-1899-DB4436-labelson-nodesc</styleUrl>
        <Point>
          <coordinates>
            38.956811,22.869501,0
          </coordinates>
        </Point>
      </Placemark>
      <Placemark>
        <name>عرق الباحه الصغير</name>
        <styleUrl>#icon-1899-DB4436-labelson-nodesc</styleUrl>
        <Point>
          <coordinates>
            38.910828,22.917223,0
          </coordinates>
        </Point>
      </Placemark>
      <Placemark>
        <name>عرق الباحه الكبير</name>
        <styleUrl>#icon-1899-DB4436-labelson-nodesc</styleUrl>
        <Point>
          <coordinates>
            38.908596,22.923896,0
          </coordinates>
        </Point>
      </Placemark>
      <Placemark>
        <name>عرق الغراب</name>
        <styleUrl>#icon-1899-DB4436-labelson-nodesc</styleUrl>
        <Point>
          <coordinates>
            39.012945,21.269724,0
          </coordinates>
        </Point>
      </Placemark>
      <Placemark>
        <name>عريانه</name>
        <styleUrl>#icon-1899-DB4436-labelson-nodesc</styleUrl>
        <Point>
          <coordinates>
            41.320138,18.748662,0
          </coordinates>
        </Point>
      </Placemark>
      <Placemark>
        <name>عسفان</name>
        <styleUrl>#icon-1899-DB4436-labelson-nodesc</styleUrl>
        <Point>
          <coordinates>
            39.348736,21.918068,0
          </coordinates>
        </Point>
      </Placemark>
      <Placemark>
        <name>عشيرة</name>
        <styleUrl>#icon-1899-DB4436-labelson-nodesc</styleUrl>
        <Point>
          <coordinates>
            40.668812,21.695745,0
          </coordinates>
        </Point>
      </Placemark>
      <Placemark>
        <name>عشيرة</name>
        <styleUrl>#icon-1899-DB4436-labelson-nodesc</styleUrl>
        <Point>
          <coordinates>
            40.654049,21.752114,0
          </coordinates>
        </Point>
      </Placemark>
      <Placemark>
        <name>عشيرة الجديدة</name>
        <styleUrl>#icon-1899-DB4436-labelson-nodesc</styleUrl>
        <Point>
          <coordinates>
            40.669692,21.801295,0
          </coordinates>
        </Point>
      </Placemark>
      <Placemark>
        <name>عشيرة مكتن</name>
        <styleUrl>#icon-1899-DB4436-labelson-nodesc</styleUrl>
        <Point>
          <coordinates>
            40.52393,22.50309,0
          </coordinates>
        </Point>
      </Placemark>
      <Placemark>
        <name>عضمه</name>
        <styleUrl>#icon-1899-DB4436-labelson-nodesc</styleUrl>
        <Point>
          <coordinates>
            41.500168,18.775527,0
          </coordinates>
        </Point>
      </Placemark>
      <Placemark>
        <name>عمرات</name>
        <styleUrl>#icon-1899-DB4436-labelson-nodesc</styleUrl>
        <Point>
          <coordinates>
            41.207142,19.229722,0
          </coordinates>
        </Point>
      </Placemark>
      <Placemark>
        <name>عنيكر</name>
        <styleUrl>#icon-1899-DB4436-labelson-nodesc</styleUrl>
        <Point>
          <coordinates>
            41.256237,18.890648,0
          </coordinates>
        </Point>
      </Placemark>
      <Placemark>
        <name>عواها</name>
        <styleUrl>#icon-1899-DB4436-labelson-nodesc</styleUrl>
        <Point>
          <coordinates>
            39.99459,20.81347,0
          </coordinates>
        </Point>
      </Placemark>
      <Placemark>
        <name>عويمرة</name>
        <styleUrl>#icon-1899-DB4436-labelson-nodesc</styleUrl>
        <Point>
          <coordinates>
            41.603551,23.388605,0
          </coordinates>
        </Point>
      </Placemark>
      <Placemark>
        <name>عين شعثاء</name>
        <styleUrl>#icon-1899-DB4436-labelson-nodesc</styleUrl>
        <Point>
          <coordinates>
            39.320068,21.933002,0
          </coordinates>
        </Point>
      </Placemark>
      <Placemark>
        <name>عين شمس</name>
        <styleUrl>#icon-1899-DB4436-labelson-nodesc</styleUrl>
        <Point>
          <coordinates>
            39.761753,21.644955,0
          </coordinates>
        </Point>
      </Placemark>
      <Placemark>
        <name>غارضة</name>
        <styleUrl>#icon-1899-DB4436-labelson-nodesc</styleUrl>
        <Point>
          <coordinates>
            41.656079,19.567552,0
          </coordinates>
        </Point>
      </Placemark>
      <Placemark>
        <name>غبيشة</name>
        <styleUrl>#icon-1899-DB4436-labelson-nodesc</styleUrl>
        <Point>
          <coordinates>
            41.41305,18.759906,0
          </coordinates>
        </Point>
      </Placemark>
      <Placemark>
        <name>غثاة</name>
        <styleUrl>#icon-1899-DB4436-labelson-nodesc</styleUrl>
        <Point>
          <coordinates>
            42.105145,22.052457,0
          </coordinates>
        </Point>
      </Placemark>
      <Placemark>
        <name>غراب</name>
        <styleUrl>#icon-1899-DB4436-labelson-nodesc</styleUrl>
        <Point>
          <coordinates>
            41.807785,19.53764,0
          </coordinates>
        </Point>
      </Placemark>
      <Placemark>
        <name>غراب</name>
        <styleUrl>#icon-1899-DB4436-labelson-nodesc</styleUrl>
        <Point>
          <coordinates>
            39.110877,21.34238,0
          </coordinates>
        </Point>
      </Placemark>
      <Placemark>
        <name>غران</name>
        <styleUrl>#icon-1899-DB4436-labelson-nodesc</styleUrl>
        <Point>
          <coordinates>
            39.365215,21.968536,0
          </coordinates>
        </Point>
      </Placemark>
      <Placemark>
        <name>غزايل</name>
        <styleUrl>#icon-1899-DB4436-labelson-nodesc</styleUrl>
        <Point>
          <coordinates>
            41.073868,20.974231,0
          </coordinates>
        </Point>
      </Placemark>
      <Placemark>
        <name>غزيات</name>
        <styleUrl>#icon-1899-DB4436-labelson-nodesc</styleUrl>
        <Point>
          <coordinates>
            39.637363,21.649675,0
          </coordinates>
        </Point>
      </Placemark>
      <Placemark>
        <name>غليفه</name>
        <styleUrl>#icon-1899-DB4436-labelson-nodesc</styleUrl>
        <Point>
          <coordinates>
            41.791735,19.451787,0
          </coordinates>
        </Point>
      </Placemark>
      <Placemark>
        <name>غميقة</name>
        <styleUrl>#icon-1899-DB4436-labelson-nodesc</styleUrl>
        <Point>
          <coordinates>
            40.459342,20.300159,0
          </coordinates>
        </Point>
      </Placemark>
      <Placemark>
        <name>فاجه</name>
        <styleUrl>#icon-1899-DB4436-labelson-nodesc</styleUrl>
        <Point>
          <coordinates>
            41.665285,19.555857,0
          </coordinates>
        </Point>
      </Placemark>
      <Placemark>
        <name>فيدة</name>
        <styleUrl>#icon-1899-DB4436-labelson-nodesc</styleUrl>
        <Point>
          <coordinates>
            39.389248,21.916866,0
          </coordinates>
        </Point>
      </Placemark>
      <Placemark>
        <name>فيضة المسلح</name>
        <styleUrl>#icon-1899-DB4436-labelson-nodesc</styleUrl>
        <Point>
          <coordinates>
            40.767796,22.505193,0
          </coordinates>
        </Point>
      </Placemark>
      <Placemark>
        <name>قادالعصيلي</name>
        <styleUrl>#icon-1899-DB4436-labelson-nodesc</styleUrl>
        <Point>
          <coordinates>
            38.937199,22.901731,0
          </coordinates>
        </Point>
      </Placemark>
      <Placemark>
        <name>قاعس</name>
        <styleUrl>#icon-1899-DB4436-labelson-nodesc</styleUrl>
        <Point>
          <coordinates>
            40.900383,20.50684,0
          </coordinates>
        </Point>
      </Placemark>
      <Placemark>
        <name>قبة عواطف</name>
        <styleUrl>#icon-1899-DB4436-labelson-nodesc</styleUrl>
        <Point>
          <coordinates>
            38.927221,22.894177,0
          </coordinates>
        </Point>
      </Placemark>
      <Placemark>
        <name>قتيب الثميلة</name>
        <styleUrl>#icon-1899-DB4436-labelson-nodesc</styleUrl>
        <Point>
          <coordinates>
            41.024151,20.34831,0
          </coordinates>
        </Point>
      </Placemark>
      <Placemark>
        <name>قحزة</name>
        <styleUrl>#icon-1899-DB4436-labelson-nodesc</styleUrl>
        <Point>
          <coordinates>
            41.432254,18.98371,0
          </coordinates>
        </Point>
      </Placemark>
      <Placemark>
        <name>قديد</name>
        <styleUrl>#icon-1899-DB4436-labelson-nodesc</styleUrl>
        <Point>
          <coordinates>
            39.534302,22.449703,0
          </coordinates>
        </Point>
      </Placemark>
      <Placemark>
        <name>قربة المجارده</name>
        <styleUrl>#icon-1899-DB4436-labelson-nodesc</styleUrl>
        <Point>
          <coordinates>
            40.889525,20.649619,0
          </coordinates>
        </Point>
      </Placemark>
      <Placemark>
        <name>قرضة</name>
        <styleUrl>#icon-1899-DB4436-labelson-nodesc</styleUrl>
        <Point>
          <coordinates>
            40.64965,20.694487,0
          </coordinates>
        </Point>
      </Placemark>
      <Placemark>
        <name>قرى  ال زياد</name>
        <styleUrl>#icon-1899-DB4436-labelson-nodesc</styleUrl>
        <Point>
          <coordinates>
            40.128057,21.202605,0
          </coordinates>
        </Point>
      </Placemark>
      <Placemark>
        <name>قرى ال السني</name>
        <styleUrl>#icon-1899-DB4436-labelson-nodesc</styleUrl>
        <Point>
          <coordinates>
            40.884118,20.274732,0
          </coordinates>
        </Point>
      </Placemark>
      <Placemark>
        <name>قرى الحجلا</name>
        <styleUrl>#icon-1899-DB4436-labelson-nodesc</styleUrl>
        <Point>
          <coordinates>
            41.03003,20.603807,0
          </coordinates>
        </Point>
      </Placemark>
      <Placemark>
        <name>قرى الخوثه</name>
        <styleUrl>#icon-1899-DB4436-labelson-nodesc</styleUrl>
        <Point>
          <coordinates>
            40.994174,20.627174,0
          </coordinates>
        </Point>
      </Placemark>
      <Placemark>
        <name>قرى المناصير</name>
        <styleUrl>#icon-1899-DB4436-labelson-nodesc</styleUrl>
        <Point>
          <coordinates>
            40.874333,21.003435,0
          </coordinates>
        </Point>
      </Placemark>
      <Placemark>
        <name>قرى داما بني الحارث</name>
        <styleUrl>#icon-1899-DB4436-labelson-nodesc</styleUrl>
        <Point>
          <coordinates>
            40.900962,20.691526,0
          </coordinates>
        </Point>
      </Placemark>
      <Placemark>
        <name>قرى شعب التوار</name>
        <styleUrl>#icon-1899-DB4436-labelson-nodesc</styleUrl>
        <Point>
          <coordinates>
            40.944028,20.62005,0
          </coordinates>
        </Point>
      </Placemark>
      <Placemark>
        <name>قرى وادي الجهالين</name>
        <styleUrl>#icon-1899-DB4436-labelson-nodesc</styleUrl>
        <Point>
          <coordinates>
            41.051874,20.624642,0
          </coordinates>
        </Point>
      </Placemark>
      <Placemark>
        <name>قرى وادي السلامين</name>
        <styleUrl>#icon-1899-DB4436-labelson-nodesc</styleUrl>
        <Point>
          <coordinates>
            40.970399,20.647259,0
          </coordinates>
        </Point>
      </Placemark>
      <Placemark>
        <name>قري سوره</name>
        <styleUrl>#icon-1899-DB4436-labelson-nodesc</styleUrl>
        <Point>
          <coordinates>
            41.848662,19.37851,0
          </coordinates>
        </Point>
      </Placemark>
      <Placemark>
        <name>قرية  صلاق</name>
        <styleUrl>#icon-1899-DB4436-labelson-nodesc</styleUrl>
        <Point>
          <coordinates>
            40.741639,20.196905,0
          </coordinates>
        </Point>
      </Placemark>
      <Placemark>
        <name>قرية ابو الرنفة</name>
        <styleUrl>#icon-1899-DB4436-labelson-nodesc</styleUrl>
        <Point>
          <coordinates>
            41.03018,20.348396,0
          </coordinates>
        </Point>
      </Placemark>
      <Placemark>
        <name>قرية ابو زوعه</name>
        <styleUrl>#icon-1899-DB4436-labelson-nodesc</styleUrl>
        <Point>
          <coordinates>
            41.004839,20.320287,0
          </coordinates>
        </Point>
      </Placemark>
      <Placemark>
        <name>قرية ابو عراد</name>
        <styleUrl>#icon-1899-DB4436-labelson-nodesc</styleUrl>
        <Point>
          <coordinates>
            40.647998,21.112204,0
          </coordinates>
        </Point>
      </Placemark>
      <Placemark>
        <name>قرية ابو قبرين</name>
        <styleUrl>#icon-1899-DB4436-labelson-nodesc</styleUrl>
        <Point>
          <coordinates>
            41.02046,20.350134,0
          </coordinates>
        </Point>
      </Placemark>
      <Placemark>
        <name>قرية ال خيران</name>
        <styleUrl>#icon-1899-DB4436-labelson-nodesc</styleUrl>
        <Point>
          <coordinates>
            40.719259,21.00925,0
          </coordinates>
        </Point>
      </Placemark>
      <Placemark>
        <name>قرية ال زايد</name>
        <styleUrl>#icon-1899-DB4436-labelson-nodesc</styleUrl>
        <Point>
          <coordinates>
            40.499082,21.181276,0
          </coordinates>
        </Point>
      </Placemark>
      <Placemark>
        <name>قرية ال سعد</name>
        <styleUrl>#icon-1899-DB4436-labelson-nodesc</styleUrl>
        <Point>
          <coordinates>
            41.152124,20.339234,0
          </coordinates>
        </Point>
      </Placemark>
      <Placemark>
        <name>قرية ال صلاح</name>
        <styleUrl>#icon-1899-DB4436-labelson-nodesc</styleUrl>
        <Point>
          <coordinates>
            41.039643,20.287371,0
          </coordinates>
        </Point>
      </Placemark>
      <Placemark>
        <name>قرية ال ملحه</name>
        <styleUrl>#icon-1899-DB4436-labelson-nodesc</styleUrl>
        <Point>
          <coordinates>
            41.086099,20.534456,0
          </coordinates>
        </Point>
      </Placemark>
      <Placemark>
        <name>قرية ال موسى</name>
        <styleUrl>#icon-1899-DB4436-labelson-nodesc</styleUrl>
        <Point>
          <coordinates>
            40.299439,21.306674,0
          </coordinates>
        </Point>
      </Placemark>
      <Placemark>
        <name>قرية ال يزيد</name>
        <styleUrl>#icon-1899-DB4436-labelson-nodesc</styleUrl>
        <Point>
          <coordinates>
            40.853112,20.743926,0
          </coordinates>
        </Point>
      </Placemark>
      <Placemark>
        <name>قرية الأحلاف</name>
        <styleUrl>#icon-1899-DB4436-labelson-nodesc</styleUrl>
        <Point>
          <coordinates>
            41.154914,20.354319,0
          </coordinates>
        </Point>
      </Placemark>
      <Placemark>
        <name>قرية الأسالة</name>
        <styleUrl>#icon-1899-DB4436-labelson-nodesc</styleUrl>
        <Point>
          <coordinates>
            40.857575,20.970411,0
          </coordinates>
        </Point>
      </Placemark>
      <Placemark>
        <name>قرية الاريكة</name>
        <styleUrl>#icon-1899-DB4436-labelson-nodesc</styleUrl>
        <Point>
          <coordinates>
            40.866888,20.34271,0
          </coordinates>
        </Point>
      </Placemark>
      <Placemark>
        <name>قرية البجيدي</name>
        <styleUrl>#icon-1899-DB4436-labelson-nodesc</styleUrl>
        <Point>
          <coordinates>
            40.112779,21.477778,0
          </coordinates>
        </Point>
      </Placemark>
      <Placemark>
        <name>قرية البراكات</name>
        <styleUrl>#icon-1899-DB4436-labelson-nodesc</styleUrl>
        <Point>
          <coordinates>
            39.631934,21.520822,0
          </coordinates>
        </Point>
      </Placemark>
      <Placemark>
        <name>قرية البرت</name>
        <styleUrl>#icon-1899-DB4436-labelson-nodesc</styleUrl>
        <Point>
          <coordinates>
            41.006727,20.651143,0
          </coordinates>
        </Point>
      </Placemark>
      <Placemark>
        <name>قرية البردي</name>
        <styleUrl>#icon-1899-DB4436-labelson-nodesc</styleUrl>
        <Point>
          <coordinates>
            40.917249,20.585418,0
          </coordinates>
        </Point>
      </Placemark>
      <Placemark>
        <name>قرية البصلان</name>
        <styleUrl>#icon-1899-DB4436-labelson-nodesc</styleUrl>
        <Point>
          <coordinates>
            40.753226,20.873766,0
          </coordinates>
        </Point>
      </Placemark>
      <Placemark>
        <name>قرية البو</name>
        <styleUrl>#icon-1899-DB4436-labelson-nodesc</styleUrl>
        <Point>
          <coordinates>
            41.154506,20.380454,0
          </coordinates>
        </Point>
      </Placemark>
      <Placemark>
        <name>قرية البورة</name>
        <styleUrl>#icon-1899-DB4436-labelson-nodesc</styleUrl>
        <Point>
          <coordinates>
            40.812213,20.793643,0
          </coordinates>
        </Point>
      </Placemark>
      <Placemark>
        <name>قرية الثرمان</name>
        <styleUrl>#icon-1899-DB4436-labelson-nodesc</styleUrl>
        <Point>
          <coordinates>
            40.794125,20.934899,0
          </coordinates>
        </Point>
      </Placemark>
      <Placemark>
        <name>قرية الجائزة</name>
        <styleUrl>#icon-1899-DB4436-labelson-nodesc</styleUrl>
        <Point>
          <coordinates>
            40.943835,20.362172,0
          </coordinates>
        </Point>
      </Placemark>
      <Placemark>
        <name>قرية الجبل</name>
        <styleUrl>#icon-1899-DB4436-labelson-nodesc</styleUrl>
        <Point>
          <coordinates>
            39.621892,21.534448,0
          </coordinates>
        </Point>
      </Placemark>
      <Placemark>
        <name>قرية الجحادله</name>
        <styleUrl>#icon-1899-DB4436-labelson-nodesc</styleUrl>
        <Point>
          <coordinates>
            40.526504,21.13158,0
          </coordinates>
        </Point>
      </Placemark>
      <Placemark>
        <name>قرية الجذية</name>
        <styleUrl>#icon-1899-DB4436-labelson-nodesc</styleUrl>
        <Point>
          <coordinates>
            41.113265,20.546408,0
          </coordinates>
        </Point>
      </Placemark>
      <Placemark>
        <name>قرية الجرادحه</name>
        <styleUrl>#icon-1899-DB4436-labelson-nodesc</styleUrl>
        <Point>
          <coordinates>
            40.741897,20.9988,0
          </coordinates>
        </Point>
      </Placemark>
      <Placemark>
        <name>قرية الجراعة</name>
        <styleUrl>#icon-1899-DB4436-labelson-nodesc</styleUrl>
        <Point>
          <coordinates>
            40.790005,20.848253,0
          </coordinates>
        </Point>
      </Placemark>
      <Placemark>
        <name>قرية الجرم</name>
        <styleUrl>#icon-1899-DB4436-labelson-nodesc</styleUrl>
        <Point>
          <coordinates>
            41.119251,19.42327,0
          </coordinates>
        </Point>
      </Placemark>
      <Placemark>
        <name>قرية الجـبيل</name>
        <styleUrl>#icon-1899-DB4436-labelson-nodesc</styleUrl>
        <Point>
          <coordinates>
            40.876822,20.639062,0
          </coordinates>
        </Point>
      </Placemark>
      <Placemark>
        <name>قرية الجميعات</name>
        <styleUrl>#icon-1899-DB4436-labelson-nodesc</styleUrl>
        <Point>
          <coordinates>
            40.768397,21.096282,0
          </coordinates>
        </Point>
      </Placemark>
      <Placemark>
        <name>قرية الجناب</name>
        <styleUrl>#icon-1899-DB4436-labelson-nodesc</styleUrl>
        <Point>
          <coordinates>
            40.812321,20.801582,0
          </coordinates>
        </Point>
      </Placemark>
      <Placemark>
        <name>قرية الحامره</name>
        <styleUrl>#icon-1899-DB4436-labelson-nodesc</styleUrl>
        <Point>
          <coordinates>
            41.021447,20.58104,0
          </coordinates>
        </Point>
      </Placemark>
      <Placemark>
        <name>قرية الحايط</name>
        <styleUrl>#icon-1899-DB4436-labelson-nodesc</styleUrl>
        <Point>
          <coordinates>
            40.499747,21.083772,0
          </coordinates>
        </Point>
      </Placemark>
      <Placemark>
        <name>قرية الحبي</name>
        <styleUrl>#icon-1899-DB4436-labelson-nodesc</styleUrl>
        <Point>
          <coordinates>
            40.833113,20.494909,0
          </coordinates>
        </Point>
      </Placemark>
      <Placemark>
        <name>قرية الحجر</name>
        <styleUrl>#icon-1899-DB4436-labelson-nodesc</styleUrl>
        <Point>
          <coordinates>
            40.439258,20.218191,0
          </coordinates>
        </Point>
      </Placemark>
      <Placemark>
        <name>قرية الحجيف</name>
        <styleUrl>#icon-1899-DB4436-labelson-nodesc</styleUrl>
        <Point>
          <coordinates>
            40.800519,20.127082,0
          </coordinates>
        </Point>
      </Placemark>
      <Placemark>
        <name>قرية الحدبة</name>
        <styleUrl>#icon-1899-DB4436-labelson-nodesc</styleUrl>
        <Point>
          <coordinates>
            40.813994,20.115709,0
          </coordinates>
        </Point>
      </Placemark>
      <Placemark>
        <name>قرية الحدة</name>
        <styleUrl>#icon-1899-DB4436-labelson-nodesc</styleUrl>
        <Point>
          <coordinates>
            41.189418,20.386999,0
          </coordinates>
        </Point>
      </Placemark>
      <Placemark>
        <name>قرية الحديب</name>
        <styleUrl>#icon-1899-DB4436-labelson-nodesc</styleUrl>
        <Point>
          <coordinates>
            40.757539,21.054139,0
          </coordinates>
        </Point>
      </Placemark>
      <Placemark>
        <name>قرية الحراء</name>
        <styleUrl>#icon-1899-DB4436-labelson-nodesc</styleUrl>
        <Point>
          <coordinates>
            40.856545,20.713069,0
          </coordinates>
        </Point>
      </Placemark>
      <Placemark>
        <name>قرية الحسنة</name>
        <styleUrl>#icon-1899-DB4436-labelson-nodesc</styleUrl>
        <Point>
          <coordinates>
            41.007135,20.598657,0
          </coordinates>
        </Point>
      </Placemark>
      <Placemark>
        <name>قرية الحسينية</name>
        <styleUrl>#icon-1899-DB4436-labelson-nodesc</styleUrl>
        <Point>
          <coordinates>
            40.420997,20.197699,0
          </coordinates>
        </Point>
      </Placemark>
      <Placemark>
        <name>قرية الحشان</name>
        <styleUrl>#icon-1899-DB4436-labelson-nodesc</styleUrl>
        <Point>
          <coordinates>
            41.015117,20.581083,0
          </coordinates>
        </Point>
      </Placemark>
      <Placemark>
        <name>قرية الحصاحص</name>
        <styleUrl>#icon-1899-DB4436-labelson-nodesc</styleUrl>
        <Point>
          <coordinates>
            40.788267,20.518363,0
          </coordinates>
        </Point>
      </Placemark>
      <Placemark>
        <name>قرية الحصاحص</name>
        <styleUrl>#icon-1899-DB4436-labelson-nodesc</styleUrl>
        <Point>
          <coordinates>
            40.889804,20.342774,0
          </coordinates>
        </Point>
      </Placemark>
      <Placemark>
        <name>قرية الحصنه</name>
        <styleUrl>#icon-1899-DB4436-labelson-nodesc</styleUrl>
        <Point>
          <coordinates>
            40.807149,21.053839,0
          </coordinates>
        </Point>
      </Placemark>
      <Placemark>
        <name>قرية الحطبه</name>
        <styleUrl>#icon-1899-DB4436-labelson-nodesc</styleUrl>
        <Point>
          <coordinates>
            41.033378,20.587564,0
          </coordinates>
        </Point>
      </Placemark>
      <Placemark>
        <name>قرية الحفاة</name>
        <styleUrl>#icon-1899-DB4436-labelson-nodesc</styleUrl>
        <Point>
          <coordinates>
            40.901113,20.864861,0
          </coordinates>
        </Point>
      </Placemark>
      <Placemark>
        <name>قرية الحماسين</name>
        <styleUrl>#icon-1899-DB4436-labelson-nodesc</styleUrl>
        <Point>
          <coordinates>
            40.709152,21.067228,0
          </coordinates>
        </Point>
      </Placemark>
      <Placemark>
        <name>قرية الحماصيص</name>
        <styleUrl>#icon-1899-DB4436-labelson-nodesc</styleUrl>
        <Point>
          <coordinates>
            40.82423,20.128369,0
          </coordinates>
        </Point>
      </Placemark>
      <Placemark>
        <name>قرية الحماميد</name>
        <styleUrl>#icon-1899-DB4436-labelson-nodesc</styleUrl>
        <Point>
          <coordinates>
            40.639458,21.102505,0
          </coordinates>
        </Point>
      </Placemark>
      <Placemark>
        <name>قرية الحماميد</name>
        <styleUrl>#icon-1899-DB4436-labelson-nodesc</styleUrl>
        <Point>
          <coordinates>
            41.063697,19.473202,0
          </coordinates>
        </Point>
      </Placemark>
      <Placemark>
        <name>قرية الحمة</name>
        <styleUrl>#icon-1899-DB4436-labelson-nodesc</styleUrl>
        <Point>
          <coordinates>
            41.049857,20.665133,0
          </coordinates>
        </Point>
      </Placemark>
      <Placemark>
        <name>قرية الحميان</name>
        <styleUrl>#icon-1899-DB4436-labelson-nodesc</styleUrl>
        <Point>
          <coordinates>
            41.040952,20.59619,0
          </coordinates>
        </Point>
      </Placemark>
      <Placemark>
        <name>قرية الحميمه</name>
        <styleUrl>#icon-1899-DB4436-labelson-nodesc</styleUrl>
        <Point>
          <coordinates>
            39.631827,21.509235,0
          </coordinates>
        </Point>
      </Placemark>
      <Placemark>
        <name>قرية الحناحنه</name>
        <styleUrl>#icon-1899-DB4436-labelson-nodesc</styleUrl>
        <Point>
          <coordinates>
            41.017671,20.611618,0
          </coordinates>
        </Point>
      </Placemark>
      <Placemark>
        <name>قرية الحنكه</name>
        <styleUrl>#icon-1899-DB4436-labelson-nodesc</styleUrl>
        <Point>
          <coordinates>
            41.151738,20.257759,0
          </coordinates>
        </Point>
      </Placemark>
      <Placemark>
        <name>قرية الحنو</name>
        <styleUrl>#icon-1899-DB4436-labelson-nodesc</styleUrl>
        <Point>
          <coordinates>
            40.541396,21.14027,0
          </coordinates>
        </Point>
      </Placemark>
      <Placemark>
        <name>قرية الحوايا</name>
        <styleUrl>#icon-1899-DB4436-labelson-nodesc</styleUrl>
        <Point>
          <coordinates>
            40.259421,21.119027,0
          </coordinates>
        </Point>
      </Placemark>
      <Placemark>
        <name>قرية الحوية</name>
        <styleUrl>#icon-1899-DB4436-labelson-nodesc</styleUrl>
        <Point>
          <coordinates>
            40.938578,20.451865,0
          </coordinates>
        </Point>
      </Placemark>
      <Placemark>
        <name>قرية الخالف</name>
        <styleUrl>#icon-1899-DB4436-labelson-nodesc</styleUrl>
        <Point>
          <coordinates>
            41.014559,20.347452,0
          </coordinates>
        </Point>
      </Placemark>
      <Placemark>
        <name>قرية الخبيب</name>
        <styleUrl>#icon-1899-DB4436-labelson-nodesc</styleUrl>
        <Point>
          <coordinates>
            40.712907,20.917003,0
          </coordinates>
        </Point>
      </Placemark>
      <Placemark>
        <name>قرية الخرجة</name>
        <styleUrl>#icon-1899-DB4436-labelson-nodesc</styleUrl>
        <Point>
          <coordinates>
            40.720439,21.082571,0
          </coordinates>
        </Point>
      </Placemark>
      <Placemark>
        <name>قرية الخرقة</name>
        <styleUrl>#icon-1899-DB4436-labelson-nodesc</styleUrl>
        <Point>
          <coordinates>
            41.043313,20.3302,0
          </coordinates>
        </Point>
      </Placemark>
      <Placemark>
        <name>قرية الخشة</name>
        <styleUrl>#icon-1899-DB4436-labelson-nodesc</styleUrl>
        <Point>
          <coordinates>
            40.732155,20.907819,0
          </coordinates>
        </Point>
      </Placemark>
      <Placemark>
        <name>قرية الخشعة</name>
        <styleUrl>#icon-1899-DB4436-labelson-nodesc</styleUrl>
        <Point>
          <coordinates>
            41.0025,20.314579,0
          </coordinates>
        </Point>
      </Placemark>
      <Placemark>
        <name>قرية الخشعه</name>
        <styleUrl>#icon-1899-DB4436-labelson-nodesc</styleUrl>
        <Point>
          <coordinates>
            40.13649,21.289186,0
          </coordinates>
        </Point>
      </Placemark>
      <Placemark>
        <name>قرية الخضراء</name>
        <styleUrl>#icon-1899-DB4436-labelson-nodesc</styleUrl>
        <Point>
          <coordinates>
            40.768654,20.816538,0
          </coordinates>
        </Point>
      </Placemark>
      <Placemark>
        <name>قرية الخلص</name>
        <styleUrl>#icon-1899-DB4436-labelson-nodesc</styleUrl>
        <Point>
          <coordinates>
            40.875471,20.634534,0
          </coordinates>
        </Point>
      </Placemark>
      <Placemark>
        <name>قرية الخوقاء</name>
        <styleUrl>#icon-1899-DB4436-labelson-nodesc</styleUrl>
        <Point>
          <coordinates>
            40.653341,21.05474,0
          </coordinates>
        </Point>
      </Placemark>
      <Placemark>
        <name>قرية الخيالة</name>
        <styleUrl>#icon-1899-DB4436-labelson-nodesc</styleUrl>
        <Point>
          <coordinates>
            41.051016,20.297606,0
          </coordinates>
        </Point>
      </Placemark>
      <Placemark>
        <name>قرية الخياله</name>
        <styleUrl>#icon-1899-DB4436-labelson-nodesc</styleUrl>
        <Point>
          <coordinates>
            41.373804,20.850334,0
          </coordinates>
        </Point>
      </Placemark>
      <Placemark>
        <name>قرية الدار البيضاء</name>
        <styleUrl>#icon-1899-DB4436-labelson-nodesc</styleUrl>
        <Point>
          <coordinates>
            40.334716,21.362507,0
          </coordinates>
        </Point>
      </Placemark>
      <Placemark>
        <name>قرية الدار الحمراء</name>
        <styleUrl>#icon-1899-DB4436-labelson-nodesc</styleUrl>
        <Point>
          <coordinates>
            40.756102,21.034162,0
          </coordinates>
        </Point>
      </Placemark>
      <Placemark>
        <name>قرية الدار الحمراء</name>
        <styleUrl>#icon-1899-DB4436-labelson-nodesc</styleUrl>
        <Point>
          <coordinates>
            40.75784,20.881255,0
          </coordinates>
        </Point>
      </Placemark>
      <Placemark>
        <name>قرية الدحاض</name>
        <styleUrl>#icon-1899-DB4436-labelson-nodesc</styleUrl>
        <Point>
          <coordinates>
            40.794768,21.00498,0
          </coordinates>
        </Point>
      </Placemark>
      <Placemark>
        <name>قرية الدحمه</name>
        <styleUrl>#icon-1899-DB4436-labelson-nodesc</styleUrl>
        <Point>
          <coordinates>
            41.048334,20.546665,0
          </coordinates>
        </Point>
      </Placemark>
      <Placemark>
        <name>قرية الدشاما</name>
        <styleUrl>#icon-1899-DB4436-labelson-nodesc</styleUrl>
        <Point>
          <coordinates>
            41.095519,20.547202,0
          </coordinates>
        </Point>
      </Placemark>
      <Placemark>
        <name>قرية الدقم</name>
        <styleUrl>#icon-1899-DB4436-labelson-nodesc</styleUrl>
        <Point>
          <coordinates>
            41.018679,20.346272,0
          </coordinates>
        </Point>
      </Placemark>
      <Placemark>
        <name>قرية الدقم</name>
        <styleUrl>#icon-1899-DB4436-labelson-nodesc</styleUrl>
        <Point>
          <coordinates>
            41.04533,20.308142,0
          </coordinates>
        </Point>
      </Placemark>
      <Placemark>
        <name>قرية الدمجاء</name>
        <styleUrl>#icon-1899-DB4436-labelson-nodesc</styleUrl>
        <Point>
          <coordinates>
            40.93641,20.871363,0
          </coordinates>
        </Point>
      </Placemark>
      <Placemark>
        <name>قرية الدهامشه</name>
        <styleUrl>#icon-1899-DB4436-labelson-nodesc</styleUrl>
        <Point>
          <coordinates>
            40.887744,20.829735,0
          </coordinates>
        </Point>
      </Placemark>
      <Placemark>
        <name>قرية الدهامين</name>
        <styleUrl>#icon-1899-DB4436-labelson-nodesc</styleUrl>
        <Point>
          <coordinates>
            40.756402,20.87132,0
          </coordinates>
        </Point>
      </Placemark>
      <Placemark>
        <name>قرية الدية</name>
        <styleUrl>#icon-1899-DB4436-labelson-nodesc</styleUrl>
        <Point>
          <coordinates>
            40.464063,20.251536,0
          </coordinates>
        </Point>
      </Placemark>
      <Placemark>
        <name>قرية الذبانيه</name>
        <styleUrl>#icon-1899-DB4436-labelson-nodesc</styleUrl>
        <Point>
          <coordinates>
            40.741317,20.989959,0
          </coordinates>
        </Point>
      </Placemark>
      <Placemark>
        <name>قرية الذيبة</name>
        <styleUrl>#icon-1899-DB4436-labelson-nodesc</styleUrl>
        <Point>
          <coordinates>
            40.706384,21.045277,0
          </coordinates>
        </Point>
      </Placemark>
      <Placemark>
        <name>قرية الرافع</name>
        <styleUrl>#icon-1899-DB4436-labelson-nodesc</styleUrl>
        <Point>
          <coordinates>
            41.025009,20.584989,0
          </coordinates>
        </Point>
      </Placemark>
      <Placemark>
        <name>قرية الرجبان</name>
        <styleUrl>#icon-1899-DB4436-labelson-nodesc</styleUrl>
        <Point>
          <coordinates>
            41.123822,19.190261,0
          </coordinates>
        </Point>
      </Placemark>
      <Placemark>
        <name>قرية الرجيلات</name>
        <styleUrl>#icon-1899-DB4436-labelson-nodesc</styleUrl>
        <Point>
          <coordinates>
            40.64435,21.107204,0
          </coordinates>
        </Point>
      </Placemark>
      <Placemark>
        <name>قرية الرحبه</name>
        <styleUrl>#icon-1899-DB4436-labelson-nodesc</styleUrl>
        <Point>
          <coordinates>
            40.983553,20.648353,0
          </coordinates>
        </Point>
      </Placemark>
      <Placemark>
        <name>قرية الرحى</name>
        <styleUrl>#icon-1899-DB4436-labelson-nodesc</styleUrl>
        <Point>
          <coordinates>
            40.814874,20.871384,0
          </coordinates>
        </Point>
      </Placemark>
      <Placemark>
        <name>قرية الرديعي</name>
        <styleUrl>#icon-1899-DB4436-labelson-nodesc</styleUrl>
        <Point>
          <coordinates>
            40.502772,21.059568,0
          </coordinates>
        </Point>
      </Placemark>
      <Placemark>
        <name>قرية الرفدة</name>
        <styleUrl>#icon-1899-DB4436-labelson-nodesc</styleUrl>
        <Point>
          <coordinates>
            40.946817,19.566243,0
          </coordinates>
        </Point>
      </Placemark>
      <Placemark>
        <name>قرية الرهط</name>
        <styleUrl>#icon-1899-DB4436-labelson-nodesc</styleUrl>
        <Point>
          <coordinates>
            40.985827,20.567222,0
          </coordinates>
        </Point>
      </Placemark>
      <Placemark>
        <name>قرية الريع</name>
        <styleUrl>#icon-1899-DB4436-labelson-nodesc</styleUrl>
        <Point>
          <coordinates>
            40.873883,20.849712,0
          </coordinates>
        </Point>
      </Placemark>
      <Placemark>
        <name>قرية الريع الاحمر</name>
        <styleUrl>#icon-1899-DB4436-labelson-nodesc</styleUrl>
        <Point>
          <coordinates>
            40.984862,20.306489,0
          </coordinates>
        </Point>
      </Placemark>
      <Placemark>
        <name>قرية الزبيري</name>
        <styleUrl>#icon-1899-DB4436-labelson-nodesc</styleUrl>
        <Point>
          <coordinates>
            41.809287,19.579396,0
          </coordinates>
        </Point>
      </Placemark>
      <Placemark>
        <name>قرية الزحيمية</name>
        <styleUrl>#icon-1899-DB4436-labelson-nodesc</styleUrl>
        <Point>
          <coordinates>
            40.59238,21.076691,0
          </coordinates>
        </Point>
      </Placemark>
      <Placemark>
        <name>قرية الزلال</name>
        <styleUrl>#icon-1899-DB4436-labelson-nodesc</styleUrl>
        <Point>
          <coordinates>
            39.591508,21.48767,0
          </coordinates>
        </Point>
      </Placemark>
      <Placemark>
        <name>قرية الزواهره</name>
        <styleUrl>#icon-1899-DB4436-labelson-nodesc</styleUrl>
        <Point>
          <coordinates>
            40.091729,21.617789,0
          </coordinates>
        </Point>
      </Placemark>
      <Placemark>
        <name>قرية السبيحه</name>
        <styleUrl>#icon-1899-DB4436-labelson-nodesc</styleUrl>
        <Point>
          <coordinates>
            40.725374,21.003907,0
          </coordinates>
        </Point>
      </Placemark>
      <Placemark>
        <name>قرية السد</name>
        <styleUrl>#icon-1899-DB4436-labelson-nodesc</styleUrl>
        <Point>
          <coordinates>
            40.883882,20.812225,0
          </coordinates>
        </Point>
      </Placemark>
      <Placemark>
        <name>قرية السدرة</name>
        <styleUrl>#icon-1899-DB4436-labelson-nodesc</styleUrl>
        <Point>
          <coordinates>
            40.713186,20.523512,0
          </coordinates>
        </Point>
      </Placemark>
      <Placemark>
        <name>قرية السدين</name>
        <styleUrl>#icon-1899-DB4436-labelson-nodesc</styleUrl>
        <Point>
          <coordinates>
            40.8706,20.655499,0
          </coordinates>
        </Point>
      </Placemark>
      <Placemark>
        <name>قرية السعده</name>
        <styleUrl>#icon-1899-DB4436-labelson-nodesc</styleUrl>
        <Point>
          <coordinates>
            41.163819,20.367429,0
          </coordinates>
        </Point>
      </Placemark>
      <Placemark>
        <name>قرية السنوان</name>
        <styleUrl>#icon-1899-DB4436-labelson-nodesc</styleUrl>
        <Point>
          <coordinates>
            41.034408,20.579989,0
          </coordinates>
        </Point>
      </Placemark>
      <Placemark>
        <name>قرية السهومة</name>
        <styleUrl>#icon-1899-DB4436-labelson-nodesc</styleUrl>
        <Point>
          <coordinates>
            41.061594,20.28398,0
          </coordinates>
        </Point>
      </Placemark>
      <Placemark>
        <name>قرية السواد</name>
        <styleUrl>#icon-1899-DB4436-labelson-nodesc</styleUrl>
        <Point>
          <coordinates>
            40.776057,20.800617,0
          </coordinates>
        </Point>
      </Placemark>
      <Placemark>
        <name>قرية السودة</name>
        <styleUrl>#icon-1899-DB4436-labelson-nodesc</styleUrl>
        <Point>
          <coordinates>
            40.511205,21.13261,0
          </coordinates>
        </Point>
      </Placemark>
      <Placemark>
        <name>قرية الشاقة</name>
        <styleUrl>#icon-1899-DB4436-labelson-nodesc</styleUrl>
        <Point>
          <coordinates>
            40.737391,19.9189,0
          </coordinates>
        </Point>
      </Placemark>
      <Placemark>
        <name>قرية الشتره</name>
        <styleUrl>#icon-1899-DB4436-labelson-nodesc</styleUrl>
        <Point>
          <coordinates>
            41.035459,20.582585,0
          </coordinates>
        </Point>
      </Placemark>
      <Placemark>
        <name>قرية الشرا</name>
        <styleUrl>#icon-1899-DB4436-labelson-nodesc</styleUrl>
        <Point>
          <coordinates>
            40.863004,20.785103,0
          </coordinates>
        </Point>
      </Placemark>
      <Placemark>
        <name>قرية الشراء</name>
        <styleUrl>#icon-1899-DB4436-labelson-nodesc</styleUrl>
        <Point>
          <coordinates>
            40.374799,21.050041,0
          </coordinates>
        </Point>
      </Placemark>
      <Placemark>
        <name>قرية الشطبات</name>
        <styleUrl>#icon-1899-DB4436-labelson-nodesc</styleUrl>
        <Point>
          <coordinates>
            40.871394,20.628891,0
          </coordinates>
        </Point>
      </Placemark>
      <Placemark>
        <name>قرية الشظابية</name>
        <styleUrl>#icon-1899-DB4436-labelson-nodesc</styleUrl>
        <Point>
          <coordinates>
            41.057775,20.537288,0
          </coordinates>
        </Point>
      </Placemark>
      <Placemark>
        <name>قرية الشعبة</name>
        <styleUrl>#icon-1899-DB4436-labelson-nodesc</styleUrl>
        <Point>
          <coordinates>
            40.704174,21.07388,0
          </coordinates>
        </Point>
      </Placemark>
      <Placemark>
        <name>قرية الشفيه</name>
        <styleUrl>#icon-1899-DB4436-labelson-nodesc</styleUrl>
        <Point>
          <coordinates>
            40.863326,21.009464,0
          </coordinates>
        </Point>
      </Placemark>
      <Placemark>
        <name>قرية الشلحة</name>
        <styleUrl>#icon-1899-DB4436-labelson-nodesc</styleUrl>
        <Point>
          <coordinates>
            40.98057,20.610008,0
          </coordinates>
        </Point>
      </Placemark>
      <Placemark>
        <name>قرية الشواحطه</name>
        <styleUrl>#icon-1899-DB4436-labelson-nodesc</styleUrl>
        <Point>
          <coordinates>
            40.630832,21.112504,0
          </coordinates>
        </Point>
      </Placemark>
      <Placemark>
        <name>قرية الشولان</name>
        <styleUrl>#icon-1899-DB4436-labelson-nodesc</styleUrl>
        <Point>
          <coordinates>
            40.993059,20.5825,0
          </coordinates>
        </Point>
      </Placemark>
      <Placemark>
        <name>قرية الصاهلي</name>
        <styleUrl>#icon-1899-DB4436-labelson-nodesc</styleUrl>
        <Point>
          <coordinates>
            40.810905,20.140321,0
          </coordinates>
        </Point>
      </Placemark>
      <Placemark>
        <name>قرية الصبغان</name>
        <styleUrl>#icon-1899-DB4436-labelson-nodesc</styleUrl>
        <Point>
          <coordinates>
            41.635759,19.555213,0
          </coordinates>
        </Point>
      </Placemark>
      <Placemark>
        <name>قرية الصخره</name>
        <styleUrl>#icon-1899-DB4436-labelson-nodesc</styleUrl>
        <Point>
          <coordinates>
            40.927463,20.670519,0
          </coordinates>
        </Point>
      </Placemark>
      <Placemark>
        <name>قرية الصرف</name>
        <styleUrl>#icon-1899-DB4436-labelson-nodesc</styleUrl>
        <Point>
          <coordinates>
            40.071623,21.29528,0
          </coordinates>
        </Point>
      </Placemark>
      <Placemark>
        <name>قرية الصفاة</name>
        <styleUrl>#icon-1899-DB4436-labelson-nodesc</styleUrl>
        <Point>
          <coordinates>
            40.709474,20.928118,0
          </coordinates>
        </Point>
      </Placemark>
      <Placemark>
        <name>قرية الصفي</name>
        <styleUrl>#icon-1899-DB4436-labelson-nodesc</styleUrl>
        <Point>
          <coordinates>
            41.696913,19.571393,0
          </coordinates>
        </Point>
      </Placemark>
      <Placemark>
        <name>قرية الصفيحة</name>
        <styleUrl>#icon-1899-DB4436-labelson-nodesc</styleUrl>
        <Point>
          <coordinates>
            40.935509,20.445814,0
          </coordinates>
        </Point>
      </Placemark>
      <Placemark>
        <name>قرية الصمان</name>
        <styleUrl>#icon-1899-DB4436-labelson-nodesc</styleUrl>
        <Point>
          <coordinates>
            39.960129,21.27378,0
          </coordinates>
        </Point>
      </Placemark>
      <Placemark>
        <name>قرية الصمد</name>
        <styleUrl>#icon-1899-DB4436-labelson-nodesc</styleUrl>
        <Point>
          <coordinates>
            39.616957,21.514921,0
          </coordinates>
        </Point>
      </Placemark>
      <Placemark>
        <name>قرية الصمدان</name>
        <styleUrl>#icon-1899-DB4436-labelson-nodesc</styleUrl>
        <Point>
          <coordinates>
            41.082387,19.434814,0
          </coordinates>
        </Point>
      </Placemark>
      <Placemark>
        <name>قرية الصوايين</name>
        <styleUrl>#icon-1899-DB4436-labelson-nodesc</styleUrl>
        <Point>
          <coordinates>
            40.63463,21.091197,0
          </coordinates>
        </Point>
      </Placemark>
      <Placemark>
        <name>قرية الضباعين</name>
        <styleUrl>#icon-1899-DB4436-labelson-nodesc</styleUrl>
        <Point>
          <coordinates>
            40.545194,21.124756,0
          </coordinates>
        </Point>
      </Placemark>
      <Placemark>
        <name>قرية الضبعه</name>
        <styleUrl>#icon-1899-DB4436-labelson-nodesc</styleUrl>
        <Point>
          <coordinates>
            40.777109,20.80847,0
          </coordinates>
        </Point>
      </Placemark>
      <Placemark>
        <name>قرية الضربه</name>
        <styleUrl>#icon-1899-DB4436-labelson-nodesc</styleUrl>
        <Point>
          <coordinates>
            40.934801,20.725837,0
          </coordinates>
        </Point>
      </Placemark>
      <Placemark>
        <name>قرية الضليل</name>
        <styleUrl>#icon-1899-DB4436-labelson-nodesc</styleUrl>
        <Point>
          <coordinates>
            40.795004,19.949091,0
          </coordinates>
        </Point>
      </Placemark>
      <Placemark>
        <name>قرية الضيقه</name>
        <styleUrl>#icon-1899-DB4436-labelson-nodesc</styleUrl>
        <Point>
          <coordinates>
            40.215068,21.278307,0
          </coordinates>
        </Point>
      </Placemark>
      <Placemark>
        <name>قرية الطوال</name>
        <styleUrl>#icon-1899-DB4436-labelson-nodesc</styleUrl>
        <Point>
          <coordinates>
            40.835838,20.770555,0
          </coordinates>
        </Point>
      </Placemark>
      <Placemark>
        <name>قرية الظهران</name>
        <styleUrl>#icon-1899-DB4436-labelson-nodesc</styleUrl>
        <Point>
          <coordinates>
            40.63714,21.094115,0
          </coordinates>
        </Point>
      </Placemark>
      <Placemark>
        <name>قرية الظهرة</name>
        <styleUrl>#icon-1899-DB4436-labelson-nodesc</styleUrl>
        <Point>
          <coordinates>
            40.864935,20.749784,0
          </coordinates>
        </Point>
      </Placemark>
      <Placemark>
        <name>قرية العبلا</name>
        <styleUrl>#icon-1899-DB4436-labelson-nodesc</styleUrl>
        <Point>
          <coordinates>
            41.057496,20.254326,0
          </coordinates>
        </Point>
      </Placemark>
      <Placemark>
        <name>قرية العبلاء</name>
        <styleUrl>#icon-1899-DB4436-labelson-nodesc</styleUrl>
        <Point>
          <coordinates>
            41.020031,20.347989,0
          </coordinates>
        </Point>
      </Placemark>
      <Placemark>
        <name>قرية العجالطة</name>
        <styleUrl>#icon-1899-DB4436-labelson-nodesc</styleUrl>
        <Point>
          <coordinates>
            40.915575,20.771091,0
          </coordinates>
        </Point>
      </Placemark>
      <Placemark>
        <name>قرية العذبه</name>
        <styleUrl>#icon-1899-DB4436-labelson-nodesc</styleUrl>
        <Point>
          <coordinates>
            40.674176,21.051114,0
          </coordinates>
        </Point>
      </Placemark>
      <Placemark>
        <name>قرية العرق</name>
        <styleUrl>#icon-1899-DB4436-labelson-nodesc</styleUrl>
        <Point>
          <coordinates>
            40.935187,20.786884,0
          </coordinates>
        </Point>
      </Placemark>
      <Placemark>
        <name>قرية العرقوب</name>
        <styleUrl>#icon-1899-DB4436-labelson-nodesc</styleUrl>
        <Point>
          <coordinates>
            40.609202,21.097999,0
          </coordinates>
        </Point>
      </Placemark>
      <Placemark>
        <name>قرية العريش</name>
        <styleUrl>#icon-1899-DB4436-labelson-nodesc</styleUrl>
        <Point>
          <coordinates>
            40.874655,20.653996,0
          </coordinates>
        </Point>
      </Placemark>
      <Placemark>
        <name>قرية العزازمة</name>
        <styleUrl>#icon-1899-DB4436-labelson-nodesc</styleUrl>
        <Point>
          <coordinates>
            40.518608,21.229448,0
          </coordinates>
        </Point>
      </Placemark>
      <Placemark>
        <name>قرية العسله</name>
        <styleUrl>#icon-1899-DB4436-labelson-nodesc</styleUrl>
        <Point>
          <coordinates>
            40.91418,20.641615,0
          </coordinates>
        </Point>
      </Placemark>
      <Placemark>
        <name>قرية العصم</name>
        <styleUrl>#icon-1899-DB4436-labelson-nodesc</styleUrl>
        <Point>
          <coordinates>
            40.751939,21.049719,0
          </coordinates>
        </Point>
      </Placemark>
      <Placemark>
        <name>قرية العصم</name>
        <styleUrl>#icon-1899-DB4436-labelson-nodesc</styleUrl>
        <Point>
          <coordinates>
            41.012263,20.604751,0
          </coordinates>
        </Point>
      </Placemark>
      <Placemark>
        <name>قرية العطاء الأثرية</name>
        <styleUrl>#icon-1899-DB4436-labelson-nodesc</styleUrl>
        <Point>
          <coordinates>
            40.874162,20.736437,0
          </coordinates>
        </Point>
      </Placemark>
      <Placemark>
        <name>قرية العمشان</name>
        <styleUrl>#icon-1899-DB4436-labelson-nodesc</styleUrl>
        <Point>
          <coordinates>
            41.040823,20.552502,0
          </coordinates>
        </Point>
      </Placemark>
      <Placemark>
        <name>قرية العميرات</name>
        <styleUrl>#icon-1899-DB4436-labelson-nodesc</styleUrl>
        <Point>
          <coordinates>
            40.817041,20.834606,0
          </coordinates>
        </Point>
      </Placemark>
      <Placemark>
        <name>قرية العنبه</name>
        <styleUrl>#icon-1899-DB4436-labelson-nodesc</styleUrl>
        <Point>
          <coordinates>
            41.015697,20.622668,0
          </coordinates>
        </Point>
      </Placemark>
      <Placemark>
        <name>قرية العويجاء</name>
        <styleUrl>#icon-1899-DB4436-labelson-nodesc</styleUrl>
        <Point>
          <coordinates>
            40.506291,21.079051,0
          </coordinates>
        </Point>
      </Placemark>
      <Placemark>
        <name>قرية العيسى</name>
        <styleUrl>#icon-1899-DB4436-labelson-nodesc</styleUrl>
        <Point>
          <coordinates>
            40.84764,20.881212,0
          </coordinates>
        </Point>
      </Placemark>
      <Placemark>
        <name>قرية العيسى</name>
        <styleUrl>#icon-1899-DB4436-labelson-nodesc</styleUrl>
        <Point>
          <coordinates>
            40.791314,20.858703,0
          </coordinates>
        </Point>
      </Placemark>
      <Placemark>
        <name>قرية العيله</name>
        <styleUrl>#icon-1899-DB4436-labelson-nodesc</styleUrl>
        <Point>
          <coordinates>
            40.449514,21.016159,0
          </coordinates>
        </Point>
      </Placemark>
      <Placemark>
        <name>قرية العين</name>
        <styleUrl>#icon-1899-DB4436-labelson-nodesc</styleUrl>
        <Point>
          <coordinates>
            41.052217,20.483322,0
          </coordinates>
        </Point>
      </Placemark>
      <Placemark>
        <name>قرية الغالة</name>
        <styleUrl>#icon-1899-DB4436-labelson-nodesc</styleUrl>
        <Point>
          <coordinates>
            40.157969,20.259991,0
          </coordinates>
        </Point>
      </Placemark>
      <Placemark>
        <name>قرية الغريف</name>
        <styleUrl>#icon-1899-DB4436-labelson-nodesc</styleUrl>
        <Point>
          <coordinates>
            40.248005,21.12628,0
          </coordinates>
        </Point>
      </Placemark>
      <Placemark>
        <name>قرية الغلطة</name>
        <styleUrl>#icon-1899-DB4436-labelson-nodesc</styleUrl>
        <Point>
          <coordinates>
            41.034021,20.549541,0
          </coordinates>
        </Point>
      </Placemark>
      <Placemark>
        <name>قرية الغمظان</name>
        <styleUrl>#icon-1899-DB4436-labelson-nodesc</styleUrl>
        <Point>
          <coordinates>
            40.607486,21.086133,0
          </coordinates>
        </Point>
      </Placemark>
      <Placemark>
        <name>قرية الفراش</name>
        <styleUrl>#icon-1899-DB4436-labelson-nodesc</styleUrl>
        <Point>
          <coordinates>
            40.605512,21.129456,0
          </coordinates>
        </Point>
      </Placemark>
      <Placemark>
        <name>قرية الفرعه</name>
        <styleUrl>#icon-1899-DB4436-labelson-nodesc</styleUrl>
        <Point>
          <coordinates>
            40.874441,20.808063,0
          </coordinates>
        </Point>
      </Placemark>
      <Placemark>
        <name>قرية الفرعين</name>
        <styleUrl>#icon-1899-DB4436-labelson-nodesc</styleUrl>
        <Point>
          <coordinates>
            40.8971,20.624771,0
          </coordinates>
        </Point>
      </Placemark>
      <Placemark>
        <name>قرية الفعور</name>
        <styleUrl>#icon-1899-DB4436-labelson-nodesc</styleUrl>
        <Point>
          <coordinates>
            40.515583,21.220801,0
          </coordinates>
        </Point>
      </Placemark>
      <Placemark>
        <name>قرية الفقهاء</name>
        <styleUrl>#icon-1899-DB4436-labelson-nodesc</styleUrl>
        <Point>
          <coordinates>
            40.711105,21.050835,0
          </coordinates>
        </Point>
      </Placemark>
      <Placemark>
        <name>قرية الفقهاء</name>
        <styleUrl>#icon-1899-DB4436-labelson-nodesc</styleUrl>
        <Point>
          <coordinates>
            41.135109,20.397985,0
          </coordinates>
        </Point>
      </Placemark>
      <Placemark>
        <name>قرية القبرين</name>
        <styleUrl>#icon-1899-DB4436-labelson-nodesc</styleUrl>
        <Point>
          <coordinates>
            40.972009,20.65567,0
          </coordinates>
        </Point>
      </Placemark>
      <Placemark>
        <name>قرية القبسان</name>
        <styleUrl>#icon-1899-DB4436-labelson-nodesc</styleUrl>
        <Point>
          <coordinates>
            40.866909,20.847781,0
          </coordinates>
        </Point>
      </Placemark>
      <Placemark>
        <name>قرية القرا</name>
        <styleUrl>#icon-1899-DB4436-labelson-nodesc</styleUrl>
        <Point>
          <coordinates>
            41.045351,20.552351,0
          </coordinates>
        </Point>
      </Placemark>
      <Placemark>
        <name>قرية القرشى</name>
        <styleUrl>#icon-1899-DB4436-labelson-nodesc</styleUrl>
        <Point>
          <coordinates>
            40.90373,20.61151,0
          </coordinates>
        </Point>
      </Placemark>
      <Placemark>
        <name>قرية القري</name>
        <styleUrl>#icon-1899-DB4436-labelson-nodesc</styleUrl>
        <Point>
          <coordinates>
            41.150558,20.265441,0
          </coordinates>
        </Point>
      </Placemark>
      <Placemark>
        <name>قرية القزحه</name>
        <styleUrl>#icon-1899-DB4436-labelson-nodesc</styleUrl>
        <Point>
          <coordinates>
            41.034837,20.584559,0
          </coordinates>
        </Point>
      </Placemark>
      <Placemark>
        <name>قرية القزعه</name>
        <styleUrl>#icon-1899-DB4436-labelson-nodesc</styleUrl>
        <Point>
          <coordinates>
            41.145945,20.248661,0
          </coordinates>
        </Point>
      </Placemark>
      <Placemark>
        <name>قرية القصر</name>
        <styleUrl>#icon-1899-DB4436-labelson-nodesc</styleUrl>
        <Point>
          <coordinates>
            40.776937,21.02972,0
          </coordinates>
        </Point>
      </Placemark>
      <Placemark>
        <name>قرية القصرة - الدار</name>
        <styleUrl>#icon-1899-DB4436-labelson-nodesc</styleUrl>
        <Point>
          <coordinates>
            41.113651,20.450063,0
          </coordinates>
        </Point>
      </Placemark>
      <Placemark>
        <name>قرية القصيباء</name>
        <styleUrl>#icon-1899-DB4436-labelson-nodesc</styleUrl>
        <Point>
          <coordinates>
            40.574484,21.091647,0
          </coordinates>
        </Point>
      </Placemark>
      <Placemark>
        <name>قرية القضاة</name>
        <styleUrl>#icon-1899-DB4436-labelson-nodesc</styleUrl>
        <Point>
          <coordinates>
            41.02282,20.592048,0
          </coordinates>
        </Point>
      </Placemark>
      <Placemark>
        <name>قرية القضب</name>
        <styleUrl>#icon-1899-DB4436-labelson-nodesc</styleUrl>
        <Point>
          <coordinates>
            41.055264,19.415631,0
          </coordinates>
        </Point>
      </Placemark>
      <Placemark>
        <name>قرية القلايا</name>
        <styleUrl>#icon-1899-DB4436-labelson-nodesc</styleUrl>
        <Point>
          <coordinates>
            40.747046,20.902927,0
          </coordinates>
        </Point>
      </Placemark>
      <Placemark>
        <name>قرية القنة</name>
        <styleUrl>#icon-1899-DB4436-labelson-nodesc</styleUrl>
        <Point>
          <coordinates>
            40.745094,20.507956,0
          </coordinates>
        </Point>
      </Placemark>
      <Placemark>
        <name>قرية القنع</name>
        <styleUrl>#icon-1899-DB4436-labelson-nodesc</styleUrl>
        <Point>
          <coordinates>
            40.772216,20.78388,0
          </coordinates>
        </Point>
      </Placemark>
      <Placemark>
        <name>قرية الكردم</name>
        <styleUrl>#icon-1899-DB4436-labelson-nodesc</styleUrl>
        <Point>
          <coordinates>
            40.741596,20.007305,0
          </coordinates>
        </Point>
      </Placemark>
      <Placemark>
        <name>قرية الكفو</name>
        <styleUrl>#icon-1899-DB4436-labelson-nodesc</styleUrl>
        <Point>
          <coordinates>
            40.810497,20.252931,0
          </coordinates>
        </Point>
      </Placemark>
      <Placemark>
        <name>قرية اللبه</name>
        <styleUrl>#icon-1899-DB4436-labelson-nodesc</styleUrl>
        <Point>
          <coordinates>
            40.710933,21.038818,0
          </coordinates>
        </Point>
      </Placemark>
      <Placemark>
        <name>قرية اللحيان</name>
        <styleUrl>#icon-1899-DB4436-labelson-nodesc</styleUrl>
        <Point>
          <coordinates>
            41.071379,20.295095,0
          </coordinates>
        </Point>
      </Placemark>
      <Placemark>
        <name>قرية اللصبة</name>
        <styleUrl>#icon-1899-DB4436-labelson-nodesc</styleUrl>
        <Point>
          <coordinates>
            41.01074,20.345092,0
          </coordinates>
        </Point>
      </Placemark>
      <Placemark>
        <name>قرية اللصيفه</name>
        <styleUrl>#icon-1899-DB4436-labelson-nodesc</styleUrl>
        <Point>
          <coordinates>
            40.868304,20.71528,0
          </coordinates>
        </Point>
      </Placemark>
      <Placemark>
        <name>قرية اللغيسم</name>
        <styleUrl>#icon-1899-DB4436-labelson-nodesc</styleUrl>
        <Point>
          <coordinates>
            40.977631,20.416031,0
          </coordinates>
        </Point>
      </Placemark>
      <Placemark>
        <name>قرية اللهام</name>
        <styleUrl>#icon-1899-DB4436-labelson-nodesc</styleUrl>
        <Point>
          <coordinates>
            40.884161,20.662773,0
          </coordinates>
        </Point>
      </Placemark>
      <Placemark>
        <name>قرية اللهموم</name>
        <styleUrl>#icon-1899-DB4436-labelson-nodesc</styleUrl>
        <Point>
          <coordinates>
            40.910876,20.362151,0
          </coordinates>
        </Point>
      </Placemark>
      <Placemark>
        <name>قرية المجايز</name>
        <styleUrl>#icon-1899-DB4436-labelson-nodesc</styleUrl>
        <Point>
          <coordinates>
            40.849142,20.665326,0
          </coordinates>
        </Point>
      </Placemark>
      <Placemark>
        <name>قرية المحاسنه</name>
        <styleUrl>#icon-1899-DB4436-labelson-nodesc</styleUrl>
        <Point>
          <coordinates>
            40.747776,20.925565,0
          </coordinates>
        </Point>
      </Placemark>
      <Placemark>
        <name>قرية المحاميد</name>
        <styleUrl>#icon-1899-DB4436-labelson-nodesc</styleUrl>
        <Point>
          <coordinates>
            39.564729,21.4675,0
          </coordinates>
        </Point>
      </Placemark>
      <Placemark>
        <name>قرية المخاضه</name>
        <styleUrl>#icon-1899-DB4436-labelson-nodesc</styleUrl>
        <Point>
          <coordinates>
            40.307207,21.162715,0
          </coordinates>
        </Point>
      </Placemark>
      <Placemark>
        <name>قرية المخصر</name>
        <styleUrl>#icon-1899-DB4436-labelson-nodesc</styleUrl>
        <Point>
          <coordinates>
            41.849349,19.437346,0
          </coordinates>
        </Point>
      </Placemark>
      <Placemark>
        <name>قرية المخلفه</name>
        <styleUrl>#icon-1899-DB4436-labelson-nodesc</styleUrl>
        <Point>
          <coordinates>
            41.833363,19.461358,0
          </coordinates>
        </Point>
      </Placemark>
      <Placemark>
        <name>قرية المدان</name>
        <styleUrl>#icon-1899-DB4436-labelson-nodesc</styleUrl>
        <Point>
          <coordinates>
            40.86339,20.653031,0
          </coordinates>
        </Point>
      </Placemark>
      <Placemark>
        <name>قرية المدبغ</name>
        <styleUrl>#icon-1899-DB4436-labelson-nodesc</styleUrl>
        <Point>
          <coordinates>
            41.857417,19.444256,0
          </coordinates>
        </Point>
      </Placemark>
      <Placemark>
        <name>قرية المرشديه</name>
        <styleUrl>#icon-1899-DB4436-labelson-nodesc</styleUrl>
        <Point>
          <coordinates>
            39.61436,21.491189,0
          </coordinates>
        </Point>
      </Placemark>
      <Placemark>
        <name>قرية المريفق</name>
        <styleUrl>#icon-1899-DB4436-labelson-nodesc</styleUrl>
        <Point>
          <coordinates>
            40.922184,20.793686,0
          </coordinates>
        </Point>
      </Placemark>
      <Placemark>
        <name>قرية المساعدية</name>
        <styleUrl>#icon-1899-DB4436-labelson-nodesc</styleUrl>
        <Point>
          <coordinates>
            40.86957,19.666729,0
          </coordinates>
        </Point>
      </Placemark>
      <Placemark>
        <name>قرية المسالمه</name>
        <styleUrl>#icon-1899-DB4436-labelson-nodesc</styleUrl>
        <Point>
          <coordinates>
            41.159248,20.344276,0
          </coordinates>
        </Point>
      </Placemark>
      <Placemark>
        <name>قرية المستنقع</name>
        <styleUrl>#icon-1899-DB4436-labelson-nodesc</styleUrl>
        <Point>
          <coordinates>
            40.543327,20.540829,0
          </coordinates>
        </Point>
      </Placemark>
      <Placemark>
        <name>قرية المسيليم</name>
        <styleUrl>#icon-1899-DB4436-labelson-nodesc</styleUrl>
        <Point>
          <coordinates>
            40.966515,19.652288,0
          </coordinates>
        </Point>
      </Placemark>
      <Placemark>
        <name>قرية المشايخ</name>
        <styleUrl>#icon-1899-DB4436-labelson-nodesc</styleUrl>
        <Point>
          <coordinates>
            41.047111,20.615201,0
          </coordinates>
        </Point>
      </Placemark>
      <Placemark>
        <name>قرية المشاييخ</name>
        <styleUrl>#icon-1899-DB4436-labelson-nodesc</styleUrl>
        <Point>
          <coordinates>
            40.326025,21.352701,0
          </coordinates>
        </Point>
      </Placemark>
      <Placemark>
        <name>قرية المطارفه</name>
        <styleUrl>#icon-1899-DB4436-labelson-nodesc</styleUrl>
        <Point>
          <coordinates>
            40.183096,21.304293,0
          </coordinates>
        </Point>
      </Placemark>
      <Placemark>
        <name>قرية المطاريح</name>
        <styleUrl>#icon-1899-DB4436-labelson-nodesc</styleUrl>
        <Point>
          <coordinates>
            41.108587,19.18936,0
          </coordinates>
        </Point>
      </Placemark>
      <Placemark>
        <name>قرية المعائل</name>
        <styleUrl>#icon-1899-DB4436-labelson-nodesc</styleUrl>
        <Point>
          <coordinates>
            41.5345,23.095686,0
          </coordinates>
        </Point>
      </Placemark>
      <Placemark>
        <name>قرية المعدن</name>
        <styleUrl>#icon-1899-DB4436-labelson-nodesc</styleUrl>
        <Point>
          <coordinates>
            40.603666,21.126173,0
          </coordinates>
        </Point>
      </Placemark>
      <Placemark>
        <name>قرية المعلاة</name>
        <styleUrl>#icon-1899-DB4436-labelson-nodesc</styleUrl>
        <Point>
          <coordinates>
            40.722241,20.511968,0
          </coordinates>
        </Point>
      </Placemark>
      <Placemark>
        <name>قرية المغده</name>
        <styleUrl>#icon-1899-DB4436-labelson-nodesc</styleUrl>
        <Point>
          <coordinates>
            40.911391,20.602176,0
          </coordinates>
        </Point>
      </Placemark>
      <Placemark>
        <name>قرية المغرس</name>
        <styleUrl>#icon-1899-DB4436-labelson-nodesc</styleUrl>
        <Point>
          <coordinates>
            41.013057,20.640006,0
          </coordinates>
        </Point>
      </Placemark>
      <Placemark>
        <name>قرية المقرح</name>
        <styleUrl>#icon-1899-DB4436-labelson-nodesc</styleUrl>
        <Point>
          <coordinates>
            40.605834,21.089995,0
          </coordinates>
        </Point>
      </Placemark>
      <Placemark>
        <name>قرية المقصره</name>
        <styleUrl>#icon-1899-DB4436-labelson-nodesc</styleUrl>
        <Point>
          <coordinates>
            41.062431,20.534692,0
          </coordinates>
        </Point>
      </Placemark>
      <Placemark>
        <name>قرية المكره</name>
        <styleUrl>#icon-1899-DB4436-labelson-nodesc</styleUrl>
        <Point>
          <coordinates>
            40.865729,20.66936,0
          </coordinates>
        </Point>
      </Placemark>
      <Placemark>
        <name>قرية المكلاه</name>
        <styleUrl>#icon-1899-DB4436-labelson-nodesc</styleUrl>
        <Point>
          <coordinates>
            41.801391,19.581392,0
          </coordinates>
        </Point>
      </Placemark>
      <Placemark>
        <name>قرية الملاحيه</name>
        <styleUrl>#icon-1899-DB4436-labelson-nodesc</styleUrl>
        <Point>
          <coordinates>
            40.46932,21.110873,0
          </coordinates>
        </Point>
      </Placemark>
      <Placemark>
        <name>قرية المنجمة</name>
        <styleUrl>#icon-1899-DB4436-labelson-nodesc</styleUrl>
        <Point>
          <coordinates>
            41.015568,20.337968,0
          </coordinates>
        </Point>
      </Placemark>
      <Placemark>
        <name>قرية المندسه</name>
        <styleUrl>#icon-1899-DB4436-labelson-nodesc</styleUrl>
        <Point>
          <coordinates>
            39.742484,21.635277,0
          </coordinates>
        </Point>
      </Placemark>
      <Placemark>
        <name>قرية المنشبه</name>
        <styleUrl>#icon-1899-DB4436-labelson-nodesc</styleUrl>
        <Point>
          <coordinates>
            40.819101,20.130172,0
          </coordinates>
        </Point>
      </Placemark>
      <Placemark>
        <name>قرية الموذحة</name>
        <styleUrl>#icon-1899-DB4436-labelson-nodesc</styleUrl>
        <Point>
          <coordinates>
            40.873046,20.800273,0
          </coordinates>
        </Point>
      </Placemark>
      <Placemark>
        <name>قرية النحيلات</name>
        <styleUrl>#icon-1899-DB4436-labelson-nodesc</styleUrl>
        <Point>
          <coordinates>
            40.94789,20.870633,0
          </coordinates>
        </Point>
      </Placemark>
      <Placemark>
        <name>قرية النزهه</name>
        <styleUrl>#icon-1899-DB4436-labelson-nodesc</styleUrl>
        <Point>
          <coordinates>
            39.643049,21.537495,0
          </coordinates>
        </Point>
      </Placemark>
      <Placemark>
        <name>قرية النصبة</name>
        <styleUrl>#icon-1899-DB4436-labelson-nodesc</styleUrl>
        <Point>
          <coordinates>
            40.500841,21.161106,0
          </coordinates>
        </Point>
      </Placemark>
      <Placemark>
        <name>قرية النعيمات</name>
        <styleUrl>#icon-1899-DB4436-labelson-nodesc</styleUrl>
        <Point>
          <coordinates>
            40.883324,20.346787,0
          </coordinates>
        </Point>
      </Placemark>
      <Placemark>
        <name>قرية النويدره</name>
        <styleUrl>#icon-1899-DB4436-labelson-nodesc</styleUrl>
        <Point>
          <coordinates>
            39.640024,21.507003,0
          </coordinates>
        </Point>
      </Placemark>
      <Placemark>
        <name>قرية النيله</name>
        <styleUrl>#icon-1899-DB4436-labelson-nodesc</styleUrl>
        <Point>
          <coordinates>
            41.115367,19.44005,0
          </coordinates>
        </Point>
      </Placemark>
      <Placemark>
        <name>قرية الهجاهجه</name>
        <styleUrl>#icon-1899-DB4436-labelson-nodesc</styleUrl>
        <Point>
          <coordinates>
            41.547031,20.754504,0
          </coordinates>
        </Point>
      </Placemark>
      <Placemark>
        <name>قرية الهدا</name>
        <styleUrl>#icon-1899-DB4436-labelson-nodesc</styleUrl>
        <Point>
          <coordinates>
            40.869613,20.595889,0
          </coordinates>
        </Point>
      </Placemark>
      <Placemark>
        <name>قرية الهضبة</name>
        <styleUrl>#icon-1899-DB4436-labelson-nodesc</styleUrl>
        <Point>
          <coordinates>
            40.662782,21.043067,0
          </coordinates>
        </Point>
      </Placemark>
      <Placemark>
        <name>قرية الهلال</name>
        <styleUrl>#icon-1899-DB4436-labelson-nodesc</styleUrl>
        <Point>
          <coordinates>
            41.005847,20.581191,0
          </coordinates>
        </Point>
      </Placemark>
      <Placemark>
        <name>قرية الهمله</name>
        <styleUrl>#icon-1899-DB4436-labelson-nodesc</styleUrl>
        <Point>
          <coordinates>
            41.076035,20.525229,0
          </coordinates>
        </Point>
      </Placemark>
      <Placemark>
        <name>قرية الوطاة</name>
        <styleUrl>#icon-1899-DB4436-labelson-nodesc</styleUrl>
        <Point>
          <coordinates>
            41.01501,19.411254,0
          </coordinates>
        </Point>
      </Placemark>
      <Placemark>
        <name>قرية الوطيات</name>
        <styleUrl>#icon-1899-DB4436-labelson-nodesc</styleUrl>
        <Point>
          <coordinates>
            40.427349,20.320673,0
          </coordinates>
        </Point>
      </Placemark>
      <Placemark>
        <name>قرية الوهباء</name>
        <styleUrl>#icon-1899-DB4436-labelson-nodesc</styleUrl>
        <Point>
          <coordinates>
            41.022112,20.630522,0
          </coordinates>
        </Point>
      </Placemark>
      <Placemark>
        <name>قرية اليحيى</name>
        <styleUrl>#icon-1899-DB4436-labelson-nodesc</styleUrl>
        <Point>
          <coordinates>
            40.810819,20.772121,0
          </coordinates>
        </Point>
      </Placemark>
      <Placemark>
        <name>قرية اليعاقيب</name>
        <styleUrl>#icon-1899-DB4436-labelson-nodesc</styleUrl>
        <Point>
          <coordinates>
            40.750995,20.90827,0
          </coordinates>
        </Point>
      </Placemark>
      <Placemark>
        <name>قرية ام الباب</name>
        <styleUrl>#icon-1899-DB4436-labelson-nodesc</styleUrl>
        <Point>
          <coordinates>
            40.9916,20.389659,0
          </coordinates>
        </Point>
      </Placemark>
      <Placemark>
        <name>قرية ام البكار</name>
        <styleUrl>#icon-1899-DB4436-labelson-nodesc</styleUrl>
        <Point>
          <coordinates>
            40.584977,21.118276,0
          </coordinates>
        </Point>
      </Placemark>
      <Placemark>
        <name>قرية ام السعود</name>
        <styleUrl>#icon-1899-DB4436-labelson-nodesc</styleUrl>
        <Point>
          <coordinates>
            41.000097,20.876362,0
          </coordinates>
        </Point>
      </Placemark>
      <Placemark>
        <name>قرية ام الشعيرة</name>
        <styleUrl>#icon-1899-DB4436-labelson-nodesc</styleUrl>
        <Point>
          <coordinates>
            41.044664,19.454813,0
          </coordinates>
        </Point>
      </Placemark>
      <Placemark>
        <name>قرية ام حطب</name>
        <styleUrl>#icon-1899-DB4436-labelson-nodesc</styleUrl>
        <Point>
          <coordinates>
            40.823693,20.213621,0
          </coordinates>
        </Point>
      </Placemark>
      <Placemark>
        <name>قرية ام كديده</name>
        <styleUrl>#icon-1899-DB4436-labelson-nodesc</styleUrl>
        <Point>
          <coordinates>
            41.839306,19.455478,0
          </coordinates>
        </Point>
      </Placemark>
      <Placemark>
        <name>قرية ايان</name>
        <styleUrl>#icon-1899-DB4436-labelson-nodesc</styleUrl>
        <Point>
          <coordinates>
            40.608859,20.963995,0
          </coordinates>
        </Point>
      </Placemark>
      <Placemark>
        <name>قرية بالحليس</name>
        <styleUrl>#icon-1899-DB4436-labelson-nodesc</styleUrl>
        <Point>
          <coordinates>
            41.012585,20.595374,0
          </coordinates>
        </Point>
      </Placemark>
      <Placemark>
        <name>قرية بخيان</name>
        <styleUrl>#icon-1899-DB4436-labelson-nodesc</styleUrl>
        <Point>
          <coordinates>
            40.951388,20.559454,0
          </coordinates>
        </Point>
      </Placemark>
      <Placemark>
        <name>قرية بريدة</name>
        <styleUrl>#icon-1899-DB4436-labelson-nodesc</styleUrl>
        <Point>
          <coordinates>
            40.410032,20.22877,0
          </coordinates>
        </Point>
      </Placemark>
      <Placemark>
        <name>قرية بضاء</name>
        <styleUrl>#icon-1899-DB4436-labelson-nodesc</styleUrl>
        <Point>
          <coordinates>
            41.118758,20.532868,0
          </coordinates>
        </Point>
      </Placemark>
      <Placemark>
        <name>قرية بقران</name>
        <styleUrl>#icon-1899-DB4436-labelson-nodesc</styleUrl>
        <Point>
          <coordinates>
            40.628729,21.084459,0
          </coordinates>
        </Point>
      </Placemark>
      <Placemark>
        <name>قرية بلاد الحمد</name>
        <styleUrl>#icon-1899-DB4436-labelson-nodesc</styleUrl>
        <Point>
          <coordinates>
            40.934072,20.896361,0
          </coordinates>
        </Point>
      </Placemark>
      <Placemark>
        <name>قرية بن سباع</name>
        <styleUrl>#icon-1899-DB4436-labelson-nodesc</styleUrl>
        <Point>
          <coordinates>
            41.015396,20.35007,0
          </coordinates>
        </Point>
      </Placemark>
      <Placemark>
        <name>قرية بني شهاب</name>
        <styleUrl>#icon-1899-DB4436-labelson-nodesc</styleUrl>
        <Point>
          <coordinates>
            40.961087,19.681792,0
          </coordinates>
        </Point>
      </Placemark>
      <Placemark>
        <name>قرية بني عامر</name>
        <styleUrl>#icon-1899-DB4436-labelson-nodesc</styleUrl>
        <Point>
          <coordinates>
            41.127341,20.411568,0
          </coordinates>
        </Point>
      </Placemark>
      <Placemark>
        <name>قرية بويهب</name>
        <styleUrl>#icon-1899-DB4436-labelson-nodesc</styleUrl>
        <Point>
          <coordinates>
            40.991385,20.634191,0
          </coordinates>
        </Point>
      </Placemark>
      <Placemark>
        <name>قرية بيضان</name>
        <styleUrl>#icon-1899-DB4436-labelson-nodesc</styleUrl>
        <Point>
          <coordinates>
            40.952032,20.663331,0
          </coordinates>
        </Point>
      </Placemark>
      <Placemark>
        <name>قرية تنيظبات</name>
        <styleUrl>#icon-1899-DB4436-labelson-nodesc</styleUrl>
        <Point>
          <coordinates>
            39.940367,22.743244,0
          </coordinates>
        </Point>
      </Placemark>
      <Placemark>
        <name>قرية ثبته</name>
        <styleUrl>#icon-1899-DB4436-labelson-nodesc</styleUrl>
        <Point>
          <coordinates>
            40.693617,21.027789,0
          </coordinates>
        </Point>
      </Placemark>
      <Placemark>
        <name>قرية جمعة</name>
        <styleUrl>#icon-1899-DB4436-labelson-nodesc</styleUrl>
        <Point>
          <coordinates>
            40.602465,20.920651,0
          </coordinates>
        </Point>
      </Placemark>
      <Placemark>
        <name>قرية جنيدة</name>
        <styleUrl>#icon-1899-DB4436-labelson-nodesc</styleUrl>
        <Point>
          <coordinates>
            41.020396,20.296447,0
          </coordinates>
        </Point>
      </Placemark>
      <Placemark>
        <name>قرية حدبة</name>
        <styleUrl>#icon-1899-DB4436-labelson-nodesc</styleUrl>
        <Point>
          <coordinates>
            40.97276,19.684839,0
          </coordinates>
        </Point>
      </Placemark>
      <Placemark>
        <name>قرية حفار</name>
        <styleUrl>#icon-1899-DB4436-labelson-nodesc</styleUrl>
        <Point>
          <coordinates>
            40.862317,19.721467,0
          </coordinates>
        </Point>
      </Placemark>
      <Placemark>
        <name>قرية خلفين</name>
        <styleUrl>#icon-1899-DB4436-labelson-nodesc</styleUrl>
        <Point>
          <coordinates>
            40.84749,20.666957,0
          </coordinates>
        </Point>
      </Placemark>
      <Placemark>
        <name>قرية دغونه</name>
        <styleUrl>#icon-1899-DB4436-labelson-nodesc</styleUrl>
        <Point>
          <coordinates>
            41.159377,20.40041,0
          </coordinates>
        </Point>
      </Placemark>
      <Placemark>
        <name>قرية دفاف</name>
        <styleUrl>#icon-1899-DB4436-labelson-nodesc</styleUrl>
        <Point>
          <coordinates>
            40.770071,21.069009,0
          </coordinates>
        </Point>
      </Placemark>
      <Placemark>
        <name>قرية دقم العويد</name>
        <styleUrl>#icon-1899-DB4436-labelson-nodesc</styleUrl>
        <Point>
          <coordinates>
            40.317163,20.957065,0
          </coordinates>
        </Point>
      </Placemark>
      <Placemark>
        <name>قرية دوقة</name>
        <styleUrl>#icon-1899-DB4436-labelson-nodesc</styleUrl>
        <Point>
          <coordinates>
            40.919137,19.60506,0
          </coordinates>
        </Point>
      </Placemark>
      <Placemark>
        <name>قرية ذوي علي</name>
        <styleUrl>#icon-1899-DB4436-labelson-nodesc</styleUrl>
        <Point>
          <coordinates>
            40.633364,21.095059,0
          </coordinates>
        </Point>
      </Placemark>
      <Placemark>
        <name>قرية رحمان</name>
        <styleUrl>#icon-1899-DB4436-labelson-nodesc</styleUrl>
        <Point>
          <coordinates>
            40.223415,20.229886,0
          </coordinates>
        </Point>
      </Placemark>
      <Placemark>
        <name>قرية ريده</name>
        <styleUrl>#icon-1899-DB4436-labelson-nodesc</styleUrl>
        <Point>
          <coordinates>
            41.003315,20.324686,0
          </coordinates>
        </Point>
      </Placemark>
      <Placemark>
        <name>قرية ريشان</name>
        <styleUrl>#icon-1899-DB4436-labelson-nodesc</styleUrl>
        <Point>
          <coordinates>
            40.946946,20.883615,0
          </coordinates>
        </Point>
      </Placemark>
      <Placemark>
        <name>قرية ريع المناصير</name>
        <styleUrl>#icon-1899-DB4436-labelson-nodesc</styleUrl>
        <Point>
          <coordinates>
            40.587852,21.174452,0
          </coordinates>
        </Point>
      </Placemark>
      <Placemark>
        <name>قرية زيلع</name>
        <styleUrl>#icon-1899-DB4436-labelson-nodesc</styleUrl>
        <Point>
          <coordinates>
            41.012886,20.341809,0
          </coordinates>
        </Point>
      </Placemark>
      <Placemark>
        <name>قرية سبوحة</name>
        <styleUrl>#icon-1899-DB4436-labelson-nodesc</styleUrl>
        <Point>
          <coordinates>
            40.12398,21.589658,0
          </coordinates>
        </Point>
      </Placemark>
      <Placemark>
        <name>قرية سخايط</name>
        <styleUrl>#icon-1899-DB4436-labelson-nodesc</styleUrl>
        <Point>
          <coordinates>
            40.659349,21.108534,0
          </coordinates>
        </Point>
      </Placemark>
      <Placemark>
        <name>قرية سعة الله</name>
        <styleUrl>#icon-1899-DB4436-labelson-nodesc</styleUrl>
        <Point>
          <coordinates>
            40.98012,20.314429,0
          </coordinates>
        </Point>
      </Placemark>
      <Placemark>
        <name>قرية سعد</name>
        <styleUrl>#icon-1899-DB4436-labelson-nodesc</styleUrl>
        <Point>
          <coordinates>
            40.563369,22.326601,0
          </coordinates>
        </Point>
      </Placemark>
      <Placemark>
        <name>قرية سعيا</name>
        <styleUrl>#icon-1899-DB4436-labelson-nodesc</styleUrl>
        <Point>
          <coordinates>
            39.873247,20.51774,0
          </coordinates>
        </Point>
      </Placemark>
      <Placemark>
        <name>قرية سعيدات</name>
        <styleUrl>#icon-1899-DB4436-labelson-nodesc</styleUrl>
        <Point>
          <coordinates>
            40.885835,20.633054,0
          </coordinates>
        </Point>
      </Placemark>
      <Placemark>
        <name>قرية سلان</name>
        <styleUrl>#icon-1899-DB4436-labelson-nodesc</styleUrl>
        <Point>
          <coordinates>
            40.816548,20.121911,0
          </coordinates>
        </Point>
      </Placemark>
      <Placemark>
        <name>قرية سلعان</name>
        <styleUrl>#icon-1899-DB4436-labelson-nodesc</styleUrl>
        <Point>
          <coordinates>
            41.017671,20.35022,0
          </coordinates>
        </Point>
      </Placemark>
      <Placemark>
        <name>قرية سلعة</name>
        <styleUrl>#icon-1899-DB4436-labelson-nodesc</styleUrl>
        <Point>
          <coordinates>
            40.94111,20.456157,0
          </coordinates>
        </Point>
      </Placemark>
      <Placemark>
        <name>قرية سواس</name>
        <styleUrl>#icon-1899-DB4436-labelson-nodesc</styleUrl>
        <Point>
          <coordinates>
            40.731533,20.964897,0
          </coordinates>
        </Point>
      </Placemark>
      <Placemark>
        <name>قرية سوله</name>
        <styleUrl>#icon-1899-DB4436-labelson-nodesc</styleUrl>
        <Point>
          <coordinates>
            40.092502,21.631393,0
          </coordinates>
        </Point>
      </Placemark>
      <Placemark>
        <name>قرية سيلب</name>
        <styleUrl>#icon-1899-DB4436-labelson-nodesc</styleUrl>
        <Point>
          <coordinates>
            41.065972,20.260355,0
          </coordinates>
        </Point>
      </Placemark>
      <Placemark>
        <name>قرية شدانه</name>
        <styleUrl>#icon-1899-DB4436-labelson-nodesc</styleUrl>
        <Point>
          <coordinates>
            40.85691,20.760341,0
          </coordinates>
        </Point>
      </Placemark>
      <Placemark>
        <name>قرية شعب قدامة</name>
        <styleUrl>#icon-1899-DB4436-labelson-nodesc</styleUrl>
        <Point>
          <coordinates>
            41.073031,20.535829,0
          </coordinates>
        </Point>
      </Placemark>
      <Placemark>
        <name>قرية شيع</name>
        <styleUrl>#icon-1899-DB4436-labelson-nodesc</styleUrl>
        <Point>
          <coordinates>
            41.356208,18.810804,0
          </coordinates>
        </Point>
      </Placemark>
      <Placemark>
        <name>قرية صعبه الاثريه</name>
        <styleUrl>#icon-1899-DB4436-labelson-nodesc</styleUrl>
        <Point>
          <coordinates>
            40.932484,20.894773,0
          </coordinates>
        </Point>
      </Placemark>
      <Placemark>
        <name>قرية صياده</name>
        <styleUrl>#icon-1899-DB4436-labelson-nodesc</styleUrl>
        <Point>
          <coordinates>
            40.980978,20.653288,0
          </coordinates>
        </Point>
      </Placemark>
      <Placemark>
        <name>قرية طريف</name>
        <styleUrl>#icon-1899-DB4436-labelson-nodesc</styleUrl>
        <Point>
          <coordinates>
            40.773697,19.867723,0
          </coordinates>
        </Point>
      </Placemark>
      <Placemark>
        <name>قرية ظفر بني الحارث</name>
        <styleUrl>#icon-1899-DB4436-labelson-nodesc</styleUrl>
        <Point>
          <coordinates>
            40.877981,20.698049,0
          </coordinates>
        </Point>
      </Placemark>
      <Placemark>
        <name>قرية عاجل</name>
        <styleUrl>#icon-1899-DB4436-labelson-nodesc</styleUrl>
        <Point>
          <coordinates>
            41.007757,20.326166,0
          </coordinates>
        </Point>
      </Placemark>
      <Placemark>
        <name>قرية عباسه</name>
        <styleUrl>#icon-1899-DB4436-labelson-nodesc</styleUrl>
        <Point>
          <coordinates>
            40.582123,21.13158,0
          </coordinates>
        </Point>
      </Placemark>
      <Placemark>
        <name>قرية عبال</name>
        <styleUrl>#icon-1899-DB4436-labelson-nodesc</styleUrl>
        <Point>
          <coordinates>
            40.973747,20.605052,0
          </coordinates>
        </Point>
      </Placemark>
      <Placemark>
        <name>قرية عبلاء</name>
        <styleUrl>#icon-1899-DB4436-labelson-nodesc</styleUrl>
        <Point>
          <coordinates>
            41.018872,20.342388,0
          </coordinates>
        </Point>
      </Placemark>
      <Placemark>
        <name>قرية عذيبه</name>
        <styleUrl>#icon-1899-DB4436-labelson-nodesc</styleUrl>
        <Point>
          <coordinates>
            41.01265,19.391727,0
          </coordinates>
        </Point>
      </Placemark>
      <Placemark>
        <name>قرية عسيلة</name>
        <styleUrl>#icon-1899-DB4436-labelson-nodesc</styleUrl>
        <Point>
          <coordinates>
            40.915425,19.685805,0
          </coordinates>
        </Point>
      </Placemark>
      <Placemark>
        <name>قرية عيار</name>
        <styleUrl>#icon-1899-DB4436-labelson-nodesc</styleUrl>
        <Point>
          <coordinates>
            40.60004,20.306017,0
          </coordinates>
        </Point>
      </Placemark>
      <Placemark>
        <name>قرية غديقة</name>
        <styleUrl>#icon-1899-DB4436-labelson-nodesc</styleUrl>
        <Point>
          <coordinates>
            40.7019,21.077378,0
          </coordinates>
        </Point>
      </Placemark>
      <Placemark>
        <name>قرية غر والسدره</name>
        <styleUrl>#icon-1899-DB4436-labelson-nodesc</styleUrl>
        <Point>
          <coordinates>
            40.871544,20.678287,0
          </coordinates>
        </Point>
      </Placemark>
      <Placemark>
        <name>قرية غرابه</name>
        <styleUrl>#icon-1899-DB4436-labelson-nodesc</styleUrl>
        <Point>
          <coordinates>
            40.588882,21.151385,0
          </coordinates>
        </Point>
      </Placemark>
      <Placemark>
        <name>قرية فاطش</name>
        <styleUrl>#icon-1899-DB4436-labelson-nodesc</styleUrl>
        <Point>
          <coordinates>
            41.062582,20.248532,0
          </coordinates>
        </Point>
      </Placemark>
      <Placemark>
        <name>قرية فاعه</name>
        <styleUrl>#icon-1899-DB4436-labelson-nodesc</styleUrl>
        <Point>
          <coordinates>
            41.031168,20.351593,0
          </coordinates>
        </Point>
      </Placemark>
      <Placemark>
        <name>قرية فخذ</name>
        <styleUrl>#icon-1899-DB4436-labelson-nodesc</styleUrl>
        <Point>
          <coordinates>
            41.024923,19.503093,0
          </coordinates>
        </Point>
      </Placemark>
      <Placemark>
        <name>قرية قريش</name>
        <styleUrl>#icon-1899-DB4436-labelson-nodesc</styleUrl>
        <Point>
          <coordinates>
            40.883603,20.733604,0
          </coordinates>
        </Point>
      </Placemark>
      <Placemark>
        <name>قرية قريظة</name>
        <styleUrl>#icon-1899-DB4436-labelson-nodesc</styleUrl>
        <Point>
          <coordinates>
            40.47786,21.179452,0
          </coordinates>
        </Point>
      </Placemark>
      <Placemark>
        <name>قرية قريعه</name>
        <styleUrl>#icon-1899-DB4436-labelson-nodesc</styleUrl>
        <Point>
          <coordinates>
            41.110518,19.276156,0
          </coordinates>
        </Point>
      </Placemark>
      <Placemark>
        <name>قرية قفيلان</name>
        <styleUrl>#icon-1899-DB4436-labelson-nodesc</styleUrl>
        <Point>
          <coordinates>
            40.781379,20.532825,0
          </coordinates>
        </Point>
      </Placemark>
      <Placemark>
        <name>قرية قها</name>
        <styleUrl>#icon-1899-DB4436-labelson-nodesc</styleUrl>
        <Point>
          <coordinates>
            40.875621,20.646229,0
          </coordinates>
        </Point>
      </Placemark>
      <Placemark>
        <name>قرية قواعدة</name>
        <styleUrl>#icon-1899-DB4436-labelson-nodesc</styleUrl>
        <Point>
          <coordinates>
            40.748806,20.93565,0
          </coordinates>
        </Point>
      </Placemark>
      <Placemark>
        <name>قرية كتنه</name>
        <styleUrl>#icon-1899-DB4436-labelson-nodesc</styleUrl>
        <Point>
          <coordinates>
            40.93493,20.888958,0
          </coordinates>
        </Point>
      </Placemark>
      <Placemark>
        <name>قرية لغب - الثبته</name>
        <styleUrl>#icon-1899-DB4436-labelson-nodesc</styleUrl>
        <Point>
          <coordinates>
            40.790863,20.854948,0
          </coordinates>
        </Point>
      </Placemark>
      <Placemark>
        <name>قرية متعان</name>
        <styleUrl>#icon-1899-DB4436-labelson-nodesc</styleUrl>
        <Point>
          <coordinates>
            41.015782,20.339448,0
          </coordinates>
        </Point>
      </Placemark>
      <Placemark>
        <name>قرية مخشوش</name>
        <styleUrl>#icon-1899-DB4436-labelson-nodesc</styleUrl>
        <Point>
          <coordinates>
            41.313765,18.672552,0
          </coordinates>
        </Point>
      </Placemark>
      <Placemark>
        <name>قرية مخلد</name>
        <styleUrl>#icon-1899-DB4436-labelson-nodesc</styleUrl>
        <Point>
          <coordinates>
            40.788889,20.874453,0
          </coordinates>
        </Point>
      </Placemark>
      <Placemark>
        <name>قرية مدغل</name>
        <styleUrl>#icon-1899-DB4436-labelson-nodesc</styleUrl>
        <Point>
          <coordinates>
            40.888216,20.635865,0
          </coordinates>
        </Point>
      </Placemark>
      <Placemark>
        <name>قرية مراج</name>
        <styleUrl>#icon-1899-DB4436-labelson-nodesc</styleUrl>
        <Point>
          <coordinates>
            40.69042,20.286212,0
          </coordinates>
        </Point>
      </Placemark>
      <Placemark>
        <name>قرية مرقنة</name>
        <styleUrl>#icon-1899-DB4436-labelson-nodesc</styleUrl>
        <Point>
          <coordinates>
            40.864291,20.687943,0
          </coordinates>
        </Point>
      </Placemark>
      <Placemark>
        <name>قرية مسعدة</name>
        <styleUrl>#icon-1899-DB4436-labelson-nodesc</styleUrl>
        <Point>
          <coordinates>
            41.056016,20.25939,0
          </coordinates>
        </Point>
      </Placemark>
      <Placemark>
        <name>قرية مسور بني عمر</name>
        <styleUrl>#icon-1899-DB4436-labelson-nodesc</styleUrl>
        <Point>
          <coordinates>
            40.414667,21.060019,0
          </coordinates>
        </Point>
      </Placemark>
      <Placemark>
        <name>قرية مشرفه</name>
        <styleUrl>#icon-1899-DB4436-labelson-nodesc</styleUrl>
        <Point>
          <coordinates>
            41.810381,19.600854,0
          </coordinates>
        </Point>
      </Placemark>
      <Placemark>
        <name>قرية ملحه</name>
        <styleUrl>#icon-1899-DB4436-labelson-nodesc</styleUrl>
        <Point>
          <coordinates>
            39.844472,21.091626,0
          </coordinates>
        </Point>
      </Placemark>
      <Placemark>
        <name>قرية منيفه</name>
        <styleUrl>#icon-1899-DB4436-labelson-nodesc</styleUrl>
        <Point>
          <coordinates>
            40.737004,20.946379,0
          </coordinates>
        </Point>
      </Placemark>
      <Placemark>
        <name>قرية موبل</name>
        <styleUrl>#icon-1899-DB4436-labelson-nodesc</styleUrl>
        <Point>
          <coordinates>
            40.859807,20.63947,0
          </coordinates>
        </Point>
      </Placemark>
      <Placemark>
        <name>قرية وادي البيضاء</name>
        <styleUrl>#icon-1899-DB4436-labelson-nodesc</styleUrl>
        <Point>
          <coordinates>
            39.911764,21.10847,0
          </coordinates>
        </Point>
      </Placemark>
      <Placemark>
        <name>قرية وادي الخشعة</name>
        <styleUrl>#icon-1899-DB4436-labelson-nodesc</styleUrl>
        <Point>
          <coordinates>
            40.415804,21.14218,0
          </coordinates>
        </Point>
      </Placemark>
      <Placemark>
        <name>قرية وجره</name>
        <styleUrl>#icon-1899-DB4436-labelson-nodesc</styleUrl>
        <Point>
          <coordinates>
            40.992436,20.871749,0
          </coordinates>
        </Point>
      </Placemark>
      <Placemark>
        <name>قريه آل رزيق</name>
        <styleUrl>#icon-1899-DB4436-labelson-nodesc</styleUrl>
        <Point>
          <coordinates>
            40.4178,21.05592,0
          </coordinates>
        </Point>
      </Placemark>
      <Placemark>
        <name>قريه البشور</name>
        <styleUrl>#icon-1899-DB4436-labelson-nodesc</styleUrl>
        <Point>
          <coordinates>
            39.686844,21.566484,0
          </coordinates>
        </Point>
      </Placemark>
      <Placemark>
        <name>قريه الحلصه</name>
        <styleUrl>#icon-1899-DB4436-labelson-nodesc</styleUrl>
        <Point>
          <coordinates>
            40.790155,20.784287,0
          </coordinates>
        </Point>
      </Placemark>
      <Placemark>
        <name>قريه المرميه</name>
        <styleUrl>#icon-1899-DB4436-labelson-nodesc</styleUrl>
        <Point>
          <coordinates>
            40.79612,20.836794,0
          </coordinates>
        </Point>
      </Placemark>
      <Placemark>
        <name>قريه ذوي رزيق</name>
        <styleUrl>#icon-1899-DB4436-labelson-nodesc</styleUrl>
        <Point>
          <coordinates>
            40.619566,21.078043,0
          </coordinates>
        </Point>
      </Placemark>
      <Placemark>
        <name>قطع ابو طير</name>
        <styleUrl>#icon-1899-DB4436-labelson-nodesc</styleUrl>
        <Point>
          <coordinates>
            39.374785,20.701718,0
          </coordinates>
        </Point>
      </Placemark>
      <Placemark>
        <name>قطع الشعيبه</name>
        <styleUrl>#icon-1899-DB4436-labelson-nodesc</styleUrl>
        <Point>
          <coordinates>
            39.29316,20.782657,0
          </coordinates>
        </Point>
      </Placemark>
      <Placemark>
        <name>قطع الشيخ</name>
        <styleUrl>#icon-1899-DB4436-labelson-nodesc</styleUrl>
        <Point>
          <coordinates>
            38.749638,21.872814,0
          </coordinates>
        </Point>
      </Placemark>
      <Placemark>
        <name>قطع الطاقيه</name>
        <styleUrl>#icon-1899-DB4436-labelson-nodesc</styleUrl>
        <Point>
          <coordinates>
            39.17922,20.930157,0
          </coordinates>
        </Point>
      </Placemark>
      <Placemark>
        <name>قطعة ابو خشبه</name>
        <styleUrl>#icon-1899-DB4436-labelson-nodesc</styleUrl>
        <Point>
          <coordinates>
            38.95694,22.871947,0
          </coordinates>
        </Point>
      </Placemark>
      <Placemark>
        <name>قطعة ابو رومه</name>
        <styleUrl>#icon-1899-DB4436-labelson-nodesc</styleUrl>
        <Point>
          <coordinates>
            38.951683,22.511544,0
          </coordinates>
        </Point>
      </Placemark>
      <Placemark>
        <name>قطعة ابو سرور</name>
        <styleUrl>#icon-1899-DB4436-labelson-nodesc</styleUrl>
        <Point>
          <coordinates>
            38.945353,22.872226,0
          </coordinates>
        </Point>
      </Placemark>
      <Placemark>
        <name>قطعة ابو طيور</name>
        <styleUrl>#icon-1899-DB4436-labelson-nodesc</styleUrl>
        <Point>
          <coordinates>
            38.919239,22.88377,0
          </coordinates>
        </Point>
      </Placemark>
      <Placemark>
        <name>قطعة البونا</name>
        <styleUrl>#icon-1899-DB4436-labelson-nodesc</styleUrl>
        <Point>
          <coordinates>
            39.439266,20.704851,0
          </coordinates>
        </Point>
      </Placemark>
      <Placemark>
        <name>قطعة القرش</name>
        <styleUrl>#icon-1899-DB4436-labelson-nodesc</styleUrl>
        <Point>
          <coordinates>
            38.9955,22.433653,0
          </coordinates>
        </Point>
      </Placemark>
      <Placemark>
        <name>قطعة عطيه</name>
        <styleUrl>#icon-1899-DB4436-labelson-nodesc</styleUrl>
        <Point>
          <coordinates>
            38.949881,22.88229,0
          </coordinates>
        </Point>
      </Placemark>
      <Placemark>
        <name>قطنة</name>
        <styleUrl>#icon-1899-DB4436-labelson-nodesc</styleUrl>
        <Point>
          <coordinates>
            40.611498,20.68305,0
          </coordinates>
        </Point>
      </Placemark>
      <Placemark>
        <name>قف الغزلاني</name>
        <styleUrl>#icon-1899-DB4436-labelson-nodesc</styleUrl>
        <Point>
          <coordinates>
            38.849351,22.938101,0
          </coordinates>
        </Point>
      </Placemark>
      <Placemark>
        <name>قف ام شريره</name>
        <styleUrl>#icon-1899-DB4436-labelson-nodesc</styleUrl>
        <Point>
          <coordinates>
            38.931663,22.910271,0
          </coordinates>
        </Point>
      </Placemark>
      <Placemark>
        <name>قف حنين</name>
        <styleUrl>#icon-1899-DB4436-labelson-nodesc</styleUrl>
        <Point>
          <coordinates>
            38.845124,22.957735,0
          </coordinates>
        </Point>
      </Placemark>
      <Placemark>
        <name>قوز</name>
        <styleUrl>#icon-1899-DB4436-labelson-nodesc</styleUrl>
        <Point>
          <coordinates>
            41.420281,18.73611,0
          </coordinates>
        </Point>
      </Placemark>
      <Placemark>
        <name>قوز ابو عزاقة</name>
        <styleUrl>#icon-1899-DB4436-labelson-nodesc</styleUrl>
        <Point>
          <coordinates>
            40.517406,20.228577,0
          </coordinates>
        </Point>
      </Placemark>
      <Placemark>
        <name>قوز بن عطاف</name>
        <styleUrl>#icon-1899-DB4436-labelson-nodesc</styleUrl>
        <Point>
          <coordinates>
            41.363332,18.762224,0
          </coordinates>
        </Point>
      </Placemark>
      <Placemark>
        <name>قوز حدره</name>
        <styleUrl>#icon-1899-DB4436-labelson-nodesc</styleUrl>
        <Point>
          <coordinates>
            41.277029,18.987122,0
          </coordinates>
        </Point>
      </Placemark>
      <Placemark>
        <name>قويزة</name>
        <styleUrl>#icon-1899-DB4436-labelson-nodesc</styleUrl>
        <Point>
          <coordinates>
            39.11047,23.134117,0
          </coordinates>
        </Point>
      </Placemark>
      <Placemark>
        <name>قيا</name>
        <styleUrl>#icon-1899-DB4436-labelson-nodesc</styleUrl>
        <Point>
          <coordinates>
            41.003637,21.058903,0
          </coordinates>
        </Point>
      </Placemark>
      <Placemark>
        <name>قيدان حميص</name>
        <styleUrl>#icon-1899-DB4436-labelson-nodesc</styleUrl>
        <Point>
          <coordinates>
            39.488833,20.26911,0
          </coordinates>
        </Point>
      </Placemark>
      <Placemark>
        <name>كلاخ</name>
        <styleUrl>#icon-1899-DB4436-labelson-nodesc</styleUrl>
        <Point>
          <coordinates>
            40.802343,21.301203,0
          </coordinates>
        </Point>
      </Placemark>
      <Placemark>
        <name>كلية</name>
        <styleUrl>#icon-1899-DB4436-labelson-nodesc</styleUrl>
        <Point>
          <coordinates>
            39.287624,22.523346,0
          </coordinates>
        </Point>
      </Placemark>
      <Placemark>
        <name>كياد</name>
        <styleUrl>#icon-1899-DB4436-labelson-nodesc</styleUrl>
        <Point>
          <coordinates>
            41.404831,18.73877,0
          </coordinates>
        </Point>
      </Placemark>
      <Placemark>
        <name>لغب</name>
        <styleUrl>#icon-1899-DB4436-labelson-nodesc</styleUrl>
        <Point>
          <coordinates>
            40.789125,20.855505,0
          </coordinates>
        </Point>
      </Placemark>
      <Placemark>
        <name>مثان</name>
        <styleUrl>#icon-1899-DB4436-labelson-nodesc</styleUrl>
        <Point>
          <coordinates>
            41.000955,20.833726,0
          </coordinates>
        </Point>
      </Placemark>
      <Placemark>
        <name>مثيبة</name>
        <styleUrl>#icon-1899-DB4436-labelson-nodesc</styleUrl>
        <Point>
          <coordinates>
            40.700912,20.72206,0
          </coordinates>
        </Point>
      </Placemark>
      <Placemark>
        <name>محجوبة</name>
        <styleUrl>#icon-1899-DB4436-labelson-nodesc</styleUrl>
        <Point>
          <coordinates>
            39.5434,22.184658,0
          </coordinates>
        </Point>
      </Placemark>
      <Placemark>
        <name>مخشوشه</name>
        <styleUrl>#icon-1899-DB4436-labelson-nodesc</styleUrl>
        <Point>
          <coordinates>
            41.800125,19.466357,0
          </coordinates>
        </Point>
      </Placemark>
      <Placemark>
        <name>مدركة</name>
        <styleUrl>#icon-1899-DB4436-labelson-nodesc</styleUrl>
        <Point>
          <coordinates>
            39.988346,21.979351,0
          </coordinates>
        </Point>
      </Placemark>
      <Placemark>
        <name>مران</name>
        <styleUrl>#icon-1899-DB4436-labelson-nodesc</styleUrl>
        <Point>
          <coordinates>
            41.378696,22.636127,0
          </coordinates>
        </Point>
      </Placemark>
      <Placemark>
        <name>مرحب</name>
        <styleUrl>#icon-1899-DB4436-labelson-nodesc</styleUrl>
        <Point>
          <coordinates>
            41.189675,18.971887,0
          </coordinates>
        </Point>
      </Placemark>
      <Placemark>
        <name>مرسى الخور الشرقي</name>
        <styleUrl>#icon-1899-DB4436-labelson-nodesc</styleUrl>
        <Point>
          <coordinates>
            38.952391,22.88759,0
          </coordinates>
        </Point>
      </Placemark>
      <Placemark>
        <name>مرسى القصيص</name>
        <styleUrl>#icon-1899-DB4436-labelson-nodesc</styleUrl>
        <Point>
          <coordinates>
            38.803389,23.096244,0
          </coordinates>
        </Point>
      </Placemark>
      <Placemark>
        <name>مرسيه</name>
        <styleUrl>#icon-1899-DB4436-labelson-nodesc</styleUrl>
        <Point>
          <coordinates>
            40.789232,21.084609,0
          </coordinates>
        </Point>
      </Placemark>
      <Placemark>
        <name>مرعة</name>
        <styleUrl>#icon-1899-DB4436-labelson-nodesc</styleUrl>
        <Point>
          <coordinates>
            40.913987,20.38142,0
          </coordinates>
        </Point>
      </Placemark>
      <Placemark>
        <name>مرفوض</name>
        <styleUrl>#icon-1899-DB4436-labelson-nodesc</styleUrl>
        <Point>
          <coordinates>
            40.775671,21.226809,0
          </coordinates>
        </Point>
      </Placemark>
      <Placemark>
        <name>مركز الخرار</name>
        <styleUrl>#icon-1899-DB4436-labelson-nodesc</styleUrl>
        <Point>
          <coordinates>
            38.834181,22.967412,0
          </coordinates>
        </Point>
      </Placemark>
      <Placemark>
        <name>مركز السطح</name>
        <styleUrl>#icon-1899-DB4436-labelson-nodesc</styleUrl>
        <Point>
          <coordinates>
            38.71685,23.243122,0
          </coordinates>
        </Point>
      </Placemark>
      <Placemark>
        <name>مركز القوز</name>
        <styleUrl>#icon-1899-DB4436-labelson-nodesc</styleUrl>
        <Point>
          <coordinates>
            41.31355,18.98313,0
          </coordinates>
        </Point>
      </Placemark>
      <Placemark>
        <name>مركز المجيرمه</name>
        <styleUrl>#icon-1899-DB4436-labelson-nodesc</styleUrl>
        <Point>
          <coordinates>
            39.684162,20.43869,0
          </coordinates>
        </Point>
      </Placemark>
      <Placemark>
        <name>مركز الملاوحة</name>
        <styleUrl>#icon-1899-DB4436-labelson-nodesc</styleUrl>
        <Point>
          <coordinates>
            40.965207,19.501119,0
          </coordinates>
        </Point>
      </Placemark>
      <Placemark>
        <name>مركز راس محيسن</name>
        <styleUrl>#icon-1899-DB4436-labelson-nodesc</styleUrl>
        <Point>
          <coordinates>
            40.812514,19.666278,0
          </coordinates>
        </Point>
      </Placemark>
      <Placemark>
        <name>مركز صروم</name>
        <styleUrl>#icon-1899-DB4436-labelson-nodesc</styleUrl>
        <Point>
          <coordinates>
            39.170036,21.156063,0
          </coordinates>
        </Point>
      </Placemark>
      <Placemark>
        <name>مركز طفية</name>
        <styleUrl>#icon-1899-DB4436-labelson-nodesc</styleUrl>
        <Point>
          <coordinates>
            39.275093,20.989037,0
          </coordinates>
        </Point>
      </Placemark>
      <Placemark>
        <name>مركز مستورة</name>
        <styleUrl>#icon-1899-DB4436-labelson-nodesc</styleUrl>
        <Point>
          <coordinates>
            38.815384,23.116264,0
          </coordinates>
        </Point>
      </Placemark>
      <Placemark>
        <name>مروان</name>
        <styleUrl>#icon-1899-DB4436-labelson-nodesc</styleUrl>
        <Point>
          <coordinates>
            42.288437,22.190666,0
          </coordinates>
        </Point>
      </Placemark>
      <Placemark>
        <name>مزارع هجرة الحمدات</name>
        <styleUrl>#icon-1899-DB4436-labelson-nodesc</styleUrl>
        <Point>
          <coordinates>
            41.279669,20.884151,0
          </coordinates>
        </Point>
      </Placemark>
      <Placemark>
        <name>مزدلفة</name>
        <styleUrl>#icon-1899-DB4436-labelson-nodesc</styleUrl>
        <Point>
          <coordinates>
            39.90406,21.408749,0
          </coordinates>
        </Point>
      </Placemark>
      <Placemark>
        <name>مستورة</name>
        <styleUrl>#icon-1899-DB4436-labelson-nodesc</styleUrl>
        <Point>
          <coordinates>
            38.842335,23.115749,0
          </coordinates>
        </Point>
      </Placemark>
      <Placemark>
        <name>مسر</name>
        <styleUrl>#icon-1899-DB4436-labelson-nodesc</styleUrl>
        <Point>
          <coordinates>
            39.500313,22.238731,0
          </coordinates>
        </Point>
      </Placemark>
      <Placemark>
        <name>مشبعه</name>
        <styleUrl>#icon-1899-DB4436-labelson-nodesc</styleUrl>
        <Point>
          <coordinates>
            41.814995,19.265556,0
          </coordinates>
        </Point>
      </Placemark>
      <Placemark>
        <name>مشجي</name>
        <styleUrl>#icon-1899-DB4436-labelson-nodesc</styleUrl>
        <Point>
          <coordinates>
            39.963799,21.727867,0
          </coordinates>
        </Point>
      </Placemark>
      <Placemark>
        <name>مشرف</name>
        <styleUrl>#icon-1899-DB4436-labelson-nodesc</styleUrl>
        <Point>
          <coordinates>
            41.390798,19.000897,0
          </coordinates>
        </Point>
      </Placemark>
      <Placemark>
        <name>مشرف</name>
        <styleUrl>#icon-1899-DB4436-labelson-nodesc</styleUrl>
        <Point>
          <coordinates>
            41.848619,19.425008,0
          </coordinates>
        </Point>
      </Placemark>
      <Placemark>
        <name>مشرق</name>
        <styleUrl>#icon-1899-DB4436-labelson-nodesc</styleUrl>
        <Point>
          <coordinates>
            39.877861,22.596774,0
          </coordinates>
        </Point>
      </Placemark>
      <Placemark>
        <name>مشرق</name>
        <styleUrl>#icon-1899-DB4436-labelson-nodesc</styleUrl>
        <Point>
          <coordinates>
            40.883217,20.816689,0
          </coordinates>
        </Point>
      </Placemark>
      <Placemark>
        <name>مشهات مهد الحيل</name>
        <styleUrl>#icon-1899-DB4436-labelson-nodesc</styleUrl>
        <Point>
          <coordinates>
            39.887066,21.941242,0
          </coordinates>
        </Point>
      </Placemark>
      <Placemark>
        <name>مطية</name>
        <styleUrl>#icon-1899-DB4436-labelson-nodesc</styleUrl>
        <Point>
          <coordinates>
            39.820461,21.541271,0
          </coordinates>
        </Point>
      </Placemark>
      <Placemark>
        <name>معشوقة</name>
        <styleUrl>#icon-1899-DB4436-labelson-nodesc</styleUrl>
        <Point>
          <coordinates>
            41.816196,19.35379,0
          </coordinates>
        </Point>
      </Placemark>
      <Placemark>
        <name>مغينية</name>
        <styleUrl>#icon-1899-DB4436-labelson-nodesc</styleUrl>
        <Point>
          <coordinates>
            39.466496,22.830448,0
          </coordinates>
        </Point>
      </Placemark>
      <Placemark>
        <name>مفتاح</name>
        <styleUrl>#icon-1899-DB4436-labelson-nodesc</styleUrl>
        <Point>
          <coordinates>
            40.823007,20.01312,0
          </coordinates>
        </Point>
      </Placemark>
      <Placemark>
        <name>مكة المكرمة</name>
        <styleUrl>#icon-1899-DB4436-labelson-nodesc</styleUrl>
        <Point>
          <coordinates>
            39.826126,21.422482,0
          </coordinates>
        </Point>
      </Placemark>
      <Placemark>
        <name>ملح</name>
        <styleUrl>#icon-1899-DB4436-labelson-nodesc</styleUrl>
        <Point>
          <coordinates>
            40.357075,21.363602,0
          </coordinates>
        </Point>
      </Placemark>
      <Placemark>
        <name>منتجع الجبل الاخضر</name>
        <styleUrl>#icon-1899-DB4436-labelson-nodesc</styleUrl>
        <Point>
          <coordinates>
            40.338085,21.340234,0
          </coordinates>
        </Point>
      </Placemark>
      <Placemark>
        <name>منتزة النقبة الحمرة</name>
        <styleUrl>#icon-1899-DB4436-labelson-nodesc</styleUrl>
        <Point>
          <coordinates>
            40.316691,21.348581,0
          </coordinates>
        </Point>
      </Placemark>
      <Placemark>
        <name>منجية</name>
        <styleUrl>#icon-1899-DB4436-labelson-nodesc</styleUrl>
        <Point>
          <coordinates>
            41.35668,18.738062,0
          </coordinates>
        </Point>
      </Placemark>
      <Placemark>
        <name>منطقة  الحجرة</name>
        <styleUrl>#icon-1899-DB4436-labelson-nodesc</styleUrl>
        <Point>
          <coordinates>
            41.058848,20.230057,0
          </coordinates>
        </Point>
      </Placemark>
      <Placemark>
        <name>منطقة الحبقة</name>
        <styleUrl>#icon-1899-DB4436-labelson-nodesc</styleUrl>
        <Point>
          <coordinates>
            40.810153,20.122061,0
          </coordinates>
        </Point>
      </Placemark>
      <Placemark>
        <name>منطقة الحرم</name>
        <styleUrl>#icon-1899-DB4436-labelson-nodesc</styleUrl>
        <Point>
          <coordinates>
            39.801579,21.46677,0
          </coordinates>
        </Point>
      </Placemark>
      <Placemark>
        <name>منطقة الحرم</name>
        <styleUrl>#icon-1899-DB4436-labelson-nodesc</styleUrl>
        <Point>
          <coordinates>
            39.940109,21.340942,0
          </coordinates>
        </Point>
      </Placemark>
      <Placemark>
        <name>منطقة المشاش</name>
        <styleUrl>#icon-1899-DB4436-labelson-nodesc</styleUrl>
        <Point>
          <coordinates>
            40.982673,20.312562,0
          </coordinates>
        </Point>
      </Placemark>
      <Placemark>
        <name>منى</name>
        <styleUrl>#icon-1899-DB4436-labelson-nodesc</styleUrl>
        <Point>
          <coordinates>
            39.871273,21.421108,0
          </coordinates>
        </Point>
      </Placemark>
      <Placemark>
        <name>ميقات قرن المنازل ميقات وادي محرم</name>
        <styleUrl>#icon-1899-DB4436-labelson-nodesc</styleUrl>
        <Point>
          <coordinates>
            40.326669,21.346114,0
          </coordinates>
        </Point>
      </Placemark>
      <Placemark>
        <name>ناخس</name>
        <styleUrl>#icon-1899-DB4436-labelson-nodesc</styleUrl>
        <Point>
          <coordinates>
            41.755407,19.556458,0
          </coordinates>
        </Point>
      </Placemark>
      <Placemark>
        <name>ناخسة</name>
        <styleUrl>#icon-1899-DB4436-labelson-nodesc</styleUrl>
        <Point>
          <coordinates>
            41.659641,19.48494,0
          </coordinates>
        </Point>
      </Placemark>
      <Placemark>
        <name>نصبة</name>
        <styleUrl>#icon-1899-DB4436-labelson-nodesc</styleUrl>
        <Point>
          <coordinates>
            41.470127,19.631882,0
          </coordinates>
        </Point>
      </Placemark>
      <Placemark>
        <name>نقمة</name>
        <styleUrl>#icon-1899-DB4436-labelson-nodesc</styleUrl>
        <Point>
          <coordinates>
            41.825252,19.491591,0
          </coordinates>
        </Point>
      </Placemark>
      <Placemark>
        <name>نقيبة الشميسي</name>
        <styleUrl>#icon-1899-DB4436-labelson-nodesc</styleUrl>
        <Point>
          <coordinates>
            39.684334,21.599636,0
          </coordinates>
        </Point>
      </Placemark>
      <Placemark>
        <name>نمران</name>
        <styleUrl>#icon-1899-DB4436-labelson-nodesc</styleUrl>
        <Point>
          <coordinates>
            41.138306,22.616859,0
          </coordinates>
        </Point>
      </Placemark>
      <Placemark>
        <name>نمرة</name>
        <styleUrl>#icon-1899-DB4436-labelson-nodesc</styleUrl>
        <Point>
          <coordinates>
            41.668696,19.578753,0
          </coordinates>
        </Point>
      </Placemark>
      <Placemark>
        <name>هبالة</name>
        <styleUrl>#icon-1899-DB4436-labelson-nodesc</styleUrl>
        <Point>
          <coordinates>
            40.751681,21.228998,0
          </coordinates>
        </Point>
      </Placemark>
      <Placemark>
        <name>هجرة آل ردة</name>
        <styleUrl>#icon-1899-DB4436-labelson-nodesc</styleUrl>
        <Point>
          <coordinates>
            39.988861,21.302125,0
          </coordinates>
        </Point>
      </Placemark>
      <Placemark>
        <name>هجرة المسافره</name>
        <styleUrl>#icon-1899-DB4436-labelson-nodesc</styleUrl>
        <Point>
          <coordinates>
            40.934672,21.003864,0
          </coordinates>
        </Point>
      </Placemark>
      <Placemark>
        <name>هجرة مره</name>
        <styleUrl>#icon-1899-DB4436-labelson-nodesc</styleUrl>
        <Point>
          <coordinates>
            41.071165,21.093814,0
          </coordinates>
        </Point>
      </Placemark>
      <Placemark>
        <name>هجرت ام جريف</name>
        <styleUrl>#icon-1899-DB4436-labelson-nodesc</styleUrl>
        <Point>
          <coordinates>
            40.922484,21.408834,0
          </coordinates>
        </Point>
      </Placemark>
      <Placemark>
        <name>هدى الشام</name>
        <styleUrl>#icon-1899-DB4436-labelson-nodesc</styleUrl>
        <Point>
          <coordinates>
            39.684334,21.79636,0
          </coordinates>
        </Point>
      </Placemark>
      <Placemark>
        <name>هشيمة</name>
        <styleUrl>#icon-1899-DB4436-labelson-nodesc</styleUrl>
        <Point>
          <coordinates>
            41.270227,18.854127,0
          </coordinates>
        </Point>
      </Placemark>
      <Placemark>
        <name>هضيبة عاتق</name>
        <styleUrl>#icon-1899-DB4436-labelson-nodesc</styleUrl>
        <Point>
          <coordinates>
            39.498596,22.125092,0
          </coordinates>
        </Point>
      </Placemark>
      <Placemark>
        <name>وادي امط</name>
        <styleUrl>#icon-1899-DB4436-labelson-nodesc</styleUrl>
        <Point>
          <coordinates>
            40.36201,21.141193,0
          </coordinates>
        </Point>
      </Placemark>
      <Placemark>
        <name>وجره</name>
        <styleUrl>#icon-1899-DB4436-labelson-nodesc</styleUrl>
        <Point>
          <coordinates>
            40.315919,21.146278,0
          </coordinates>
        </Point>
      </Placemark>
      <Placemark>
        <name>يلملم</name>
        <styleUrl>#icon-1899-DB4436-labelson-nodesc</styleUrl>
        <Point>
          <coordinates>
            40.13973,20.839005,0
          </coordinates>
        </Point>
      </Placemark>
      <Placemark>
        <name>‏قريه الشايديه
</name>
        <styleUrl>#icon-1899-DB4436-labelson-nodesc</styleUrl>
        <Point>
          <coordinates>
            41.809,23.53475,0
          </coordinates>
        </Point>
      </Placemark>
      <Placemark>
        <name>‏قريه الرفيعه
</name>
        <styleUrl>#icon-1899-DB4436-labelson-nodesc</styleUrl>
        <Point>
          <coordinates>
            41.8236944444444,23.5043888888889,0
          </coordinates>
        </Point>
      </Placemark>
      <Placemark>
        <name>‎قريه العقله
</name>
        <styleUrl>#icon-1899-DB4436-labelson-nodesc</styleUrl>
        <Point>
          <coordinates>
            41.7426607,23.5269755,0
          </coordinates>
        </Point>
      </Placemark>
      <Placemark>
        <name>الدرعية</name>
        <styleUrl>#icon-1899-DB4436-labelson-nodesc</styleUrl>
        <Point>
          <coordinates>
            41.638136,19.535047,0
          </coordinates>
        </Point>
      </Placemark>
      <Placemark>
        <name>فُرُع العبادلة</name>
        <styleUrl>#icon-1899-DB4436-labelson-nodesc</styleUrl>
        <Point>
          <coordinates>
            41.613076,19.503718,0
          </coordinates>
        </Point>
      </Placemark>
      <Placemark>
        <name>آل يعلا</name>
        <styleUrl>#icon-1899-DB4436-labelson-nodesc</styleUrl>
        <Point>
          <coordinates>
            41.556164,19.58716,0
          </coordinates>
        </Point>
      </Placemark>
      <Placemark>
        <name>شاظي</name>
        <styleUrl>#icon-1899-DB4436-labelson-nodesc</styleUrl>
        <Point>
          <coordinates>
            41.6520097,19.5168477,0
          </coordinates>
        </Point>
      </Placemark>
      <Placemark>
        <name>ملحه</name>
        <styleUrl>#icon-1899-DB4436-labelson-nodesc</styleUrl>
        <Point>
          <coordinates>
            41.4415733,23.3929059,0
          </coordinates>
        </Point>
      </Placemark>
      <Placemark>
        <name>بلاد ربيع</name>
        <styleUrl>#icon-1899-DB4436-labelson-nodesc</styleUrl>
        <Point>
          <coordinates>
            40.6825149,20.9462895,0
          </coordinates>
        </Point>
      </Placemark>
      <Placemark>
        <name>رغوة</name>
        <styleUrl>#icon-1899-DB4436-labelson-nodesc</styleUrl>
        <Point>
          <coordinates>
            43.51049,21.38008,0
          </coordinates>
        </Point>
      </Placemark>
      <Placemark>
        <name>روضة الهضب</name>
        <styleUrl>#icon-1899-DB4436-labelson-nodesc</styleUrl>
        <Point>
          <coordinates>
            43.6252893999999,21.6363657,0
          </coordinates>
        </Point>
      </Placemark>
    </Folder>
  </Document>
</kml>
