<?xml version="1.0" encoding="UTF-8"?>
<kml xmlns="http://www.opengis.net/kml/2.2">
  <Document>
    <name>خريطة تبوك البرية</name>
    <description><![CDATA[نتمنى ترك المتنزهات والبراري نظيفة بعد مغادرتها ليصبح المكان أكثر جمالاً.<br>توضيح الوان النقاط في الخريطة :<br>الاحمر : أسماء مدن - محافظات - قرى - هجر<br>الرمادي : أسماء محلية - أسماء أماكن متعارف عليه<br>البني : جبال - هضاب - حزوم - كهوف<br>الازرق : وديان - شعبان - قيعان - سدود - خباري<br>الاخضر : آبار - عيون - ثمايل - موارد ماء<br>الاصفر : طعوس - عروق - نوازي - خبوب<br>الاسود : طرق صحراوية - ردميات - دروب غير معبدة<br>شعار القلعة : آثار - مواقع تاريخية - برك قديمة - نقوش<br>بيئتنا .. مسؤوليتنا <br>ـــــــــــ<br>إذا كان هناك مكان خاطئ أو موقع ناقص آمل التواصل تويتر ( الخرائط البرية maps_ksa@ ) <br>أو على الإميل wild.maps.sa@gmail.com<br>وسيتم التواصل معك بإذن الله]]></description>
    <Style id="icon-1598-BDBDBD-labelson-nodesc">
      <IconStyle>
        <color>ffbdbdbd</color>
        <scale>1</scale>
        <Icon>
          <href>https://www.gstatic.com/mapspro/images/stock/503-wht-blank_maps.png</href>
        </Icon>
      </IconStyle>
      <BalloonStyle>
        <text><![CDATA[<h3>$[name]</h3>]]></text>
      </BalloonStyle>
    </Style>
    <Style id="icon-1739-000000-labelson-nodesc">
      <IconStyle>
        <color>ff000000</color>
        <scale>1</scale>
        <Icon>
          <href>https://www.gstatic.com/mapspro/images/stock/503-wht-blank_maps.png</href>
        </Icon>
      </IconStyle>
      <BalloonStyle>
        <text><![CDATA[<h3>$[name]</h3>]]></text>
      </BalloonStyle>
    </Style>
    <Style id="icon-1739-0288D1-labelson-nodesc">
      <IconStyle>
        <color>ffd18802</color>
        <scale>1</scale>
        <Icon>
          <href>https://www.gstatic.com/mapspro/images/stock/503-wht-blank_maps.png</href>
        </Icon>
      </IconStyle>
      <BalloonStyle>
        <text><![CDATA[<h3>$[name]</h3>]]></text>
      </BalloonStyle>
    </Style>
    <Style id="icon-1739-0F9D58-labelson-nodesc">
      <IconStyle>
        <color>ff589d0f</color>
        <scale>1</scale>
        <Icon>
          <href>https://www.gstatic.com/mapspro/images/stock/503-wht-blank_maps.png</href>
        </Icon>
      </IconStyle>
      <BalloonStyle>
        <text><![CDATA[<h3>$[name]</h3>]]></text>
      </BalloonStyle>
    </Style>
    <Style id="icon-1739-757575-labelson-nodesc">
      <IconStyle>
        <color>ff757575</color>
        <scale>1</scale>
        <Icon>
          <href>https://www.gstatic.com/mapspro/images/stock/503-wht-blank_maps.png</href>
        </Icon>
      </IconStyle>
      <BalloonStyle>
        <text><![CDATA[<h3>$[name]</h3>]]></text>
      </BalloonStyle>
    </Style>
    <Style id="icon-1739-DB4436-labelson-nodesc">
      <IconStyle>
        <color>ff3644db</color>
        <scale>1</scale>
        <Icon>
          <href>https://www.gstatic.com/mapspro/images/stock/503-wht-blank_maps.png</href>
        </Icon>
      </IconStyle>
      <BalloonStyle>
        <text><![CDATA[<h3>$[name]</h3>]]></text>
      </BalloonStyle>
    </Style>
    <Style id="icon-1739-FBC02D-labelson-nodesc">
      <IconStyle>
        <color>ff2dc0fb</color>
        <scale>1</scale>
        <Icon>
          <href>https://www.gstatic.com/mapspro/images/stock/503-wht-blank_maps.png</href>
        </Icon>
      </IconStyle>
      <BalloonStyle>
        <text><![CDATA[<h3>$[name]</h3>]]></text>
      </BalloonStyle>
    </Style>
    <Style id="line-000000-1200-nodesc-normal">
      <LineStyle>
        <color>ff000000</color>
        <width>1.2</width>
      </LineStyle>
      <BalloonStyle>
        <text><![CDATA[<h3>$[name]</h3>]]></text>
      </BalloonStyle>
    </Style>
    <Style id="line-000000-1200-nodesc-highlight">
      <LineStyle>
        <color>ff000000</color>
        <width>1.8</width>
      </LineStyle>
      <BalloonStyle>
        <text><![CDATA[<h3>$[name]</h3>]]></text>
      </BalloonStyle>
    </Style>
    <StyleMap id="line-000000-1200-nodesc">
      <Pair>
        <key>normal</key>
        <styleUrl>#line-000000-1200-nodesc-normal</styleUrl>
      </Pair>
      <Pair>
        <key>highlight</key>
        <styleUrl>#line-000000-1200-nodesc-highlight</styleUrl>
      </Pair>
    </StyleMap>
    <Folder>
      <name>مواقع اثرية</name>
      <Placemark>
        <name>قصر أبو طقيقة</name>
        <styleUrl>#icon-1598-BDBDBD-labelson-nodesc</styleUrl>
        <Point>
          <coordinates>
            35.221546,27.994108,0
          </coordinates>
        </Point>
      </Placemark>
      <Placemark>
        <name>طائرة محطمة</name>
        <styleUrl>#icon-1598-BDBDBD-labelson-nodesc</styleUrl>
        <Point>
          <coordinates>
            34.608586,28.090861,0
          </coordinates>
        </Point>
      </Placemark>
      <Placemark>
        <name>قبر الأبناسي</name>
        <styleUrl>#icon-1598-BDBDBD-labelson-nodesc</styleUrl>
        <Point>
          <coordinates>
            35.188608,28.090839,0
          </coordinates>
        </Point>
      </Placemark>
      <Placemark>
        <name>قبر الكفافي</name>
        <styleUrl>#icon-1598-BDBDBD-labelson-nodesc</styleUrl>
        <Point>
          <coordinates>
            35.744727,27.324994,0
          </coordinates>
        </Point>
      </Placemark>
      <Placemark>
        <name>قبر جازي</name>
        <styleUrl>#icon-1598-BDBDBD-labelson-nodesc</styleUrl>
        <Point>
          <coordinates>
            37.886353,29.422224,0
          </coordinates>
        </Point>
      </Placemark>
      <Placemark>
        <name>قبور التوايهة</name>
        <styleUrl>#icon-1598-BDBDBD-labelson-nodesc</styleUrl>
        <Point>
          <coordinates>
            37.433681,29.309571,0
          </coordinates>
        </Point>
      </Placemark>
      <Placemark>
        <name>قلعة أضر</name>
        <styleUrl>#icon-1598-BDBDBD-labelson-nodesc</styleUrl>
        <Point>
          <coordinates>
            37.12894,28.092084,0
          </coordinates>
        </Point>
      </Placemark>
      <Placemark>
        <name>قلعة الاخضر القديمة</name>
        <styleUrl>#icon-1598-BDBDBD-labelson-nodesc</styleUrl>
        <Point>
          <coordinates>
            37.125957,28.09159,0
          </coordinates>
        </Point>
      </Placemark>
      <Placemark>
        <name>قلعة الازنم</name>
        <styleUrl>#icon-1598-BDBDBD-labelson-nodesc</styleUrl>
        <Point>
          <coordinates>
            36.019492,27.039735,0
          </coordinates>
        </Point>
      </Placemark>
      <Placemark>
        <name>قلعة الزريب</name>
        <styleUrl>#icon-1598-BDBDBD-labelson-nodesc</styleUrl>
        <Point>
          <coordinates>
            36.54572,26.252518,0
          </coordinates>
        </Point>
      </Placemark>
      <Placemark>
        <name>قلعة المعظم</name>
        <styleUrl>#icon-1598-BDBDBD-labelson-nodesc</styleUrl>
        <Point>
          <coordinates>
            37.508891,27.740929,0
          </coordinates>
        </Point>
      </Placemark>
      <Placemark>
        <name>قلعة الملك عبدالعزيز</name>
        <styleUrl>#icon-1598-BDBDBD-labelson-nodesc</styleUrl>
        <Point>
          <coordinates>
            35.696061,27.348254,0
          </coordinates>
        </Point>
      </Placemark>
      <Placemark>
        <name>قلعة المويلح</name>
        <styleUrl>#icon-1598-BDBDBD-labelson-nodesc</styleUrl>
        <Point>
          <coordinates>
            35.474145,27.681727,0
          </coordinates>
        </Point>
      </Placemark>
      <Placemark>
        <name>قلعة حرب</name>
        <styleUrl>#icon-1598-BDBDBD-labelson-nodesc</styleUrl>
        <Point>
          <coordinates>
            38.832228,28.968608,0
          </coordinates>
        </Point>
      </Placemark>
      <Placemark>
        <name>نقوش ابا اللميح</name>
        <styleUrl>#icon-1598-BDBDBD-labelson-nodesc</styleUrl>
        <Point>
          <coordinates>
            38.495965,27.123098,0
          </coordinates>
        </Point>
      </Placemark>
      <Placemark>
        <name>نقوش الديسه</name>
        <styleUrl>#icon-1598-BDBDBD-labelson-nodesc</styleUrl>
        <Point>
          <coordinates>
            36.43384,27.621174,0
          </coordinates>
        </Point>
      </Placemark>
      <Placemark>
        <name>القلعة العثمانية</name>
        <styleUrl>#icon-1598-BDBDBD-labelson-nodesc</styleUrl>
        <Point>
          <coordinates>
            37.128232,28.092942,0
          </coordinates>
        </Point>
      </Placemark>
      <Placemark>
        <name>اثار</name>
        <styleUrl>#icon-1598-BDBDBD-labelson-nodesc</styleUrl>
        <Point>
          <coordinates>
            35.231266,28.03771,0
          </coordinates>
        </Point>
      </Placemark>
      <Placemark>
        <name>اثار قوم موسى</name>
        <styleUrl>#icon-1598-BDBDBD-labelson-nodesc</styleUrl>
        <Point>
          <coordinates>
            35.323684,28.599386,0
          </coordinates>
        </Point>
      </Placemark>
      <Placemark>
        <name>اثار مدائن شعيب</name>
        <styleUrl>#icon-1598-BDBDBD-labelson-nodesc</styleUrl>
        <Point>
          <coordinates>
            34.99963,28.487635,0
          </coordinates>
        </Point>
      </Placemark>
      <Placemark>
        <name>آثار</name>
        <styleUrl>#icon-1598-BDBDBD-labelson-nodesc</styleUrl>
        <Point>
          <coordinates>
            35.400696,28.629234,0
          </coordinates>
        </Point>
      </Placemark>
      <Placemark>
        <name>آثار</name>
        <styleUrl>#icon-1598-BDBDBD-labelson-nodesc</styleUrl>
        <Point>
          <coordinates>
            35.378251,28.661399,0
          </coordinates>
        </Point>
      </Placemark>
    </Folder>
    <Folder>
      <name>طرق صحراوية</name>
      <Placemark>
        <name>مفرق الأخضر</name>
        <styleUrl>#icon-1739-000000-labelson-nodesc</styleUrl>
        <Point>
          <coordinates>
            37.192626,28.183086,0
          </coordinates>
        </Point>
      </Placemark>
      <Placemark>
        <name>مفرق البديعة</name>
        <styleUrl>#icon-1739-000000-labelson-nodesc</styleUrl>
        <Point>
          <coordinates>
            36.40337,28.348632,0
          </coordinates>
        </Point>
      </Placemark>
      <Placemark>
        <name>مفرق الديسة</name>
        <styleUrl>#icon-1739-000000-labelson-nodesc</styleUrl>
        <Point>
          <coordinates>
            35.968294,27.572808,0
          </coordinates>
        </Point>
      </Placemark>
      <Placemark>
        <name>مفرق الديسه</name>
        <styleUrl>#icon-1739-000000-labelson-nodesc</styleUrl>
        <Point>
          <coordinates>
            36.356871,27.42842,0
          </coordinates>
        </Point>
      </Placemark>
      <Placemark>
        <name>مفرق الديسه</name>
        <styleUrl>#icon-1739-000000-labelson-nodesc</styleUrl>
        <Point>
          <coordinates>
            36.619041,27.718999,0
          </coordinates>
        </Point>
      </Placemark>
      <Placemark>
        <name>مفرق جبل اللوز</name>
        <styleUrl>#icon-1739-000000-labelson-nodesc</styleUrl>
        <Point>
          <coordinates>
            35.375977,28.875589,0
          </coordinates>
        </Point>
      </Placemark>
      <Placemark>
        <name>مفرق جبل مخروقة</name>
        <styleUrl>#icon-1739-000000-labelson-nodesc</styleUrl>
        <Point>
          <coordinates>
            35.432625,29.04886,0
          </coordinates>
        </Point>
      </Placemark>
      <Placemark>
        <name>مفرق حصاة الامير</name>
        <styleUrl>#icon-1739-000000-labelson-nodesc</styleUrl>
        <Point>
          <coordinates>
            35.976791,28.071935,0
          </coordinates>
        </Point>
      </Placemark>
      <Placemark>
        <name>مفرق شرمة</name>
        <styleUrl>#icon-1739-000000-labelson-nodesc</styleUrl>
        <Point>
          <coordinates>
            36.367278,28.333311,0
          </coordinates>
        </Point>
      </Placemark>
      <Placemark>
        <name>مفرق شق سد الفراشة</name>
        <styleUrl>#icon-1739-000000-labelson-nodesc</styleUrl>
        <Point>
          <coordinates>
            36.051228,27.82264,0
          </coordinates>
        </Point>
      </Placemark>
      <Placemark>
        <name>مفرق طريق المعظم</name>
        <styleUrl>#icon-1739-000000-labelson-nodesc</styleUrl>
        <Point>
          <coordinates>
            37.06461,28.413112,0
          </coordinates>
        </Point>
      </Placemark>
      <Placemark>
        <name>مفرق علقان</name>
        <styleUrl>#icon-1739-000000-labelson-nodesc</styleUrl>
        <Point>
          <coordinates>
            35.477793,28.866127,0
          </coordinates>
        </Point>
      </Placemark>
      <Placemark>
        <name/>
        <styleUrl>#line-000000-1200-nodesc</styleUrl>
        <LineString>
          <tessellate>1</tessellate>
          <coordinates>
            35.432625,29.04886,0
            35.432646,29.04959,0
            35.432754,29.050255,0
            35.433118,29.051027,0
            35.433397,29.051821,0
            35.433462,29.052401,0
            35.433762,29.05313,0
            35.434363,29.054697,0
            35.434685,29.056005,0
            35.434964,29.057229,0
            35.434985,29.058387,0
            35.435264,29.06019,0
            35.435543,29.061542,0
            35.435972,29.062378,0
            35.43653,29.063172,0
            35.437324,29.063816,0
            35.438569,29.064288,0
            35.439534,29.064395,0
            35.441036,29.063795,0
            35.44198,29.063129,0
            35.442796,29.062636,0
            35.443804,29.0624,0
            35.445027,29.0624,0
            35.446851,29.063022,0
            35.447881,29.063344,0
            35.44919,29.063451,0
            35.450327,29.063344,0
            35.451336,29.063408,0
            35.452881,29.06373,0
            35.454297,29.064503,0
            35.455499,29.06534,0
            35.456421,29.066412,0
            35.45685,29.067335,0
            35.45743,29.067957,0
            35.458117,29.068644,0
            35.459082,29.06903,0
            35.459769,29.069438,0
            35.460541,29.070039,0
            35.46155,29.070876,0
            35.462515,29.071949,0
          </coordinates>
        </LineString>
      </Placemark>
      <Placemark>
        <name>ردمية مارد حلوان</name>
        <styleUrl>#line-000000-1200-nodesc</styleUrl>
        <LineString>
          <tessellate>1</tessellate>
          <coordinates>
            39.119246,27.296948,0
            39.120834,27.299502,0
            39.122422,27.301669,0
            39.12298,27.302334,0
            39.124889,27.304223,0
            39.125254,27.304738,0
            39.125404,27.305295,0
            39.125297,27.307184,0
            39.125104,27.311969,0
            39.125104,27.312398,0
            39.12519,27.313428,0
            39.125125,27.315702,0
            39.124954,27.318599,0
            39.124696,27.320766,0
            39.124546,27.322569,0
            39.124417,27.323556,0
            39.124396,27.324586,0
            39.124267,27.325873,0
            39.123817,27.328191,0
            39.121692,27.336173,0
            39.120426,27.339499,0
            39.120448,27.339628,0
            39.120555,27.339735,0
            39.12255,27.34055,0
            39.122765,27.340765,0
            39.123559,27.343512,0
            39.123731,27.344456,0
            39.123795,27.34555,0
            39.123688,27.346001,0
            39.123259,27.346988,0
            39.122808,27.347696,0
          </coordinates>
        </LineString>
      </Placemark>
      <Placemark>
        <name>طريق بئر الحصانة الأثري</name>
        <styleUrl>#line-000000-1200-nodesc</styleUrl>
        <LineString>
          <tessellate>1</tessellate>
          <coordinates>
            39.283333,27.244377,0
            39.283504,27.244442,0
            39.283783,27.244442,0
            39.284256,27.244356,0
            39.28447,27.244356,0
            39.284706,27.244248,0
            39.285071,27.244291,0
            39.285328,27.244377,0
            39.286273,27.244849,0
            39.286551,27.244892,0
            39.286723,27.244956,0
            39.28683,27.245085,0
            39.287002,27.245579,0
            39.288032,27.247639,0
            39.288139,27.247939,0
            39.288204,27.248025,0
            39.288569,27.248197,0
            39.289041,27.248518,0
            39.28947,27.248883,0
            39.289577,27.249033,0
            39.290006,27.249892,0
            39.290371,27.251008,0
            39.290521,27.252402,0
            39.290457,27.252874,0
            39.290457,27.253926,0
            39.29065,27.255385,0
            39.290736,27.25575,0
            39.290628,27.256351,0
            39.290628,27.256994,0
            39.290586,27.257316,0
            39.290349,27.258282,0
            39.290156,27.259569,0
            39.290028,27.259977,0
            39.289899,27.260213,0
            39.289792,27.260578,0
            39.28977,27.260814,0
            39.289663,27.261114,0
            39.289577,27.261586,0
            39.289234,27.262788,0
            39.289169,27.263281,0
            39.288826,27.264247,0
            39.288526,27.26474,0
            39.288461,27.264998,0
            39.288483,27.265255,0
            39.288676,27.265856,0
            39.288869,27.266307,0
            39.289126,27.267187,0
            39.289084,27.267487,0
            39.289126,27.268152,0
            39.289084,27.268388,0
            39.289019,27.268538,0
            39.288933,27.26871,0
            39.288697,27.269032,0
            39.288547,27.269332,0
            39.288547,27.269483,0
            39.288611,27.269611,0
            39.288805,27.26974,0
            39.288847,27.269826,0
            39.288847,27.269955,0
            39.288504,27.270234,0
            39.288311,27.270491,0
            39.287839,27.270963,0
            39.287624,27.271349,0
            39.287603,27.271457,0
            39.287667,27.271714,0
            39.287667,27.271929,0
            39.287968,27.272573,0
            39.288054,27.272916,0
            39.288225,27.273281,0
            39.288569,27.273602,0
            39.288719,27.273688,0
            39.289577,27.274053,0
            39.290414,27.274289,0
            39.291015,27.274718,0
            39.291337,27.275019,0
            39.291873,27.275233,0
            39.292452,27.275405,0
            39.293396,27.275598,0
            39.293997,27.275662,0
            39.294169,27.275662,0
            39.294663,27.275534,0
            39.294813,27.275534,0
            39.295049,27.275641,0
            39.295306,27.275834,0
            39.295478,27.275898,0
            39.295864,27.275941,0
            39.296165,27.276049,0
            39.297001,27.276242,0
            39.297109,27.276456,0
            39.297194,27.276564,0
            39.297302,27.276628,0
            39.297409,27.276649,0
            39.297795,27.276585,0
            39.297988,27.276607,0
            39.298096,27.2768,0
            39.298203,27.276886,0
            39.298482,27.277272,0
            39.29889,27.277615,0
            39.29919,27.277722,0
            39.29934,27.277722,0
            39.299598,27.277787,0
            39.299662,27.278194,0
            39.299619,27.278581,0
            39.299641,27.278731,0
            39.299812,27.279096,0
            39.299963,27.279246,0
            39.300177,27.279267,0
            39.30037,27.279375,0
            39.300907,27.280018,0
            39.301207,27.280276,0
            39.301443,27.280855,0
            39.301507,27.280941,0
            39.301701,27.280941,0
            39.301915,27.281005,0
            39.302516,27.281585,0
            39.302537,27.281671,0
            39.302473,27.281885,0
            39.302301,27.282164,0
            39.302216,27.282443,0
            39.30213,27.282529,0
            39.302108,27.282937,0
            39.302044,27.283044,0
            39.301851,27.283216,0
            39.301808,27.283323,0
            39.301786,27.283709,0
            39.301679,27.283945,0
            39.301465,27.284224,0
            39.301229,27.284353,0
            39.300864,27.284696,0
            39.300542,27.284846,0
            39.30037,27.285018,0
            39.300241,27.285275,0
            39.300199,27.285597,0
            39.300284,27.286541,0
            39.300392,27.286863,0
            39.300671,27.2874,0
            39.300907,27.287636,0
            39.301057,27.28785,0
            39.30125,27.288215,0
            39.301271,27.288322,0
            39.301314,27.289524,0
            39.30125,27.289867,0
            39.301186,27.290726,0
            39.301379,27.292764,0
            39.3014,27.293494,0
            39.30125,27.293751,0
            39.301229,27.293944,0
            39.300971,27.294717,0
            39.300907,27.295125,0
            39.300928,27.295275,0
            39.301186,27.295554,0
            39.30155,27.295854,0
            39.301915,27.296047,0
            39.303246,27.296948,0
            39.303439,27.297034,0
            39.304018,27.297506,0
            39.30464,27.297807,0
            39.30537,27.298279,0
            39.305735,27.298386,0
            39.306078,27.298579,0
            39.306357,27.298665,0
            39.30655,27.298729,0
            39.306893,27.298815,0
            39.30728,27.298815,0
            39.308052,27.298729,0
            39.309125,27.298558,0
            39.309554,27.298622,0
            39.310327,27.298386,0
            39.31082,27.298322,0
            39.311206,27.298322,0
            39.312601,27.298622,0
            39.313116,27.298815,0
            39.313288,27.298965,0
            39.314039,27.299223,0
            39.314253,27.299352,0
            39.314618,27.299438,0
            39.315841,27.299953,0
            39.316764,27.300124,0
            39.317429,27.30021,0
            39.318845,27.300081,0
            39.319682,27.300124,0
            39.320455,27.300081,0
            39.320798,27.300146,0
            39.320948,27.30021,0
            39.321249,27.300425,0
            39.321463,27.300532,0
            39.321656,27.30051,0
            39.321935,27.300618,0
            39.322386,27.300639,0
          </coordinates>
        </LineString>
      </Placemark>
      <Placemark>
        <name>درب حفرة لقط</name>
        <styleUrl>#line-000000-1200-nodesc</styleUrl>
        <LineString>
          <tessellate>1</tessellate>
          <coordinates>
            39.326141,26.911333,0
            39.326141,26.911139,0
            39.326076,26.910753,0
            39.326076,26.91041,0
            39.32584,26.909187,0
            39.325755,26.908972,0
            39.325561,26.908736,0
            39.325218,26.9085,0
            39.324746,26.907856,0
            39.324682,26.907513,0
            39.324231,26.906741,0
            39.324167,26.906483,0
            39.323995,26.906269,0
            39.323459,26.905861,0
            39.323223,26.905539,0
            39.322944,26.904917,0
            39.322686,26.904595,0
            39.322665,26.90423,0
            39.322708,26.904016,0
            39.322751,26.902728,0
            39.322643,26.902235,0
            39.322515,26.901913,0
            39.321485,26.900711,0
            39.320841,26.899745,0
            39.320626,26.899488,0
            39.320261,26.898952,0
            39.319854,26.898136,0
            39.319618,26.897943,0
            39.31936,26.897836,0
            39.318824,26.897707,0
            39.318416,26.897557,0
            39.317429,26.896462,0
            39.316936,26.896098,0
            39.316721,26.89599,0
            39.316506,26.895797,0
            39.316399,26.895583,0
            39.316142,26.895282,0
            39.315906,26.895175,0
            39.315863,26.895111,0
            39.315691,26.895025,0
            39.315541,26.894896,0
            39.315476,26.89481,0
            39.315155,26.894016,0
            39.314961,26.89363,0
            39.314511,26.893222,0
            39.313781,26.892386,0
            39.313846,26.892042,0
            39.313738,26.891956,0
            39.313481,26.891892,0
            39.313309,26.89172,0
            39.313309,26.891355,0
            39.313245,26.890883,0
            39.313416,26.89039,0
            39.313567,26.889746,0
            39.313738,26.889317,0
            39.314082,26.888909,0
            39.314854,26.887751,0
            39.315176,26.887407,0
            39.315348,26.887128,0
            39.315519,26.886764,0
            39.315948,26.88539,0
            39.316571,26.884468,0
            39.316635,26.884253,0
            39.316635,26.883845,0
            39.316871,26.883202,0
            39.317172,26.881013,0
            39.317215,26.88082,0
            39.317343,26.880562,0
            39.317343,26.88024,0
            39.316807,26.879168,0
            39.316549,26.878738,0
            39.316227,26.878352,0
            39.315755,26.87788,0
            39.315305,26.877515,0
            39.313846,26.876678,0
            39.313459,26.876528,0
            39.313095,26.876464,0
            39.312794,26.876485,0
            39.312322,26.876593,0
            39.312065,26.876593,0
            39.311829,26.87655,0
            39.311528,26.876442,0
            39.311271,26.876271,0
            39.311013,26.876056,0
            39.310498,26.875348,0
            39.309812,26.874146,0
            39.309554,26.873889,0
            39.30876,26.873438,0
            39.308288,26.873095,0
            39.307988,26.872795,0
            39.307773,26.872516,0
            39.30758,26.872344,0
            39.307065,26.872129,0
            39.305992,26.872022,0
            39.30582,26.871958,0
            39.305069,26.871486,0
            39.304554,26.871014,0
            39.303803,26.870649,0
            39.303396,26.870327,0
            39.303052,26.870155,0
            39.302688,26.869812,0
            39.302452,26.869447,0
            39.302301,26.869276,0
            39.301851,26.868482,0
            39.30155,26.868331,0
            39.301379,26.868095,0
            39.301422,26.867838,0
            39.301336,26.867666,0
            39.301293,26.86728,0
            39.301207,26.867151,0
            39.300284,26.866465,0
            39.299834,26.866336,0
            39.299576,26.866143,0
            39.299469,26.866014,0
            39.299126,26.865778,0
            39.299018,26.865628,0
            39.298804,26.865499,0
            39.298289,26.865327,0
            39.297731,26.865048,0
            39.297602,26.864941,0
            39.297388,26.864834,0
            39.296594,26.864705,0
            39.296401,26.864619,0
            39.296186,26.864598,0
            39.295864,26.864448,0
            39.295778,26.864362,0
            39.295499,26.863933,0
            39.295392,26.863654,0
            39.295371,26.863418,0
            39.295306,26.863267,0
            39.29522,26.862838,0
            39.295435,26.862001,0
            39.295456,26.861701,0
            39.29522,26.861186,0
            39.295092,26.860607,0
            39.29507,26.860328,0
            39.294984,26.86007,0
            39.294834,26.859813,0
            39.294577,26.859577,0
            39.294233,26.859469,0
            39.294019,26.859341,0
            39.293847,26.859298,0
            39.293633,26.859362,0
            39.293289,26.859362,0
            39.293096,26.859298,0
            39.292581,26.85889,0
            39.292302,26.858611,0
            39.291594,26.857603,0
            39.291337,26.857409,0
            39.291122,26.857302,0
            39.291015,26.857088,0
            39.290972,26.856959,0
            39.290993,26.856465,0
            39.291036,26.856294,0
            39.291272,26.855972,0
            39.291358,26.855564,0
            39.291337,26.855328,0
            39.291294,26.855113,0
            39.2911,26.854835,0
          </coordinates>
        </LineString>
      </Placemark>
      <Placemark>
        <name>درب حفرة لقط</name>
        <styleUrl>#line-000000-1200-nodesc</styleUrl>
        <LineString>
          <tessellate>1</tessellate>
          <coordinates>
            39.2911,26.854835,0
            39.290865,26.854663,0
            39.290543,26.854105,0
            39.290349,26.85389,0
            39.290221,26.853526,0
            39.290028,26.853333,0
            39.289641,26.852453,0
            39.289641,26.852152,0
            39.289899,26.851573,0
            39.289942,26.850865,0
            39.289877,26.8505,0
            39.289684,26.850028,0
            39.289598,26.849642,0
            39.28947,26.849427,0
            39.288504,26.848311,0
            39.288354,26.848075,0
            39.288332,26.847904,0
            39.288225,26.847711,0
            39.288011,26.847539,0
            39.288011,26.84741,0
            39.287946,26.847303,0
            39.287817,26.846509,0
            39.287817,26.846209,0
            39.287775,26.846058,0
            39.287667,26.84593,0
            39.287646,26.845844,0
            39.287667,26.84535,0
            39.287539,26.844985,0
            39.287581,26.844642,0
            39.28771,26.844406,0
            39.287753,26.84417,0
            39.28771,26.843891,0
            39.287946,26.842947,0
            39.288096,26.84284,0
            39.288204,26.842711,0
            39.288161,26.842411,0
            39.288225,26.842132,0
            39.288118,26.841681,0
            39.287968,26.841252,0
            39.287925,26.840887,0
            39.287925,26.840458,0
            39.287839,26.840007,0
            39.28771,26.83975,0
            39.287539,26.838999,0
            39.28741,26.838741,0
            39.287345,26.838419,0
            39.287367,26.838269,0
            39.287302,26.83799,0
            39.287324,26.837819,0
            39.288011,26.836832,0
            39.288161,26.836424,0
            39.288483,26.835909,0
            39.288569,26.835673,0
            39.288955,26.835244,0
            39.289813,26.834922,0
            39.291701,26.833978,0
            39.292474,26.83342,0
            39.292946,26.832905,0
            39.29301,26.832197,0
            39.293225,26.83121,0
            39.29316,26.830716,0
            39.29316,26.830094,0
            39.293289,26.829579,0
            39.293246,26.829128,0
            39.293311,26.828892,0
            39.293332,26.82857,0
            39.293246,26.828206,0
            39.293268,26.827905,0
            39.293332,26.82754,0
            39.293461,26.827261,0
            39.293611,26.826746,0
            39.293697,26.826661,0
            39.293997,26.826489,0
            39.294319,26.82591,0
            39.294512,26.825738,0
            39.294984,26.825502,0
            39.295499,26.825051,0
            39.296422,26.824386,0
            39.296594,26.824172,0
            39.296722,26.823678,0
            39.296916,26.823292,0
            39.296873,26.823077,0
            39.296765,26.822906,0
            39.29595,26.822219,0
            39.29565,26.821768,0
            39.29522,26.821232,0
            39.294491,26.820438,0
            39.294512,26.820288,0
            39.294813,26.819816,0
            39.294877,26.819537,0
            39.294856,26.819344,0
            39.294491,26.818528,0
            39.294469,26.818292,0
            39.294555,26.817992,0
            39.294534,26.817734,0
            39.294362,26.817155,0
            39.293783,26.815867,0
            39.293482,26.81546,0
            39.293482,26.81531,0
            39.293525,26.815224,0
            39.293547,26.815031,0
            39.293482,26.814773,0
            39.293246,26.814301,0
            39.293311,26.813786,0
            39.293268,26.813571,0
            39.293246,26.812928,0
            39.293096,26.812456,0
            39.293096,26.812155,0
            39.29316,26.811855,0
            39.29316,26.811361,0
            39.293117,26.81119,0
            39.292924,26.810868,0
            39.292774,26.810417,0
            39.292882,26.80958,0
            39.292817,26.809301,0
            39.292817,26.809065,0
            39.292774,26.808915,0
            39.292624,26.808765,0
            39.292517,26.808572,0
            39.292367,26.808121,0
            39.292023,26.807778,0
            39.291959,26.807606,0
            39.291937,26.80737,0
            39.29198,26.806898,0
            39.292088,26.806769,0
            39.29286,26.806362,0
            39.293032,26.806233,0
            39.293139,26.80619,0
            39.293354,26.80619,0
            39.293504,26.806083,0
            39.29374,26.805632,0
            39.293933,26.805482,0
            39.29404,26.805267,0
            39.294019,26.805074,0
            39.294105,26.804945,0
            39.294384,26.804688,0
            39.294448,26.804559,0
            39.294384,26.80413,0
            39.294448,26.803637,0
            39.29419,26.803036,0
            39.294019,26.802821,0
            39.293933,26.802499,0
            39.293869,26.802027,0
            39.29359,26.801598,0
            39.293504,26.801276,0
            39.293461,26.800461,0
            39.293375,26.800225,0
            39.293268,26.799645,0
            39.293053,26.798894,0
          </coordinates>
        </LineString>
      </Placemark>
      <Placemark>
        <name>طريق بئر الحصانة الأثري</name>
        <styleUrl>#line-000000-1200-nodesc</styleUrl>
        <LineString>
          <tessellate>1</tessellate>
          <coordinates>
            39.306357,27.298665,0
            39.307387,27.299116,0
            39.307902,27.299523,0
            39.308202,27.299716,0
            39.309082,27.30006,0
            39.310112,27.300339,0
            39.31097,27.300661,0
            39.311871,27.301025,0
            39.313009,27.301605,0
            39.313803,27.302291,0
            39.314339,27.303064,0
            39.314618,27.304308,0
            39.31464,27.30463,0
            39.31479,27.304931,0
            39.315498,27.305467,0
            39.315712,27.305746,0
            39.31597,27.306798,0
            39.315948,27.306926,0
            39.315755,27.307141,0
            39.315283,27.307506,0
            39.314854,27.307999,0
            39.314511,27.308557,0
            39.314082,27.309136,0
            39.313974,27.309394,0
            39.313073,27.310188,0
            39.312901,27.310402,0
            39.312859,27.31066,0
            39.312901,27.311325,0
            39.31318,27.311904,0
            39.31318,27.312248,0
            39.313138,27.31257,0
            39.313009,27.312784,0
            39.312644,27.31302,0
            39.312515,27.313192,0
            39.312515,27.313793,0
            39.312344,27.314115,0
            39.312236,27.314479,0
            39.31215,27.315102,0
            39.312172,27.315252,0
            39.312515,27.31581,0
            39.312708,27.315896,0
            39.312773,27.315981,0
            39.312816,27.316175,0
            39.312773,27.316453,0
            39.312794,27.316582,0
            39.312987,27.316732,0
            39.31391,27.317162,0
            39.314103,27.317312,0
            39.314382,27.317655,0
            39.314854,27.317848,0
            39.31494,27.317955,0
            39.314961,27.318063,0
            39.314468,27.318857,0
            39.31406,27.31935,0
            39.313846,27.319779,0
            39.313717,27.319951,0
            39.313202,27.320337,0
            39.312558,27.32111,0
            39.312279,27.321668,0
            39.311636,27.322333,0
            39.311035,27.323148,0
            39.310648,27.32347,0
            39.310284,27.323942,0
            39.309876,27.324393,0
            39.309554,27.324908,0
            39.30876,27.325723,0
            39.308073,27.326367,0
            39.307473,27.32686,0
            39.306099,27.328083,0
            39.305434,27.328813,0
            39.303846,27.329993,0
            39.303353,27.330573,0
            39.302516,27.331388,0
            39.301529,27.33216,0
            39.300306,27.333384,0
            39.300091,27.33377,0
            39.299641,27.334156,0
            39.299104,27.334499,0
            39.29816,27.335358,0
            39.296937,27.336581,0
            39.296486,27.336903,0
            39.295714,27.337739,0
            39.295371,27.338147,0
            39.295006,27.338812,0
            39.294534,27.339392,0
            39.293954,27.340186,0
            39.293332,27.34143,0
            39.292989,27.341945,0
            39.29256,27.342439,0
            39.291744,27.343576,0
            39.291594,27.344069,0
            39.291272,27.344863,0
            39.290886,27.345722,0
            39.2905,27.346387,0
            39.290049,27.34673,0
            39.289319,27.347052,0
            39.288805,27.347653,0
            39.28771,27.348425,0
            39.286938,27.349241,0
            39.286423,27.350121,0
            39.286036,27.350872,0
            39.285007,27.351794,0
            39.284191,27.352459,0
            39.283054,27.353082,0
            39.282217,27.353961,0
            39.281423,27.354648,0
          </coordinates>
        </LineString>
      </Placemark>
      <Placemark>
        <name>طريق بئر الحصانة الأثري</name>
        <styleUrl>#line-000000-1200-nodesc</styleUrl>
        <LineString>
          <tessellate>1</tessellate>
          <coordinates>
            39.322386,27.300639,0
            39.322665,27.300832,0
            39.323051,27.300811,0
            39.323244,27.300918,0
            39.32333,27.301025,0
            39.323459,27.301283,0
            39.323673,27.301927,0
            39.323952,27.302399,0
            39.324059,27.302656,0
            39.324574,27.303343,0
            39.324832,27.303407,0
            39.325154,27.303407,0
            39.325454,27.303364,0
            39.325755,27.303257,0
            39.326205,27.303214,0
            39.326849,27.303364,0
            39.327278,27.303579,0
            39.327557,27.303793,0
            39.327836,27.304115,0
            39.328222,27.304759,0
            39.328437,27.305188,0
            39.328651,27.305768,0
            39.329445,27.306368,0
            39.330089,27.30669,0
            39.330626,27.306883,0
            39.331162,27.307012,0
            39.331634,27.307034,0
            39.333651,27.306776,0
            39.334488,27.306604,0
            39.335046,27.306583,0
            39.335775,27.306433,0
            39.33672,27.306433,0
            39.337041,27.306347,0
            39.337771,27.306283,0
            39.338307,27.306111,0
            39.339337,27.306025,0
            39.339638,27.305939,0
            39.339852,27.305789,0
            39.340625,27.305639,0
            39.340904,27.305853,0
            39.341161,27.305939,0
            39.341526,27.305982,0
            39.342642,27.306347,0
            39.343092,27.306755,0
            39.343436,27.306969,0
            39.344187,27.307978,0
            39.344316,27.308106,0
            39.344637,27.308278,0
            39.344766,27.308385,0
            39.345002,27.308686,0
            39.34526,27.3089,0
            39.345517,27.309051,0
            39.345624,27.309072,0
            39.346075,27.309351,0
            39.346547,27.309823,0
            39.346805,27.310209,0
            39.346955,27.310359,0
            39.347491,27.310746,0
            39.348006,27.311347,0
            39.348307,27.311497,0
            39.348736,27.311625,0
            39.349015,27.311926,0
            39.349358,27.312377,0
            39.349659,27.312677,0
            39.350324,27.313192,0
            39.350882,27.314157,0
            39.351268,27.314715,0
            39.351439,27.315102,0
            39.351547,27.315252,0
            39.352341,27.315745,0
            39.352491,27.315874,0
            39.352684,27.316132,0
            39.353027,27.316711,0
            39.353242,27.316904,0
            39.353457,27.317183,0
            39.354143,27.318299,0
            39.354701,27.319007,0
            39.354787,27.319157,0
            39.354851,27.319436,0
            39.355001,27.319736,0
            39.355066,27.320101,0
            39.355237,27.320402,0
            39.355602,27.320745,0
            39.355924,27.320981,0
            39.356074,27.321131,0
            39.356182,27.321303,0
            39.35631,27.321732,0
            39.356246,27.322655,0
            39.35631,27.323148,0
            39.356568,27.323556,0
            39.356761,27.324007,0
            39.35689,27.324436,0
            39.35689,27.3248,0
            39.356933,27.324951,0
            39.356997,27.325101,0
            39.357641,27.325981,0
            39.357791,27.326324,0
            39.358242,27.327096,0
            39.358885,27.328448,0
            39.359551,27.329628,0
            39.360259,27.33113,0
            39.360709,27.331817,0
            39.360924,27.332525,0
            39.361053,27.333276,0
            39.361074,27.33377,0
            39.361031,27.334027,0
            39.360945,27.334263,0
            39.360838,27.334478,0
            39.360688,27.334671,0
            39.360301,27.335079,0
            39.359894,27.335444,0
            39.359293,27.336195,0
            39.358971,27.336409,0
            39.358757,27.336624,0
            39.358714,27.336752,0
            39.358649,27.337396,0
            39.358649,27.338018,0
            39.358563,27.338405,0
            39.358585,27.338512,0
            39.358649,27.338598,0
            39.358842,27.338705,0
            39.358864,27.338791,0
            39.358821,27.33892,0
            39.358649,27.339199,0
            39.358413,27.339499,0
            39.357319,27.340443,0
            39.356954,27.340701,0
            39.356546,27.341065,0
            39.356289,27.34113,0
            39.356182,27.341216,0
            39.356096,27.341323,0
            39.355989,27.341559,0
            39.355967,27.341816,0
            39.35601,27.341988,0
            39.35631,27.342589,0
            39.356568,27.342911,0
            39.356761,27.343082,0
            39.357233,27.343383,0
            39.358199,27.344091,0
            39.359293,27.344649,0
            39.360194,27.345035,0
            39.360752,27.345336,0
            39.361417,27.345936,0
            39.36204,27.346344,0
            39.362319,27.346709,0
            39.362662,27.34731,0
            39.362748,27.34761,0
            39.362812,27.348125,0
            39.362791,27.348254,0
            39.362726,27.34834,0
          </coordinates>
        </LineString>
      </Placemark>
      <Placemark>
        <name>درب حفرة لقط</name>
        <styleUrl>#line-000000-1200-nodesc</styleUrl>
        <LineString>
          <tessellate>1</tessellate>
          <coordinates>
            39.330862,26.967702,0
            39.330647,26.967359,0
            39.330583,26.967101,0
            39.330454,26.966908,0
            39.330153,26.966801,0
            39.330089,26.966736,0
            39.330068,26.966479,0
            39.330025,26.966414,0
            39.329531,26.966071,0
            39.329317,26.965985,0
            39.329166,26.965964,0
            39.328673,26.965728,0
            39.328287,26.965599,0
            39.328029,26.965406,0
            39.3276,26.964719,0
            39.327536,26.964483,0
            39.327364,26.964247,0
            39.326935,26.96384,0
            39.326549,26.963582,0
            39.326248,26.963153,0
            39.325583,26.962466,0
            39.324832,26.961994,0
            39.324574,26.961758,0
            39.324381,26.961479,0
            39.324038,26.961265,0
            39.323866,26.961093,0
            39.323544,26.961222,0
            39.32333,26.961265,0
            39.323201,26.9612,0
            39.323158,26.961093,0
            39.323244,26.960449,0
            39.323308,26.960278,0
            39.323308,26.959848,0
            39.323351,26.959505,0
            39.323566,26.959119,0
            39.323587,26.958647,0
            39.32363,26.958454,0
            39.323695,26.958303,0
            39.323952,26.958003,0
            39.324081,26.957788,0
            39.324124,26.957402,0
            39.324038,26.957102,0
            39.323931,26.956909,0
            39.323652,26.95663,0
            39.323394,26.955857,0
            39.322965,26.954913,0
            39.322901,26.954613,0
            39.32303,26.954226,0
            39.323072,26.95384,0
            39.322987,26.953282,0
            39.322987,26.953003,0
            39.322901,26.952853,0
            39.322772,26.952789,0
            39.322665,26.952682,0
            39.322386,26.952553,0
            39.322193,26.952403,0
            39.322107,26.952038,0
            39.322107,26.951416,0
            39.32215,26.951158,0
            39.322107,26.950943,0
            39.321763,26.950579,0
            39.321377,26.950021,0
            39.321377,26.949677,0
            39.321249,26.949098,0
            39.32112,26.948798,0
            39.32112,26.948562,0
            39.321313,26.948347,0
            39.321699,26.948025,0
            39.321978,26.947703,0
            39.322472,26.946759,0
            39.322708,26.946437,0
            39.322944,26.946266,0
            39.32348,26.946073,0
            39.324017,26.945622,0
            39.324124,26.945493,0
            39.324296,26.94515,0
            39.324553,26.944442,0
            39.324725,26.94412,0
            39.32554,26.941953,0
            39.325862,26.941352,0
            39.326677,26.940386,0
            39.327385,26.939313,0
            39.327471,26.938906,0
            39.327342,26.938455,0
            39.327085,26.938026,0
            39.326956,26.937661,0
            39.326849,26.936824,0
            39.326849,26.936181,0
            39.326935,26.935687,0
            39.3273,26.934206,0
            39.327707,26.932919,0
            39.328051,26.932039,0
            39.329145,26.930344,0
            39.330025,26.929314,0
            39.330454,26.928992,0
            39.331655,26.928241,0
            39.332385,26.927426,0
            39.332428,26.92704,0
            39.332364,26.926868,0
            39.331892,26.926289,0
            39.331033,26.925023,0
            39.330754,26.924744,0
            39.330454,26.924508,0
            39.330089,26.924336,0
            39.329939,26.924164,0
            39.329596,26.92395,0
            39.329317,26.923392,0
            39.329231,26.922963,0
            39.328952,26.922641,0
            39.328694,26.922405,0
            39.328651,26.922319,0
            39.328437,26.922126,0
            39.328372,26.922019,0
            39.328136,26.921074,0
            39.328115,26.920688,0
            39.328265,26.919765,0
            39.328179,26.919529,0
            39.328179,26.919401,0
            39.328609,26.918564,0
            39.328673,26.918306,0
            39.328544,26.918113,0
            39.328415,26.918027,0
            39.328179,26.917942,0
            39.328072,26.917834,0
            39.327922,26.917555,0
            39.327857,26.917298,0
            39.327943,26.916933,0
            39.327772,26.916697,0
            39.327621,26.916311,0
            39.327407,26.915946,0
            39.327214,26.915517,0
            39.326956,26.915174,0
            39.32687,26.91498,0
            39.326527,26.913736,0
            39.326141,26.913178,0
            39.326012,26.91292,0
            39.325905,26.912534,0
            39.325883,26.912148,0
            39.326141,26.911333,0
          </coordinates>
        </LineString>
      </Placemark>
      <Placemark>
        <name>درب المحجة - حفرة لقط</name>
        <styleUrl>#line-000000-1200-nodesc</styleUrl>
        <LineString>
          <tessellate>1</tessellate>
          <coordinates>
            39.390986,27.038491,0
            39.390857,27.038469,0
            39.390643,27.038362,0
            39.389913,27.037826,0
            39.389699,27.037783,0
            39.389205,27.037847,0
            39.38899,27.037826,0
            39.388454,27.037675,0
            39.387317,27.037504,0
            39.386973,27.037396,0
            39.38678,27.037375,0
            39.385836,27.036924,0
            39.384656,27.036195,0
            39.384227,27.036195,0
            39.384055,27.036302,0
            39.383905,27.036324,0
            39.383733,27.036302,0
            39.383261,27.036066,0
            39.382961,27.036002,0
            39.382682,27.036023,0
            39.382467,27.035959,0
            39.381545,27.035916,0
            39.381266,27.036002,0
            39.381051,27.036023,0
            39.379463,27.035465,0
            39.379163,27.035444,0
            39.378798,27.035336,0
            39.378626,27.035336,0
            39.378433,27.035401,0
            39.378197,27.035422,0
            39.377747,27.035422,0
            39.377339,27.03553,0
            39.376888,27.035508,0
            39.376588,27.035422,0
            39.376051,27.035422,0
            39.37573,27.035336,0
            39.3753,27.035079,0
            39.375064,27.034736,0
            39.374936,27.034607,0
            39.374442,27.034242,0
            39.374185,27.033985,0
            39.373691,27.033341,0
            39.373476,27.032869,0
            39.373026,27.032139,0
            39.372618,27.031839,0
            39.372382,27.031796,0
            39.371932,27.031839,0
            39.371545,27.031817,0
            39.371352,27.031882,0
            39.370902,27.031903,0
            39.370451,27.031989,0
            39.370193,27.031946,0
            39.369099,27.032075,0
            39.368863,27.032011,0
            39.368649,27.032011,0
            39.368134,27.03186,0
            39.367447,27.031796,0
            39.367039,27.031581,0
            39.366503,27.030938,0
            39.366417,27.030745,0
            39.366374,27.03023,0
            39.366417,27.029543,0
            39.366395,27.029178,0
            39.366438,27.029006,0
            39.366589,27.028792,0
            39.366632,27.028534,0
            39.366546,27.028191,0
            39.366567,27.028041,0
            39.366524,27.027934,0
          </coordinates>
        </LineString>
      </Placemark>
      <Placemark>
        <name>درب المحجة - حفرة لقط</name>
        <styleUrl>#line-000000-1200-nodesc</styleUrl>
        <LineString>
          <tessellate>1</tessellate>
          <coordinates>
            39.366524,27.027934,0
            39.366181,27.027762,0
            39.365451,27.027504,0
            39.364829,27.027161,0
            39.364121,27.026453,0
            39.363864,27.026324,0
            39.363649,27.026281,0
            39.363306,27.026131,0
            39.363005,27.025938,0
            39.362662,27.025766,0
            39.36219,27.025595,0
            39.361718,27.025337,0
            39.36101,27.0245,0
            39.360731,27.024286,0
            39.36028,27.024114,0
            39.358864,27.023921,0
            39.358048,27.02405,0
          </coordinates>
        </LineString>
      </Placemark>
      <Placemark>
        <name>درب حفرة لقط</name>
        <styleUrl>#line-000000-1200-nodesc</styleUrl>
        <LineString>
          <tessellate>1</tessellate>
          <coordinates>
            39.358048,27.02405,0
            39.357941,27.024007,0
            39.357898,27.023942,0
            39.35777,27.02347,0
            39.357362,27.02302,0
            39.357212,27.022784,0
            39.357169,27.022548,0
            39.357147,27.022054,0
            39.357104,27.021947,0
            39.357018,27.021861,0
            39.356782,27.021325,0
            39.356482,27.020853,0
            39.356267,27.020552,0
            39.355903,27.020209,0
            39.355795,27.019908,0
            39.355752,27.019587,0
            39.355581,27.019286,0
            39.355559,27.019157,0
            39.355559,27.018986,0
            39.355688,27.018642,0
            39.356117,27.017977,0
            39.356353,27.016969,0
            39.35631,27.016797,0
            39.356246,27.01669,0
            39.356203,27.016454,0
            39.356332,27.016025,0
            39.35631,27.015381,0
            39.356375,27.015209,0
            39.356396,27.014973,0
            39.35631,27.014737,0
            39.356096,27.014351,0
            39.356031,27.014008,0
            39.35616,27.013385,0
            39.356117,27.013214,0
            39.35601,27.013128,0
            39.355752,27.013063,0
            39.355452,27.01287,0
            39.355452,27.012699,0
            39.356096,27.012098,0
            39.356332,27.011733,0
            39.356182,27.009909,0
            39.356117,27.009459,0
            39.355989,27.009094,0
            39.355516,27.008579,0
            39.355109,27.008278,0
            39.354272,27.007506,0
            39.354014,27.007442,0
            39.353457,27.007463,0
            39.352899,27.007248,0
            39.352641,27.007055,0
            39.352405,27.006562,0
            39.352233,27.006326,0
            39.351676,27.006133,0
            39.351161,27.005897,0
            39.350903,27.005875,0
            39.350388,27.005682,0
            39.350174,27.005661,0
            39.349852,27.005382,0
            39.349401,27.00506,0
            39.348907,27.004545,0
            39.348757,27.004437,0
            39.348671,27.004287,0
            39.3485,27.003922,0
            39.348435,27.003665,0
            39.348435,27.00315,0
            39.348328,27.002828,0
            39.347856,27.002227,0
            39.34777,27.002056,0
            39.34762,27.001991,0
            39.347513,27.001884,0
            39.347341,27.001648,0
            39.347041,27.001112,0
            39.34674,27.000875,0
            39.346375,27.000639,0
            39.346161,27.000575,0
            39.346011,27.000489,0
            39.34571,27.000253,0
            39.345238,27.000082,0
            39.343565,26.998816,0
            39.342577,26.99815,0
            39.341569,26.997571,0
            39.341333,26.997335,0
            39.340861,26.996627,0
            39.340711,26.996455,0
            39.340453,26.996284,0
            39.339552,26.996026,0
            39.33923,26.995854,0
            39.337428,26.994739,0
            39.337277,26.99461,0
            39.337106,26.994395,0
            39.336934,26.994267,0
            39.336762,26.994159,0
            39.336376,26.994009,0
            39.336183,26.993837,0
            39.336119,26.993644,0
            39.336162,26.993,0
            39.336247,26.992657,0
            39.336247,26.992378,0
            39.336376,26.992121,0
            39.336376,26.991842,0
            39.33629,26.991606,0
            39.335732,26.991005,0
            39.335539,26.990662,0
            39.335496,26.990469,0
            39.335368,26.99034,0
            39.335132,26.99019,0
            39.334981,26.989782,0
            39.334831,26.989675,0
            39.334681,26.989503,0
            39.33466,26.989417,0
            39.334745,26.989202,0
            39.334874,26.989009,0
            39.335003,26.988924,0
            39.335239,26.988645,0
            39.335282,26.98843,0
            39.335282,26.987979,0
            39.335561,26.987422,0
            39.335582,26.987228,0
            39.335518,26.986821,0
            39.335346,26.98667,0
            39.335067,26.986628,0
            39.33481,26.986284,0
            39.334703,26.985941,0
            39.334509,26.985662,0
            39.334445,26.985469,0
            39.334424,26.985233,0
            39.334273,26.984932,0
            39.334402,26.984611,0
            39.334466,26.984181,0
            39.334531,26.984074,0
            39.334552,26.983902,0
            39.334359,26.983345,0
            39.334037,26.982851,0
            39.333973,26.982658,0
            39.333973,26.982551,0
            39.334059,26.982379,0
            39.334166,26.981993,0
            39.334252,26.981885,0
            39.334295,26.981735,0
            39.334295,26.981542,0
            39.334123,26.981285,0
            39.333801,26.981199,0
            39.333694,26.981113,0
            39.333565,26.980791,0
            39.333544,26.980577,0
            39.333587,26.98019,0
            39.333522,26.979997,0
            39.33275,26.979332,0
            39.332664,26.979117,0
            39.3326,26.97886,0
            39.332578,26.978495,0
            39.332471,26.978259,0
            39.332364,26.977851,0
            39.332278,26.977701,0
            39.332364,26.977444,0
            39.3326,26.976285,0
            39.332535,26.97592,0
            39.332128,26.97547,0
            39.331312,26.974869,0
            39.33084,26.974332,0
            39.33069,26.973989,0
            39.33054,26.973774,0
            39.330304,26.973495,0
            39.330111,26.973388,0
            39.330046,26.972916,0
            39.32996,26.972766,0
            39.329875,26.972487,0
            39.329875,26.972144,0
            39.329982,26.97165,0
            39.330175,26.97135,0
            39.330196,26.971092,0
            39.330261,26.970921,0
            39.330175,26.970448,0
            39.329832,26.969912,0
            39.32981,26.969783,0
            39.329896,26.96959,0
            39.329939,26.969182,0
            39.330068,26.969054,0
            39.330497,26.968324,0
            39.33084,26.968153,0
            39.330947,26.968067,0
            39.33099,26.967981,0
            39.330883,26.967809,0
            39.330862,26.967702,0
          </coordinates>
        </LineString>
      </Placemark>
      <Placemark>
        <name>درب المحجة - حفرة لقط</name>
        <styleUrl>#line-000000-1200-nodesc</styleUrl>
        <LineString>
          <tessellate>1</tessellate>
          <coordinates>
            39.434009,27.002163,0
            39.4333,27.001755,0
            39.432163,27.001433,0
            39.431798,27.001219,0
            39.431455,27.001154,0
            39.431434,27.001112,0
            39.431305,27.001069,0
            39.430854,27.001026,0
            39.430554,27.001047,0
            39.430211,27.001133,0
            39.429631,27.001219,0
            39.429202,27.001476,0
            39.428923,27.001519,0
            39.428687,27.001712,0
            39.428515,27.001777,0
            39.428215,27.00197,0
            39.427872,27.00227,0
            39.427314,27.002571,0
            39.427206,27.002721,0
            39.426863,27.003,0
            39.426649,27.003129,0
            39.426241,27.0033,0
            39.425962,27.003365,0
            39.425747,27.003493,0
            39.425597,27.003708,0
            39.425383,27.00388,0
            39.424696,27.004008,0
            39.423923,27.004352,0
            39.423859,27.004416,0
            39.423709,27.004759,0
            39.423408,27.004931,0
            39.423044,27.005038,0
            39.422636,27.005081,0
            39.422185,27.005188,0
            39.421628,27.005489,0
            39.421413,27.005682,0
            39.421113,27.006047,0
            39.420512,27.006154,0
            39.42019,27.006326,0
            39.419825,27.00669,0
            39.419375,27.006948,0
            39.418452,27.007291,0
            39.418108,27.007527,0
            39.417551,27.007763,0
            39.416735,27.007999,0
            39.416521,27.008214,0
            39.416091,27.008407,0
            39.415855,27.008493,0
            39.415577,27.008493,0
            39.415448,27.008536,0
            39.414997,27.008793,0
            39.41474,27.008879,0
            39.413774,27.008729,0
            39.413474,27.008729,0
            39.412894,27.008536,0
            39.411929,27.007914,0
            39.411607,27.007785,0
            39.411135,27.007656,0
            39.410555,27.007549,0
            39.410191,27.007592,0
            39.409869,27.00772,0
            39.409676,27.007892,0
            39.409118,27.008214,0
            39.408517,27.008257,0
            39.408281,27.008364,0
            39.408002,27.008772,0
            39.407809,27.008901,0
            39.407702,27.009094,0
            39.407659,27.00933,0
            39.407551,27.009501,0
            39.407358,27.009673,0
            39.407187,27.009909,0
            39.407036,27.010038,0
            39.4068,27.010381,0
            39.4065,27.010682,0
            39.406264,27.011111,0
            39.406135,27.011476,0
            39.405942,27.012227,0
            39.405942,27.012634,0
            39.405792,27.013514,0
            39.405706,27.013836,0
            39.405513,27.014265,0
            39.405406,27.014952,0
            39.405105,27.015595,0
            39.404762,27.015853,0
            39.404139,27.016475,0
            39.403818,27.017119,0
            39.403625,27.017312,0
            39.403517,27.017462,0
            39.403431,27.017698,0
            39.40311,27.018063,0
            39.402938,27.018192,0
            39.402423,27.018385,0
            39.402122,27.018428,0
            39.401951,27.018406,0
            39.401736,27.018471,0
            39.401329,27.018814,0
            39.401114,27.019114,0
            39.40062,27.019544,0
            39.400406,27.01978,0
            39.400277,27.019994,0
            39.400127,27.020466,0
            39.400148,27.02081,0
            39.400084,27.021132,0
            39.399998,27.021325,0
            39.399719,27.021604,0
            39.399698,27.021711,0
            39.399827,27.022054,0
            39.399934,27.022998,0
            39.399633,27.023814,0
            39.399633,27.024393,0
            39.399676,27.024629,0
            39.399998,27.025294,0
            39.400106,27.025595,0
            39.400084,27.025938,0
            39.399977,27.026496,0
            39.399977,27.026818,0
            39.399891,27.027097,0
            39.39899,27.028406,0
            39.398625,27.028749,0
            39.398346,27.029157,0
            39.39811,27.029393,0
            39.397552,27.030122,0
            39.396822,27.03083,0
            39.396222,27.031281,0
            39.395921,27.031431,0
            39.395664,27.031646,0
            39.395621,27.031796,0
            39.395664,27.031925,0
            39.395621,27.032075,0
            39.395492,27.032204,0
            39.395127,27.032375,0
            39.394891,27.032547,0
            39.394076,27.03289,0
            39.393497,27.032912,0
            39.393153,27.033105,0
            39.392724,27.033448,0
            39.392509,27.033985,0
            39.392295,27.034221,0
            39.392316,27.034521,0
            39.392531,27.035036,0
            39.392531,27.035294,0
            39.392488,27.035444,0
            39.392188,27.036087,0
            39.392059,27.036538,0
            39.391973,27.03671,0
            39.391758,27.036946,0
            39.391222,27.037869,0
            39.39105,27.038448,0
            39.390986,27.038491,0
          </coordinates>
        </LineString>
      </Placemark>
      <Placemark>
        <name>ردمية بئر حزابا الأثرية</name>
        <styleUrl>#line-000000-1200-nodesc</styleUrl>
        <LineString>
          <tessellate>1</tessellate>
          <coordinates>
            39.492309,27.237725,0
            39.492245,27.238412,0
            39.492116,27.23897,0
            39.492137,27.23942,0
            39.49203,27.239828,0
            39.491923,27.241309,0
            39.491773,27.241909,0
            39.490829,27.244656,0
            39.490464,27.245514,0
            39.490335,27.245944,0
            39.490056,27.246523,0
            39.48952,27.247081,0
            39.489391,27.247167,0
            39.488811,27.247725,0
            39.488211,27.248368,0
            39.487889,27.248862,0
            39.487395,27.249506,0
            39.485722,27.250879,0
            39.485271,27.251329,0
            39.485056,27.251608,0
            39.484713,27.252252,0
            39.484541,27.252724,0
            39.484348,27.253132,0
            39.484241,27.253454,0
            39.48422,27.253625,0
            39.483962,27.254291,0
            39.483426,27.255428,0
            39.482996,27.256522,0
            39.482353,27.257938,0
            39.482095,27.258561,0
            39.481816,27.259398,0
            39.481816,27.259762,0
            39.481988,27.260685,0
            39.482138,27.261221,0
            39.482653,27.262487,0
            39.482975,27.263711,0
            39.483018,27.264075,0
            39.483104,27.264419,0
            39.48334,27.265062,0
            39.483619,27.26547,0
            39.484112,27.266607,0
            39.484391,27.267122,0
            39.484863,27.267959,0
            39.485378,27.268689,0
            39.485743,27.269418,0
            39.48658,27.270813,0
            39.486902,27.271736,0
            39.487138,27.27268,0
            39.487803,27.27622,0
            39.487846,27.276821,0
            39.487953,27.277443,0
            39.488211,27.278409,0
            39.488404,27.278988,0
            39.48879,27.281027,0
            39.488747,27.281649,0
            39.488769,27.282679,0
            39.488683,27.283537,0
            39.488554,27.283945,0
            39.488018,27.284954,0
            39.48791,27.285275,0
            39.48791,27.285426,0
            39.488468,27.287207,0
            39.488962,27.288451,0
            39.489434,27.289846,0
            39.48967,27.290812,0
            39.48967,27.291884,0
            39.489584,27.292507,0
          </coordinates>
        </LineString>
      </Placemark>
      <Placemark>
        <name>ردمية بئر حزابا الأثرية</name>
        <styleUrl>#line-000000-1200-nodesc</styleUrl>
        <LineString>
          <tessellate>1</tessellate>
          <coordinates>
            39.489584,27.292507,0
            39.488661,27.294996,0
            39.488018,27.296584,0
            39.487374,27.298515,0
            39.486794,27.299802,0
            39.486301,27.301025,0
            39.485872,27.301712,0
            39.485486,27.302442,0
            39.48452,27.304609,0
            39.484327,27.305167,0
            39.484069,27.306347,0
            39.483726,27.307484,0
            39.483533,27.309823,0
            39.483125,27.312183,0
            39.482996,27.313492,0
            39.483018,27.313728,0
            39.483168,27.314179,0
            39.483447,27.314608,0
            39.483962,27.315295,0
            39.484906,27.316432,0
            39.485421,27.317119,0
            39.485829,27.317827,0
            39.486043,27.31832,0
            39.486494,27.319801,0
          </coordinates>
        </LineString>
      </Placemark>
      <Placemark>
        <name>طريق المحجة</name>
        <styleUrl>#line-000000-1200-nodesc</styleUrl>
        <LineString>
          <tessellate>1</tessellate>
          <coordinates>
            39.506879,27.00772,0
            39.506235,27.007399,0
            39.505291,27.006991,0
            39.503746,27.006004,0
            39.502909,27.005188,0
            39.501815,27.004716,0
            39.501321,27.004352,0
            39.500892,27.003665,0
            39.500334,27.003129,0
            39.498789,27.00285,0
            39.497223,27.003,0
            39.496107,27.003429,0
            39.494133,27.003751,0
            39.493811,27.00388,0
            39.493575,27.00433,0
            39.493275,27.004566,0
            39.492395,27.004824,0
            39.492159,27.005231,0
            39.49115,27.005618,0
            39.490485,27.005982,0
          </coordinates>
        </LineString>
      </Placemark>
      <Placemark>
        <name>درب المحجة - حفرة لقط</name>
        <styleUrl>#line-000000-1200-nodesc</styleUrl>
        <LineString>
          <tessellate>1</tessellate>
          <coordinates>
            39.490485,27.005982,0
            39.489412,27.006948,0
            39.489369,27.007098,0
            39.489305,27.007184,0
            39.489112,27.007291,0
            39.48879,27.007377,0
            39.488554,27.007399,0
            39.488382,27.007463,0
            39.488361,27.007699,0
            39.488189,27.007828,0
            39.48791,27.007957,0
            39.487546,27.008021,0
            39.487245,27.007957,0
            39.486923,27.007849,0
            39.486537,27.00757,0
            39.48628,27.007463,0
            39.486151,27.007506,0
            39.485765,27.007527,0
            39.485357,27.007678,0
            39.485099,27.007678,0
            39.484391,27.007592,0
            39.484091,27.007656,0
            39.483232,27.008064,0
            39.482889,27.008085,0
            39.481902,27.008235,0
            39.481795,27.008278,0
            39.481752,27.008386,0
            39.481494,27.008579,0
            39.480915,27.00875,0
            39.480615,27.008965,0
            39.480379,27.00918,0
            39.480035,27.00963,0
            39.479928,27.009952,0
            39.478812,27.010424,0
            39.478619,27.010489,0
            39.478254,27.01051,0
            39.477696,27.010424,0
            39.477267,27.010424,0
            39.476924,27.010467,0
            39.476409,27.010596,0
            39.475808,27.01081,0
            39.475336,27.010853,0
            39.474971,27.010789,0
            39.474649,27.010639,0
            39.474092,27.010489,0
            39.47377,27.01036,0
            39.473104,27.009866,0
            39.472697,27.009652,0
            39.472332,27.009587,0
            39.472203,27.009523,0
            39.472053,27.009373,0
            39.471667,27.00948,0
            39.471517,27.00948,0
            39.471281,27.009394,0
            39.470766,27.009287,0
            39.470208,27.009244,0
            39.4701,27.00918,0
            39.469199,27.009115,0
            39.468598,27.008986,0
            39.468277,27.008858,0
            39.467804,27.00875,0
            39.466817,27.00875,0
            39.466474,27.008665,0
            39.466174,27.008686,0
            39.46583,27.008879,0
            39.465637,27.008922,0
            39.465251,27.008836,0
            39.4648,27.008665,0
            39.463642,27.007914,0
            39.46347,27.007892,0
            39.463406,27.007935,0
            39.463127,27.007935,0
            39.462869,27.008042,0
            39.462612,27.008064,0
            39.46244,27.007957,0
            39.462183,27.007613,0
            39.462011,27.007484,0
            39.461689,27.007484,0
            39.461539,27.007356,0
            39.461324,27.006991,0
            39.461174,27.006884,0
            39.461002,27.006884,0
            39.460702,27.006819,0
            39.459994,27.006884,0
            39.459586,27.006884,0
            39.4595,27.006927,0
            39.459436,27.007227,0
            39.459264,27.007356,0
            39.459071,27.007399,0
            39.458771,27.007313,0
            39.458041,27.007206,0
            39.457462,27.007077,0
            39.457183,27.006948,0
            39.456818,27.006669,0
            39.45596,27.006326,0
            39.455316,27.005961,0
            39.454865,27.005789,0
            39.454114,27.005382,0
            39.453964,27.005231,0
            39.453921,27.004416,0
            39.453857,27.004159,0
            39.453707,27.003944,0
            39.453535,27.00388,0
            39.452848,27.003794,0
            39.45272,27.003665,0
            39.452312,27.003386,0
            39.451625,27.003214,0
            39.451346,27.003257,0
            39.451239,27.003365,0
            39.450746,27.003665,0
            39.450123,27.004116,0
            39.448793,27.004781,0
            39.448149,27.005489,0
            39.44802,27.005575,0
            39.447763,27.005639,0
            39.44772,27.005703,0
            39.447484,27.005789,0
            39.447355,27.005918,0
            39.447248,27.006154,0
            39.447076,27.006712,0
            39.446905,27.007055,0
            39.446948,27.007678,0
            39.447141,27.008429,0
            39.447141,27.008643,0
            39.446969,27.00918,0
            39.446819,27.009351,0
            39.446518,27.009566,0
            39.446089,27.009695,0
            39.445939,27.00978,0
            39.445853,27.009866,0
            39.445725,27.01021,0
            39.445553,27.010317,0
            39.445188,27.010467,0
            39.445038,27.010617,0
            39.444759,27.011111,0
            39.444652,27.011175,0
            39.444137,27.01184,0
            39.443321,27.01242,0
            39.442935,27.012742,0
            39.442849,27.012892,0
            39.442849,27.01302,0
            39.442935,27.013214,0
            39.442871,27.013257,0
            39.442785,27.013235,0
            39.442656,27.013128,0
            39.442205,27.012591,0
            39.441991,27.012463,0
            39.441476,27.011905,0
            39.441476,27.011712,0
            39.441261,27.011368,0
            39.44124,27.011132,0
            39.441304,27.010725,0
            39.441197,27.010317,0
            39.441175,27.010102,0
            39.44139,27.009158,0
            39.441347,27.008879,0
            39.441175,27.008493,0
            39.441004,27.008278,0
            39.440811,27.00815,0
            39.440639,27.007914,0
            39.440381,27.007184,0
            39.440038,27.006884,0
            39.439888,27.006519,0
            39.439824,27.006454,0
            39.439781,27.006304,0
            39.440103,27.006068,0
            39.440188,27.005897,0
            39.440167,27.005725,0
            39.439867,27.00536,0
            39.43933,27.005017,0
            39.439051,27.004888,0
            39.438879,27.004759,0
            39.438622,27.004437,0
            39.437914,27.004352,0
            39.437506,27.004223,0
            39.437313,27.004116,0
            39.436991,27.003751,0
            39.436991,27.003622,0
            39.437163,27.003365,0
            39.437206,27.003214,0
            39.437141,27.003086,0
            39.437013,27.002957,0
            39.43682,27.002871,0
            39.436476,27.002914,0
            39.436197,27.00285,0
            39.435854,27.002506,0
            39.434996,27.002528,0
            39.434631,27.002506,0
            39.434352,27.00242,0
            39.434009,27.002163,0
          </coordinates>
        </LineString>
      </Placemark>
      <Placemark>
        <name>طريق المحجة</name>
        <styleUrl>#line-000000-1200-nodesc</styleUrl>
        <LineString>
          <tessellate>1</tessellate>
          <coordinates>
            39.490485,27.005982,0
            39.498274,27.00772,0
            39.500957,27.008214,0
            39.503789,27.008171,0
            39.505827,27.007849,0
            39.506879,27.00772,0
            39.508553,27.007141,0
            39.510097,27.006283,0
            39.511128,27.005081,0
            39.512501,27.004738,0
            39.515591,27.001991,0
            39.516621,27.00182,0
            39.52177,26.99667,0
            39.523144,26.995811,0
            39.525547,26.992722,0
            39.526405,26.99049,0
            39.527264,26.98946,0
            39.529495,26.989117,0
            39.535332,26.986885,0
            39.536362,26.984997,0
            39.537735,26.98431,0
            39.539108,26.982079,0
            39.547005,26.97607,0
          </coordinates>
        </LineString>
      </Placemark>
      <Placemark>
        <name>ردمية بئر حزابا الأثرية</name>
        <styleUrl>#line-000000-1200-nodesc</styleUrl>
        <LineString>
          <tessellate>1</tessellate>
          <coordinates>
            39.504991,27.181442,0
            39.50469,27.181678,0
            39.504583,27.181807,0
            39.504218,27.182386,0
            39.504025,27.182772,0
            39.503617,27.183266,0
            39.503295,27.183759,0
            39.502888,27.18421,0
            39.50233,27.184982,0
            39.5016,27.185733,0
            39.501278,27.186313,0
            39.50115,27.186635,0
            39.501042,27.187042,0
            39.501042,27.187514,0
            39.500999,27.187707,0
            39.500656,27.188652,0
            39.50042,27.189102,0
            39.500077,27.189488,0
            39.499776,27.190068,0
            39.499497,27.190454,0
            39.499326,27.190583,0
            39.498811,27.19084,0
            39.498188,27.191055,0
            39.49748,27.191355,0
            39.496772,27.191741,0
            39.496257,27.191978,0
            39.495807,27.192063,0
            39.495206,27.192364,0
            39.494777,27.192535,0
            39.494219,27.192643,0
            39.493661,27.192857,0
            39.493167,27.193093,0
            39.491515,27.193673,0
            39.491279,27.193887,0
            39.491215,27.193995,0
            39.491258,27.194316,0
            39.491816,27.196012,0
            39.492245,27.196999,0
            39.492416,27.197278,0
            39.492674,27.197857,0
            39.493017,27.19893,0
            39.493275,27.199874,0
            39.49379,27.201054,0
            39.494562,27.202406,0
            39.495206,27.203908,0
            39.495442,27.204745,0
            39.495549,27.20541,0
            39.495678,27.205732,0
            39.49585,27.206461,0
            39.49585,27.207148,0
            39.495721,27.207727,0
            39.495785,27.208757,0
            39.495785,27.209036,0
            39.495742,27.209294,0
            39.495785,27.209616,0
            39.495742,27.210517,0
            39.495828,27.211247,0
            39.496107,27.212083,0
            39.496086,27.213113,0
            39.496021,27.213628,0
            39.496043,27.214293,0
            39.495978,27.214808,0
            39.496,27.21513,0
            39.495892,27.215946,0
            39.495914,27.216439,0
            39.495828,27.216933,0
            39.495785,27.21792,0
            39.495721,27.218177,0
            39.495742,27.218821,0
            39.495657,27.219336,0
            39.495678,27.219722,0
            39.495657,27.220109,0
            39.495592,27.220366,0
            39.495592,27.221246,0
            39.495442,27.22337,0
            39.495335,27.223907,0
            39.495313,27.22425,0
            39.495206,27.224636,0
            39.495184,27.225001,0
            39.495077,27.225409,0
            39.495056,27.225773,0
            39.494884,27.22631,0
            39.494584,27.228005,0
            39.494326,27.229164,0
            39.49409,27.229872,0
            39.493897,27.230237,0
            39.493682,27.231116,0
            39.493275,27.231889,0
            39.493103,27.232339,0
            39.492974,27.232811,0
            39.49291,27.233348,0
            39.492824,27.233734,0
            39.492803,27.234142,0
            39.492588,27.235622,0
            39.492588,27.235901,0
            39.492502,27.23633,0
            39.492502,27.236609,0
            39.492309,27.237725,0
          </coordinates>
        </LineString>
      </Placemark>
      <Placemark>
        <name>ردمية عرنان - حزابا</name>
        <styleUrl>#line-000000-1200-nodesc</styleUrl>
        <LineString>
          <tessellate>1</tessellate>
          <coordinates>
            39.484241,27.253454,0
            39.486387,27.252552,0
            39.48776,27.251909,0
            39.489884,27.251115,0
            39.491644,27.250407,0
            39.492888,27.249978,0
            39.495571,27.249506,0
            39.496837,27.249355,0
            39.498982,27.249162,0
            39.500012,27.248862,0
            39.50263,27.248325,0
            39.504604,27.247746,0
            39.505184,27.247446,0
            39.505613,27.247102,0
            39.506278,27.246416,0
            39.50645,27.246072,0
            39.506514,27.245579,0
            39.506342,27.244205,0
            39.506407,27.243927,0
            39.506879,27.243261,0
            39.507802,27.242081,0
            39.509325,27.240236,0
            39.510698,27.239034,0
            39.513788,27.236438,0
            39.514926,27.235429,0
            39.516127,27.234571,0
            39.517243,27.234099,0
            39.518123,27.23367,0
            39.519689,27.233155,0
            39.521062,27.232769,0
            39.523745,27.232146,0
            39.526963,27.231309,0
            39.529881,27.230301,0
            39.535975,27.228971,0
            39.537478,27.228799,0
            39.537993,27.228649,0
            39.538507,27.228413,0
          </coordinates>
        </LineString>
      </Placemark>
      <Placemark>
        <name>ردمية عرنان - حزابا</name>
        <styleUrl>#line-000000-1200-nodesc</styleUrl>
        <LineString>
          <tessellate>1</tessellate>
          <coordinates>
            39.538507,27.228413,0
            39.540803,27.226546,0
            39.541168,27.22616,0
            39.542048,27.224958,0
            39.542992,27.223907,0
            39.544623,27.221932,0
            39.545481,27.220945,0
            39.547391,27.218628,0
            39.548035,27.21777,0
            39.549279,27.216418,0
            39.550138,27.215366,0
            39.550889,27.214594,0
            39.551618,27.213693,0
            39.552047,27.213263,0
            39.554214,27.21086,0
            39.554687,27.210453,0
            39.556403,27.209144,0
            39.556983,27.20865,0
            39.557497,27.20835,0
            39.55812,27.208114,0
            39.559021,27.207921,0
            39.559708,27.207835,0
            39.561081,27.207792,0
            39.561682,27.207706,0
            39.562025,27.20762,0
            39.562433,27.20747,0
            39.563742,27.20674,0
            39.564579,27.206097,0
            39.564922,27.205946,0
            39.565566,27.205839,0
            39.567325,27.20571,0
            39.568205,27.205517,0
            39.56887,27.205281,0
            39.569492,27.205153,0
            39.57123,27.205088,0
            39.571724,27.205024,0
            39.572582,27.204874,0
            39.574642,27.20438,0
            39.576037,27.203887,0
            39.582067,27.201333,0
            39.584684,27.20026,0
            39.588053,27.199016,0
            39.591336,27.197728,0
            39.593675,27.196913,0
          </coordinates>
        </LineString>
      </Placemark>
      <Placemark>
        <name>طريق المحجة</name>
        <styleUrl>#line-000000-1200-nodesc</styleUrl>
        <LineString>
          <tessellate>1</tessellate>
          <coordinates>
            39.547005,26.97607,0
            39.55061,26.974525,0
            39.553013,26.974354,0
            39.558678,26.970406,0
            39.560738,26.968346,0
            39.562454,26.964741,0
            39.564858,26.961136,0
            39.565544,26.958218,0
            39.567261,26.955471,0
            39.569149,26.95015,0
            39.571724,26.947403,0
            39.571896,26.946716,0
            39.571209,26.94603,0
            39.570179,26.944141,0
            39.568977,26.93882,0
            39.570351,26.93779,0
            39.571724,26.935902,0
            39.571896,26.933498,0
            39.572754,26.930752,0
            39.572239,26.92852,0
            39.572926,26.927147,0
            39.572754,26.926117,0
            39.574299,26.92337,0
            39.574299,26.92131,0
            39.575329,26.920109,0
          </coordinates>
        </LineString>
      </Placemark>
      <Placemark>
        <name>ردمية عرنان - حزابا</name>
        <styleUrl>#line-000000-1200-nodesc</styleUrl>
        <LineString>
          <tessellate>1</tessellate>
          <coordinates>
            39.593675,27.196913,0
            39.595327,27.196462,0
            39.597216,27.195776,0
            39.599276,27.195153,0
            39.601078,27.194703,0
            39.603267,27.194037,0
            39.604468,27.19363,0
            39.612215,27.191591,0
            39.615412,27.190712,0
            39.616849,27.190261,0
            39.623823,27.188609,0
            39.625411,27.188373,0
            39.627943,27.188137,0
            39.631784,27.187879,0
            39.634852,27.1876,0
            39.6385,27.187386,0
            39.639187,27.18745,0
            39.64041,27.187643,0
            39.641783,27.187986,0
            39.642534,27.188416,0
            39.643307,27.188909,0
            39.644895,27.190218,0
            39.645882,27.191248,0
            39.646804,27.192299,0
            39.647684,27.193437,0
            39.650173,27.19702,0
          </coordinates>
        </LineString>
      </Placemark>
      <Placemark>
        <name>ردمية عرنان - حزابا</name>
        <styleUrl>#line-000000-1200-nodesc</styleUrl>
        <LineString>
          <tessellate>1</tessellate>
          <coordinates>
            39.650173,27.19702,0
            39.652813,27.201183,0
            39.655194,27.205517,0
            39.655795,27.206869,0
            39.656053,27.207642,0
            39.656267,27.208478,0
            39.656417,27.209272,0
            39.656482,27.210045,0
            39.656417,27.211268,0
            39.656074,27.212362,0
            39.655559,27.213693,0
            39.655173,27.214487,0
            39.655001,27.215173,0
            39.653907,27.216718,0
            39.652984,27.219014,0
            39.653027,27.21998,0
            39.653156,27.220581,0
            39.653327,27.222447,0
            39.65337,27.223864,0
            39.653242,27.225494,0
            39.652984,27.226803,0
            39.652813,27.228327,0
            39.652233,27.231803,0
            39.65189,27.234764,0
            39.651568,27.23618,0
            39.651954,27.240043,0
          </coordinates>
        </LineString>
      </Placemark>
    </Folder>
    <Folder>
      <name>نفود</name>
      <Placemark>
        <name>كثبان رملية</name>
        <styleUrl>#icon-1739-FBC02D-labelson-nodesc</styleUrl>
        <Point>
          <coordinates>
            39.690449,27.969089,0
          </coordinates>
        </Point>
      </Placemark>
      <Placemark>
        <name>خب البويت</name>
        <styleUrl>#icon-1739-FBC02D-labelson-nodesc</styleUrl>
        <Point>
          <coordinates>
            39.083884,27.860727,0
          </coordinates>
        </Point>
      </Placemark>
      <Placemark>
        <name>طعس الايداء</name>
        <styleUrl>#icon-1739-FBC02D-labelson-nodesc</styleUrl>
        <Point>
          <coordinates>
            38.270895,28.956592,0
          </coordinates>
        </Point>
      </Placemark>
      <Placemark>
        <name>طعس الجريعة</name>
        <styleUrl>#icon-1739-FBC02D-labelson-nodesc</styleUrl>
        <Point>
          <coordinates>
            39.479392,27.376986,0
          </coordinates>
        </Point>
      </Placemark>
      <Placemark>
        <name>طعس الريع</name>
        <styleUrl>#icon-1739-FBC02D-labelson-nodesc</styleUrl>
        <Point>
          <coordinates>
            39.178791,27.82073,0
          </coordinates>
        </Point>
      </Placemark>
      <Placemark>
        <name>طعس الشيخ</name>
        <styleUrl>#icon-1739-FBC02D-labelson-nodesc</styleUrl>
        <Point>
          <coordinates>
            39.426177,27.946601,0
          </coordinates>
        </Point>
      </Placemark>
      <Placemark>
        <name>طعس الشيخة</name>
        <styleUrl>#icon-1739-FBC02D-labelson-nodesc</styleUrl>
        <Point>
          <coordinates>
            39.449995,27.973723,0
          </coordinates>
        </Point>
      </Placemark>
      <Placemark>
        <name>طعس الغضاة</name>
        <styleUrl>#icon-1739-FBC02D-labelson-nodesc</styleUrl>
        <Point>
          <coordinates>
            39.431026,27.40576,0
          </coordinates>
        </Point>
      </Placemark>
      <Placemark>
        <name>طعس المريشدية</name>
        <styleUrl>#icon-1739-FBC02D-labelson-nodesc</styleUrl>
        <Point>
          <coordinates>
            37.421215,29.772885,0
          </coordinates>
        </Point>
      </Placemark>
      <Placemark>
        <name>طعس الوحيد</name>
        <styleUrl>#icon-1739-FBC02D-labelson-nodesc</styleUrl>
        <Point>
          <coordinates>
            39.523358,27.897141,0
          </coordinates>
        </Point>
      </Placemark>
      <Placemark>
        <name>طعس ام مراظيف</name>
        <styleUrl>#icon-1739-FBC02D-labelson-nodesc</styleUrl>
        <Point>
          <coordinates>
            37.292061,29.700572,0
          </coordinates>
        </Point>
      </Placemark>
      <Placemark>
        <name>طعس حزم عليان</name>
        <styleUrl>#icon-1739-FBC02D-labelson-nodesc</styleUrl>
        <Point>
          <coordinates>
            37.277126,29.750183,0
          </coordinates>
        </Point>
      </Placemark>
      <Placemark>
        <name>طعس حمدان</name>
        <styleUrl>#icon-1739-FBC02D-labelson-nodesc</styleUrl>
        <Point>
          <coordinates>
            39.383969,27.72505,0
          </coordinates>
        </Point>
      </Placemark>
      <Placemark>
        <name>طعس صبيح</name>
        <styleUrl>#icon-1739-FBC02D-labelson-nodesc</styleUrl>
        <Point>
          <coordinates>
            39.226599,27.857723,0
          </coordinates>
        </Point>
      </Placemark>
      <Placemark>
        <name>طعس عرقان</name>
        <styleUrl>#icon-1739-FBC02D-labelson-nodesc</styleUrl>
        <Point>
          <coordinates>
            39.787159,27.68604,0
          </coordinates>
        </Point>
      </Placemark>
      <Placemark>
        <name>طعوس الحيزا</name>
        <styleUrl>#icon-1739-FBC02D-labelson-nodesc</styleUrl>
        <Point>
          <coordinates>
            39.264042,27.484725,0
          </coordinates>
        </Point>
      </Placemark>
      <Placemark>
        <name>طعوس الرمة</name>
        <styleUrl>#icon-1739-FBC02D-labelson-nodesc</styleUrl>
        <Point>
          <coordinates>
            39.441283,27.718205,0
          </coordinates>
        </Point>
      </Placemark>
      <Placemark>
        <name>طعوس العرقانة</name>
        <styleUrl>#icon-1739-FBC02D-labelson-nodesc</styleUrl>
        <Point>
          <coordinates>
            36.977341,28.335264,0
          </coordinates>
        </Point>
      </Placemark>
      <Placemark>
        <name>طعوس الغريزية</name>
        <styleUrl>#icon-1739-FBC02D-labelson-nodesc</styleUrl>
        <Point>
          <coordinates>
            39.834194,27.848325,0
          </coordinates>
        </Point>
      </Placemark>
      <Placemark>
        <name>طعوس المريرا</name>
        <styleUrl>#icon-1739-FBC02D-labelson-nodesc</styleUrl>
        <Point>
          <coordinates>
            39.127615,27.92922,0
          </coordinates>
        </Point>
      </Placemark>
      <Placemark>
        <name>طعوس المعقر</name>
        <styleUrl>#icon-1739-FBC02D-labelson-nodesc</styleUrl>
        <Point>
          <coordinates>
            36.672192,29.252687,0
          </coordinates>
        </Point>
      </Placemark>
      <Placemark>
        <name>طعوس ام خبوب</name>
        <styleUrl>#icon-1739-FBC02D-labelson-nodesc</styleUrl>
        <Point>
          <coordinates>
            39.545717,28.027625,0
          </coordinates>
        </Point>
      </Placemark>
      <Placemark>
        <name>طعوس خب القعود</name>
        <styleUrl>#icon-1739-FBC02D-labelson-nodesc</styleUrl>
        <Point>
          <coordinates>
            39.864986,27.906754,0
          </coordinates>
        </Point>
      </Placemark>
      <Placemark>
        <name>طعيس مشهي</name>
        <styleUrl>#icon-1739-FBC02D-labelson-nodesc</styleUrl>
        <Point>
          <coordinates>
            39.277883,27.444599,0
          </coordinates>
        </Point>
      </Placemark>
      <Placemark>
        <name>نازية السادة</name>
        <styleUrl>#icon-1739-FBC02D-labelson-nodesc</styleUrl>
        <Point>
          <coordinates>
            39.115942,27.582099,0
          </coordinates>
        </Point>
      </Placemark>
      <Placemark>
        <name>نازية الغريري</name>
        <styleUrl>#icon-1739-FBC02D-labelson-nodesc</styleUrl>
        <Point>
          <coordinates>
            39.78467,27.79393,0
          </coordinates>
        </Point>
      </Placemark>
      <Placemark>
        <name>نازية الفحيثة</name>
        <styleUrl>#icon-1739-FBC02D-labelson-nodesc</styleUrl>
        <Point>
          <coordinates>
            39.538872,27.609587,0
          </coordinates>
        </Point>
      </Placemark>
      <Placemark>
        <name>نازية المظيهير</name>
        <styleUrl>#icon-1739-FBC02D-labelson-nodesc</styleUrl>
        <Point>
          <coordinates>
            39.534667,27.555406,0
          </coordinates>
        </Point>
      </Placemark>
      <Placemark>
        <name>نازية المناخ</name>
        <styleUrl>#icon-1739-FBC02D-labelson-nodesc</styleUrl>
        <Point>
          <coordinates>
            39.771152,28.118262,0
          </coordinates>
        </Point>
      </Placemark>
      <Placemark>
        <name>نازية الهربيدية</name>
        <styleUrl>#icon-1739-FBC02D-labelson-nodesc</styleUrl>
        <Point>
          <coordinates>
            39.777546,27.758954,0
          </coordinates>
        </Point>
      </Placemark>
      <Placemark>
        <name>نازية سودان</name>
        <styleUrl>#icon-1739-FBC02D-labelson-nodesc</styleUrl>
        <Point>
          <coordinates>
            39.679699,27.660077,0
          </coordinates>
        </Point>
      </Placemark>
      <Placemark>
        <name>نازية ضبعة</name>
        <styleUrl>#icon-1739-FBC02D-labelson-nodesc</styleUrl>
        <Point>
          <coordinates>
            39.183469,27.452581,0
          </coordinates>
        </Point>
      </Placemark>
      <Placemark>
        <name>نازية مويضي</name>
        <styleUrl>#icon-1739-FBC02D-labelson-nodesc</styleUrl>
        <Point>
          <coordinates>
            39.695706,27.579503,0
          </coordinates>
        </Point>
      </Placemark>
      <Placemark>
        <name>نفود الحنان</name>
        <styleUrl>#icon-1739-FBC02D-labelson-nodesc</styleUrl>
        <Point>
          <coordinates>
            35.428269,28.036165,0
          </coordinates>
        </Point>
      </Placemark>
      <Placemark>
        <name>نفود الرشيدان</name>
        <styleUrl>#icon-1739-FBC02D-labelson-nodesc</styleUrl>
        <Point>
          <coordinates>
            38.065031,29.318562,0
          </coordinates>
        </Point>
      </Placemark>
      <Placemark>
        <name>نوازي الحيزا</name>
        <styleUrl>#icon-1739-FBC02D-labelson-nodesc</styleUrl>
        <Point>
          <coordinates>
            39.183941,27.557788,0
          </coordinates>
        </Point>
      </Placemark>
      <Placemark>
        <name>نوازي الدفافيات</name>
        <styleUrl>#icon-1739-FBC02D-labelson-nodesc</styleUrl>
        <Point>
          <coordinates>
            39.102509,27.414536,0
          </coordinates>
        </Point>
      </Placemark>
      <Placemark>
        <name>نوازي الندح</name>
        <styleUrl>#icon-1739-FBC02D-labelson-nodesc</styleUrl>
        <Point>
          <coordinates>
            39.713109,27.83839,0
          </coordinates>
        </Point>
      </Placemark>
      <Placemark>
        <name>نوازي امهات كراث</name>
        <styleUrl>#icon-1739-FBC02D-labelson-nodesc</styleUrl>
        <Point>
          <coordinates>
            39.456325,27.787085,0
          </coordinates>
        </Point>
      </Placemark>
      <Placemark>
        <name>نوازي سرمدا</name>
        <styleUrl>#icon-1739-FBC02D-labelson-nodesc</styleUrl>
        <Point>
          <coordinates>
            39.466496,27.679667,0
          </coordinates>
        </Point>
      </Placemark>
      <Placemark>
        <name>نوازي سمران</name>
        <styleUrl>#icon-1739-FBC02D-labelson-nodesc</styleUrl>
        <Point>
          <coordinates>
            39.886186,27.60993,0
          </coordinates>
        </Point>
      </Placemark>
      <Placemark>
        <name>نوازي عرازم</name>
        <styleUrl>#icon-1739-FBC02D-labelson-nodesc</styleUrl>
        <Point>
          <coordinates>
            39.456496,27.532468,0
          </coordinates>
        </Point>
      </Placemark>
      <Placemark>
        <name>ابرق ابن سمراء</name>
        <styleUrl>#icon-1739-FBC02D-labelson-nodesc</styleUrl>
        <Point>
          <coordinates>
            38.525104,27.436123,0
          </coordinates>
        </Point>
      </Placemark>
      <Placemark>
        <name>ابرق العشار</name>
        <styleUrl>#icon-1739-FBC02D-labelson-nodesc</styleUrl>
        <Point>
          <coordinates>
            39.46892,28.592455,0
          </coordinates>
        </Point>
      </Placemark>
      <Placemark>
        <name>ابرق المعادي</name>
        <styleUrl>#icon-1739-FBC02D-labelson-nodesc</styleUrl>
        <Point>
          <coordinates>
            37.875431,29.309936,0
          </coordinates>
        </Point>
      </Placemark>
      <Placemark>
        <name>ابرق جمعان</name>
        <styleUrl>#icon-1739-FBC02D-labelson-nodesc</styleUrl>
        <Point>
          <coordinates>
            38.375545,27.6404,0
          </coordinates>
        </Point>
      </Placemark>
      <Placemark>
        <name>ابرق حمراء</name>
        <styleUrl>#icon-1739-FBC02D-labelson-nodesc</styleUrl>
        <Point>
          <coordinates>
            38.45438,27.802963,0
          </coordinates>
        </Point>
      </Placemark>
      <Placemark>
        <name>ابرق دمعة</name>
        <styleUrl>#icon-1739-FBC02D-labelson-nodesc</styleUrl>
        <Point>
          <coordinates>
            35.937052,29.05004,0
          </coordinates>
        </Point>
      </Placemark>
      <Placemark>
        <name>ابرق زهيمه</name>
        <styleUrl>#icon-1739-FBC02D-labelson-nodesc</styleUrl>
        <Point>
          <coordinates>
            39.166088,28.52437,0
          </coordinates>
        </Point>
      </Placemark>
      <Placemark>
        <name>برق البقر</name>
        <styleUrl>#icon-1739-FBC02D-labelson-nodesc</styleUrl>
        <Point>
          <coordinates>
            37.031972,28.621981,0
          </coordinates>
        </Point>
      </Placemark>
      <Placemark>
        <name>برق سلمان</name>
        <styleUrl>#icon-1739-FBC02D-labelson-nodesc</styleUrl>
        <Point>
          <coordinates>
            38.102431,27.457623,0
          </coordinates>
        </Point>
      </Placemark>
      <Placemark>
        <name>برق عناز</name>
        <styleUrl>#icon-1739-FBC02D-labelson-nodesc</styleUrl>
        <Point>
          <coordinates>
            37.28219,28.720729,0
          </coordinates>
        </Point>
      </Placemark>
      <Placemark>
        <name>برقا الجويعدية</name>
        <styleUrl>#icon-1739-FBC02D-labelson-nodesc</styleUrl>
        <Point>
          <coordinates>
            36.125836,28.226345,0
          </coordinates>
        </Point>
      </Placemark>
      <Placemark>
        <name>برقا القناص</name>
        <styleUrl>#icon-1739-FBC02D-labelson-nodesc</styleUrl>
        <Point>
          <coordinates>
            37.006545,29.769258,0
          </coordinates>
        </Point>
      </Placemark>
      <Placemark>
        <name>برقا ام قزوحة</name>
        <styleUrl>#icon-1739-FBC02D-labelson-nodesc</styleUrl>
        <Point>
          <coordinates>
            37.062807,29.13924,0
          </coordinates>
        </Point>
      </Placemark>
      <Placemark>
        <name>برقا نخلة</name>
        <styleUrl>#icon-1739-FBC02D-labelson-nodesc</styleUrl>
        <Point>
          <coordinates>
            35.579932,28.022926,0
          </coordinates>
        </Point>
      </Placemark>
      <Placemark>
        <name>برقاء الرماحيه</name>
        <styleUrl>#icon-1739-FBC02D-labelson-nodesc</styleUrl>
        <Point>
          <coordinates>
            38.10329,26.872301,0
          </coordinates>
        </Point>
      </Placemark>
      <Placemark>
        <name>برقاء الضبيعان</name>
        <styleUrl>#icon-1739-FBC02D-labelson-nodesc</styleUrl>
        <Point>
          <coordinates>
            37.057228,29.832516,0
          </coordinates>
        </Point>
      </Placemark>
      <Placemark>
        <name>برقاء المهدره</name>
        <styleUrl>#icon-1739-FBC02D-labelson-nodesc</styleUrl>
        <Point>
          <coordinates>
            36.435106,27.50423,0
          </coordinates>
        </Point>
      </Placemark>
      <Placemark>
        <name>برقاء دمج</name>
        <styleUrl>#icon-1739-FBC02D-labelson-nodesc</styleUrl>
        <Point>
          <coordinates>
            36.384487,28.399487,0
          </coordinates>
        </Point>
      </Placemark>
      <Placemark>
        <name>برقاء سمحان</name>
        <styleUrl>#icon-1739-FBC02D-labelson-nodesc</styleUrl>
        <Point>
          <coordinates>
            36.397898,28.293936,0
          </coordinates>
        </Point>
      </Placemark>
      <Placemark>
        <name>برقاء سميحان</name>
        <styleUrl>#icon-1739-FBC02D-labelson-nodesc</styleUrl>
        <Point>
          <coordinates>
            36.406395,28.312068,0
          </coordinates>
        </Point>
      </Placemark>
      <Placemark>
        <name>برقاء عيد</name>
        <styleUrl>#icon-1739-FBC02D-labelson-nodesc</styleUrl>
        <Point>
          <coordinates>
            36.108456,28.132553,0
          </coordinates>
        </Point>
      </Placemark>
      <Placemark>
        <name>برقاء مهنا</name>
        <styleUrl>#icon-1739-FBC02D-labelson-nodesc</styleUrl>
        <Point>
          <coordinates>
            36.393242,28.463516,0
          </coordinates>
        </Point>
      </Placemark>
    </Folder>
    <Folder>
      <name>موارد مياه</name>
      <Placemark>
        <name>مورد مياه البلي</name>
        <styleUrl>#icon-1739-0F9D58-labelson-nodesc</styleUrl>
        <Point>
          <coordinates>
            38.093634,26.975727,0
          </coordinates>
        </Point>
      </Placemark>
      <Placemark>
        <name>نبع ماء</name>
        <styleUrl>#icon-1739-0F9D58-labelson-nodesc</styleUrl>
        <Point>
          <coordinates>
            37.495286,24.901671,0
          </coordinates>
        </Point>
      </Placemark>
      <Placemark>
        <name>عين الجعيب</name>
        <styleUrl>#icon-1739-0F9D58-labelson-nodesc</styleUrl>
        <Point>
          <coordinates>
            35.276864,28.91844,0
          </coordinates>
        </Point>
      </Placemark>
      <Placemark>
        <name>عين الديسة</name>
        <styleUrl>#icon-1739-0F9D58-labelson-nodesc</styleUrl>
        <Point>
          <coordinates>
            36.55808,27.635465,0
          </coordinates>
        </Point>
      </Placemark>
      <Placemark>
        <name>عين الغبيه</name>
        <styleUrl>#icon-1739-0F9D58-labelson-nodesc</styleUrl>
        <Point>
          <coordinates>
            37.218225,26.402786,0
          </coordinates>
        </Point>
      </Placemark>
      <Placemark>
        <name>عين صحين</name>
        <styleUrl>#icon-1739-0F9D58-labelson-nodesc</styleUrl>
        <Point>
          <coordinates>
            36.377106,27.651966,0
          </coordinates>
        </Point>
      </Placemark>
      <Placemark>
        <name>عين موسى</name>
        <styleUrl>#icon-1739-0F9D58-labelson-nodesc</styleUrl>
        <Point>
          <coordinates>
            34.750829,28.396289,0
          </coordinates>
        </Point>
      </Placemark>
      <Placemark>
        <name>ماء سبيل</name>
        <styleUrl>#icon-1739-0F9D58-labelson-nodesc</styleUrl>
        <Point>
          <coordinates>
            36.597369,27.637997,0
          </coordinates>
        </Point>
      </Placemark>
      <Placemark>
        <name>مارد ماء</name>
        <styleUrl>#icon-1739-0F9D58-labelson-nodesc</styleUrl>
        <Point>
          <coordinates>
            35.783093,28.382428,0
          </coordinates>
        </Point>
      </Placemark>
      <Placemark>
        <name>مارد ماء</name>
        <styleUrl>#icon-1739-0F9D58-labelson-nodesc</styleUrl>
        <Point>
          <coordinates>
            36.478536,26.299789,0
          </coordinates>
        </Point>
      </Placemark>
      <Placemark>
        <name>بركة سبيل</name>
        <styleUrl>#icon-1739-0F9D58-labelson-nodesc</styleUrl>
        <Point>
          <coordinates>
            37.06624,25.914431,0
          </coordinates>
        </Point>
      </Placemark>
      <Placemark>
        <name>بير ابو طرفاة</name>
        <styleUrl>#icon-1739-0F9D58-labelson-nodesc</styleUrl>
        <Point>
          <coordinates>
            36.375754,27.177129,0
          </coordinates>
        </Point>
      </Placemark>
      <Placemark>
        <name>بير مرشة</name>
        <styleUrl>#icon-1739-0F9D58-labelson-nodesc</styleUrl>
        <Point>
          <coordinates>
            34.837346,28.853295,0
          </coordinates>
        </Point>
      </Placemark>
      <Placemark>
        <name>بئر ابالعجاج</name>
        <styleUrl>#icon-1739-0F9D58-labelson-nodesc</styleUrl>
        <Point>
          <coordinates>
            36.316638,27.446337,0
          </coordinates>
        </Point>
      </Placemark>
      <Placemark>
        <name>بئر ابن غنيم</name>
        <styleUrl>#icon-1739-0F9D58-labelson-nodesc</styleUrl>
        <Point>
          <coordinates>
            37.509963,25.673161,0
          </coordinates>
        </Point>
      </Placemark>
      <Placemark>
        <name>بئر ابن غنيم2</name>
        <styleUrl>#icon-1739-0F9D58-labelson-nodesc</styleUrl>
        <Point>
          <coordinates>
            37.499428,25.667496,0
          </coordinates>
        </Point>
      </Placemark>
      <Placemark>
        <name>بئر ابن موسة</name>
        <styleUrl>#icon-1739-0F9D58-labelson-nodesc</styleUrl>
        <Point>
          <coordinates>
            35.786161,28.287048,0
          </coordinates>
        </Point>
      </Placemark>
      <Placemark>
        <name>بئر ابو دومة</name>
        <styleUrl>#icon-1739-0F9D58-labelson-nodesc</styleUrl>
        <Point>
          <coordinates>
            36.936979,26.233313,0
          </coordinates>
        </Point>
      </Placemark>
      <Placemark>
        <name>بئر ابو طينة</name>
        <styleUrl>#icon-1739-0F9D58-labelson-nodesc</styleUrl>
        <Point>
          <coordinates>
            36.41367,27.210774,0
          </coordinates>
        </Point>
      </Placemark>
      <Placemark>
        <name>بئر البديع</name>
        <styleUrl>#icon-1739-0F9D58-labelson-nodesc</styleUrl>
        <Point>
          <coordinates>
            36.300673,27.417927,0
          </coordinates>
        </Point>
      </Placemark>
      <Placemark>
        <name>بئر الثغرة</name>
        <styleUrl>#icon-1739-0F9D58-labelson-nodesc</styleUrl>
        <Point>
          <coordinates>
            36.297433,27.098207,0
          </coordinates>
        </Point>
      </Placemark>
      <Placemark>
        <name>بئر الحصانة</name>
        <styleUrl>#icon-1739-0F9D58-labelson-nodesc</styleUrl>
        <Point>
          <coordinates>
            39.283161,27.244549,0
          </coordinates>
        </Point>
      </Placemark>
      <Placemark>
        <name>بئر الحمضة</name>
        <styleUrl>#icon-1739-0F9D58-labelson-nodesc</styleUrl>
        <Point>
          <coordinates>
            34.924164,28.466263,0
          </coordinates>
        </Point>
      </Placemark>
      <Placemark>
        <name>بئر الخريطة</name>
        <styleUrl>#icon-1739-0F9D58-labelson-nodesc</styleUrl>
        <Point>
          <coordinates>
            35.993164,27.774038,0
          </coordinates>
        </Point>
      </Placemark>
      <Placemark>
        <name>بئر الرص</name>
        <styleUrl>#icon-1739-0F9D58-labelson-nodesc</styleUrl>
        <Point>
          <coordinates>
            36.477892,26.382229,0
          </coordinates>
        </Point>
      </Placemark>
      <Placemark>
        <name>بئر الرويثية</name>
        <styleUrl>#icon-1739-0F9D58-labelson-nodesc</styleUrl>
        <Point>
          <coordinates>
            35.876005,27.368617,0
          </coordinates>
        </Point>
      </Placemark>
      <Placemark>
        <name>بئر الزرب</name>
        <styleUrl>#icon-1739-0F9D58-labelson-nodesc</styleUrl>
        <Point>
          <coordinates>
            35.530837,28.077106,0
          </coordinates>
        </Point>
      </Placemark>
      <Placemark>
        <name>بئر الزريب</name>
        <styleUrl>#icon-1739-0F9D58-labelson-nodesc</styleUrl>
        <Point>
          <coordinates>
            36.54572,26.253741,0
          </coordinates>
        </Point>
      </Placemark>
      <Placemark>
        <name>بئر السدره</name>
        <styleUrl>#icon-1739-0F9D58-labelson-nodesc</styleUrl>
        <Point>
          <coordinates>
            35.219808,28.402255,0
          </coordinates>
        </Point>
      </Placemark>
      <Placemark>
        <name>بئر العباسيه</name>
        <styleUrl>#icon-1739-0F9D58-labelson-nodesc</styleUrl>
        <Point>
          <coordinates>
            39.878933,27.181335,0
          </coordinates>
        </Point>
      </Placemark>
      <Placemark>
        <name>بئر العبدين</name>
        <styleUrl>#icon-1739-0F9D58-labelson-nodesc</styleUrl>
        <Point>
          <coordinates>
            36.263466,27.045186,0
          </coordinates>
        </Point>
      </Placemark>
      <Placemark>
        <name>بئر العويند</name>
        <styleUrl>#icon-1739-0F9D58-labelson-nodesc</styleUrl>
        <Point>
          <coordinates>
            36.249111,28.162937,0
          </coordinates>
        </Point>
      </Placemark>
      <Placemark>
        <name>بئر العيينة</name>
        <styleUrl>#icon-1739-0F9D58-labelson-nodesc</styleUrl>
        <Point>
          <coordinates>
            36.107361,28.937259,0
          </coordinates>
        </Point>
      </Placemark>
      <Placemark>
        <name>بئر الغمارية</name>
        <styleUrl>#icon-1739-0F9D58-labelson-nodesc</styleUrl>
        <Point>
          <coordinates>
            38.158672,28.117962,0
          </coordinates>
        </Point>
      </Placemark>
      <Placemark>
        <name>بئر القصير</name>
        <styleUrl>#icon-1739-0F9D58-labelson-nodesc</styleUrl>
        <Point>
          <coordinates>
            36.759996,25.950007,0
          </coordinates>
        </Point>
      </Placemark>
      <Placemark>
        <name>بئر القطار</name>
        <styleUrl>#icon-1739-0F9D58-labelson-nodesc</styleUrl>
        <Point>
          <coordinates>
            35.513091,28.872178,0
          </coordinates>
        </Point>
      </Placemark>
      <Placemark>
        <name>بئر المرزوقي</name>
        <styleUrl>#icon-1739-0F9D58-labelson-nodesc</styleUrl>
        <Point>
          <coordinates>
            37.206445,25.806928,0
          </coordinates>
        </Point>
      </Placemark>
      <Placemark>
        <name>بئر المغاطية</name>
        <styleUrl>#icon-1739-0F9D58-labelson-nodesc</styleUrl>
        <Point>
          <coordinates>
            36.275826,28.984573,0
          </coordinates>
        </Point>
      </Placemark>
      <Placemark>
        <name>بئر النجيلة</name>
        <styleUrl>#icon-1739-0F9D58-labelson-nodesc</styleUrl>
        <Point>
          <coordinates>
            35.58697,28.896983,0
          </coordinates>
        </Point>
      </Placemark>
      <Placemark>
        <name>بئر الوحيدي</name>
        <styleUrl>#icon-1739-0F9D58-labelson-nodesc</styleUrl>
        <Point>
          <coordinates>
            37.32693,25.070608,0
          </coordinates>
        </Point>
      </Placemark>
      <Placemark>
        <name>بئر ام خشاشه</name>
        <styleUrl>#icon-1739-0F9D58-labelson-nodesc</styleUrl>
        <Point>
          <coordinates>
            37.231464,26.397486,0
          </coordinates>
        </Point>
      </Placemark>
      <Placemark>
        <name>بئر بارود</name>
        <styleUrl>#icon-1739-0F9D58-labelson-nodesc</styleUrl>
        <Point>
          <coordinates>
            38.399727,29.065039,0
          </coordinates>
        </Point>
      </Placemark>
      <Placemark>
        <name>بئر بحار</name>
        <styleUrl>#icon-1739-0F9D58-labelson-nodesc</styleUrl>
        <Point>
          <coordinates>
            36.784909,27.08617,0
          </coordinates>
        </Point>
      </Placemark>
      <Placemark>
        <name>بئر تريم</name>
        <styleUrl>#icon-1739-0F9D58-labelson-nodesc</styleUrl>
        <Point>
          <coordinates>
            35.391727,27.897999,0
          </coordinates>
        </Point>
      </Placemark>
      <Placemark>
        <name>بئر ثرف</name>
        <styleUrl>#icon-1739-0F9D58-labelson-nodesc</styleUrl>
        <Point>
          <coordinates>
            35.495517,29.007211,0
          </coordinates>
        </Point>
      </Placemark>
      <Placemark>
        <name>بئر ثرفي</name>
        <styleUrl>#icon-1739-0F9D58-labelson-nodesc</styleUrl>
        <Point>
          <coordinates>
            37.209535,25.651574,0
          </coordinates>
        </Point>
      </Placemark>
      <Placemark>
        <name>بئر جديد</name>
        <styleUrl>#icon-1739-0F9D58-labelson-nodesc</styleUrl>
        <Point>
          <coordinates>
            35.115931,29.141171,0
          </coordinates>
        </Point>
      </Placemark>
      <Placemark>
        <name>بئر حدجان</name>
        <styleUrl>#icon-1739-0F9D58-labelson-nodesc</styleUrl>
        <Point>
          <coordinates>
            38.68211,28.923011,0
          </coordinates>
        </Point>
      </Placemark>
      <Placemark>
        <name>بئر حرامل</name>
        <styleUrl>#icon-1739-0F9D58-labelson-nodesc</styleUrl>
        <Point>
          <coordinates>
            36.415429,26.431539,0
          </coordinates>
        </Point>
      </Placemark>
      <Placemark>
        <name>بئر حزابا</name>
        <styleUrl>#icon-1739-0F9D58-labelson-nodesc</styleUrl>
        <Point>
          <coordinates>
            39.504948,27.181292,0
          </coordinates>
        </Point>
      </Placemark>
      <Placemark>
        <name>بئر رزيقان</name>
        <styleUrl>#icon-1739-0F9D58-labelson-nodesc</styleUrl>
        <Point>
          <coordinates>
            35.902569,27.1452,0
          </coordinates>
        </Point>
      </Placemark>
      <Placemark>
        <name>بئر رمانة</name>
        <styleUrl>#icon-1739-0F9D58-labelson-nodesc</styleUrl>
        <Point>
          <coordinates>
            34.927619,28.777785,0
          </coordinates>
        </Point>
      </Placemark>
      <Placemark>
        <name>بئر روزة</name>
        <styleUrl>#icon-1739-0F9D58-labelson-nodesc</styleUrl>
        <Point>
          <coordinates>
            39.616013,27.507663,0
          </coordinates>
        </Point>
      </Placemark>
      <Placemark>
        <name>بئر سحوب</name>
        <styleUrl>#icon-1739-0F9D58-labelson-nodesc</styleUrl>
        <Point>
          <coordinates>
            36.83439,26.759541,0
          </coordinates>
        </Point>
      </Placemark>
      <Placemark>
        <name>بئر سمحة</name>
        <styleUrl>#icon-1739-0F9D58-labelson-nodesc</styleUrl>
        <Point>
          <coordinates>
            39.633758,27.474511,0
          </coordinates>
        </Point>
      </Placemark>
      <Placemark>
        <name>بئر شعيب</name>
        <styleUrl>#icon-1739-0F9D58-labelson-nodesc</styleUrl>
        <Point>
          <coordinates>
            35.022676,28.518856,0
          </coordinates>
        </Point>
      </Placemark>
      <Placemark>
        <name>بئر صدر</name>
        <styleUrl>#icon-1739-0F9D58-labelson-nodesc</styleUrl>
        <Point>
          <coordinates>
            35.776141,27.90787,0
          </coordinates>
        </Point>
      </Placemark>
      <Placemark>
        <name>بئر عشيران</name>
        <styleUrl>#icon-1739-0F9D58-labelson-nodesc</styleUrl>
        <Point>
          <coordinates>
            36.05464,27.21468,0
          </coordinates>
        </Point>
      </Placemark>
      <Placemark>
        <name>بئر عكوز</name>
        <styleUrl>#icon-1739-0F9D58-labelson-nodesc</styleUrl>
        <Point>
          <coordinates>
            36.496518,26.505096,0
          </coordinates>
        </Point>
      </Placemark>
      <Placemark>
        <name>بئر علي</name>
        <styleUrl>#icon-1739-0F9D58-labelson-nodesc</styleUrl>
        <Point>
          <coordinates>
            35.354068,29.219685,0
          </coordinates>
        </Point>
      </Placemark>
      <Placemark>
        <name>بئر فجر</name>
        <styleUrl>#icon-1739-0F9D58-labelson-nodesc</styleUrl>
        <Point>
          <coordinates>
            37.867277,28.82967,0
          </coordinates>
        </Point>
      </Placemark>
      <Placemark>
        <name>بئر فرحا</name>
        <styleUrl>#icon-1739-0F9D58-labelson-nodesc</styleUrl>
        <Point>
          <coordinates>
            39.618416,27.613986,0
          </coordinates>
        </Point>
      </Placemark>
      <Placemark>
        <name>بئر فشيغ</name>
        <styleUrl>#icon-1739-0F9D58-labelson-nodesc</styleUrl>
        <Point>
          <coordinates>
            36.706352,26.172459,0
          </coordinates>
        </Point>
      </Placemark>
      <Placemark>
        <name>بئر ماء</name>
        <styleUrl>#icon-1739-0F9D58-labelson-nodesc</styleUrl>
        <Point>
          <coordinates>
            36.99234,25.906491,0
          </coordinates>
        </Point>
      </Placemark>
      <Placemark>
        <name>بئر مرشة</name>
        <styleUrl>#icon-1739-0F9D58-labelson-nodesc</styleUrl>
        <Point>
          <coordinates>
            34.84726,28.874474,0
          </coordinates>
        </Point>
      </Placemark>
      <Placemark>
        <name>بئر مليح</name>
        <styleUrl>#icon-1739-0F9D58-labelson-nodesc</styleUrl>
        <Point>
          <coordinates>
            35.400481,29.154561,0
          </coordinates>
        </Point>
      </Placemark>
      <Placemark>
        <name>بئر موسى</name>
        <styleUrl>#icon-1739-0F9D58-labelson-nodesc</styleUrl>
        <Point>
          <coordinates>
            35.018899,28.485425,0
          </coordinates>
        </Point>
      </Placemark>
      <Placemark>
        <name>بئر نجيل</name>
        <styleUrl>#icon-1739-0F9D58-labelson-nodesc</styleUrl>
        <Point>
          <coordinates>
            35.595725,27.68014,0
          </coordinates>
        </Point>
      </Placemark>
      <Placemark>
        <name>بئر نعمي</name>
        <styleUrl>#icon-1739-0F9D58-labelson-nodesc</styleUrl>
        <Point>
          <coordinates>
            35.685461,28.205402,0
          </coordinates>
        </Point>
      </Placemark>
      <Placemark>
        <name>بئر نهيش</name>
        <styleUrl>#icon-1739-0F9D58-labelson-nodesc</styleUrl>
        <Point>
          <coordinates>
            37.785287,25.035782,0
          </coordinates>
        </Point>
      </Placemark>
      <Placemark>
        <name>بئر هداج</name>
        <styleUrl>#icon-1739-0F9D58-labelson-nodesc</styleUrl>
        <Point>
          <coordinates>
            36.366656,27.118871,0
          </coordinates>
        </Point>
      </Placemark>
      <Placemark>
        <name>بئر هداج تيماء</name>
        <styleUrl>#icon-1739-0F9D58-labelson-nodesc</styleUrl>
        <Point>
          <coordinates>
            38.553429,27.634778,0
          </coordinates>
        </Point>
      </Placemark>
      <Placemark>
        <name>بترا النفود</name>
        <styleUrl>#icon-1739-0F9D58-labelson-nodesc</styleUrl>
        <Point>
          <coordinates>
            38.878534,27.575512,0
          </coordinates>
        </Point>
      </Placemark>
      <Placemark>
        <name>ارتواز بريرة</name>
        <styleUrl>#icon-1739-0F9D58-labelson-nodesc</styleUrl>
        <Point>
          <coordinates>
            35.789294,28.344812,0
          </coordinates>
        </Point>
      </Placemark>
      <Placemark>
        <name>ابار ابا العجاج</name>
        <styleUrl>#icon-1739-0F9D58-labelson-nodesc</styleUrl>
        <Point>
          <coordinates>
            36.95936,26.127334,0
          </coordinates>
        </Point>
      </Placemark>
      <Placemark>
        <name>ابار ابيط</name>
        <styleUrl>#icon-1739-0F9D58-labelson-nodesc</styleUrl>
        <Point>
          <coordinates>
            39.165959,27.943704,0
          </coordinates>
        </Point>
      </Placemark>
      <Placemark>
        <name>ابار ابيط</name>
        <styleUrl>#icon-1739-0F9D58-labelson-nodesc</styleUrl>
        <Point>
          <coordinates>
            39.267883,28.050413,0
          </coordinates>
        </Point>
      </Placemark>
      <Placemark>
        <name>ابار البدع</name>
        <styleUrl>#icon-1739-0F9D58-labelson-nodesc</styleUrl>
        <Point>
          <coordinates>
            36.525571,27.86401,0
          </coordinates>
        </Point>
      </Placemark>
      <Placemark>
        <name>ابار الحصانة</name>
        <styleUrl>#icon-1739-0F9D58-labelson-nodesc</styleUrl>
        <Point>
          <coordinates>
            39.319897,27.236953,0
          </coordinates>
        </Point>
      </Placemark>
      <Placemark>
        <name>ابار الخنبرة</name>
        <styleUrl>#icon-1739-0F9D58-labelson-nodesc</styleUrl>
        <Point>
          <coordinates>
            36.241386,27.841372,0
          </coordinates>
        </Point>
      </Placemark>
      <Placemark>
        <name>ابار الرصيفان</name>
        <styleUrl>#icon-1739-0F9D58-labelson-nodesc</styleUrl>
        <Point>
          <coordinates>
            37.013755,26.744649,0
          </coordinates>
        </Point>
      </Placemark>
      <Placemark>
        <name>ابار الزبيرة</name>
        <styleUrl>#icon-1739-0F9D58-labelson-nodesc</styleUrl>
        <Point>
          <coordinates>
            37.266247,26.032898,0
          </coordinates>
        </Point>
      </Placemark>
      <Placemark>
        <name>ابار المدمي</name>
        <styleUrl>#icon-1739-0F9D58-labelson-nodesc</styleUrl>
        <Point>
          <coordinates>
            36.745212,27.292378,0
          </coordinates>
        </Point>
      </Placemark>
      <Placemark>
        <name>ابار المدمي</name>
        <styleUrl>#icon-1739-0F9D58-labelson-nodesc</styleUrl>
        <Point>
          <coordinates>
            36.732252,27.318621,0
          </coordinates>
        </Point>
      </Placemark>
      <Placemark>
        <name>ابار المشاش</name>
        <styleUrl>#icon-1739-0F9D58-labelson-nodesc</styleUrl>
        <Point>
          <coordinates>
            39.285629,28.013012,0
          </coordinates>
        </Point>
      </Placemark>
      <Placemark>
        <name>ابار بوة</name>
        <styleUrl>#icon-1739-0F9D58-labelson-nodesc</styleUrl>
        <Point>
          <coordinates>
            38.453543,26.917984,0
          </coordinates>
        </Point>
      </Placemark>
      <Placemark>
        <name>ابار دمج</name>
        <styleUrl>#icon-1739-0F9D58-labelson-nodesc</styleUrl>
        <Point>
          <coordinates>
            36.39498,28.393114,0
          </coordinates>
        </Point>
      </Placemark>
      <Placemark>
        <name>ابار سلمى</name>
        <styleUrl>#icon-1739-0F9D58-labelson-nodesc</styleUrl>
        <Point>
          <coordinates>
            35.822661,27.321689,0
          </coordinates>
        </Point>
      </Placemark>
      <Placemark>
        <name>ابار سمين</name>
        <styleUrl>#icon-1739-0F9D58-labelson-nodesc</styleUrl>
        <Point>
          <coordinates>
            37.449818,25.159078,0
          </coordinates>
        </Point>
      </Placemark>
      <Placemark>
        <name>ابار عبيان</name>
        <styleUrl>#icon-1739-0F9D58-labelson-nodesc</styleUrl>
        <Point>
          <coordinates>
            39.570072,27.587078,0
          </coordinates>
        </Point>
      </Placemark>
      <Placemark>
        <name>ابار عردة</name>
        <styleUrl>#icon-1739-0F9D58-labelson-nodesc</styleUrl>
        <Point>
          <coordinates>
            38.474293,26.997528,0
          </coordinates>
        </Point>
      </Placemark>
      <Placemark>
        <name>ابار مليح</name>
        <styleUrl>#icon-1739-0F9D58-labelson-nodesc</styleUrl>
        <Point>
          <coordinates>
            39.297709,28.125579,0
          </coordinates>
        </Point>
      </Placemark>
      <Placemark>
        <name>قليب القواد</name>
        <styleUrl>#icon-1739-0F9D58-labelson-nodesc</styleUrl>
        <Point>
          <coordinates>
            39.14453,27.07779,0
          </coordinates>
        </Point>
      </Placemark>
    </Folder>
    <Folder>
      <name>تجمع مياه</name>
      <Placemark>
        <name>شعيب ابا العجل</name>
        <styleUrl>#icon-1739-0288D1-labelson-nodesc</styleUrl>
        <Point>
          <coordinates>
            35.269783,28.613205,0
          </coordinates>
        </Point>
      </Placemark>
      <Placemark>
        <name>شعيب ابو حجاني</name>
        <styleUrl>#icon-1739-0288D1-labelson-nodesc</styleUrl>
        <Point>
          <coordinates>
            36.922817,25.947647,0
          </coordinates>
        </Point>
      </Placemark>
      <Placemark>
        <name>شعيب ابو رجوم</name>
        <styleUrl>#icon-1739-0288D1-labelson-nodesc</styleUrl>
        <Point>
          <coordinates>
            37.194836,25.745602,0
          </coordinates>
        </Point>
      </Placemark>
      <Placemark>
        <name>شعيب ابو رجوم</name>
        <styleUrl>#icon-1739-0288D1-labelson-nodesc</styleUrl>
        <Point>
          <coordinates>
            37.194836,25.745602,0
          </coordinates>
        </Point>
      </Placemark>
      <Placemark>
        <name>شعيب ابو سيالة</name>
        <styleUrl>#icon-1739-0288D1-labelson-nodesc</styleUrl>
        <Point>
          <coordinates>
            37.292726,25.682409,0
          </coordinates>
        </Point>
      </Placemark>
      <Placemark>
        <name>شعيب ارايام</name>
        <styleUrl>#icon-1739-0288D1-labelson-nodesc</styleUrl>
        <Point>
          <coordinates>
            37.112439,25.935459,0
          </coordinates>
        </Point>
      </Placemark>
      <Placemark>
        <name>شعيب اشجار</name>
        <styleUrl>#icon-1739-0288D1-labelson-nodesc</styleUrl>
        <Point>
          <coordinates>
            34.787607,28.210058,0
          </coordinates>
        </Point>
      </Placemark>
      <Placemark>
        <name>شعيب اشيعر</name>
        <styleUrl>#icon-1739-0288D1-labelson-nodesc</styleUrl>
        <Point>
          <coordinates>
            37.179816,25.696914,0
          </coordinates>
        </Point>
      </Placemark>
      <Placemark>
        <name>شعيب الأزبر</name>
        <styleUrl>#icon-1739-0288D1-labelson-nodesc</styleUrl>
        <Point>
          <coordinates>
            37.730463,25.062325,0
          </coordinates>
        </Point>
      </Placemark>
      <Placemark>
        <name>شعيب الاملح</name>
        <styleUrl>#icon-1739-0288D1-labelson-nodesc</styleUrl>
        <Point>
          <coordinates>
            36.97968,25.730903,0
          </coordinates>
        </Point>
      </Placemark>
      <Placemark>
        <name>شعيب البحر</name>
        <styleUrl>#icon-1739-0288D1-labelson-nodesc</styleUrl>
        <Point>
          <coordinates>
            34.911332,28.192141,0
          </coordinates>
        </Point>
      </Placemark>
      <Placemark>
        <name>شعيب البصير</name>
        <styleUrl>#icon-1739-0288D1-labelson-nodesc</styleUrl>
        <Point>
          <coordinates>
            37.643731,25.567482,0
          </coordinates>
        </Point>
      </Placemark>
      <Placemark>
        <name>شعيب الثميد</name>
        <styleUrl>#icon-1739-0288D1-labelson-nodesc</styleUrl>
        <Point>
          <coordinates>
            37.281439,29.593306,0
          </coordinates>
        </Point>
      </Placemark>
      <Placemark>
        <name>شعيب الحبال</name>
        <styleUrl>#icon-1739-0288D1-labelson-nodesc</styleUrl>
        <Point>
          <coordinates>
            34.811039,28.486798,0
          </coordinates>
        </Point>
      </Placemark>
      <Placemark>
        <name>شعيب الحراء</name>
        <styleUrl>#icon-1739-0288D1-labelson-nodesc</styleUrl>
        <Point>
          <coordinates>
            37.649975,25.496178,0
          </coordinates>
        </Point>
      </Placemark>
      <Placemark>
        <name>شعيب الحفير</name>
        <styleUrl>#icon-1739-0288D1-labelson-nodesc</styleUrl>
        <Point>
          <coordinates>
            37.826292,24.974906,0
          </coordinates>
        </Point>
      </Placemark>
      <Placemark>
        <name>شعيب الحفير</name>
        <styleUrl>#icon-1739-0288D1-labelson-nodesc</styleUrl>
        <Point>
          <coordinates>
            37.946584,24.871287,0
          </coordinates>
        </Point>
      </Placemark>
      <Placemark>
        <name>شعيب الحفير</name>
        <styleUrl>#icon-1739-0288D1-labelson-nodesc</styleUrl>
        <Point>
          <coordinates>
            37.861655,24.922636,0
          </coordinates>
        </Point>
      </Placemark>
      <Placemark>
        <name>شعيب الحنجور</name>
        <styleUrl>#icon-1739-0288D1-labelson-nodesc</styleUrl>
        <Point>
          <coordinates>
            37.426407,25.634537,0
          </coordinates>
        </Point>
      </Placemark>
      <Placemark>
        <name>شعيب الحنجور الاول</name>
        <styleUrl>#icon-1739-0288D1-labelson-nodesc</styleUrl>
        <Point>
          <coordinates>
            37.401431,25.72144,0
          </coordinates>
        </Point>
      </Placemark>
      <Placemark>
        <name>شعيب الحنك</name>
        <styleUrl>#icon-1739-0288D1-labelson-nodesc</styleUrl>
        <Point>
          <coordinates>
            37.072012,25.713201,0
          </coordinates>
        </Point>
      </Placemark>
      <Placemark>
        <name>شعيب الخريمات</name>
        <styleUrl>#icon-1739-0288D1-labelson-nodesc</styleUrl>
        <Point>
          <coordinates>
            35.927331,28.928611,0
          </coordinates>
        </Point>
      </Placemark>
      <Placemark>
        <name>شعيب الدمنة</name>
        <styleUrl>#icon-1739-0288D1-labelson-nodesc</styleUrl>
        <Point>
          <coordinates>
            35.851929,29.079781,0
          </coordinates>
        </Point>
      </Placemark>
      <Placemark>
        <name>شعيب الردة</name>
        <styleUrl>#icon-1739-0288D1-labelson-nodesc</styleUrl>
        <Point>
          <coordinates>
            37.207089,25.52433,0
          </coordinates>
        </Point>
      </Placemark>
      <Placemark>
        <name>شعيب الرمل</name>
        <styleUrl>#icon-1739-0288D1-labelson-nodesc</styleUrl>
        <Point>
          <coordinates>
            34.972787,28.219242,0
          </coordinates>
        </Point>
      </Placemark>
      <Placemark>
        <name>شعيب السديرة</name>
        <styleUrl>#icon-1739-0288D1-labelson-nodesc</styleUrl>
        <Point>
          <coordinates>
            37.801809,24.771831,0
          </coordinates>
        </Point>
      </Placemark>
      <Placemark>
        <name>شعيب السلاعو</name>
        <styleUrl>#icon-1739-0288D1-labelson-nodesc</styleUrl>
        <Point>
          <coordinates>
            37.933817,27.946429,0
          </coordinates>
        </Point>
      </Placemark>
      <Placemark>
        <name>شعيب السلع</name>
        <styleUrl>#icon-1739-0288D1-labelson-nodesc</styleUrl>
        <Point>
          <coordinates>
            37.136643,25.955973,0
          </coordinates>
        </Point>
      </Placemark>
      <Placemark>
        <name>شعيب السلوب</name>
        <styleUrl>#icon-1739-0288D1-labelson-nodesc</styleUrl>
        <Point>
          <coordinates>
            37.559423,25.332177,0
          </coordinates>
        </Point>
      </Placemark>
      <Placemark>
        <name>شعيب الشاقة</name>
        <styleUrl>#icon-1739-0288D1-labelson-nodesc</styleUrl>
        <Point>
          <coordinates>
            37.537987,25.121591,0
          </coordinates>
        </Point>
      </Placemark>
      <Placemark>
        <name>شعيب الصفحة</name>
        <styleUrl>#icon-1739-0288D1-labelson-nodesc</styleUrl>
        <Point>
          <coordinates>
            37.573156,24.882746,0
          </coordinates>
        </Point>
      </Placemark>
      <Placemark>
        <name>شعيب العويند</name>
        <styleUrl>#icon-1739-0288D1-labelson-nodesc</styleUrl>
        <Point>
          <coordinates>
            37.434111,25.093567,0
          </coordinates>
        </Point>
      </Placemark>
      <Placemark>
        <name>شعيب الغربان</name>
        <styleUrl>#icon-1739-0288D1-labelson-nodesc</styleUrl>
        <Point>
          <coordinates>
            36.829412,25.954793,0
          </coordinates>
        </Point>
      </Placemark>
      <Placemark>
        <name>شعيب الغصن</name>
        <styleUrl>#icon-1739-0288D1-labelson-nodesc</styleUrl>
        <Point>
          <coordinates>
            37.724369,25.585012,0
          </coordinates>
        </Point>
      </Placemark>
      <Placemark>
        <name>شعيب الغصن</name>
        <styleUrl>#icon-1739-0288D1-labelson-nodesc</styleUrl>
        <Point>
          <coordinates>
            37.770824,24.88384,0
          </coordinates>
        </Point>
      </Placemark>
      <Placemark>
        <name>شعيب الغصن</name>
        <styleUrl>#icon-1739-0288D1-labelson-nodesc</styleUrl>
        <Point>
          <coordinates>
            37.884164,24.873691,0
          </coordinates>
        </Point>
      </Placemark>
      <Placemark>
        <name>شعيب القف</name>
        <styleUrl>#icon-1739-0288D1-labelson-nodesc</styleUrl>
        <Point>
          <coordinates>
            37.534404,25.14086,0
          </coordinates>
        </Point>
      </Placemark>
      <Placemark>
        <name>شعيب المحرية</name>
        <styleUrl>#icon-1739-0288D1-labelson-nodesc</styleUrl>
        <Point>
          <coordinates>
            37.339954,25.492229,0
          </coordinates>
        </Point>
      </Placemark>
      <Placemark>
        <name>شعيب المخيط</name>
        <styleUrl>#icon-1739-0288D1-labelson-nodesc</styleUrl>
        <Point>
          <coordinates>
            37.040405,25.915031,0
          </coordinates>
        </Point>
      </Placemark>
      <Placemark>
        <name>شعيب المرزوقي</name>
        <styleUrl>#icon-1739-0288D1-labelson-nodesc</styleUrl>
        <Point>
          <coordinates>
            37.200565,25.787487,0
          </coordinates>
        </Point>
      </Placemark>
      <Placemark>
        <name>شعيب المطيردة</name>
        <styleUrl>#icon-1739-0288D1-labelson-nodesc</styleUrl>
        <Point>
          <coordinates>
            37.378922,25.005677,0
          </coordinates>
        </Point>
      </Placemark>
      <Placemark>
        <name>شعيب المطيردة</name>
        <styleUrl>#icon-1739-0288D1-labelson-nodesc</styleUrl>
        <Point>
          <coordinates>
            37.606008,25.024323,0
          </coordinates>
        </Point>
      </Placemark>
      <Placemark>
        <name>شعيب المعرص</name>
        <styleUrl>#icon-1739-0288D1-labelson-nodesc</styleUrl>
        <Point>
          <coordinates>
            37.342529,25.353527,0
          </coordinates>
        </Point>
      </Placemark>
      <Placemark>
        <name>شعيب المكون</name>
        <styleUrl>#icon-1739-0288D1-labelson-nodesc</styleUrl>
        <Point>
          <coordinates>
            35.872529,28.530099,0
          </coordinates>
        </Point>
      </Placemark>
      <Placemark>
        <name>شعيب المملحة</name>
        <styleUrl>#icon-1739-0288D1-labelson-nodesc</styleUrl>
        <Point>
          <coordinates>
            37.628002,25.099082,0
          </coordinates>
        </Point>
      </Placemark>
      <Placemark>
        <name>شعيب المنجور</name>
        <styleUrl>#icon-1739-0288D1-labelson-nodesc</styleUrl>
        <Point>
          <coordinates>
            37.227001,25.942154,0
          </coordinates>
        </Point>
      </Placemark>
      <Placemark>
        <name>شعيب النابع</name>
        <styleUrl>#icon-1739-0288D1-labelson-nodesc</styleUrl>
        <Point>
          <coordinates>
            37.57865,24.867082,0
          </coordinates>
        </Point>
      </Placemark>
      <Placemark>
        <name>شعيب ام جراد</name>
        <styleUrl>#icon-1739-0288D1-labelson-nodesc</styleUrl>
        <Point>
          <coordinates>
            37.763958,25.695477,0
          </coordinates>
        </Point>
      </Placemark>
      <Placemark>
        <name>شعيب ام جرفان</name>
        <styleUrl>#icon-1739-0288D1-labelson-nodesc</styleUrl>
        <Point>
          <coordinates>
            37.251441,29.696817,0
          </coordinates>
        </Point>
      </Placemark>
      <Placemark>
        <name>شعيب ام حنظل</name>
        <styleUrl>#icon-1739-0288D1-labelson-nodesc</styleUrl>
        <Point>
          <coordinates>
            38.084965,27.617526,0
          </coordinates>
        </Point>
      </Placemark>
      <Placemark>
        <name>شعيب ام حنظل</name>
        <styleUrl>#icon-1739-0288D1-labelson-nodesc</styleUrl>
        <Point>
          <coordinates>
            38.14672,27.653554,0
          </coordinates>
        </Point>
      </Placemark>
      <Placemark>
        <name>شعيب ام سرحة</name>
        <styleUrl>#icon-1739-0288D1-labelson-nodesc</styleUrl>
        <Point>
          <coordinates>
            37.122288,25.719166,0
          </coordinates>
        </Point>
      </Placemark>
      <Placemark>
        <name>شعيب ام سلمة</name>
        <styleUrl>#icon-1739-0288D1-labelson-nodesc</styleUrl>
        <Point>
          <coordinates>
            37.173743,25.554414,0
          </coordinates>
        </Point>
      </Placemark>
      <Placemark>
        <name>شعيب ام نتش</name>
        <styleUrl>#icon-1739-0288D1-labelson-nodesc</styleUrl>
        <Point>
          <coordinates>
            37.441342,25.345008,0
          </coordinates>
        </Point>
      </Placemark>
      <Placemark>
        <name>شعيب ام هشيم</name>
        <styleUrl>#icon-1739-0288D1-labelson-nodesc</styleUrl>
        <Point>
          <coordinates>
            37.610343,25.506005,0
          </coordinates>
        </Point>
      </Placemark>
      <Placemark>
        <name>شعيب ثرفي</name>
        <styleUrl>#icon-1739-0288D1-labelson-nodesc</styleUrl>
        <Point>
          <coordinates>
            37.255561,25.640953,0
          </coordinates>
        </Point>
      </Placemark>
      <Placemark>
        <name>شعيب جذع</name>
        <styleUrl>#icon-1739-0288D1-labelson-nodesc</styleUrl>
        <Point>
          <coordinates>
            37.361326,25.51064,0
          </coordinates>
        </Point>
      </Placemark>
      <Placemark>
        <name>شعيب جر</name>
        <styleUrl>#icon-1739-0288D1-labelson-nodesc</styleUrl>
        <Point>
          <coordinates>
            37.567105,25.584111,0
          </coordinates>
        </Point>
      </Placemark>
      <Placemark>
        <name>شعيب حظة</name>
        <styleUrl>#icon-1739-0288D1-labelson-nodesc</styleUrl>
        <Point>
          <coordinates>
            37.573886,24.778655,0
          </coordinates>
        </Point>
      </Placemark>
      <Placemark>
        <name>شعيب حنبق</name>
        <styleUrl>#icon-1739-0288D1-labelson-nodesc</styleUrl>
        <Point>
          <coordinates>
            37.402332,25.764742,0
          </coordinates>
        </Point>
      </Placemark>
      <Placemark>
        <name>شعيب ذهاب</name>
        <styleUrl>#icon-1739-0288D1-labelson-nodesc</styleUrl>
        <Point>
          <coordinates>
            37.490029,25.392451,0
          </coordinates>
        </Point>
      </Placemark>
      <Placemark>
        <name>شعيب رويطية</name>
        <styleUrl>#icon-1739-0288D1-labelson-nodesc</styleUrl>
        <Point>
          <coordinates>
            36.902196,25.787938,0
          </coordinates>
        </Point>
      </Placemark>
      <Placemark>
        <name>شعيب رويطية</name>
        <styleUrl>#icon-1739-0288D1-labelson-nodesc</styleUrl>
        <Point>
          <coordinates>
            36.958952,25.695455,0
          </coordinates>
        </Point>
      </Placemark>
      <Placemark>
        <name>شعيب ريم</name>
        <styleUrl>#icon-1739-0288D1-labelson-nodesc</styleUrl>
        <Point>
          <coordinates>
            37.111387,25.929601,0
          </coordinates>
        </Point>
      </Placemark>
      <Placemark>
        <name>شعيب سميلق</name>
        <styleUrl>#icon-1739-0288D1-labelson-nodesc</styleUrl>
        <Point>
          <coordinates>
            36.894321,25.80004,0
          </coordinates>
        </Point>
      </Placemark>
      <Placemark>
        <name>شعيب سيالة</name>
        <styleUrl>#icon-1739-0288D1-labelson-nodesc</styleUrl>
        <Point>
          <coordinates>
            35.353532,29.216423,0
          </coordinates>
        </Point>
      </Placemark>
      <Placemark>
        <name>شعيب شطين الابيض</name>
        <styleUrl>#icon-1739-0288D1-labelson-nodesc</styleUrl>
        <Point>
          <coordinates>
            37.172821,25.884991,0
          </coordinates>
        </Point>
      </Placemark>
      <Placemark>
        <name>شعيب شعوان</name>
        <styleUrl>#icon-1739-0288D1-labelson-nodesc</styleUrl>
        <Point>
          <coordinates>
            37.284164,25.706055,0
          </coordinates>
        </Point>
      </Placemark>
      <Placemark>
        <name>شعيب غظى</name>
        <styleUrl>#icon-1739-0288D1-labelson-nodesc</styleUrl>
        <Point>
          <coordinates>
            37.294571,29.709499,0
          </coordinates>
        </Point>
      </Placemark>
      <Placemark>
        <name>شعيب كلوة</name>
        <styleUrl>#icon-1739-0288D1-labelson-nodesc</styleUrl>
        <Point>
          <coordinates>
            37.580431,29.788506,0
          </coordinates>
        </Point>
      </Placemark>
      <Placemark>
        <name>شعيب لاكوس</name>
        <styleUrl>#icon-1739-0288D1-labelson-nodesc</styleUrl>
        <Point>
          <coordinates>
            35.375097,28.692555,0
          </coordinates>
        </Point>
      </Placemark>
      <Placemark>
        <name>شعيب محسر</name>
        <styleUrl>#icon-1739-0288D1-labelson-nodesc</styleUrl>
        <Point>
          <coordinates>
            37.602897,24.845066,0
          </coordinates>
        </Point>
      </Placemark>
      <Placemark>
        <name>شعيب مرار</name>
        <styleUrl>#icon-1739-0288D1-labelson-nodesc</styleUrl>
        <Point>
          <coordinates>
            37.409091,24.719367,0
          </coordinates>
        </Point>
      </Placemark>
      <Placemark>
        <name>شعيب مرطبة</name>
        <styleUrl>#icon-1739-0288D1-labelson-nodesc</styleUrl>
        <Point>
          <coordinates>
            37.585688,24.988232,0
          </coordinates>
        </Point>
      </Placemark>
      <Placemark>
        <name>شعيب مريخ</name>
        <styleUrl>#icon-1739-0288D1-labelson-nodesc</styleUrl>
        <Point>
          <coordinates>
            37.389028,24.703832,0
          </coordinates>
        </Point>
      </Placemark>
      <Placemark>
        <name>شعيب مريخ الشمالي</name>
        <styleUrl>#icon-1739-0288D1-labelson-nodesc</styleUrl>
        <Point>
          <coordinates>
            37.343323,24.68688,0
          </coordinates>
        </Point>
      </Placemark>
      <Placemark>
        <name>شعيب مريخ الطولاء</name>
        <styleUrl>#icon-1739-0288D1-labelson-nodesc</styleUrl>
        <Point>
          <coordinates>
            37.292147,25.780792,0
          </coordinates>
        </Point>
      </Placemark>
      <Placemark>
        <name>شعيب مريخ الطولاء</name>
        <styleUrl>#icon-1739-0288D1-labelson-nodesc</styleUrl>
        <Point>
          <coordinates>
            37.318411,25.790341,0
          </coordinates>
        </Point>
      </Placemark>
      <Placemark>
        <name>شعيب مقرح الفحم</name>
        <styleUrl>#icon-1739-0288D1-labelson-nodesc</styleUrl>
        <Point>
          <coordinates>
            37.637873,25.601621,0
          </coordinates>
        </Point>
      </Placemark>
      <Placemark>
        <name>شعيب نعظة</name>
        <styleUrl>#icon-1739-0288D1-labelson-nodesc</styleUrl>
        <Point>
          <coordinates>
            37.569251,24.914761,0
          </coordinates>
        </Point>
      </Placemark>
      <Placemark>
        <name>قيعان الشبليات</name>
        <styleUrl>#icon-1739-0288D1-labelson-nodesc</styleUrl>
        <Point>
          <coordinates>
            38.132193,29.497991,0
          </coordinates>
        </Point>
      </Placemark>
      <Placemark>
        <name>قيعان الطرايف</name>
        <styleUrl>#icon-1739-0288D1-labelson-nodesc</styleUrl>
        <Point>
          <coordinates>
            39.326248,27.379947,0
          </coordinates>
        </Point>
      </Placemark>
      <Placemark>
        <name>قيعان المريشدية</name>
        <styleUrl>#icon-1739-0288D1-labelson-nodesc</styleUrl>
        <Point>
          <coordinates>
            37.453079,29.853051,0
          </coordinates>
        </Point>
      </Placemark>
      <Placemark>
        <name>قيعان جريش</name>
        <styleUrl>#icon-1739-0288D1-labelson-nodesc</styleUrl>
        <Point>
          <coordinates>
            38.564222,27.968166,0
          </coordinates>
        </Point>
      </Placemark>
      <Placemark>
        <name>قيعان خنصر</name>
        <styleUrl>#icon-1739-0288D1-labelson-nodesc</styleUrl>
        <Point>
          <coordinates>
            38.800364,28.987319,0
          </coordinates>
        </Point>
      </Placemark>
      <Placemark>
        <name>قاع ابن فرحان</name>
        <styleUrl>#icon-1739-0288D1-labelson-nodesc</styleUrl>
        <Point>
          <coordinates>
            38.291645,27.736015,0
          </coordinates>
        </Point>
      </Placemark>
      <Placemark>
        <name>قاع ابو دماس</name>
        <styleUrl>#icon-1739-0288D1-labelson-nodesc</styleUrl>
        <Point>
          <coordinates>
            36.14886,28.609128,0
          </coordinates>
        </Point>
      </Placemark>
      <Placemark>
        <name>قاع ابو طرفاء</name>
        <styleUrl>#icon-1739-0288D1-labelson-nodesc</styleUrl>
        <Point>
          <coordinates>
            36.141264,28.925865,0
          </coordinates>
        </Point>
      </Placemark>
      <Placemark>
        <name>قاع ابو هشائم</name>
        <styleUrl>#icon-1739-0288D1-labelson-nodesc</styleUrl>
        <Point>
          <coordinates>
            37.390251,27.785282,0
          </coordinates>
        </Point>
      </Placemark>
      <Placemark>
        <name>قاع ابيط</name>
        <styleUrl>#icon-1739-0288D1-labelson-nodesc</styleUrl>
        <Point>
          <coordinates>
            39.264107,28.044834,0
          </coordinates>
        </Point>
      </Placemark>
      <Placemark>
        <name>قاع الامسح</name>
        <styleUrl>#icon-1739-0288D1-labelson-nodesc</styleUrl>
        <Point>
          <coordinates>
            37.820778,27.582207,0
          </coordinates>
        </Point>
      </Placemark>
      <Placemark>
        <name>قاع الثغرة</name>
        <styleUrl>#icon-1739-0288D1-labelson-nodesc</styleUrl>
        <Point>
          <coordinates>
            36.06833,28.58649,0
          </coordinates>
        </Point>
      </Placemark>
      <Placemark>
        <name>قاع الحرضة</name>
        <styleUrl>#icon-1739-0288D1-labelson-nodesc</styleUrl>
        <Point>
          <coordinates>
            36.323204,28.784952,0
          </coordinates>
        </Point>
      </Placemark>
      <Placemark>
        <name>قاع الخشة</name>
        <styleUrl>#icon-1739-0288D1-labelson-nodesc</styleUrl>
        <Point>
          <coordinates>
            36.272993,29.268308,0
          </coordinates>
        </Point>
      </Placemark>
      <Placemark>
        <name>قاع السايلة</name>
        <styleUrl>#icon-1739-0288D1-labelson-nodesc</styleUrl>
        <Point>
          <coordinates>
            39.246962,28.01445,0
          </coordinates>
        </Point>
      </Placemark>
      <Placemark>
        <name>قاع السطيحة</name>
        <styleUrl>#icon-1739-0288D1-labelson-nodesc</styleUrl>
        <Point>
          <coordinates>
            37.464752,27.528648,0
          </coordinates>
        </Point>
      </Placemark>
      <Placemark>
        <name>قاع السييلة</name>
        <styleUrl>#icon-1739-0288D1-labelson-nodesc</styleUrl>
        <Point>
          <coordinates>
            37.794342,24.951153,0
          </coordinates>
        </Point>
      </Placemark>
      <Placemark>
        <name>قاع الشبكة</name>
        <styleUrl>#icon-1739-0288D1-labelson-nodesc</styleUrl>
        <Point>
          <coordinates>
            39.283826,28.104851,0
          </coordinates>
        </Point>
      </Placemark>
      <Placemark>
        <name>قاع الصنيع</name>
        <styleUrl>#icon-1739-0288D1-labelson-nodesc</styleUrl>
        <Point>
          <coordinates>
            38.063014,26.930172,0
          </coordinates>
        </Point>
      </Placemark>
      <Placemark>
        <name>قاع العقيلة</name>
        <styleUrl>#icon-1739-0288D1-labelson-nodesc</styleUrl>
        <Point>
          <coordinates>
            36.260741,29.05798,0
          </coordinates>
        </Point>
      </Placemark>
      <Placemark>
        <name>قاع الغويرات</name>
        <styleUrl>#icon-1739-0288D1-labelson-nodesc</styleUrl>
        <Point>
          <coordinates>
            37.625191,27.676256,0
          </coordinates>
        </Point>
      </Placemark>
      <Placemark>
        <name>قاع الفارعة</name>
        <styleUrl>#icon-1739-0288D1-labelson-nodesc</styleUrl>
        <Point>
          <coordinates>
            37.168529,27.640507,0
          </coordinates>
        </Point>
      </Placemark>
      <Placemark>
        <name>قاع الكمايم</name>
        <styleUrl>#icon-1739-0288D1-labelson-nodesc</styleUrl>
        <Point>
          <coordinates>
            35.899651,28.127253,0
          </coordinates>
        </Point>
      </Placemark>
      <Placemark>
        <name>قاع المجينينة</name>
        <styleUrl>#icon-1739-0288D1-labelson-nodesc</styleUrl>
        <Point>
          <coordinates>
            37.336693,27.669926,0
          </coordinates>
        </Point>
      </Placemark>
      <Placemark>
        <name>قاع المحرق</name>
        <styleUrl>#icon-1739-0288D1-labelson-nodesc</styleUrl>
        <Point>
          <coordinates>
            35.891497,28.721931,0
          </coordinates>
        </Point>
      </Placemark>
      <Placemark>
        <name>قاع المشيطية</name>
        <styleUrl>#icon-1739-0288D1-labelson-nodesc</styleUrl>
        <Point>
          <coordinates>
            36.196175,29.222238,0
          </coordinates>
        </Point>
      </Placemark>
      <Placemark>
        <name>قاع المعظم</name>
        <styleUrl>#icon-1739-0288D1-labelson-nodesc</styleUrl>
        <Point>
          <coordinates>
            37.505994,27.73387,0
          </coordinates>
        </Point>
      </Placemark>
      <Placemark>
        <name>قاع النيل</name>
        <styleUrl>#icon-1739-0288D1-labelson-nodesc</styleUrl>
        <Point>
          <coordinates>
            36.218233,28.912003,0
          </coordinates>
        </Point>
      </Placemark>
      <Placemark>
        <name>قاع الوظام</name>
        <styleUrl>#icon-1739-0288D1-labelson-nodesc</styleUrl>
        <Point>
          <coordinates>
            36.224005,28.800316,0
          </coordinates>
        </Point>
      </Placemark>
      <Placemark>
        <name>قاع ام جلف</name>
        <styleUrl>#icon-1739-0288D1-labelson-nodesc</styleUrl>
        <Point>
          <coordinates>
            35.846865,28.160942,0
          </coordinates>
        </Point>
      </Placemark>
      <Placemark>
        <name>قاع ام سلي</name>
        <styleUrl>#icon-1739-0288D1-labelson-nodesc</styleUrl>
        <Point>
          <coordinates>
            35.714064,28.5151,0
          </coordinates>
        </Point>
      </Placemark>
      <Placemark>
        <name>قاع ام طريفة</name>
        <styleUrl>#icon-1739-0288D1-labelson-nodesc</styleUrl>
        <Point>
          <coordinates>
            37.4051,29.685788,0
          </coordinates>
        </Point>
      </Placemark>
      <Placemark>
        <name>قاع ام قويع</name>
        <styleUrl>#icon-1739-0288D1-labelson-nodesc</styleUrl>
        <Point>
          <coordinates>
            37.201252,27.685032,0
          </coordinates>
        </Point>
      </Placemark>
      <Placemark>
        <name>قاع بني مره</name>
        <styleUrl>#icon-1739-0288D1-labelson-nodesc</styleUrl>
        <Point>
          <coordinates>
            35.81558,28.31902,0
          </coordinates>
        </Point>
      </Placemark>
      <Placemark>
        <name>قاع بوهان</name>
        <styleUrl>#icon-1739-0288D1-labelson-nodesc</styleUrl>
        <Point>
          <coordinates>
            36.974251,29.24758,0
          </coordinates>
        </Point>
      </Placemark>
      <Placemark>
        <name>قاع بوهان</name>
        <styleUrl>#icon-1739-0288D1-labelson-nodesc</styleUrl>
        <Point>
          <coordinates>
            37.716751,29.264317,0
          </coordinates>
        </Point>
      </Placemark>
      <Placemark>
        <name>قاع بوهان</name>
        <styleUrl>#icon-1739-0288D1-labelson-nodesc</styleUrl>
        <Point>
          <coordinates>
            38.716679,27.201805,0
          </coordinates>
        </Point>
      </Placemark>
      <Placemark>
        <name>قاع بوهان</name>
        <styleUrl>#icon-1739-0288D1-labelson-nodesc</styleUrl>
        <Point>
          <coordinates>
            38.521371,26.823764,0
          </coordinates>
        </Point>
      </Placemark>
      <Placemark>
        <name>قاع ثنيات الريلان</name>
        <styleUrl>#icon-1739-0288D1-labelson-nodesc</styleUrl>
        <Point>
          <coordinates>
            38.220234,29.602661,0
          </coordinates>
        </Point>
      </Placemark>
      <Placemark>
        <name>قاع جاسم</name>
        <styleUrl>#icon-1739-0288D1-labelson-nodesc</styleUrl>
        <Point>
          <coordinates>
            39.65013,27.293022,0
          </coordinates>
        </Point>
      </Placemark>
      <Placemark>
        <name>قاع دبل</name>
        <styleUrl>#icon-1739-0288D1-labelson-nodesc</styleUrl>
        <Point>
          <coordinates>
            36.582735,28.913569,0
          </coordinates>
        </Point>
      </Placemark>
      <Placemark>
        <name>قاع رجم العونة</name>
        <styleUrl>#icon-1739-0288D1-labelson-nodesc</styleUrl>
        <Point>
          <coordinates>
            38.971939,27.442818,0
          </coordinates>
        </Point>
      </Placemark>
      <Placemark>
        <name>قاع سمر</name>
        <styleUrl>#icon-1739-0288D1-labelson-nodesc</styleUrl>
        <Point>
          <coordinates>
            37.774022,24.912765,0
          </coordinates>
        </Point>
      </Placemark>
      <Placemark>
        <name>قاع شرورا</name>
        <styleUrl>#icon-1739-0288D1-labelson-nodesc</styleUrl>
        <Point>
          <coordinates>
            36.519992,28.565204,0
          </coordinates>
        </Point>
      </Placemark>
      <Placemark>
        <name>قاع طعمة</name>
        <styleUrl>#icon-1739-0288D1-labelson-nodesc</styleUrl>
        <Point>
          <coordinates>
            38.415134,28.963931,0
          </coordinates>
        </Point>
      </Placemark>
      <Placemark>
        <name>قاع عمم</name>
        <styleUrl>#icon-1739-0288D1-labelson-nodesc</styleUrl>
        <Point>
          <coordinates>
            35.641236,28.66833,0
          </coordinates>
        </Point>
      </Placemark>
      <Placemark>
        <name>قاع غريف جريداء</name>
        <styleUrl>#icon-1739-0288D1-labelson-nodesc</styleUrl>
        <Point>
          <coordinates>
            38.205471,27.640572,0
          </coordinates>
        </Point>
      </Placemark>
      <Placemark>
        <name>قاع قليليص</name>
        <styleUrl>#icon-1739-0288D1-labelson-nodesc</styleUrl>
        <Point>
          <coordinates>
            37.204106,27.445908,0
          </coordinates>
        </Point>
      </Placemark>
      <Placemark>
        <name>قاع ندغ</name>
        <styleUrl>#icon-1739-0288D1-labelson-nodesc</styleUrl>
        <Point>
          <coordinates>
            38.073614,26.977422,0
          </coordinates>
        </Point>
      </Placemark>
      <Placemark>
        <name>قاع هوبان</name>
        <styleUrl>#icon-1739-0288D1-labelson-nodesc</styleUrl>
        <Point>
          <coordinates>
            38.340182,27.968295,0
          </coordinates>
        </Point>
      </Placemark>
      <Placemark>
        <name>قاع واردات</name>
        <styleUrl>#icon-1739-0288D1-labelson-nodesc</styleUrl>
        <Point>
          <coordinates>
            36.28031,28.96966,0
          </coordinates>
        </Point>
      </Placemark>
      <Placemark>
        <name>روض فراس</name>
        <styleUrl>#icon-1739-0288D1-labelson-nodesc</styleUrl>
        <Point>
          <coordinates>
            35.757022,28.27353,0
          </coordinates>
        </Point>
      </Placemark>
      <Placemark>
        <name>روضة الأسفعية</name>
        <styleUrl>#icon-1739-0288D1-labelson-nodesc</styleUrl>
        <Point>
          <coordinates>
            37.985401,24.903603,0
          </coordinates>
        </Point>
      </Placemark>
      <Placemark>
        <name>روضة الاغيدرات</name>
        <styleUrl>#icon-1739-0288D1-labelson-nodesc</styleUrl>
        <Point>
          <coordinates>
            37.740269,24.847577,0
          </coordinates>
        </Point>
      </Placemark>
      <Placemark>
        <name>روضة البديحة</name>
        <styleUrl>#icon-1739-0288D1-labelson-nodesc</styleUrl>
        <Point>
          <coordinates>
            37.770996,24.822063,0
          </coordinates>
        </Point>
      </Placemark>
      <Placemark>
        <name>روضة الخطباء</name>
        <styleUrl>#icon-1739-0288D1-labelson-nodesc</styleUrl>
        <Point>
          <coordinates>
            37.601566,25.363827,0
          </coordinates>
        </Point>
      </Placemark>
      <Placemark>
        <name>روضة الديسة</name>
        <styleUrl>#icon-1739-0288D1-labelson-nodesc</styleUrl>
        <Point>
          <coordinates>
            37.962742,24.86721,0
          </coordinates>
        </Point>
      </Placemark>
      <Placemark>
        <name>روضة الغربانية</name>
        <styleUrl>#icon-1739-0288D1-labelson-nodesc</styleUrl>
        <Point>
          <coordinates>
            37.758637,25.282974,0
          </coordinates>
        </Point>
      </Placemark>
      <Placemark>
        <name>روضة الفدغانية</name>
        <styleUrl>#icon-1739-0288D1-labelson-nodesc</styleUrl>
        <Point>
          <coordinates>
            37.442608,25.029087,0
          </coordinates>
        </Point>
      </Placemark>
      <Placemark>
        <name>روضة الناقة</name>
        <styleUrl>#icon-1739-0288D1-labelson-nodesc</styleUrl>
        <Point>
          <coordinates>
            38.038745,26.905239,0
          </coordinates>
        </Point>
      </Placemark>
      <Placemark>
        <name>روضة النعيمة</name>
        <styleUrl>#icon-1739-0288D1-labelson-nodesc</styleUrl>
        <Point>
          <coordinates>
            37.506809,25.141869,0
          </coordinates>
        </Point>
      </Placemark>
      <Placemark>
        <name>روضة الهايس</name>
        <styleUrl>#icon-1739-0288D1-labelson-nodesc</styleUrl>
        <Point>
          <coordinates>
            38.038917,26.895475,0
          </coordinates>
        </Point>
      </Placemark>
      <Placemark>
        <name>العين الخضراء</name>
        <styleUrl>#icon-1739-0288D1-labelson-nodesc</styleUrl>
        <Point>
          <coordinates>
            36.595566,27.5615,0
          </coordinates>
        </Point>
      </Placemark>
      <Placemark>
        <name>العين الزرقاء</name>
        <styleUrl>#icon-1739-0288D1-labelson-nodesc</styleUrl>
        <Point>
          <coordinates>
            36.522267,27.633598,0
          </coordinates>
        </Point>
      </Placemark>
      <Placemark>
        <name>وديان العقيله</name>
        <styleUrl>#icon-1739-0288D1-labelson-nodesc</styleUrl>
        <Point>
          <coordinates>
            38.389664,28.780017,0
          </coordinates>
        </Point>
      </Placemark>
      <Placemark>
        <name>وديان سعد</name>
        <styleUrl>#icon-1739-0288D1-labelson-nodesc</styleUrl>
        <Point>
          <coordinates>
            36.774909,29.530714,0
          </coordinates>
        </Point>
      </Placemark>
      <Placemark>
        <name>سد الشرف</name>
        <styleUrl>#icon-1739-0288D1-labelson-nodesc</styleUrl>
        <Point>
          <coordinates>
            35.180733,28.94213,0
          </coordinates>
        </Point>
      </Placemark>
      <Placemark>
        <name>سد نجد</name>
        <styleUrl>#icon-1739-0288D1-labelson-nodesc</styleUrl>
        <Point>
          <coordinates>
            37.024376,26.818142,0
          </coordinates>
        </Point>
      </Placemark>
      <Placemark>
        <name>سد وادي أرنب</name>
        <styleUrl>#icon-1739-0288D1-labelson-nodesc</styleUrl>
        <Point>
          <coordinates>
            35.502148,28.084981,0
          </coordinates>
        </Point>
      </Placemark>
      <Placemark>
        <name>سد وذرا</name>
        <styleUrl>#icon-1739-0288D1-labelson-nodesc</styleUrl>
        <Point>
          <coordinates>
            37.258029,29.541786,0
          </coordinates>
        </Point>
      </Placemark>
      <Placemark>
        <name>خب الشوايا</name>
        <styleUrl>#icon-1739-0288D1-labelson-nodesc</styleUrl>
        <Point>
          <coordinates>
            39.368713,27.65909,0
          </coordinates>
        </Point>
      </Placemark>
      <Placemark>
        <name>خب شعيلان</name>
        <styleUrl>#icon-1739-0288D1-labelson-nodesc</styleUrl>
        <Point>
          <coordinates>
            37.4946,28.71191,0
          </coordinates>
        </Point>
      </Placemark>
      <Placemark>
        <name>خب عميشان</name>
        <styleUrl>#icon-1739-0288D1-labelson-nodesc</styleUrl>
        <Point>
          <coordinates>
            39.342835,27.802813,0
          </coordinates>
        </Point>
      </Placemark>
      <Placemark>
        <name>خب مسيب</name>
        <styleUrl>#icon-1739-0288D1-labelson-nodesc</styleUrl>
        <Point>
          <coordinates>
            39.066589,27.825429,0
          </coordinates>
        </Point>
      </Placemark>
      <Placemark>
        <name>خباري السنانيات</name>
        <styleUrl>#icon-1739-0288D1-labelson-nodesc</styleUrl>
        <Point>
          <coordinates>
            38.756697,27.378359,0
          </coordinates>
        </Point>
      </Placemark>
      <Placemark>
        <name>خباري الكلبة</name>
        <styleUrl>#icon-1739-0288D1-labelson-nodesc</styleUrl>
        <Point>
          <coordinates>
            37.119648,29.475439,0
          </coordinates>
        </Point>
      </Placemark>
      <Placemark>
        <name>خباري ام قزوحة</name>
        <styleUrl>#icon-1739-0288D1-labelson-nodesc</styleUrl>
        <Point>
          <coordinates>
            36.929791,29.167972,0
          </coordinates>
        </Point>
      </Placemark>
      <Placemark>
        <name>خبت التماثيل</name>
        <styleUrl>#icon-1739-0288D1-labelson-nodesc</styleUrl>
        <Point>
          <coordinates>
            37.638602,27.612054,0
          </coordinates>
        </Point>
      </Placemark>
      <Placemark>
        <name>خبرا الروله</name>
        <styleUrl>#icon-1739-0288D1-labelson-nodesc</styleUrl>
        <Point>
          <coordinates>
            38.401465,27.75846,0
          </coordinates>
        </Point>
      </Placemark>
      <Placemark>
        <name>خبرا ام طليحة</name>
        <styleUrl>#icon-1739-0288D1-labelson-nodesc</styleUrl>
        <Point>
          <coordinates>
            37.877791,27.289739,0
          </coordinates>
        </Point>
      </Placemark>
      <Placemark>
        <name>خبرا حلوان</name>
        <styleUrl>#icon-1739-0288D1-labelson-nodesc</styleUrl>
        <Point>
          <coordinates>
            39.299448,28.424356,0
          </coordinates>
        </Point>
      </Placemark>
      <Placemark>
        <name>خبرا عجاج</name>
        <styleUrl>#icon-1739-0288D1-labelson-nodesc</styleUrl>
        <Point>
          <coordinates>
            38.057778,29.010837,0
          </coordinates>
        </Point>
      </Placemark>
      <Placemark>
        <name>خبراء الحسنة</name>
        <styleUrl>#icon-1739-0288D1-labelson-nodesc</styleUrl>
        <Point>
          <coordinates>
            37.644138,29.490266,0
          </coordinates>
        </Point>
      </Placemark>
      <Placemark>
        <name>خبراء الشبليات</name>
        <styleUrl>#icon-1739-0288D1-labelson-nodesc</styleUrl>
        <Point>
          <coordinates>
            38.168907,29.523525,0
          </coordinates>
        </Point>
      </Placemark>
      <Placemark>
        <name>خبراء الشلبيات</name>
        <styleUrl>#icon-1739-0288D1-labelson-nodesc</styleUrl>
        <Point>
          <coordinates>
            38.168907,29.523525,0
          </coordinates>
        </Point>
      </Placemark>
      <Placemark>
        <name>خبراء الطرودي</name>
        <styleUrl>#icon-1739-0288D1-labelson-nodesc</styleUrl>
        <Point>
          <coordinates>
            38.976788,28.83261,0
          </coordinates>
        </Point>
      </Placemark>
      <Placemark>
        <name>خبراء المصاول</name>
        <styleUrl>#icon-1739-0288D1-labelson-nodesc</styleUrl>
        <Point>
          <coordinates>
            37.919183,29.503076,0
          </coordinates>
        </Point>
      </Placemark>
      <Placemark>
        <name>خبراء عتيق</name>
        <styleUrl>#icon-1739-0288D1-labelson-nodesc</styleUrl>
        <Point>
          <coordinates>
            38.018618,29.633131,0
          </coordinates>
        </Point>
      </Placemark>
      <Placemark>
        <name>خبراء عروس</name>
        <styleUrl>#icon-1739-0288D1-labelson-nodesc</styleUrl>
        <Point>
          <coordinates>
            39.04923,28.603506,0
          </coordinates>
        </Point>
      </Placemark>
      <Placemark>
        <name>بركة القصبى</name>
        <styleUrl>#icon-1739-0288D1-labelson-nodesc</styleUrl>
        <Point>
          <coordinates>
            35.19599,28.287606,0
          </coordinates>
        </Point>
      </Placemark>
      <Placemark>
        <name>بركة المضلمه</name>
        <styleUrl>#icon-1739-0288D1-labelson-nodesc</styleUrl>
        <Point>
          <coordinates>
            35.191011,28.282113,0
          </coordinates>
        </Point>
      </Placemark>
      <Placemark>
        <name>بحيرة الكعد</name>
        <styleUrl>#icon-1739-0288D1-labelson-nodesc</styleUrl>
        <Point>
          <coordinates>
            37.491145,27.560685,0
          </coordinates>
        </Point>
      </Placemark>
      <Placemark>
        <name>الوادي الابيض</name>
        <styleUrl>#icon-1739-0288D1-labelson-nodesc</styleUrl>
        <Point>
          <coordinates>
            35.357931,28.90799,0
          </coordinates>
        </Point>
      </Placemark>
      <Placemark>
        <name>الوادي الابيض</name>
        <styleUrl>#icon-1739-0288D1-labelson-nodesc</styleUrl>
        <Point>
          <coordinates>
            35.460176,28.856256,0
          </coordinates>
        </Point>
      </Placemark>
      <Placemark>
        <name>وادي ابا القزاز</name>
        <styleUrl>#icon-1739-0288D1-labelson-nodesc</styleUrl>
        <Point>
          <coordinates>
            36.511645,26.800611,0
          </coordinates>
        </Point>
      </Placemark>
      <Placemark>
        <name>وادي ابا القزاز</name>
        <styleUrl>#icon-1739-0288D1-labelson-nodesc</styleUrl>
        <Point>
          <coordinates>
            36.688435,26.773381,0
          </coordinates>
        </Point>
      </Placemark>
      <Placemark>
        <name>وادي ابو بعيثران</name>
        <styleUrl>#icon-1739-0288D1-labelson-nodesc</styleUrl>
        <Point>
          <coordinates>
            37.446878,28.603721,0
          </coordinates>
        </Point>
      </Placemark>
      <Placemark>
        <name>وادي ابو حلفا</name>
        <styleUrl>#icon-1739-0288D1-labelson-nodesc</styleUrl>
        <Point>
          <coordinates>
            37.090659,27.980847,0
          </coordinates>
        </Point>
      </Placemark>
      <Placemark>
        <name>وادي ابو حلفاء</name>
        <styleUrl>#icon-1739-0288D1-labelson-nodesc</styleUrl>
        <Point>
          <coordinates>
            36.626079,27.428527,0
          </coordinates>
        </Point>
      </Placemark>
      <Placemark>
        <name>وادي ابو خشيمات</name>
        <styleUrl>#icon-1739-0288D1-labelson-nodesc</styleUrl>
        <Point>
          <coordinates>
            36.057987,28.720129,0
          </coordinates>
        </Point>
      </Placemark>
      <Placemark>
        <name>وادي ابو زهره</name>
        <styleUrl>#icon-1739-0288D1-labelson-nodesc</styleUrl>
        <Point>
          <coordinates>
            34.909894,28.115323,0
          </coordinates>
        </Point>
      </Placemark>
      <Placemark>
        <name>وادي ابو سلة</name>
        <styleUrl>#icon-1739-0288D1-labelson-nodesc</styleUrl>
        <Point>
          <coordinates>
            37.992225,27.606626,0
          </coordinates>
        </Point>
      </Placemark>
      <Placemark>
        <name>وادي ابو سيلا</name>
        <styleUrl>#icon-1739-0288D1-labelson-nodesc</styleUrl>
        <Point>
          <coordinates>
            37.743788,29.816637,0
          </coordinates>
        </Point>
      </Placemark>
      <Placemark>
        <name>وادي ابو طريفه</name>
        <styleUrl>#icon-1739-0288D1-labelson-nodesc</styleUrl>
        <Point>
          <coordinates>
            37.466726,28.985174,0
          </coordinates>
        </Point>
      </Placemark>
      <Placemark>
        <name>وادي ابو طريفه</name>
        <styleUrl>#icon-1739-0288D1-labelson-nodesc</styleUrl>
        <Point>
          <coordinates>
            37.701731,29.088728,0
          </coordinates>
        </Point>
      </Placemark>
      <Placemark>
        <name>وادي ابو طليحات</name>
        <styleUrl>#icon-1739-0288D1-labelson-nodesc</styleUrl>
        <Point>
          <coordinates>
            37.678685,28.584259,0
          </coordinates>
        </Point>
      </Placemark>
      <Placemark>
        <name>وادي ابو عراده</name>
        <styleUrl>#icon-1739-0288D1-labelson-nodesc</styleUrl>
        <Point>
          <coordinates>
            37.582727,28.512053,0
          </coordinates>
        </Point>
      </Placemark>
      <Placemark>
        <name>وادي ابو عراده</name>
        <styleUrl>#icon-1739-0288D1-labelson-nodesc</styleUrl>
        <Point>
          <coordinates>
            37.43233,28.479116,0
          </coordinates>
        </Point>
      </Placemark>
      <Placemark>
        <name>وادي ابو كفر</name>
        <styleUrl>#icon-1739-0288D1-labelson-nodesc</styleUrl>
        <Point>
          <coordinates>
            35.737453,28.605137,0
          </coordinates>
        </Point>
      </Placemark>
      <Placemark>
        <name>وادي ابو كفر</name>
        <styleUrl>#icon-1739-0288D1-labelson-nodesc</styleUrl>
        <Point>
          <coordinates>
            35.716617,28.544197,0
          </coordinates>
        </Point>
      </Placemark>
      <Placemark>
        <name>وادي ابو نجيله</name>
        <styleUrl>#icon-1739-0288D1-labelson-nodesc</styleUrl>
        <Point>
          <coordinates>
            37.377355,29.341071,0
          </coordinates>
        </Point>
      </Placemark>
      <Placemark>
        <name>وادي اتاة</name>
        <styleUrl>#icon-1739-0288D1-labelson-nodesc</styleUrl>
        <Point>
          <coordinates>
            36.666827,27.983379,0
          </coordinates>
        </Point>
      </Placemark>
      <Placemark>
        <name>وادي اجيدر</name>
        <styleUrl>#icon-1739-0288D1-labelson-nodesc</styleUrl>
        <Point>
          <coordinates>
            37.345104,24.863992,0
          </coordinates>
        </Point>
      </Placemark>
      <Placemark>
        <name>وادي ارنب</name>
        <styleUrl>#icon-1739-0288D1-labelson-nodesc</styleUrl>
        <Point>
          <coordinates>
            35.606368,28.077664,0
          </coordinates>
        </Point>
      </Placemark>
      <Placemark>
        <name>وادي الابيار</name>
        <styleUrl>#icon-1739-0288D1-labelson-nodesc</styleUrl>
        <Point>
          <coordinates>
            37.130506,27.573559,0
          </coordinates>
        </Point>
      </Placemark>
      <Placemark>
        <name>وادي الابيار</name>
        <styleUrl>#icon-1739-0288D1-labelson-nodesc</styleUrl>
        <Point>
          <coordinates>
            37.205522,27.64776,0
          </coordinates>
        </Point>
      </Placemark>
      <Placemark>
        <name>وادي الاثقة</name>
        <styleUrl>#icon-1739-0288D1-labelson-nodesc</styleUrl>
        <Point>
          <coordinates>
            37.25142,27.723978,0
          </coordinates>
        </Point>
      </Placemark>
      <Placemark>
        <name>وادي الاثيلي</name>
        <styleUrl>#icon-1739-0288D1-labelson-nodesc</styleUrl>
        <Point>
          <coordinates>
            36.524584,27.888665,0
          </coordinates>
        </Point>
      </Placemark>
      <Placemark>
        <name>وادي الاثيلي</name>
        <styleUrl>#icon-1739-0288D1-labelson-nodesc</styleUrl>
        <Point>
          <coordinates>
            36.52761,27.860899,0
          </coordinates>
        </Point>
      </Placemark>
      <Placemark>
        <name>وادي الاثيلي</name>
        <styleUrl>#icon-1739-0288D1-labelson-nodesc</styleUrl>
        <Point>
          <coordinates>
            36.552436,27.93452,0
          </coordinates>
        </Point>
      </Placemark>
      <Placemark>
        <name>وادي الاثيلي</name>
        <styleUrl>#icon-1739-0288D1-labelson-nodesc</styleUrl>
        <Point>
          <coordinates>
            36.631465,28.004344,0
          </coordinates>
        </Point>
      </Placemark>
      <Placemark>
        <name>وادي الاثيلي</name>
        <styleUrl>#icon-1739-0288D1-labelson-nodesc</styleUrl>
        <Point>
          <coordinates>
            36.602862,27.972801,0
          </coordinates>
        </Point>
      </Placemark>
      <Placemark>
        <name>وادي الأثل</name>
        <styleUrl>#icon-1739-0288D1-labelson-nodesc</styleUrl>
        <Point>
          <coordinates>
            36.754975,28.179352,0
          </coordinates>
        </Point>
      </Placemark>
      <Placemark>
        <name>وادي الاحواء</name>
        <styleUrl>#icon-1739-0288D1-labelson-nodesc</styleUrl>
        <Point>
          <coordinates>
            35.396147,29.057765,0
          </coordinates>
        </Point>
      </Placemark>
      <Placemark>
        <name>وادي الاخضر</name>
        <styleUrl>#icon-1739-0288D1-labelson-nodesc</styleUrl>
        <Point>
          <coordinates>
            36.861942,28.392706,0
          </coordinates>
        </Point>
      </Placemark>
      <Placemark>
        <name>وادي الاخضر</name>
        <styleUrl>#icon-1739-0288D1-labelson-nodesc</styleUrl>
        <Point>
          <coordinates>
            37.140205,27.952287,0
          </coordinates>
        </Point>
      </Placemark>
      <Placemark>
        <name>وادي الاخضر</name>
        <styleUrl>#icon-1739-0288D1-labelson-nodesc</styleUrl>
        <Point>
          <coordinates>
            37.11849,28.103843,0
          </coordinates>
        </Point>
      </Placemark>
      <Placemark>
        <name>وادي الازنم</name>
        <styleUrl>#icon-1739-0288D1-labelson-nodesc</styleUrl>
        <Point>
          <coordinates>
            36.011853,27.044156,0
          </coordinates>
        </Point>
      </Placemark>
      <Placemark>
        <name>وادي الاسمر</name>
        <styleUrl>#icon-1739-0288D1-labelson-nodesc</styleUrl>
        <Point>
          <coordinates>
            35.195024,29.20342,0
          </coordinates>
        </Point>
      </Placemark>
      <Placemark>
        <name>وادي الاهمص</name>
        <styleUrl>#icon-1739-0288D1-labelson-nodesc</styleUrl>
        <Point>
          <coordinates>
            37.26393,27.898021,0
          </coordinates>
        </Point>
      </Placemark>
      <Placemark>
        <name>وادي البحص</name>
        <styleUrl>#icon-1739-0288D1-labelson-nodesc</styleUrl>
        <Point>
          <coordinates>
            37.044632,27.74035,0
          </coordinates>
        </Point>
      </Placemark>
      <Placemark>
        <name>وادي البطينة</name>
        <styleUrl>#icon-1739-0288D1-labelson-nodesc</styleUrl>
        <Point>
          <coordinates>
            35.753031,28.46916,0
          </coordinates>
        </Point>
      </Placemark>
      <Placemark>
        <name>وادي البقار</name>
        <styleUrl>#icon-1739-0288D1-labelson-nodesc</styleUrl>
        <Point>
          <coordinates>
            36.441436,28.357236,0
          </coordinates>
        </Point>
      </Placemark>
      <Placemark>
        <name>وادي البقار</name>
        <styleUrl>#icon-1739-0288D1-labelson-nodesc</styleUrl>
        <Point>
          <coordinates>
            36.482871,28.252609,0
          </coordinates>
        </Point>
      </Placemark>
      <Placemark>
        <name>وادي البويب</name>
        <styleUrl>#icon-1739-0288D1-labelson-nodesc</styleUrl>
        <Point>
          <coordinates>
            36.467099,29.382269,0
          </coordinates>
        </Point>
      </Placemark>
      <Placemark>
        <name>وادي البياضيه</name>
        <styleUrl>#icon-1739-0288D1-labelson-nodesc</styleUrl>
        <Point>
          <coordinates>
            38.068314,27.810624,0
          </coordinates>
        </Point>
      </Placemark>
      <Placemark>
        <name>وادي البيضاء</name>
        <styleUrl>#icon-1739-0288D1-labelson-nodesc</styleUrl>
        <Point>
          <coordinates>
            35.547466,27.590768,0
          </coordinates>
        </Point>
      </Placemark>
      <Placemark>
        <name>وادي الجبيب</name>
        <styleUrl>#icon-1739-0288D1-labelson-nodesc</styleUrl>
        <Point>
          <coordinates>
            35.704858,28.413777,0
          </coordinates>
        </Point>
      </Placemark>
      <Placemark>
        <name>وادي الجرانيات</name>
        <styleUrl>#icon-1739-0288D1-labelson-nodesc</styleUrl>
        <Point>
          <coordinates>
            37.863843,28.768194,0
          </coordinates>
        </Point>
      </Placemark>
      <Placemark>
        <name>وادي الجز</name>
        <styleUrl>#icon-1739-0288D1-labelson-nodesc</styleUrl>
        <Point>
          <coordinates>
            35.995309,26.998065,0
          </coordinates>
        </Point>
      </Placemark>
      <Placemark>
        <name>وادي الجنيه</name>
        <styleUrl>#icon-1739-0288D1-labelson-nodesc</styleUrl>
        <Point>
          <coordinates>
            34.91425,28.941786,0
          </coordinates>
        </Point>
      </Placemark>
      <Placemark>
        <name>وادي الحائل</name>
        <styleUrl>#icon-1739-0288D1-labelson-nodesc</styleUrl>
        <Point>
          <coordinates>
            37.330835,25.184312,0
          </coordinates>
        </Point>
      </Placemark>
      <Placemark>
        <name>وادي الحائل</name>
        <styleUrl>#icon-1739-0288D1-labelson-nodesc</styleUrl>
        <Point>
          <coordinates>
            37.25127,25.1912,0
          </coordinates>
        </Point>
      </Placemark>
      <Placemark>
        <name>وادي الحائل</name>
        <styleUrl>#icon-1739-0288D1-labelson-nodesc</styleUrl>
        <Point>
          <coordinates>
            37.509213,25.15749,0
          </coordinates>
        </Point>
      </Placemark>
      <Placemark>
        <name>وادي الحرضة</name>
        <styleUrl>#icon-1739-0288D1-labelson-nodesc</styleUrl>
        <Point>
          <coordinates>
            36.39189,28.820722,0
          </coordinates>
        </Point>
      </Placemark>
      <Placemark>
        <name>وادي الحرضة</name>
        <styleUrl>#icon-1739-0288D1-labelson-nodesc</styleUrl>
        <Point>
          <coordinates>
            36.422575,28.783214,0
          </coordinates>
        </Point>
      </Placemark>
      <Placemark>
        <name>وادي الحشا</name>
        <styleUrl>#icon-1739-0288D1-labelson-nodesc</styleUrl>
        <Point>
          <coordinates>
            34.887643,28.956764,0
          </coordinates>
        </Point>
      </Placemark>
      <Placemark>
        <name>وادي الحمض</name>
        <styleUrl>#icon-1739-0288D1-labelson-nodesc</styleUrl>
        <Point>
          <coordinates>
            36.863015,25.879734,0
          </coordinates>
        </Point>
      </Placemark>
      <Placemark>
        <name>وادي الحمض</name>
        <styleUrl>#icon-1739-0288D1-labelson-nodesc</styleUrl>
        <Point>
          <coordinates>
            36.867564,25.86525,0
          </coordinates>
        </Point>
      </Placemark>
      <Placemark>
        <name>وادي الحمضه</name>
        <styleUrl>#icon-1739-0288D1-labelson-nodesc</styleUrl>
        <Point>
          <coordinates>
            34.901354,28.462529,0
          </coordinates>
        </Point>
      </Placemark>
      <Placemark>
        <name>وادي الحنو</name>
        <styleUrl>#icon-1739-0288D1-labelson-nodesc</styleUrl>
        <Point>
          <coordinates>
            36.165383,27.797234,0
          </coordinates>
        </Point>
      </Placemark>
      <Placemark>
        <name>وادي الحوي</name>
        <styleUrl>#icon-1739-0288D1-labelson-nodesc</styleUrl>
        <Point>
          <coordinates>
            35.636923,28.441222,0
          </coordinates>
        </Point>
      </Placemark>
      <Placemark>
        <name>وادي الحوي</name>
        <styleUrl>#icon-1739-0288D1-labelson-nodesc</styleUrl>
        <Point>
          <coordinates>
            35.710995,28.454289,0
          </coordinates>
        </Point>
      </Placemark>
      <Placemark>
        <name>وادي الخريم</name>
        <styleUrl>#icon-1739-0288D1-labelson-nodesc</styleUrl>
        <Point>
          <coordinates>
            35.786912,28.945498,0
          </coordinates>
        </Point>
      </Placemark>
      <Placemark>
        <name>وادي الخنافريه</name>
        <styleUrl>#icon-1739-0288D1-labelson-nodesc</styleUrl>
        <Point>
          <coordinates>
            38.845103,28.175662,0
          </coordinates>
        </Point>
      </Placemark>
      <Placemark>
        <name>وادي الدحلة</name>
        <styleUrl>#icon-1739-0288D1-labelson-nodesc</styleUrl>
        <Point>
          <coordinates>
            37.341886,24.692588,0
          </coordinates>
        </Point>
      </Placemark>
      <Placemark>
        <name>وادي الدحيل</name>
        <styleUrl>#icon-1739-0288D1-labelson-nodesc</styleUrl>
        <Point>
          <coordinates>
            35.475154,29.121687,0
          </coordinates>
        </Point>
      </Placemark>
      <Placemark>
        <name>وادي الديبان</name>
        <styleUrl>#icon-1739-0288D1-labelson-nodesc</styleUrl>
        <Point>
          <coordinates>
            38.646276,27.103207,0
          </coordinates>
        </Point>
      </Placemark>
      <Placemark>
        <name>وادي الديبان</name>
        <styleUrl>#icon-1739-0288D1-labelson-nodesc</styleUrl>
        <Point>
          <coordinates>
            38.718331,26.818464,0
          </coordinates>
        </Point>
      </Placemark>
      <Placemark>
        <name>وادي الراشدة</name>
        <styleUrl>#icon-1739-0288D1-labelson-nodesc</styleUrl>
        <Point>
          <coordinates>
            37.038581,27.625916,0
          </coordinates>
        </Point>
      </Placemark>
      <Placemark>
        <name>وادي الراشدة</name>
        <styleUrl>#icon-1739-0288D1-labelson-nodesc</styleUrl>
        <Point>
          <coordinates>
            37.124434,27.66926,0
          </coordinates>
        </Point>
      </Placemark>
      <Placemark>
        <name>وادي الردهة</name>
        <styleUrl>#icon-1739-0288D1-labelson-nodesc</styleUrl>
        <Point>
          <coordinates>
            37.271526,24.872746,0
          </coordinates>
        </Point>
      </Placemark>
      <Placemark>
        <name>وادي الردهة</name>
        <styleUrl>#icon-1739-0288D1-labelson-nodesc</styleUrl>
        <Point>
          <coordinates>
            37.378235,24.824574,0
          </coordinates>
        </Point>
      </Placemark>
      <Placemark>
        <name>وادي الرشح</name>
        <styleUrl>#icon-1739-0288D1-labelson-nodesc</styleUrl>
        <Point>
          <coordinates>
            37.496209,25.732212,0
          </coordinates>
        </Point>
      </Placemark>
      <Placemark>
        <name>وادي الرماميه</name>
        <styleUrl>#icon-1739-0288D1-labelson-nodesc</styleUrl>
        <Point>
          <coordinates>
            37.136278,28.093865,0
          </coordinates>
        </Point>
      </Placemark>
      <Placemark>
        <name>وادي الرماميه</name>
        <styleUrl>#icon-1739-0288D1-labelson-nodesc</styleUrl>
        <Point>
          <coordinates>
            37.317982,27.959089,0
          </coordinates>
        </Point>
      </Placemark>
      <Placemark>
        <name>وادي الرماميه</name>
        <styleUrl>#icon-1739-0288D1-labelson-nodesc</styleUrl>
        <Point>
          <coordinates>
            37.517753,27.729192,0
          </coordinates>
        </Point>
      </Placemark>
      <Placemark>
        <name>وادي الرمضة</name>
        <styleUrl>#icon-1739-0288D1-labelson-nodesc</styleUrl>
        <Point>
          <coordinates>
            36.597712,27.750907,0
          </coordinates>
        </Point>
      </Placemark>
      <Placemark>
        <name>وادي الرمضة</name>
        <styleUrl>#icon-1739-0288D1-labelson-nodesc</styleUrl>
        <Point>
          <coordinates>
            36.616037,27.710373,0
          </coordinates>
        </Point>
      </Placemark>
      <Placemark>
        <name>وادي الرواء</name>
        <styleUrl>#icon-1739-0288D1-labelson-nodesc</styleUrl>
        <Point>
          <coordinates>
            35.398893,28.24821,0
          </coordinates>
        </Point>
      </Placemark>
      <Placemark>
        <name>وادي الرواء</name>
        <styleUrl>#icon-1739-0288D1-labelson-nodesc</styleUrl>
        <Point>
          <coordinates>
            35.458846,28.282371,0
          </coordinates>
        </Point>
      </Placemark>
      <Placemark>
        <name>وادي الرواء</name>
        <styleUrl>#icon-1739-0288D1-labelson-nodesc</styleUrl>
        <Point>
          <coordinates>
            35.633061,28.2616,0
          </coordinates>
        </Point>
      </Placemark>
      <Placemark>
        <name>وادي الرواء</name>
        <styleUrl>#icon-1739-0288D1-labelson-nodesc</styleUrl>
        <Point>
          <coordinates>
            35.805173,28.319557,0
          </coordinates>
        </Point>
      </Placemark>
      <Placemark>
        <name>وادي الرويحي</name>
        <styleUrl>#icon-1739-0288D1-labelson-nodesc</styleUrl>
        <Point>
          <coordinates>
            37.235584,28.107448,0
          </coordinates>
        </Point>
      </Placemark>
      <Placemark>
        <name>وادي الزبليات</name>
        <styleUrl>#icon-1739-0288D1-labelson-nodesc</styleUrl>
        <Point>
          <coordinates>
            37.757049,28.700001,0
          </coordinates>
        </Point>
      </Placemark>
      <Placemark>
        <name>وادي الزريب</name>
        <styleUrl>#icon-1739-0288D1-labelson-nodesc</styleUrl>
        <Point>
          <coordinates>
            36.518018,26.253698,0
          </coordinates>
        </Point>
      </Placemark>
      <Placemark>
        <name>وادي الزيته</name>
        <styleUrl>#icon-1739-0288D1-labelson-nodesc</styleUrl>
        <Point>
          <coordinates>
            35.914586,28.872521,0
          </coordinates>
        </Point>
      </Placemark>
      <Placemark>
        <name>وادي الزيته</name>
        <styleUrl>#icon-1739-0288D1-labelson-nodesc</styleUrl>
        <Point>
          <coordinates>
            36.063588,28.943696,0
          </coordinates>
        </Point>
      </Placemark>
      <Placemark>
        <name>وادي الزيدانية</name>
        <styleUrl>#icon-1739-0288D1-labelson-nodesc</styleUrl>
        <Point>
          <coordinates>
            37.74574,27.885768,0
          </coordinates>
        </Point>
      </Placemark>
      <Placemark>
        <name>وادي السائلة</name>
        <styleUrl>#icon-1739-0288D1-labelson-nodesc</styleUrl>
        <Point>
          <coordinates>
            38.521221,28.311274,0
          </coordinates>
        </Point>
      </Placemark>
      <Placemark>
        <name>وادي الستيهه</name>
        <styleUrl>#icon-1739-0288D1-labelson-nodesc</styleUrl>
        <Point>
          <coordinates>
            36.275933,26.896827,0
          </coordinates>
        </Point>
      </Placemark>
      <Placemark>
        <name>وادي السر</name>
        <styleUrl>#icon-1739-0288D1-labelson-nodesc</styleUrl>
        <Point>
          <coordinates>
            36.362901,26.830523,0
          </coordinates>
        </Point>
      </Placemark>
      <Placemark>
        <name>وادي السر</name>
        <styleUrl>#icon-1739-0288D1-labelson-nodesc</styleUrl>
        <Point>
          <coordinates>
            36.46137,26.742246,0
          </coordinates>
        </Point>
      </Placemark>
      <Placemark>
        <name>وادي السلسلة</name>
        <styleUrl>#icon-1739-0288D1-labelson-nodesc</styleUrl>
        <Point>
          <coordinates>
            37.657657,27.557166,0
          </coordinates>
        </Point>
      </Placemark>
      <Placemark>
        <name>وادي السهب</name>
        <styleUrl>#icon-1739-0288D1-labelson-nodesc</styleUrl>
        <Point>
          <coordinates>
            35.51985,28.771391,0
          </coordinates>
        </Point>
      </Placemark>
      <Placemark>
        <name>وادي السوح</name>
        <styleUrl>#icon-1739-0288D1-labelson-nodesc</styleUrl>
        <Point>
          <coordinates>
            35.771935,28.286254,0
          </coordinates>
        </Point>
      </Placemark>
      <Placemark>
        <name>وادي الشايب</name>
        <styleUrl>#icon-1739-0288D1-labelson-nodesc</styleUrl>
        <Point>
          <coordinates>
            36.722102,28.870547,0
          </coordinates>
        </Point>
      </Placemark>
      <Placemark>
        <name>وادي الشبيكي</name>
        <styleUrl>#icon-1739-0288D1-labelson-nodesc</styleUrl>
        <Point>
          <coordinates>
            35.591519,29.165139,0
          </coordinates>
        </Point>
      </Placemark>
      <Placemark>
        <name>وادي الشجنه</name>
        <styleUrl>#icon-1739-0288D1-labelson-nodesc</styleUrl>
        <Point>
          <coordinates>
            36.479201,26.234643,0
          </coordinates>
        </Point>
      </Placemark>
      <Placemark>
        <name>وادي الشعره</name>
        <styleUrl>#icon-1739-0288D1-labelson-nodesc</styleUrl>
        <Point>
          <coordinates>
            35.617268,29.050984,0
          </coordinates>
        </Point>
      </Placemark>
      <Placemark>
        <name>وادي الشقيق</name>
        <styleUrl>#icon-1739-0288D1-labelson-nodesc</styleUrl>
        <Point>
          <coordinates>
            35.626087,28.96966,0
          </coordinates>
        </Point>
      </Placemark>
      <Placemark>
        <name>وادي الشكاعة</name>
        <styleUrl>#icon-1739-0288D1-labelson-nodesc</styleUrl>
        <Point>
          <coordinates>
            36.227331,28.341165,0
          </coordinates>
        </Point>
      </Placemark>
      <Placemark>
        <name>وادي الصخنة</name>
        <styleUrl>#icon-1739-0288D1-labelson-nodesc</styleUrl>
        <Point>
          <coordinates>
            36.488149,27.51204,0
          </coordinates>
        </Point>
      </Placemark>
      <Placemark>
        <name>وادي الضلع</name>
        <styleUrl>#icon-1739-0288D1-labelson-nodesc</styleUrl>
        <Point>
          <coordinates>
            38.649967,27.010875,0
          </coordinates>
        </Point>
      </Placemark>
      <Placemark>
        <name>وادي الضيقة</name>
        <styleUrl>#icon-1739-0288D1-labelson-nodesc</styleUrl>
        <Point>
          <coordinates>
            35.702348,28.255613,0
          </coordinates>
        </Point>
      </Placemark>
      <Placemark>
        <name>وادي الضيقه</name>
        <styleUrl>#icon-1739-0288D1-labelson-nodesc</styleUrl>
        <Point>
          <coordinates>
            34.912684,29.192433,0
          </coordinates>
        </Point>
      </Placemark>
      <Placemark>
        <name>وادي العاقر</name>
        <styleUrl>#icon-1739-0288D1-labelson-nodesc</styleUrl>
        <Point>
          <coordinates>
            37.504041,28.891211,0
          </coordinates>
        </Point>
      </Placemark>
      <Placemark>
        <name>وادي العرجاء</name>
        <styleUrl>#icon-1739-0288D1-labelson-nodesc</styleUrl>
        <Point>
          <coordinates>
            36.657836,26.072466,0
          </coordinates>
        </Point>
      </Placemark>
      <Placemark>
        <name>وادي العريعريات</name>
        <styleUrl>#icon-1739-0288D1-labelson-nodesc</styleUrl>
        <Point>
          <coordinates>
            37.292254,29.173551,0
          </coordinates>
        </Point>
      </Placemark>
      <Placemark>
        <name>وادي العقلة</name>
        <styleUrl>#icon-1739-0288D1-labelson-nodesc</styleUrl>
        <Point>
          <coordinates>
            35.48717,28.683522,0
          </coordinates>
        </Point>
      </Placemark>
      <Placemark>
        <name>وادي العقلة</name>
        <styleUrl>#icon-1739-0288D1-labelson-nodesc</styleUrl>
        <Point>
          <coordinates>
            37.876074,28.120387,0
          </coordinates>
        </Point>
      </Placemark>
      <Placemark>
        <name>وادي العقيلة</name>
        <styleUrl>#icon-1739-0288D1-labelson-nodesc</styleUrl>
        <Point>
          <coordinates>
            37.674029,27.72505,0
          </coordinates>
        </Point>
      </Placemark>
      <Placemark>
        <name>وادي العقيله العطشانة</name>
        <styleUrl>#icon-1739-0288D1-labelson-nodesc</styleUrl>
        <Point>
          <coordinates>
            38.377068,28.709335,0
          </coordinates>
        </Point>
      </Placemark>
      <Placemark>
        <name>وادي العقيله الفاطر</name>
        <styleUrl>#icon-1739-0288D1-labelson-nodesc</styleUrl>
        <Point>
          <coordinates>
            38.402131,28.674166,0
          </coordinates>
        </Point>
      </Placemark>
      <Placemark>
        <name>وادي العلص</name>
        <styleUrl>#icon-1739-0288D1-labelson-nodesc</styleUrl>
        <Point>
          <coordinates>
            35.723505,28.052967,0
          </coordinates>
        </Point>
      </Placemark>
      <Placemark>
        <name>وادي العلص</name>
        <styleUrl>#icon-1739-0288D1-labelson-nodesc</styleUrl>
        <Point>
          <coordinates>
            36.011403,27.950377,0
          </coordinates>
        </Point>
      </Placemark>
      <Placemark>
        <name>وادي العلي</name>
        <styleUrl>#icon-1739-0288D1-labelson-nodesc</styleUrl>
        <Point>
          <coordinates>
            35.192685,28.869925,0
          </coordinates>
        </Point>
      </Placemark>
      <Placemark>
        <name>وادي العمود</name>
        <styleUrl>#icon-1739-0288D1-labelson-nodesc</styleUrl>
        <Point>
          <coordinates>
            35.838046,27.213671,0
          </coordinates>
        </Point>
      </Placemark>
      <Placemark>
        <name>وادي العناب</name>
        <styleUrl>#icon-1739-0288D1-labelson-nodesc</styleUrl>
        <Point>
          <coordinates>
            37.004077,29.659739,0
          </coordinates>
        </Point>
      </Placemark>
      <Placemark>
        <name>وادي العين</name>
        <styleUrl>#icon-1739-0288D1-labelson-nodesc</styleUrl>
        <Point>
          <coordinates>
            36.213984,26.9874,0
          </coordinates>
        </Point>
      </Placemark>
      <Placemark>
        <name>وادي الغال</name>
        <styleUrl>#icon-1739-0288D1-labelson-nodesc</styleUrl>
        <Point>
          <coordinates>
            35.621645,27.426896,0
          </coordinates>
        </Point>
      </Placemark>
      <Placemark>
        <name>وادي الغضيا</name>
        <styleUrl>#icon-1739-0288D1-labelson-nodesc</styleUrl>
        <Point>
          <coordinates>
            35.226352,29.242601,0
          </coordinates>
        </Point>
      </Placemark>
      <Placemark>
        <name>وادي الغضيا</name>
        <styleUrl>#icon-1739-0288D1-labelson-nodesc</styleUrl>
        <Point>
          <coordinates>
            35.385268,29.258223,0
          </coordinates>
        </Point>
      </Placemark>
      <Placemark>
        <name>وادي الغمارية</name>
        <styleUrl>#icon-1739-0288D1-labelson-nodesc</styleUrl>
        <Point>
          <coordinates>
            37.788591,28.254969,0
          </coordinates>
        </Point>
      </Placemark>
      <Placemark>
        <name>وادي الغمارية</name>
        <styleUrl>#icon-1739-0288D1-labelson-nodesc</styleUrl>
        <Point>
          <coordinates>
            38.184571,28.06215,0
          </coordinates>
        </Point>
      </Placemark>
      <Placemark>
        <name>وادي الغمير</name>
        <styleUrl>#icon-1739-0288D1-labelson-nodesc</styleUrl>
        <Point>
          <coordinates>
            37.317638,24.977481,0
          </coordinates>
        </Point>
      </Placemark>
      <Placemark>
        <name>وادي الغمير</name>
        <styleUrl>#icon-1739-0288D1-labelson-nodesc</styleUrl>
        <Point>
          <coordinates>
            37.287126,24.979477,0
          </coordinates>
        </Point>
      </Placemark>
      <Placemark>
        <name>وادي الغوط</name>
        <styleUrl>#icon-1739-0288D1-labelson-nodesc</styleUrl>
        <Point>
          <coordinates>
            37.64416,24.996943,0
          </coordinates>
        </Point>
      </Placemark>
      <Placemark>
        <name>وادي الغويل</name>
        <styleUrl>#icon-1739-0288D1-labelson-nodesc</styleUrl>
        <Point>
          <coordinates>
            35.835063,28.310008,0
          </coordinates>
        </Point>
      </Placemark>
      <Placemark>
        <name>وادي الغويل</name>
        <styleUrl>#icon-1739-0288D1-labelson-nodesc</styleUrl>
        <Point>
          <coordinates>
            36.332216,28.316317,0
          </coordinates>
        </Point>
      </Placemark>
      <Placemark>
        <name>وادي الغويل</name>
        <styleUrl>#icon-1739-0288D1-labelson-nodesc</styleUrl>
        <Point>
          <coordinates>
            36.350026,28.337796,0
          </coordinates>
        </Point>
      </Placemark>
      <Placemark>
        <name>وادي الغويل</name>
        <styleUrl>#icon-1739-0288D1-labelson-nodesc</styleUrl>
        <Point>
          <coordinates>
            37.816551,27.659411,0
          </coordinates>
        </Point>
      </Placemark>
      <Placemark>
        <name>وادي الفوهه</name>
        <styleUrl>#icon-1739-0288D1-labelson-nodesc</styleUrl>
        <Point>
          <coordinates>
            36.158195,28.266921,0
          </coordinates>
        </Point>
      </Placemark>
      <Placemark>
        <name>وادي الفوهه</name>
        <styleUrl>#icon-1739-0288D1-labelson-nodesc</styleUrl>
        <Point>
          <coordinates>
            36.224284,28.277628,0
          </coordinates>
        </Point>
      </Placemark>
      <Placemark>
        <name>وادي الفوهه</name>
        <styleUrl>#icon-1739-0288D1-labelson-nodesc</styleUrl>
        <Point>
          <coordinates>
            36.304858,28.306425,0
          </coordinates>
        </Point>
      </Placemark>
      <Placemark>
        <name>وادي الفيفي</name>
        <styleUrl>#icon-1739-0288D1-labelson-nodesc</styleUrl>
        <Point>
          <coordinates>
            37.517817,25.705948,0
          </coordinates>
        </Point>
      </Placemark>
      <Placemark>
        <name>وادي القدير</name>
        <styleUrl>#icon-1739-0288D1-labelson-nodesc</styleUrl>
        <Point>
          <coordinates>
            37.237473,25.958118,0
          </coordinates>
        </Point>
      </Placemark>
      <Placemark>
        <name>وادي القرين</name>
        <styleUrl>#icon-1739-0288D1-labelson-nodesc</styleUrl>
        <Point>
          <coordinates>
            37.373729,27.76022,0
          </coordinates>
        </Point>
      </Placemark>
      <Placemark>
        <name>وادي القليبه</name>
        <styleUrl>#icon-1739-0288D1-labelson-nodesc</styleUrl>
        <Point>
          <coordinates>
            37.632294,28.521366,0
          </coordinates>
        </Point>
      </Placemark>
      <Placemark>
        <name>وادي القليبه</name>
        <styleUrl>#icon-1739-0288D1-labelson-nodesc</styleUrl>
        <Point>
          <coordinates>
            37.687054,28.378651,0
          </coordinates>
        </Point>
      </Placemark>
      <Placemark>
        <name>وادي القيصوم</name>
        <styleUrl>#icon-1739-0288D1-labelson-nodesc</styleUrl>
        <Point>
          <coordinates>
            36.368415,28.099787,0
          </coordinates>
        </Point>
      </Placemark>
      <Placemark>
        <name>وادي الكحلي</name>
        <styleUrl>#icon-1739-0288D1-labelson-nodesc</styleUrl>
        <Point>
          <coordinates>
            35.459275,27.937546,0
          </coordinates>
        </Point>
      </Placemark>
      <Placemark>
        <name>وادي الكحلي</name>
        <styleUrl>#icon-1739-0288D1-labelson-nodesc</styleUrl>
        <Point>
          <coordinates>
            35.57004,27.980247,0
          </coordinates>
        </Point>
      </Placemark>
      <Placemark>
        <name>وادي الكوز</name>
        <styleUrl>#icon-1739-0288D1-labelson-nodesc</styleUrl>
        <Point>
          <coordinates>
            35.145757,28.379424,0
          </coordinates>
        </Point>
      </Placemark>
      <Placemark>
        <name>وادي المحرق</name>
        <styleUrl>#icon-1739-0288D1-labelson-nodesc</styleUrl>
        <Point>
          <coordinates>
            35.972092,28.619814,0
          </coordinates>
        </Point>
      </Placemark>
      <Placemark>
        <name>وادي المحيبل</name>
        <styleUrl>#icon-1739-0288D1-labelson-nodesc</styleUrl>
        <Point>
          <coordinates>
            35.791225,28.782721,0
          </coordinates>
        </Point>
      </Placemark>
      <Placemark>
        <name>وادي المخمص</name>
        <styleUrl>#icon-1739-0288D1-labelson-nodesc</styleUrl>
        <Point>
          <coordinates>
            37.323196,24.781873,0
          </coordinates>
        </Point>
      </Placemark>
      <Placemark>
        <name>وادي المرة</name>
        <styleUrl>#icon-1739-0288D1-labelson-nodesc</styleUrl>
        <Point>
          <coordinates>
            35.099387,28.435814,0
          </coordinates>
        </Point>
      </Placemark>
      <Placemark>
        <name>وادي المسد</name>
        <styleUrl>#icon-1739-0288D1-labelson-nodesc</styleUrl>
        <Point>
          <coordinates>
            36.764975,27.674882,0
          </coordinates>
        </Point>
      </Placemark>
      <Placemark>
        <name>وادي المشي</name>
        <styleUrl>#icon-1739-0288D1-labelson-nodesc</styleUrl>
        <Point>
          <coordinates>
            37.521787,27.878194,0
          </coordinates>
        </Point>
      </Placemark>
      <Placemark>
        <name>وادي المصير</name>
        <styleUrl>#icon-1739-0288D1-labelson-nodesc</styleUrl>
        <Point>
          <coordinates>
            34.992592,28.179717,0
          </coordinates>
        </Point>
      </Placemark>
      <Placemark>
        <name>وادي المعرش</name>
        <styleUrl>#icon-1739-0288D1-labelson-nodesc</styleUrl>
        <Point>
          <coordinates>
            35.583687,27.495518,0
          </coordinates>
        </Point>
      </Placemark>
      <Placemark>
        <name>وادي المعقر</name>
        <styleUrl>#icon-1739-0288D1-labelson-nodesc</styleUrl>
        <Point>
          <coordinates>
            36.575246,28.98895,0
          </coordinates>
        </Point>
      </Placemark>
      <Placemark>
        <name>وادي المعقر</name>
        <styleUrl>#icon-1739-0288D1-labelson-nodesc</styleUrl>
        <Point>
          <coordinates>
            37.33047,27.780218,0
          </coordinates>
        </Point>
      </Placemark>
      <Placemark>
        <name>وادي المعيزيلة</name>
        <styleUrl>#icon-1739-0288D1-labelson-nodesc</styleUrl>
        <Point>
          <coordinates>
            38.05604,27.699859,0
          </coordinates>
        </Point>
      </Placemark>
      <Placemark>
        <name>وادي المعيزيلة</name>
        <styleUrl>#icon-1739-0288D1-labelson-nodesc</styleUrl>
        <Point>
          <coordinates>
            38.219891,27.721488,0
          </coordinates>
        </Point>
      </Placemark>
      <Placemark>
        <name>وادي المعيزيلة</name>
        <styleUrl>#icon-1739-0288D1-labelson-nodesc</styleUrl>
        <Point>
          <coordinates>
            38.163671,27.691083,0
          </coordinates>
        </Point>
      </Placemark>
      <Placemark>
        <name>وادي المقعدة</name>
        <styleUrl>#icon-1739-0288D1-labelson-nodesc</styleUrl>
        <Point>
          <coordinates>
            35.322504,28.081527,0
          </coordinates>
        </Point>
      </Placemark>
      <Placemark>
        <name>وادي المقعدة</name>
        <styleUrl>#icon-1739-0288D1-labelson-nodesc</styleUrl>
        <Point>
          <coordinates>
            35.396726,28.119485,0
          </coordinates>
        </Point>
      </Placemark>
      <Placemark>
        <name>وادي المهر</name>
        <styleUrl>#icon-1739-0288D1-labelson-nodesc</styleUrl>
        <Point>
          <coordinates>
            37.284937,28.028569,0
          </coordinates>
        </Point>
      </Placemark>
      <Placemark>
        <name>وادي المهر</name>
        <styleUrl>#icon-1739-0288D1-labelson-nodesc</styleUrl>
        <Point>
          <coordinates>
            37.569981,28.022518,0
          </coordinates>
        </Point>
      </Placemark>
      <Placemark>
        <name>وادي المهر</name>
        <styleUrl>#icon-1739-0288D1-labelson-nodesc</styleUrl>
        <Point>
          <coordinates>
            37.752993,28.239799,0
          </coordinates>
        </Point>
      </Placemark>
      <Placemark>
        <name>وادي المياه</name>
        <styleUrl>#icon-1739-0288D1-labelson-nodesc</styleUrl>
        <Point>
          <coordinates>
            36.559968,26.136346,0
          </coordinates>
        </Point>
      </Placemark>
      <Placemark>
        <name>وادي النجيل</name>
        <styleUrl>#icon-1739-0288D1-labelson-nodesc</styleUrl>
        <Point>
          <coordinates>
            37.39023,25.773067,0
          </coordinates>
        </Point>
      </Placemark>
      <Placemark>
        <name>وادي النخبار</name>
        <styleUrl>#icon-1739-0288D1-labelson-nodesc</styleUrl>
        <Point>
          <coordinates>
            37.341285,24.938364,0
          </coordinates>
        </Point>
      </Placemark>
      <Placemark>
        <name>وادي النخلة</name>
        <styleUrl>#icon-1739-0288D1-labelson-nodesc</styleUrl>
        <Point>
          <coordinates>
            34.78617,28.229585,0
          </coordinates>
        </Point>
      </Placemark>
      <Placemark>
        <name>وادي الهامة</name>
        <styleUrl>#icon-1739-0288D1-labelson-nodesc</styleUrl>
        <Point>
          <coordinates>
            35.84414,27.76597,0
          </coordinates>
        </Point>
      </Placemark>
      <Placemark>
        <name>وادي الهبير</name>
        <styleUrl>#icon-1739-0288D1-labelson-nodesc</styleUrl>
        <Point>
          <coordinates>
            38.884585,26.869533,0
          </coordinates>
        </Point>
      </Placemark>
      <Placemark>
        <name>وادي الهبير</name>
        <styleUrl>#icon-1739-0288D1-labelson-nodesc</styleUrl>
        <Point>
          <coordinates>
            38.852763,26.819601,0
          </coordinates>
        </Point>
      </Placemark>
      <Placemark>
        <name>وادي الهدد</name>
        <styleUrl>#icon-1739-0288D1-labelson-nodesc</styleUrl>
        <Point>
          <coordinates>
            36.114421,28.434334,0
          </coordinates>
        </Point>
      </Placemark>
      <Placemark>
        <name>وادي الودي</name>
        <styleUrl>#icon-1739-0288D1-labelson-nodesc</styleUrl>
        <Point>
          <coordinates>
            36.329105,28.073373,0
          </coordinates>
        </Point>
      </Placemark>
      <Placemark>
        <name>وادي ام جرفان</name>
        <styleUrl>#icon-1739-0288D1-labelson-nodesc</styleUrl>
        <Point>
          <coordinates>
            38.00364,27.910831,0
          </coordinates>
        </Point>
      </Placemark>
      <Placemark>
        <name>وادي ام جرفين</name>
        <styleUrl>#icon-1739-0288D1-labelson-nodesc</styleUrl>
        <Point>
          <coordinates>
            34.968174,29.20872,0
          </coordinates>
        </Point>
      </Placemark>
      <Placemark>
        <name>وادي ام جرفين</name>
        <styleUrl>#icon-1739-0288D1-labelson-nodesc</styleUrl>
        <Point>
          <coordinates>
            35.103013,29.066305,0
          </coordinates>
        </Point>
      </Placemark>
      <Placemark>
        <name>وادي ام لاطية</name>
        <styleUrl>#icon-1739-0288D1-labelson-nodesc</styleUrl>
        <Point>
          <coordinates>
            35.966277,28.486068,0
          </coordinates>
        </Point>
      </Placemark>
      <Placemark>
        <name>وادي بخية</name>
        <styleUrl>#icon-1739-0288D1-labelson-nodesc</styleUrl>
        <Point>
          <coordinates>
            36.596746,27.978144,0
          </coordinates>
        </Point>
      </Placemark>
      <Placemark>
        <name>وادي برق</name>
        <styleUrl>#icon-1739-0288D1-labelson-nodesc</styleUrl>
        <Point>
          <coordinates>
            37.037294,26.065021,0
          </coordinates>
        </Point>
      </Placemark>
      <Placemark>
        <name>وادي برق</name>
        <styleUrl>#icon-1739-0288D1-labelson-nodesc</styleUrl>
        <Point>
          <coordinates>
            36.805809,25.987558,0
          </coordinates>
        </Point>
      </Placemark>
      <Placemark>
        <name>وادي بركانة</name>
        <styleUrl>#icon-1739-0288D1-labelson-nodesc</styleUrl>
        <Point>
          <coordinates>
            37.867363,28.906424,0
          </coordinates>
        </Point>
      </Placemark>
      <Placemark>
        <name>وادي تربان</name>
        <styleUrl>#icon-1739-0288D1-labelson-nodesc</styleUrl>
        <Point>
          <coordinates>
            36.313312,27.436574,0
          </coordinates>
        </Point>
      </Placemark>
      <Placemark>
        <name>وادي تربان</name>
        <styleUrl>#icon-1739-0288D1-labelson-nodesc</styleUrl>
        <Point>
          <coordinates>
            36.398821,27.642245,0
          </coordinates>
        </Point>
      </Placemark>
      <Placemark>
        <name>وادي تريم</name>
        <styleUrl>#icon-1739-0288D1-labelson-nodesc</styleUrl>
        <Point>
          <coordinates>
            35.378058,27.898149,0
          </coordinates>
        </Point>
      </Placemark>
      <Placemark>
        <name>وادي تولة</name>
        <styleUrl>#icon-1739-0288D1-labelson-nodesc</styleUrl>
        <Point>
          <coordinates>
            37.298584,25.551281,0
          </coordinates>
        </Point>
      </Placemark>
      <Placemark>
        <name>وادي ثال</name>
        <styleUrl>#icon-1739-0288D1-labelson-nodesc</styleUrl>
        <Point>
          <coordinates>
            37.419863,25.743928,0
          </coordinates>
        </Point>
      </Placemark>
      <Placemark>
        <name>وادي ثرف</name>
        <styleUrl>#icon-1739-0288D1-labelson-nodesc</styleUrl>
        <Point>
          <coordinates>
            35.461593,29.008112,0
          </coordinates>
        </Point>
      </Placemark>
      <Placemark>
        <name>وادي ثرف</name>
        <styleUrl>#icon-1739-0288D1-labelson-nodesc</styleUrl>
        <Point>
          <coordinates>
            35.861843,29.024098,0
          </coordinates>
        </Point>
      </Placemark>
      <Placemark>
        <name>وادي ثفة</name>
        <styleUrl>#icon-1739-0288D1-labelson-nodesc</styleUrl>
        <Point>
          <coordinates>
            37.474022,25.89529,0
          </coordinates>
        </Point>
      </Placemark>
      <Placemark>
        <name>وادي ثلبه</name>
        <styleUrl>#icon-1739-0288D1-labelson-nodesc</styleUrl>
        <Point>
          <coordinates>
            36.300051,26.792479,0
          </coordinates>
        </Point>
      </Placemark>
      <Placemark>
        <name>وادي جريداء</name>
        <styleUrl>#icon-1739-0288D1-labelson-nodesc</styleUrl>
        <Point>
          <coordinates>
            38.237314,27.597206,0
          </coordinates>
        </Point>
      </Placemark>
      <Placemark>
        <name>وادي حجية</name>
        <styleUrl>#icon-1739-0288D1-labelson-nodesc</styleUrl>
        <Point>
          <coordinates>
            35.152903,28.803642,0
          </coordinates>
        </Point>
      </Placemark>
      <Placemark>
        <name>وادي حر</name>
        <styleUrl>#icon-1739-0288D1-labelson-nodesc</styleUrl>
        <Point>
          <coordinates>
            35.532897,27.628813,0
          </coordinates>
        </Point>
      </Placemark>
      <Placemark>
        <name>وادي حرامل</name>
        <styleUrl>#icon-1739-0288D1-labelson-nodesc</styleUrl>
        <Point>
          <coordinates>
            36.398714,26.413751,0
          </coordinates>
        </Point>
      </Placemark>
      <Placemark>
        <name>وادي حرامل</name>
        <styleUrl>#icon-1739-0288D1-labelson-nodesc</styleUrl>
        <Point>
          <coordinates>
            36.492012,26.462417,0
          </coordinates>
        </Point>
      </Placemark>
      <Placemark>
        <name>وادي حضر</name>
        <styleUrl>#icon-1739-0288D1-labelson-nodesc</styleUrl>
        <Point>
          <coordinates>
            37.730312,24.789169,0
          </coordinates>
        </Point>
      </Placemark>
      <Placemark>
        <name>وادي حضر</name>
        <styleUrl>#icon-1739-0288D1-labelson-nodesc</styleUrl>
        <Point>
          <coordinates>
            37.633839,24.756317,0
          </coordinates>
        </Point>
      </Placemark>
      <Placemark>
        <name>وادي حقاد</name>
        <styleUrl>#icon-1739-0288D1-labelson-nodesc</styleUrl>
        <Point>
          <coordinates>
            34.919143,28.595352,0
          </coordinates>
        </Point>
      </Placemark>
      <Placemark>
        <name>وادي حيال</name>
        <styleUrl>#icon-1739-0288D1-labelson-nodesc</styleUrl>
        <Point>
          <coordinates>
            36.473172,27.250407,0
          </coordinates>
        </Point>
      </Placemark>
      <Placemark>
        <name>وادي حيان</name>
        <styleUrl>#icon-1739-0288D1-labelson-nodesc</styleUrl>
        <Point>
          <coordinates>
            36.518812,26.928628,0
          </coordinates>
        </Point>
      </Placemark>
      <Placemark>
        <name>وادي حيران</name>
        <styleUrl>#icon-1739-0288D1-labelson-nodesc</styleUrl>
        <Point>
          <coordinates>
            37.090509,25.53611,0
          </coordinates>
        </Point>
      </Placemark>
      <Placemark>
        <name>وادي حيران</name>
        <styleUrl>#icon-1739-0288D1-labelson-nodesc</styleUrl>
        <Point>
          <coordinates>
            37.252171,25.681443,0
          </coordinates>
        </Point>
      </Placemark>
      <Placemark>
        <name>وادي خرساء</name>
        <styleUrl>#icon-1739-0288D1-labelson-nodesc</styleUrl>
        <Point>
          <coordinates>
            36.671548,26.80398,0
          </coordinates>
        </Point>
      </Placemark>
      <Placemark>
        <name>وادي خف</name>
        <styleUrl>#icon-1739-0288D1-labelson-nodesc</styleUrl>
        <Point>
          <coordinates>
            37.204599,25.350716,0
          </coordinates>
        </Point>
      </Placemark>
      <Placemark>
        <name>وادي خنصر</name>
        <styleUrl>#icon-1739-0288D1-labelson-nodesc</styleUrl>
        <Point>
          <coordinates>
            37.664459,28.785231,0
          </coordinates>
        </Point>
      </Placemark>
      <Placemark>
        <name>وادي خي</name>
        <styleUrl>#icon-1739-0288D1-labelson-nodesc</styleUrl>
        <Point>
          <coordinates>
            38.640912,26.902192,0
          </coordinates>
        </Point>
      </Placemark>
      <Placemark>
        <name>وادي دابس</name>
        <styleUrl>#icon-1739-0288D1-labelson-nodesc</styleUrl>
        <Point>
          <coordinates>
            37.447221,29.288371,0
          </coordinates>
        </Point>
      </Placemark>
      <Placemark>
        <name>وادي دام</name>
        <styleUrl>#icon-1739-0288D1-labelson-nodesc</styleUrl>
        <Point>
          <coordinates>
            36.482892,27.63525,0
          </coordinates>
        </Point>
      </Placemark>
      <Placemark>
        <name>وادي دامه</name>
        <styleUrl>#icon-1739-0288D1-labelson-nodesc</styleUrl>
        <Point>
          <coordinates>
            35.901153,27.144191,0
          </coordinates>
        </Point>
      </Placemark>
      <Placemark>
        <name>وادي دامه</name>
        <styleUrl>#icon-1739-0288D1-labelson-nodesc</styleUrl>
        <Point>
          <coordinates>
            36.231923,27.365913,0
          </coordinates>
        </Point>
      </Placemark>
      <Placemark>
        <name>وادي دبر</name>
        <styleUrl>#icon-1739-0288D1-labelson-nodesc</styleUrl>
        <Point>
          <coordinates>
            34.912534,29.047551,0
          </coordinates>
        </Point>
      </Placemark>
      <Placemark>
        <name>وادي دبل</name>
        <styleUrl>#icon-1739-0288D1-labelson-nodesc</styleUrl>
        <Point>
          <coordinates>
            36.38453,29.085402,0
          </coordinates>
        </Point>
      </Placemark>
      <Placemark>
        <name>وادي دبل</name>
        <styleUrl>#icon-1739-0288D1-labelson-nodesc</styleUrl>
        <Point>
          <coordinates>
            36.723604,28.777356,0
          </coordinates>
        </Point>
      </Placemark>
      <Placemark>
        <name>وادي دبل</name>
        <styleUrl>#icon-1739-0288D1-labelson-nodesc</styleUrl>
        <Point>
          <coordinates>
            36.878228,28.688951,0
          </coordinates>
        </Point>
      </Placemark>
      <Placemark>
        <name>وادي دبيل</name>
        <styleUrl>#icon-1739-0288D1-labelson-nodesc</styleUrl>
        <Point>
          <coordinates>
            36.925671,28.560784,0
          </coordinates>
        </Point>
      </Placemark>
      <Placemark>
        <name>وادي دغداش</name>
        <styleUrl>#icon-1739-0288D1-labelson-nodesc</styleUrl>
        <Point>
          <coordinates>
            36.739998,29.037466,0
          </coordinates>
        </Point>
      </Placemark>
      <Placemark>
        <name>وادي دمونه</name>
        <styleUrl>#icon-1739-0288D1-labelson-nodesc</styleUrl>
        <Point>
          <coordinates>
            34.892642,29.093213,0
          </coordinates>
        </Point>
      </Placemark>
      <Placemark>
        <name>وادي ذورة</name>
        <styleUrl>#icon-1739-0288D1-labelson-nodesc</styleUrl>
        <Point>
          <coordinates>
            37.746277,25.764484,0
          </coordinates>
        </Point>
      </Placemark>
      <Placemark>
        <name>وادي راطية</name>
        <styleUrl>#icon-1739-0288D1-labelson-nodesc</styleUrl>
        <Point>
          <coordinates>
            36.936014,25.7335,0
          </coordinates>
        </Point>
      </Placemark>
      <Placemark>
        <name>وادي راية</name>
        <styleUrl>#icon-1739-0288D1-labelson-nodesc</styleUrl>
        <Point>
          <coordinates>
            36.758087,28.766005,0
          </coordinates>
        </Point>
      </Placemark>
      <Placemark>
        <name>وادي رشدان</name>
        <styleUrl>#icon-1739-0288D1-labelson-nodesc</styleUrl>
        <Point>
          <coordinates>
            36.560419,27.839012,0
          </coordinates>
        </Point>
      </Placemark>
      <Placemark>
        <name>وادي ريط</name>
        <styleUrl>#icon-1739-0288D1-labelson-nodesc</styleUrl>
        <Point>
          <coordinates>
            35.774038,28.370862,0
          </coordinates>
        </Point>
      </Placemark>
      <Placemark>
        <name>وادي زعم</name>
        <styleUrl>#icon-1739-0288D1-labelson-nodesc</styleUrl>
        <Point>
          <coordinates>
            36.443646,26.297429,0
          </coordinates>
        </Point>
      </Placemark>
      <Placemark>
        <name>وادي سبق</name>
        <styleUrl>#icon-1739-0288D1-labelson-nodesc</styleUrl>
        <Point>
          <coordinates>
            36.996117,25.598381,0
          </coordinates>
        </Point>
      </Placemark>
      <Placemark>
        <name>وادي سدير</name>
        <styleUrl>#icon-1739-0288D1-labelson-nodesc</styleUrl>
        <Point>
          <coordinates>
            35.121188,28.721566,0
          </coordinates>
        </Point>
      </Placemark>
      <Placemark>
        <name>وادي سديرة</name>
        <styleUrl>#icon-1739-0288D1-labelson-nodesc</styleUrl>
        <Point>
          <coordinates>
            38.368313,27.819142,0
          </coordinates>
        </Point>
      </Placemark>
      <Placemark>
        <name>وادي سر</name>
        <styleUrl>#icon-1739-0288D1-labelson-nodesc</styleUrl>
        <Point>
          <coordinates>
            35.484467,27.677844,0
          </coordinates>
        </Point>
      </Placemark>
      <Placemark>
        <name>وادي سك</name>
        <styleUrl>#icon-1739-0288D1-labelson-nodesc</styleUrl>
        <Point>
          <coordinates>
            34.853203,28.531623,0
          </coordinates>
        </Point>
      </Placemark>
      <Placemark>
        <name>وادي سلمى</name>
        <styleUrl>#icon-1739-0288D1-labelson-nodesc</styleUrl>
        <Point>
          <coordinates>
            35.765133,27.284632,0
          </coordinates>
        </Point>
      </Placemark>
      <Placemark>
        <name>وادي سمر</name>
        <styleUrl>#icon-1739-0288D1-labelson-nodesc</styleUrl>
        <Point>
          <coordinates>
            37.381582,24.611049,0
          </coordinates>
        </Point>
      </Placemark>
      <Placemark>
        <name>وادي سمين</name>
        <styleUrl>#icon-1739-0288D1-labelson-nodesc</styleUrl>
        <Point>
          <coordinates>
            37.413597,25.10788,0
          </coordinates>
        </Point>
      </Placemark>
      <Placemark>
        <name>وادي شهود</name>
        <styleUrl>#icon-1739-0288D1-labelson-nodesc</styleUrl>
        <Point>
          <coordinates>
            36.459117,27.261372,0
          </coordinates>
        </Point>
      </Placemark>
      <Placemark>
        <name>وادي شهود</name>
        <styleUrl>#icon-1739-0288D1-labelson-nodesc</styleUrl>
        <Point>
          <coordinates>
            36.54175,27.313364,0
          </coordinates>
        </Point>
      </Placemark>
      <Placemark>
        <name>وادي شواق</name>
        <styleUrl>#icon-1739-0288D1-labelson-nodesc</styleUrl>
        <Point>
          <coordinates>
            36.562757,27.42799,0
          </coordinates>
        </Point>
      </Placemark>
      <Placemark>
        <name>وادي صايف</name>
        <styleUrl>#icon-1739-0288D1-labelson-nodesc</styleUrl>
        <Point>
          <coordinates>
            37.352142,25.158176,0
          </coordinates>
        </Point>
      </Placemark>
      <Placemark>
        <name>وادي صبح</name>
        <styleUrl>#icon-1739-0288D1-labelson-nodesc</styleUrl>
        <Point>
          <coordinates>
            35.606968,29.072893,0
          </coordinates>
        </Point>
      </Placemark>
      <Placemark>
        <name>وادي صدار</name>
        <styleUrl>#icon-1739-0288D1-labelson-nodesc</styleUrl>
        <Point>
          <coordinates>
            37.662356,29.013519,0
          </coordinates>
        </Point>
      </Placemark>
      <Placemark>
        <name>وادي صدر</name>
        <styleUrl>#icon-1739-0288D1-labelson-nodesc</styleUrl>
        <Point>
          <coordinates>
            35.48687,27.922826,0
          </coordinates>
        </Point>
      </Placemark>
      <Placemark>
        <name>وادي صدر</name>
        <styleUrl>#icon-1739-0288D1-labelson-nodesc</styleUrl>
        <Point>
          <coordinates>
            35.999987,27.806954,0
          </coordinates>
        </Point>
      </Placemark>
      <Placemark>
        <name>وادي صر</name>
        <styleUrl>#icon-1739-0288D1-labelson-nodesc</styleUrl>
        <Point>
          <coordinates>
            37.397375,25.944192,0
          </coordinates>
        </Point>
      </Placemark>
      <Placemark>
        <name>وادي صربوط الرخيمه</name>
        <styleUrl>#icon-1739-0288D1-labelson-nodesc</styleUrl>
        <Point>
          <coordinates>
            38.160989,28.886812,0
          </coordinates>
        </Point>
      </Placemark>
      <Placemark>
        <name>وادي صيخان</name>
        <styleUrl>#icon-1739-0288D1-labelson-nodesc</styleUrl>
        <Point>
          <coordinates>
            37.486382,25.666981,0
          </coordinates>
        </Point>
      </Placemark>
      <Placemark>
        <name>وادي ضب الاسمر</name>
        <styleUrl>#icon-1739-0288D1-labelson-nodesc</styleUrl>
        <Point>
          <coordinates>
            36.9894,26.627319,0
          </coordinates>
        </Point>
      </Placemark>
      <Placemark>
        <name>وادي ضحكان</name>
        <styleUrl>#icon-1739-0288D1-labelson-nodesc</styleUrl>
        <Point>
          <coordinates>
            35.69679,27.375119,0
          </coordinates>
        </Point>
      </Placemark>
      <Placemark>
        <name>وادي ضم</name>
        <styleUrl>#icon-1739-0288D1-labelson-nodesc</styleUrl>
        <Point>
          <coordinates>
            36.005373,28.553081,0
          </coordinates>
        </Point>
      </Placemark>
      <Placemark>
        <name>وادي ضوجي</name>
        <styleUrl>#icon-1739-0288D1-labelson-nodesc</styleUrl>
        <Point>
          <coordinates>
            35.459855,27.736852,0
          </coordinates>
        </Point>
      </Placemark>
      <Placemark>
        <name>وادي ظلال</name>
        <styleUrl>#icon-1739-0288D1-labelson-nodesc</styleUrl>
        <Point>
          <coordinates>
            37.320256,25.908551,0
          </coordinates>
        </Point>
      </Placemark>
      <Placemark>
        <name>وادي عش</name>
        <styleUrl>#icon-1739-0288D1-labelson-nodesc</styleUrl>
        <Point>
          <coordinates>
            37.590215,27.59124,0
          </coordinates>
        </Point>
      </Placemark>
      <Placemark>
        <name>وادي عضيف الشمالي</name>
        <styleUrl>#icon-1739-0288D1-labelson-nodesc</styleUrl>
        <Point>
          <coordinates>
            36.975088,25.649793,0
          </coordinates>
        </Point>
      </Placemark>
      <Placemark>
        <name>وادي عفال</name>
        <styleUrl>#icon-1739-0288D1-labelson-nodesc</styleUrl>
        <Point>
          <coordinates>
            35.032547,28.289645,0
          </coordinates>
        </Point>
      </Placemark>
      <Placemark>
        <name>وادي عفال</name>
        <styleUrl>#icon-1739-0288D1-labelson-nodesc</styleUrl>
        <Point>
          <coordinates>
            35.032353,28.415022,0
          </coordinates>
        </Point>
      </Placemark>
      <Placemark>
        <name>وادي عفال</name>
        <styleUrl>#icon-1739-0288D1-labelson-nodesc</styleUrl>
        <Point>
          <coordinates>
            35.037353,28.573809,0
          </coordinates>
        </Point>
      </Placemark>
      <Placemark>
        <name>وادي عفال</name>
        <styleUrl>#icon-1739-0288D1-labelson-nodesc</styleUrl>
        <Point>
          <coordinates>
            35.057652,28.219028,0
          </coordinates>
        </Point>
      </Placemark>
      <Placemark>
        <name>وادي عفال</name>
        <styleUrl>#icon-1739-0288D1-labelson-nodesc</styleUrl>
        <Point>
          <coordinates>
            35.081277,28.638504,0
          </coordinates>
        </Point>
      </Placemark>
      <Placemark>
        <name>وادي عفال</name>
        <styleUrl>#icon-1739-0288D1-labelson-nodesc</styleUrl>
        <Point>
          <coordinates>
            35.112176,28.70043,0
          </coordinates>
        </Point>
      </Placemark>
      <Placemark>
        <name>وادي عفال</name>
        <styleUrl>#icon-1739-0288D1-labelson-nodesc</styleUrl>
        <Point>
          <coordinates>
            35.157731,28.86632,0
          </coordinates>
        </Point>
      </Placemark>
      <Placemark>
        <name>وادي عفال</name>
        <styleUrl>#icon-1739-0288D1-labelson-nodesc</styleUrl>
        <Point>
          <coordinates>
            35.183544,28.925972,0
          </coordinates>
        </Point>
      </Placemark>
      <Placemark>
        <name>وادي عمق</name>
        <styleUrl>#icon-1739-0288D1-labelson-nodesc</styleUrl>
        <Point>
          <coordinates>
            37.191081,25.37816,0
          </coordinates>
        </Point>
      </Placemark>
      <Placemark>
        <name>وادي عمق</name>
        <styleUrl>#icon-1739-0288D1-labelson-nodesc</styleUrl>
        <Point>
          <coordinates>
            37.39686,25.460086,0
          </coordinates>
        </Point>
      </Placemark>
      <Placemark>
        <name>وادي عميق</name>
        <styleUrl>#icon-1739-0288D1-labelson-nodesc</styleUrl>
        <Point>
          <coordinates>
            34.988966,29.232838,0
          </coordinates>
        </Point>
      </Placemark>
      <Placemark>
        <name>وادي عنتر</name>
        <styleUrl>#icon-1739-0288D1-labelson-nodesc</styleUrl>
        <Point>
          <coordinates>
            36.283872,26.624594,0
          </coordinates>
        </Point>
      </Placemark>
      <Placemark>
        <name>وادي عنز</name>
        <styleUrl>#icon-1739-0288D1-labelson-nodesc</styleUrl>
        <Point>
          <coordinates>
            38.418739,28.659468,0
          </coordinates>
        </Point>
      </Placemark>
      <Placemark>
        <name>وادي عيرين</name>
        <styleUrl>#icon-1739-0288D1-labelson-nodesc</styleUrl>
        <Point>
          <coordinates>
            36.551299,28.167765,0
          </coordinates>
        </Point>
      </Placemark>
      <Placemark>
        <name>وادي عينونه</name>
        <styleUrl>#icon-1739-0288D1-labelson-nodesc</styleUrl>
        <Point>
          <coordinates>
            35.161915,28.072772,0
          </coordinates>
        </Point>
      </Placemark>
      <Placemark>
        <name>وادي غر</name>
        <styleUrl>#icon-1739-0288D1-labelson-nodesc</styleUrl>
        <Point>
          <coordinates>
            35.227983,28.016682,0
          </coordinates>
        </Point>
      </Placemark>
      <Placemark>
        <name>وادي غضي</name>
        <styleUrl>#icon-1739-0288D1-labelson-nodesc</styleUrl>
        <Point>
          <coordinates>
            36.818726,28.190296,0
          </coordinates>
        </Point>
      </Placemark>
      <Placemark>
        <name>وادي غضي ابو طلح</name>
        <styleUrl>#icon-1739-0288D1-labelson-nodesc</styleUrl>
        <Point>
          <coordinates>
            37.657292,29.643023,0
          </coordinates>
        </Point>
      </Placemark>
      <Placemark>
        <name>وادي غمرة</name>
        <styleUrl>#icon-1739-0288D1-labelson-nodesc</styleUrl>
        <Point>
          <coordinates>
            36.4521,27.620208,0
          </coordinates>
        </Point>
      </Placemark>
      <Placemark>
        <name>وادي غويل</name>
        <styleUrl>#icon-1739-0288D1-labelson-nodesc</styleUrl>
        <Point>
          <coordinates>
            36.045241,27.915852,0
          </coordinates>
        </Point>
      </Placemark>
      <Placemark>
        <name>وادي فجر</name>
        <styleUrl>#icon-1739-0288D1-labelson-nodesc</styleUrl>
        <Point>
          <coordinates>
            37.893112,28.884087,0
          </coordinates>
        </Point>
      </Placemark>
      <Placemark>
        <name>وادي فجر</name>
        <styleUrl>#icon-1739-0288D1-labelson-nodesc</styleUrl>
        <Point>
          <coordinates>
            38.158929,29.182241,0
          </coordinates>
        </Point>
      </Placemark>
      <Placemark>
        <name>وادي فهي</name>
        <styleUrl>#icon-1739-0288D1-labelson-nodesc</styleUrl>
        <Point>
          <coordinates>
            37.320728,25.217571,0
          </coordinates>
        </Point>
      </Placemark>
      <Placemark>
        <name>وادي فهي</name>
        <styleUrl>#icon-1739-0288D1-labelson-nodesc</styleUrl>
        <Point>
          <coordinates>
            37.24833,25.195835,0
          </coordinates>
        </Point>
      </Placemark>
      <Placemark>
        <name>وادي قامرة</name>
        <styleUrl>#icon-1739-0288D1-labelson-nodesc</styleUrl>
        <Point>
          <coordinates>
            35.474102,27.712541,0
          </coordinates>
        </Point>
      </Placemark>
      <Placemark>
        <name>وادي قنا</name>
        <styleUrl>#icon-1739-0288D1-labelson-nodesc</styleUrl>
        <Point>
          <coordinates>
            36.465554,28.259518,0
          </coordinates>
        </Point>
      </Placemark>
      <Placemark>
        <name>وادي قنا</name>
        <styleUrl>#icon-1739-0288D1-labelson-nodesc</styleUrl>
        <Point>
          <coordinates>
            36.412919,28.124013,0
          </coordinates>
        </Point>
      </Placemark>
      <Placemark>
        <name>وادي قواق</name>
        <styleUrl>#icon-1739-0288D1-labelson-nodesc</styleUrl>
        <Point>
          <coordinates>
            37.345254,24.890921,0
          </coordinates>
        </Point>
      </Placemark>
      <Placemark>
        <name>وادي قواق</name>
        <styleUrl>#icon-1739-0288D1-labelson-nodesc</styleUrl>
        <Point>
          <coordinates>
            37.26172,24.916713,0
          </coordinates>
        </Point>
      </Placemark>
      <Placemark>
        <name>وادي قواق</name>
        <styleUrl>#icon-1739-0288D1-labelson-nodesc</styleUrl>
        <Point>
          <coordinates>
            37.509105,24.882317,0
          </coordinates>
        </Point>
      </Placemark>
      <Placemark>
        <name>وادي قواق</name>
        <styleUrl>#icon-1739-0288D1-labelson-nodesc</styleUrl>
        <Point>
          <coordinates>
            37.435355,24.889398,0
          </coordinates>
        </Point>
      </Placemark>
      <Placemark>
        <name>وادي قوي</name>
        <styleUrl>#icon-1739-0288D1-labelson-nodesc</styleUrl>
        <Point>
          <coordinates>
            38.780258,27.197428,0
          </coordinates>
        </Point>
      </Placemark>
      <Placemark>
        <name>وادي كليب</name>
        <styleUrl>#icon-1739-0288D1-labelson-nodesc</styleUrl>
        <Point>
          <coordinates>
            34.91601,28.904943,0
          </coordinates>
        </Point>
      </Placemark>
      <Placemark>
        <name>وادي مبرك</name>
        <styleUrl>#icon-1739-0288D1-labelson-nodesc</styleUrl>
        <Point>
          <coordinates>
            35.003579,29.28453,0
          </coordinates>
        </Point>
      </Placemark>
      <Placemark>
        <name>وادي مبرك</name>
        <styleUrl>#icon-1739-0288D1-labelson-nodesc</styleUrl>
        <Point>
          <coordinates>
            35.200818,29.202583,0
          </coordinates>
        </Point>
      </Placemark>
      <Placemark>
        <name>وادي مثر</name>
        <styleUrl>#icon-1739-0288D1-labelson-nodesc</styleUrl>
        <Point>
          <coordinates>
            37.619247,25.719273,0
          </coordinates>
        </Point>
      </Placemark>
      <Placemark>
        <name>وادي مثر</name>
        <styleUrl>#icon-1739-0288D1-labelson-nodesc</styleUrl>
        <Point>
          <coordinates>
            37.5791,25.760021,0
          </coordinates>
        </Point>
      </Placemark>
      <Placemark>
        <name>وادي محفار</name>
        <styleUrl>#icon-1739-0288D1-labelson-nodesc</styleUrl>
        <Point>
          <coordinates>
            35.600102,28.503406,0
          </coordinates>
        </Point>
      </Placemark>
      <Placemark>
        <name>وادي محفار</name>
        <styleUrl>#icon-1739-0288D1-labelson-nodesc</styleUrl>
        <Point>
          <coordinates>
            35.709729,28.459246,0
          </coordinates>
        </Point>
      </Placemark>
      <Placemark>
        <name>وادي محيفير</name>
        <styleUrl>#icon-1739-0288D1-labelson-nodesc</styleUrl>
        <Point>
          <coordinates>
            37.262063,25.790255,0
          </coordinates>
        </Point>
      </Placemark>
      <Placemark>
        <name>وادي مديسيس</name>
        <styleUrl>#icon-1739-0288D1-labelson-nodesc</styleUrl>
        <Point>
          <coordinates>
            37.546957,27.673209,0
          </coordinates>
        </Point>
      </Placemark>
      <Placemark>
        <name>وادي مديسيس</name>
        <styleUrl>#icon-1739-0288D1-labelson-nodesc</styleUrl>
        <Point>
          <coordinates>
            37.468915,27.666578,0
          </coordinates>
        </Point>
      </Placemark>
      <Placemark>
        <name>وادي مديسيسي</name>
        <styleUrl>#icon-1739-0288D1-labelson-nodesc</styleUrl>
        <Point>
          <coordinates>
            38.129725,27.6566,0
          </coordinates>
        </Point>
      </Placemark>
      <Placemark>
        <name>وادي مر</name>
        <styleUrl>#icon-1739-0288D1-labelson-nodesc</styleUrl>
        <Point>
          <coordinates>
            36.004815,27.053211,0
          </coordinates>
        </Point>
      </Placemark>
      <Placemark>
        <name>وادي مراخ</name>
        <styleUrl>#icon-1739-0288D1-labelson-nodesc</styleUrl>
        <Point>
          <coordinates>
            35.10752,28.20817,0
          </coordinates>
        </Point>
      </Placemark>
      <Placemark>
        <name>وادي مراخ</name>
        <styleUrl>#icon-1739-0288D1-labelson-nodesc</styleUrl>
        <Point>
          <coordinates>
            35.044348,28.150213,0
          </coordinates>
        </Point>
      </Placemark>
      <Placemark>
        <name>وادي مراخ</name>
        <styleUrl>#icon-1739-0288D1-labelson-nodesc</styleUrl>
        <Point>
          <coordinates>
            35.22721,28.195446,0
          </coordinates>
        </Point>
      </Placemark>
      <Placemark>
        <name>وادي مران</name>
        <styleUrl>#icon-1739-0288D1-labelson-nodesc</styleUrl>
        <Point>
          <coordinates>
            37.111688,25.519931,0
          </coordinates>
        </Point>
      </Placemark>
      <Placemark>
        <name>وادي مرخ</name>
        <styleUrl>#icon-1739-0288D1-labelson-nodesc</styleUrl>
        <Point>
          <coordinates>
            37.219212,25.302222,0
          </coordinates>
        </Point>
      </Placemark>
      <Placemark>
        <name>وادي مرخ</name>
        <styleUrl>#icon-1739-0288D1-labelson-nodesc</styleUrl>
        <Point>
          <coordinates>
            37.474,25.35033,0
          </coordinates>
        </Point>
      </Placemark>
      <Placemark>
        <name>وادي مصبح ابو شعيل</name>
        <styleUrl>#icon-1739-0288D1-labelson-nodesc</styleUrl>
        <Point>
          <coordinates>
            35.854311,28.9573,0
          </coordinates>
        </Point>
      </Placemark>
      <Placemark>
        <name>وادي مصير</name>
        <styleUrl>#icon-1739-0288D1-labelson-nodesc</styleUrl>
        <Point>
          <coordinates>
            34.994845,28.384423,0
          </coordinates>
        </Point>
      </Placemark>
      <Placemark>
        <name>وادي مصير</name>
        <styleUrl>#icon-1739-0288D1-labelson-nodesc</styleUrl>
        <Point>
          <coordinates>
            35.015445,28.325522,0
          </coordinates>
        </Point>
      </Placemark>
      <Placemark>
        <name>وادي مقبل</name>
        <styleUrl>#icon-1739-0288D1-labelson-nodesc</styleUrl>
        <Point>
          <coordinates>
            37.592339,27.767622,0
          </coordinates>
        </Point>
      </Placemark>
      <Placemark>
        <name>وادي ملح</name>
        <styleUrl>#icon-1739-0288D1-labelson-nodesc</styleUrl>
        <Point>
          <coordinates>
            37.559509,25.695305,0
          </coordinates>
        </Point>
      </Placemark>
      <Placemark>
        <name>وادي موس</name>
        <styleUrl>#icon-1739-0288D1-labelson-nodesc</styleUrl>
        <Point>
          <coordinates>
            35.051386,28.59267,0
          </coordinates>
        </Point>
      </Placemark>
      <Placemark>
        <name>وادي نبط</name>
        <styleUrl>#icon-1739-0288D1-labelson-nodesc</styleUrl>
        <Point>
          <coordinates>
            37.588627,24.69379,0
          </coordinates>
        </Point>
      </Placemark>
      <Placemark>
        <name>وادي نبط</name>
        <styleUrl>#icon-1739-0288D1-labelson-nodesc</styleUrl>
        <Point>
          <coordinates>
            37.395809,24.578476,0
          </coordinates>
        </Point>
      </Placemark>
      <Placemark>
        <name>وادي الوزب</name>
        <styleUrl>#icon-1739-0288D1-labelson-nodesc</styleUrl>
        <Point>
          <coordinates>
            36.753559,26.790118,0
          </coordinates>
        </Point>
      </Placemark>
      <Placemark>
        <name>وادي نخر</name>
        <styleUrl>#icon-1739-0288D1-labelson-nodesc</styleUrl>
        <Point>
          <coordinates>
            37.508011,25.723972,0
          </coordinates>
        </Point>
      </Placemark>
      <Placemark>
        <name>وادي نعام</name>
        <styleUrl>#icon-1739-0288D1-labelson-nodesc</styleUrl>
        <Point>
          <coordinates>
            36.607754,28.043482,0
          </coordinates>
        </Point>
      </Placemark>
      <Placemark>
        <name>وادي نعام</name>
        <styleUrl>#icon-1739-0288D1-labelson-nodesc</styleUrl>
        <Point>
          <coordinates>
            36.688178,28.226109,0
          </coordinates>
        </Point>
      </Placemark>
      <Placemark>
        <name>وادي نيال</name>
        <styleUrl>#icon-1739-0288D1-labelson-nodesc</styleUrl>
        <Point>
          <coordinates>
            38.306387,28.238168,0
          </coordinates>
        </Point>
      </Placemark>
      <Placemark>
        <name>وادي نيال</name>
        <styleUrl>#icon-1739-0288D1-labelson-nodesc</styleUrl>
        <Point>
          <coordinates>
            38.986552,28.772807,0
          </coordinates>
        </Point>
      </Placemark>
      <Placemark>
        <name>وادي هروب</name>
        <styleUrl>#icon-1739-0288D1-labelson-nodesc</styleUrl>
        <Point>
          <coordinates>
            35.155799,28.326681,0
          </coordinates>
        </Point>
      </Placemark>
      <Placemark>
        <name>وادي هروب</name>
        <styleUrl>#icon-1739-0288D1-labelson-nodesc</styleUrl>
        <Point>
          <coordinates>
            35.091469,28.25675,0
          </coordinates>
        </Point>
      </Placemark>
      <Placemark>
        <name>وادي وبري</name>
        <styleUrl>#icon-1739-0288D1-labelson-nodesc</styleUrl>
        <Point>
          <coordinates>
            36.861169,28.037431,0
          </coordinates>
        </Point>
      </Placemark>
      <Placemark>
        <name>شعيب السواسة</name>
        <styleUrl>#icon-1739-0288D1-labelson-nodesc</styleUrl>
        <Point>
          <coordinates>
            39.2338999999999,27.1265,0
          </coordinates>
        </Point>
      </Placemark>
      <Placemark>
        <name>شعيب قرى
</name>
        <styleUrl>#icon-1739-0288D1-labelson-nodesc</styleUrl>
        <Point>
          <coordinates>
            37.80277,25.40738,0
          </coordinates>
        </Point>
      </Placemark>
      <Placemark>
        <name>شعيب الحمياء
</name>
        <styleUrl>#icon-1739-0288D1-labelson-nodesc</styleUrl>
        <Point>
          <coordinates>
            37.86528,25.41498,0
          </coordinates>
        </Point>
      </Placemark>
      <Placemark>
        <name>شعيب ام اساريح
</name>
        <styleUrl>#icon-1739-0288D1-labelson-nodesc</styleUrl>
        <Point>
          <coordinates>
            37.91418,25.41039,0
          </coordinates>
        </Point>
      </Placemark>
      <Placemark>
        <name>شعيب الجباء
</name>
        <styleUrl>#icon-1739-0288D1-labelson-nodesc</styleUrl>
        <Point>
          <coordinates>
            37.75644,25.46452,0
          </coordinates>
        </Point>
      </Placemark>
      <Placemark>
        <name>شعيب الشويطن
</name>
        <styleUrl>#icon-1739-0288D1-labelson-nodesc</styleUrl>
        <Point>
          <coordinates>
            37.83146,25.4712,0
          </coordinates>
        </Point>
      </Placemark>
    </Folder>
    <Folder>
      <name>جبال</name>
      <Placemark>
        <name>غار الامير</name>
        <styleUrl>#icon-1739-DB4436-labelson-nodesc</styleUrl>
        <Point>
          <coordinates>
            35.947866,28.07539,0
          </coordinates>
        </Point>
      </Placemark>
      <Placemark>
        <name>غار البنات</name>
        <styleUrl>#icon-1739-DB4436-labelson-nodesc</styleUrl>
        <Point>
          <coordinates>
            38.335032,26.994782,0
          </coordinates>
        </Point>
      </Placemark>
      <Placemark>
        <name>غار السواقين</name>
        <styleUrl>#icon-1739-DB4436-labelson-nodesc</styleUrl>
        <Point>
          <coordinates>
            35.788565,28.37039,0
          </coordinates>
        </Point>
      </Placemark>
      <Placemark>
        <name>غار المضلمة</name>
        <styleUrl>#icon-1739-DB4436-labelson-nodesc</styleUrl>
        <Point>
          <coordinates>
            35.544891,29.016223,0
          </coordinates>
        </Point>
      </Placemark>
      <Placemark>
        <name>غار المقتل</name>
        <styleUrl>#icon-1739-DB4436-labelson-nodesc</styleUrl>
        <Point>
          <coordinates>
            38.039346,26.886613,0
          </coordinates>
        </Point>
      </Placemark>
      <Placemark>
        <name>غار حفرة الطبيق</name>
        <styleUrl>#icon-1739-DB4436-labelson-nodesc</styleUrl>
        <Point>
          <coordinates>
            37.959545,29.420528,0
          </coordinates>
        </Point>
      </Placemark>
      <Placemark>
        <name>غار حلوان</name>
        <styleUrl>#icon-1739-DB4436-labelson-nodesc</styleUrl>
        <Point>
          <coordinates>
            39.26048,28.422189,0
          </coordinates>
        </Point>
      </Placemark>
      <Placemark>
        <name>غار رقبة المريشدية</name>
        <styleUrl>#icon-1739-DB4436-labelson-nodesc</styleUrl>
        <Point>
          <coordinates>
            37.490909,29.874766,0
          </coordinates>
        </Point>
      </Placemark>
      <Placemark>
        <name>غار صدار</name>
        <styleUrl>#icon-1739-DB4436-labelson-nodesc</styleUrl>
        <Point>
          <coordinates>
            37.838094,29.03929,0
          </coordinates>
        </Point>
      </Placemark>
      <Placemark>
        <name>غار ضم</name>
        <styleUrl>#icon-1739-DB4436-labelson-nodesc</styleUrl>
        <Point>
          <coordinates>
            36.255977,28.584688,0
          </coordinates>
        </Point>
      </Placemark>
      <Placemark>
        <name>غار نزال</name>
        <styleUrl>#icon-1739-DB4436-labelson-nodesc</styleUrl>
        <Point>
          <coordinates>
            35.936108,27.841394,0
          </coordinates>
        </Point>
      </Placemark>
      <Placemark>
        <name>غارابودورين</name>
        <styleUrl>#icon-1739-DB4436-labelson-nodesc</styleUrl>
        <Point>
          <coordinates>
            37.544746,29.84818,0
          </coordinates>
        </Point>
      </Placemark>
      <Placemark>
        <name>طور الهريمه</name>
        <styleUrl>#icon-1739-DB4436-labelson-nodesc</styleUrl>
        <Point>
          <coordinates>
            37.188871,26.394589,0
          </coordinates>
        </Point>
      </Placemark>
      <Placemark>
        <name>ضلع ابو طربوش</name>
        <styleUrl>#icon-1739-DB4436-labelson-nodesc</styleUrl>
        <Point>
          <coordinates>
            37.399521,24.951475,0
          </coordinates>
        </Point>
      </Placemark>
      <Placemark>
        <name>ضلع القرين</name>
        <styleUrl>#icon-1739-DB4436-labelson-nodesc</styleUrl>
        <Point>
          <coordinates>
            35.466957,29.035664,0
          </coordinates>
        </Point>
      </Placemark>
      <Placemark>
        <name>ضلعان ابا القشع</name>
        <styleUrl>#icon-1739-DB4436-labelson-nodesc</styleUrl>
        <Point>
          <coordinates>
            37.599678,25.78989,0
          </coordinates>
        </Point>
      </Placemark>
      <Placemark>
        <name>ضلعان ام شداد</name>
        <styleUrl>#icon-1739-DB4436-labelson-nodesc</styleUrl>
        <Point>
          <coordinates>
            37.563458,24.778461,0
          </coordinates>
        </Point>
      </Placemark>
      <Placemark>
        <name>ضلعان تبقرة</name>
        <styleUrl>#icon-1739-DB4436-labelson-nodesc</styleUrl>
        <Point>
          <coordinates>
            36.904106,25.955029,0
          </coordinates>
        </Point>
      </Placemark>
      <Placemark>
        <name>ضليع الحصان</name>
        <styleUrl>#icon-1739-DB4436-labelson-nodesc</styleUrl>
        <Point>
          <coordinates>
            39.291401,27.236094,0
          </coordinates>
        </Point>
      </Placemark>
      <Placemark>
        <name>ضليع ذروة</name>
        <styleUrl>#icon-1739-DB4436-labelson-nodesc</styleUrl>
        <Point>
          <coordinates>
            39.669807,27.327676,0
          </coordinates>
        </Point>
      </Placemark>
      <Placemark>
        <name>ضليعة الحصانة</name>
        <styleUrl>#icon-1739-DB4436-labelson-nodesc</styleUrl>
        <Point>
          <coordinates>
            39.296186,27.250299,0
          </coordinates>
        </Point>
      </Placemark>
      <Placemark>
        <name>هضاب اذنة</name>
        <styleUrl>#icon-1739-DB4436-labelson-nodesc</styleUrl>
        <Point>
          <coordinates>
            35.619071,28.692684,0
          </coordinates>
        </Point>
      </Placemark>
      <Placemark>
        <name>هضاب الاميغر</name>
        <styleUrl>#icon-1739-DB4436-labelson-nodesc</styleUrl>
        <Point>
          <coordinates>
            38.524804,27.022634,0
          </coordinates>
        </Point>
      </Placemark>
      <Placemark>
        <name>هضاب الشرح</name>
        <styleUrl>#icon-1739-DB4436-labelson-nodesc</styleUrl>
        <Point>
          <coordinates>
            38.436699,27.097328,0
          </coordinates>
        </Point>
      </Placemark>
      <Placemark>
        <name>هضاب الضبعة</name>
        <styleUrl>#icon-1739-DB4436-labelson-nodesc</styleUrl>
        <Point>
          <coordinates>
            38.113997,28.854797,0
          </coordinates>
        </Point>
      </Placemark>
      <Placemark>
        <name>هضاب ام حصية</name>
        <styleUrl>#icon-1739-DB4436-labelson-nodesc</styleUrl>
        <Point>
          <coordinates>
            35.638189,28.767464,0
          </coordinates>
        </Point>
      </Placemark>
      <Placemark>
        <name>هضاب رايس</name>
        <styleUrl>#icon-1739-DB4436-labelson-nodesc</styleUrl>
        <Point>
          <coordinates>
            36.529927,28.296018,0
          </coordinates>
        </Point>
      </Placemark>
      <Placemark>
        <name>هضبة الاخيرام</name>
        <styleUrl>#icon-1739-DB4436-labelson-nodesc</styleUrl>
        <Point>
          <coordinates>
            35.978787,28.02784,0
          </coordinates>
        </Point>
      </Placemark>
      <Placemark>
        <name>هضبة الجش</name>
        <styleUrl>#icon-1739-DB4436-labelson-nodesc</styleUrl>
        <Point>
          <coordinates>
            36.478,27.107627,0
          </coordinates>
        </Point>
      </Placemark>
      <Placemark>
        <name>هضبة السبق</name>
        <styleUrl>#icon-1739-DB4436-labelson-nodesc</styleUrl>
        <Point>
          <coordinates>
            38.262913,26.857238,0
          </coordinates>
        </Point>
      </Placemark>
      <Placemark>
        <name>هضبة الشغور</name>
        <styleUrl>#icon-1739-DB4436-labelson-nodesc</styleUrl>
        <Point>
          <coordinates>
            38.113632,26.898308,0
          </coordinates>
        </Point>
      </Placemark>
      <Placemark>
        <name>هضبة المرقبة</name>
        <styleUrl>#icon-1739-DB4436-labelson-nodesc</styleUrl>
        <Point>
          <coordinates>
            38.224998,26.825008,0
          </coordinates>
        </Point>
      </Placemark>
      <Placemark>
        <name>هضبة ام غضاة</name>
        <styleUrl>#icon-1739-DB4436-labelson-nodesc</styleUrl>
        <Point>
          <coordinates>
            35.715072,28.488085,0
          </coordinates>
        </Point>
      </Placemark>
      <Placemark>
        <name>هضبة ام غضية</name>
        <styleUrl>#icon-1739-DB4436-labelson-nodesc</styleUrl>
        <Point>
          <coordinates>
            38.221951,26.93294,0
          </coordinates>
        </Point>
      </Placemark>
      <Placemark>
        <name>هضبة عنترة</name>
        <styleUrl>#icon-1739-DB4436-labelson-nodesc</styleUrl>
        <Point>
          <coordinates>
            35.497556,28.991868,0
          </coordinates>
        </Point>
      </Placemark>
      <Placemark>
        <name>هضيبات المقيرح</name>
        <styleUrl>#icon-1739-DB4436-labelson-nodesc</styleUrl>
        <Point>
          <coordinates>
            35.393035,28.15444,0
          </coordinates>
        </Point>
      </Placemark>
      <Placemark>
        <name>جبال ابا الركي</name>
        <styleUrl>#icon-1739-DB4436-labelson-nodesc</styleUrl>
        <Point>
          <coordinates>
            35.803585,27.403765,0
          </coordinates>
        </Point>
      </Placemark>
      <Placemark>
        <name>جبال ابا المرير</name>
        <styleUrl>#icon-1739-DB4436-labelson-nodesc</styleUrl>
        <Point>
          <coordinates>
            36.256492,28.517482,0
          </coordinates>
        </Point>
      </Placemark>
      <Placemark>
        <name>جبال ابا مغير</name>
        <styleUrl>#icon-1739-DB4436-labelson-nodesc</styleUrl>
        <Point>
          <coordinates>
            39.352856,27.19614,0
          </coordinates>
        </Point>
      </Placemark>
      <Placemark>
        <name>جبال ابو تكيه</name>
        <styleUrl>#icon-1739-DB4436-labelson-nodesc</styleUrl>
        <Point>
          <coordinates>
            36.327989,28.875632,0
          </coordinates>
        </Point>
      </Placemark>
      <Placemark>
        <name>جبال ابو جرمة</name>
        <styleUrl>#icon-1739-DB4436-labelson-nodesc</styleUrl>
        <Point>
          <coordinates>
            37.087784,26.028843,0
          </coordinates>
        </Point>
      </Placemark>
      <Placemark>
        <name>جبال ابو جهور</name>
        <styleUrl>#icon-1739-DB4436-labelson-nodesc</styleUrl>
        <Point>
          <coordinates>
            37.002597,26.533699,0
          </coordinates>
        </Point>
      </Placemark>
      <Placemark>
        <name>جبال ابو حنضل</name>
        <styleUrl>#icon-1739-DB4436-labelson-nodesc</styleUrl>
        <Point>
          <coordinates>
            37.484193,29.761491,0
          </coordinates>
        </Point>
      </Placemark>
      <Placemark>
        <name>جبال ابو خشيبة</name>
        <styleUrl>#icon-1739-DB4436-labelson-nodesc</styleUrl>
        <Point>
          <coordinates>
            37.753465,27.596304,0
          </coordinates>
        </Point>
      </Placemark>
      <Placemark>
        <name>جبال ابو ذرو</name>
        <styleUrl>#icon-1739-DB4436-labelson-nodesc</styleUrl>
        <Point>
          <coordinates>
            37.565174,25.816154,0
          </coordinates>
        </Point>
      </Placemark>
      <Placemark>
        <name>جبال ابو رجوم</name>
        <styleUrl>#icon-1739-DB4436-labelson-nodesc</styleUrl>
        <Point>
          <coordinates>
            35.237532,28.863144,0
          </coordinates>
        </Point>
      </Placemark>
      <Placemark>
        <name>جبال ابو شارب</name>
        <styleUrl>#icon-1739-DB4436-labelson-nodesc</styleUrl>
        <Point>
          <coordinates>
            37.252107,29.763401,0
          </coordinates>
        </Point>
      </Placemark>
      <Placemark>
        <name>جبال ابو طرفاة</name>
        <styleUrl>#icon-1739-DB4436-labelson-nodesc</styleUrl>
        <Point>
          <coordinates>
            37.46501,27.59285,0
          </coordinates>
        </Point>
      </Placemark>
      <Placemark>
        <name>جبال ابو طلحة</name>
        <styleUrl>#icon-1739-DB4436-labelson-nodesc</styleUrl>
        <Point>
          <coordinates>
            35.756207,28.824005,0
          </coordinates>
        </Point>
      </Placemark>
      <Placemark>
        <name>جبال ابو كباث</name>
        <styleUrl>#icon-1739-DB4436-labelson-nodesc</styleUrl>
        <Point>
          <coordinates>
            35.109987,29.295216,0
          </coordinates>
        </Point>
      </Placemark>
      <Placemark>
        <name>جبال اغلب</name>
        <styleUrl>#icon-1739-DB4436-labelson-nodesc</styleUrl>
        <Point>
          <coordinates>
            37.230842,26.240737,0
          </coordinates>
        </Point>
      </Placemark>
      <Placemark>
        <name>جبال اقره</name>
        <styleUrl>#icon-1739-DB4436-labelson-nodesc</styleUrl>
        <Point>
          <coordinates>
            35.097435,29.219191,0
          </coordinates>
        </Point>
      </Placemark>
      <Placemark>
        <name>جبال اكباد</name>
        <styleUrl>#icon-1739-DB4436-labelson-nodesc</styleUrl>
        <Point>
          <coordinates>
            39.152312,27.192321,0
          </coordinates>
        </Point>
      </Placemark>
      <Placemark>
        <name>جبال الابرق</name>
        <styleUrl>#icon-1739-DB4436-labelson-nodesc</styleUrl>
        <Point>
          <coordinates>
            37.431793,27.515945,0
          </coordinates>
        </Point>
      </Placemark>
      <Placemark>
        <name>جبال الابيرق</name>
        <styleUrl>#icon-1739-DB4436-labelson-nodesc</styleUrl>
        <Point>
          <coordinates>
            35.297227,29.205308,0
          </coordinates>
        </Point>
      </Placemark>
      <Placemark>
        <name>جبال الارة</name>
        <styleUrl>#icon-1739-DB4436-labelson-nodesc</styleUrl>
        <Point>
          <coordinates>
            37.506809,24.989777,0
          </coordinates>
        </Point>
      </Placemark>
      <Placemark>
        <name>جبال الازبر</name>
        <styleUrl>#icon-1739-DB4436-labelson-nodesc</styleUrl>
        <Point>
          <coordinates>
            37.824726,25.091057,0
          </coordinates>
        </Point>
      </Placemark>
      <Placemark>
        <name>جبال الاصابع</name>
        <styleUrl>#icon-1739-DB4436-labelson-nodesc</styleUrl>
        <Point>
          <coordinates>
            39.579728,26.977766,0
          </coordinates>
        </Point>
      </Placemark>
      <Placemark>
        <name>جبال البكرات</name>
        <styleUrl>#icon-1739-DB4436-labelson-nodesc</styleUrl>
        <Point>
          <coordinates>
            39.609296,27.085397,0
          </coordinates>
        </Point>
      </Placemark>
      <Placemark>
        <name>جبال البوانه</name>
        <styleUrl>#icon-1739-DB4436-labelson-nodesc</styleUrl>
        <Point>
          <coordinates>
            37.328217,24.734259,0
          </coordinates>
        </Point>
      </Placemark>
      <Placemark>
        <name>جبال البويب</name>
        <styleUrl>#icon-1739-DB4436-labelson-nodesc</styleUrl>
        <Point>
          <coordinates>
            36.456564,29.334848,0
          </coordinates>
        </Point>
      </Placemark>
      <Placemark>
        <name>جبال التنضبية</name>
        <styleUrl>#icon-1739-DB4436-labelson-nodesc</styleUrl>
        <Point>
          <coordinates>
            37.345276,25.400734,0
          </coordinates>
        </Point>
      </Placemark>
      <Placemark>
        <name>جبال الثامري</name>
        <styleUrl>#icon-1739-DB4436-labelson-nodesc</styleUrl>
        <Point>
          <coordinates>
            35.794659,28.808212,0
          </coordinates>
        </Point>
      </Placemark>
      <Placemark>
        <name>جبال الثايات</name>
        <styleUrl>#icon-1739-DB4436-labelson-nodesc</styleUrl>
        <Point>
          <coordinates>
            36.816366,29.158037,0
          </coordinates>
        </Point>
      </Placemark>
      <Placemark>
        <name>جبال الجبية</name>
        <styleUrl>#icon-1739-DB4436-labelson-nodesc</styleUrl>
        <Point>
          <coordinates>
            37.061348,26.13184,0
          </coordinates>
        </Point>
      </Placemark>
      <Placemark>
        <name>جبال الجدرية</name>
        <styleUrl>#icon-1739-DB4436-labelson-nodesc</styleUrl>
        <Point>
          <coordinates>
            36.000052,28.836365,0
          </coordinates>
        </Point>
      </Placemark>
      <Placemark>
        <name>جبال الجليب</name>
        <styleUrl>#icon-1739-DB4436-labelson-nodesc</styleUrl>
        <Point>
          <coordinates>
            37.677376,25.525596,0
          </coordinates>
        </Point>
      </Placemark>
      <Placemark>
        <name>جبال الجليدان</name>
        <styleUrl>#icon-1739-DB4436-labelson-nodesc</styleUrl>
        <Point>
          <coordinates>
            36.737251,26.541424,0
          </coordinates>
        </Point>
      </Placemark>
      <Placemark>
        <name>جبال الحريز</name>
        <styleUrl>#icon-1739-DB4436-labelson-nodesc</styleUrl>
        <Point>
          <coordinates>
            37.848673,27.545021,0
          </coordinates>
        </Point>
      </Placemark>
      <Placemark>
        <name>جبال الحشاء</name>
        <styleUrl>#icon-1739-DB4436-labelson-nodesc</styleUrl>
        <Point>
          <coordinates>
            37.677956,24.728851,0
          </coordinates>
        </Point>
      </Placemark>
      <Placemark>
        <name>جبال الحلا</name>
        <styleUrl>#icon-1739-DB4436-labelson-nodesc</styleUrl>
        <Point>
          <coordinates>
            37.175095,27.783179,0
          </coordinates>
        </Point>
      </Placemark>
      <Placemark>
        <name>جبال الحمامي</name>
        <styleUrl>#icon-1739-DB4436-labelson-nodesc</styleUrl>
        <Point>
          <coordinates>
            35.055571,28.758881,0
          </coordinates>
        </Point>
      </Placemark>
      <Placemark>
        <name>جبال الحمدي</name>
        <styleUrl>#icon-1739-DB4436-labelson-nodesc</styleUrl>
        <Point>
          <coordinates>
            35.946343,27.496612,0
          </coordinates>
        </Point>
      </Placemark>
      <Placemark>
        <name>جبال الحمراء الشمالية</name>
        <styleUrl>#icon-1739-DB4436-labelson-nodesc</styleUrl>
        <Point>
          <coordinates>
            37.671604,25.085392,0
          </coordinates>
        </Point>
      </Placemark>
      <Placemark>
        <name>جبال الحمرة</name>
        <styleUrl>#icon-1739-DB4436-labelson-nodesc</styleUrl>
        <Point>
          <coordinates>
            35.228627,28.592134,0
          </coordinates>
        </Point>
      </Placemark>
      <Placemark>
        <name>جبال الحنوين</name>
        <styleUrl>#icon-1739-DB4436-labelson-nodesc</styleUrl>
        <Point>
          <coordinates>
            37.281032,27.50747,0
          </coordinates>
        </Point>
      </Placemark>
      <Placemark>
        <name>جبال الحوصاء</name>
        <styleUrl>#icon-1739-DB4436-labelson-nodesc</styleUrl>
        <Point>
          <coordinates>
            37.573693,29.899549,0
          </coordinates>
        </Point>
      </Placemark>
      <Placemark>
        <name>جبال الخراص</name>
        <styleUrl>#icon-1739-DB4436-labelson-nodesc</styleUrl>
        <Point>
          <coordinates>
            37.76031,24.752777,0
          </coordinates>
        </Point>
      </Placemark>
      <Placemark>
        <name>جبال الخرج</name>
        <styleUrl>#icon-1739-DB4436-labelson-nodesc</styleUrl>
        <Point>
          <coordinates>
            35.427818,28.93816,0
          </coordinates>
        </Point>
      </Placemark>
      <Placemark>
        <name>جبال الخريمات</name>
        <styleUrl>#icon-1739-DB4436-labelson-nodesc</styleUrl>
        <Point>
          <coordinates>
            35.851736,28.925972,0
          </coordinates>
        </Point>
      </Placemark>
      <Placemark>
        <name>جبال الخشة</name>
        <styleUrl>#icon-1739-DB4436-labelson-nodesc</styleUrl>
        <Point>
          <coordinates>
            36.378758,29.341865,0
          </coordinates>
        </Point>
      </Placemark>
      <Placemark>
        <name>جبال الخشوة</name>
        <styleUrl>#icon-1739-DB4436-labelson-nodesc</styleUrl>
        <Point>
          <coordinates>
            36.521065,29.205887,0
          </coordinates>
        </Point>
      </Placemark>
      <Placemark>
        <name>جبال الخضرا</name>
        <styleUrl>#icon-1739-DB4436-labelson-nodesc</styleUrl>
        <Point>
          <coordinates>
            37.353108,27.642417,0
          </coordinates>
        </Point>
      </Placemark>
      <Placemark>
        <name>جبال الخطباء</name>
        <styleUrl>#icon-1739-DB4436-labelson-nodesc</styleUrl>
        <Point>
          <coordinates>
            37.557256,25.362518,0
          </coordinates>
        </Point>
      </Placemark>
      <Placemark>
        <name>جبال الخلصه</name>
        <styleUrl>#icon-1739-DB4436-labelson-nodesc</styleUrl>
        <Point>
          <coordinates>
            35.674796,27.777793,0
          </coordinates>
        </Point>
      </Placemark>
      <Placemark>
        <name>جبال الخلل</name>
        <styleUrl>#icon-1739-DB4436-labelson-nodesc</styleUrl>
        <Point>
          <coordinates>
            39.66676,27.077844,0
          </coordinates>
        </Point>
      </Placemark>
      <Placemark>
        <name>جبال الخميلة</name>
        <styleUrl>#icon-1739-DB4436-labelson-nodesc</styleUrl>
        <Point>
          <coordinates>
            37.263265,27.817469,0
          </coordinates>
        </Point>
      </Placemark>
      <Placemark>
        <name>جبال الخنافرية</name>
        <styleUrl>#icon-1739-DB4436-labelson-nodesc</styleUrl>
        <Point>
          <coordinates>
            38.707795,28.168087,0
          </coordinates>
        </Point>
      </Placemark>
      <Placemark>
        <name>جبال الخنذوة</name>
        <styleUrl>#icon-1739-DB4436-labelson-nodesc</styleUrl>
        <Point>
          <coordinates>
            39.846103,27.13917,0
          </coordinates>
        </Point>
      </Placemark>
      <Placemark>
        <name>جبال الدرع</name>
        <styleUrl>#icon-1739-DB4436-labelson-nodesc</styleUrl>
        <Point>
          <coordinates>
            37.355275,27.7302,0
          </coordinates>
        </Point>
      </Placemark>
      <Placemark>
        <name>جبال الدغش</name>
        <styleUrl>#icon-1739-DB4436-labelson-nodesc</styleUrl>
        <Point>
          <coordinates>
            38.409083,27.330723,0
          </coordinates>
        </Point>
      </Placemark>
      <Placemark>
        <name>جبال الدويخلات</name>
        <styleUrl>#icon-1739-DB4436-labelson-nodesc</styleUrl>
        <Point>
          <coordinates>
            37.07963,29.400616,0
          </coordinates>
        </Point>
      </Placemark>
      <Placemark>
        <name>جبال الراية</name>
        <styleUrl>#icon-1739-DB4436-labelson-nodesc</styleUrl>
        <Point>
          <coordinates>
            37.659588,25.421677,0
          </coordinates>
        </Point>
      </Placemark>
      <Placemark>
        <name>جبال الربا</name>
        <styleUrl>#icon-1739-DB4436-labelson-nodesc</styleUrl>
        <Point>
          <coordinates>
            38.687046,27.583623,0
          </coordinates>
        </Point>
      </Placemark>
      <Placemark>
        <name>جبال الرديدات</name>
        <styleUrl>#icon-1739-DB4436-labelson-nodesc</styleUrl>
        <Point>
          <coordinates>
            34.919894,28.48845,0
          </coordinates>
        </Point>
      </Placemark>
      <Placemark>
        <name>جبال الرشي</name>
        <styleUrl>#icon-1739-DB4436-labelson-nodesc</styleUrl>
        <Point>
          <coordinates>
            38.03484,24.764214,0
          </coordinates>
        </Point>
      </Placemark>
      <Placemark>
        <name>جبال الرضيم</name>
        <styleUrl>#icon-1739-DB4436-labelson-nodesc</styleUrl>
        <Point>
          <coordinates>
            37.617981,27.83251,0
          </coordinates>
        </Point>
      </Placemark>
      <Placemark>
        <name>جبال الركب</name>
        <styleUrl>#icon-1739-DB4436-labelson-nodesc</styleUrl>
        <Point>
          <coordinates>
            38.045826,26.883159,0
          </coordinates>
        </Point>
      </Placemark>
      <Placemark>
        <name>جبال الزبنة</name>
        <styleUrl>#icon-1739-DB4436-labelson-nodesc</styleUrl>
        <Point>
          <coordinates>
            39.535332,27.049863,0
          </coordinates>
        </Point>
      </Placemark>
      <Placemark>
        <name>جبال الزعوبية</name>
        <styleUrl>#icon-1739-DB4436-labelson-nodesc</styleUrl>
        <Point>
          <coordinates>
            37.590559,29.693985,0
          </coordinates>
        </Point>
      </Placemark>
      <Placemark>
        <name>جبال الزيدانية</name>
        <styleUrl>#icon-1739-DB4436-labelson-nodesc</styleUrl>
        <Point>
          <coordinates>
            36.764309,29.5735,0
          </coordinates>
        </Point>
      </Placemark>
      <Placemark>
        <name>جبال الستار</name>
        <styleUrl>#icon-1739-DB4436-labelson-nodesc</styleUrl>
        <Point>
          <coordinates>
            36.732359,26.097379,0
          </coordinates>
        </Point>
      </Placemark>
      <Placemark>
        <name>جبال السعلوة</name>
        <styleUrl>#icon-1739-DB4436-labelson-nodesc</styleUrl>
        <Point>
          <coordinates>
            36.056228,27.450435,0
          </coordinates>
        </Point>
      </Placemark>
      <Placemark>
        <name>جبال البيضاء</name>
        <styleUrl>#icon-1739-DB4436-labelson-nodesc</styleUrl>
        <Point>
          <coordinates>
            36.578786,26.415038,0
          </coordinates>
        </Point>
      </Placemark>
      <Placemark>
        <name>جبال الشاغور</name>
        <styleUrl>#icon-1739-DB4436-labelson-nodesc</styleUrl>
        <Point>
          <coordinates>
            38.145432,26.906741,0
          </coordinates>
        </Point>
      </Placemark>
      <Placemark>
        <name>جبال الشطيات</name>
        <styleUrl>#icon-1739-DB4436-labelson-nodesc</styleUrl>
        <Point>
          <coordinates>
            37.308283,29.575646,0
          </coordinates>
        </Point>
      </Placemark>
      <Placemark>
        <name>جبال الشعيب</name>
        <styleUrl>#icon-1739-DB4436-labelson-nodesc</styleUrl>
        <Point>
          <coordinates>
            37.692032,25.242805,0
          </coordinates>
        </Point>
      </Placemark>
      <Placemark>
        <name>جبال الشقيق</name>
        <styleUrl>#icon-1739-DB4436-labelson-nodesc</styleUrl>
        <Point>
          <coordinates>
            37.016373,28.276513,0
          </coordinates>
        </Point>
      </Placemark>
      <Placemark>
        <name>جبال الشكاعة</name>
        <styleUrl>#icon-1739-DB4436-labelson-nodesc</styleUrl>
        <Point>
          <coordinates>
            36.190231,28.371549,0
          </coordinates>
        </Point>
      </Placemark>
      <Placemark>
        <name>جبال الشليلات</name>
        <styleUrl>#icon-1739-DB4436-labelson-nodesc</styleUrl>
        <Point>
          <coordinates>
            39.243851,27.19408,0
          </coordinates>
        </Point>
      </Placemark>
      <Placemark>
        <name>جبال الشمراخ</name>
        <styleUrl>#icon-1739-DB4436-labelson-nodesc</styleUrl>
        <Point>
          <coordinates>
            35.216203,28.845162,0
          </coordinates>
        </Point>
      </Placemark>
      <Placemark>
        <name>جبال الشهباء</name>
        <styleUrl>#icon-1739-DB4436-labelson-nodesc</styleUrl>
        <Point>
          <coordinates>
            37.232537,29.363666,0
          </coordinates>
        </Point>
      </Placemark>
      <Placemark>
        <name>جبال الشياطي</name>
        <styleUrl>#icon-1739-DB4436-labelson-nodesc</styleUrl>
        <Point>
          <coordinates>
            35.600574,28.189201,0
          </coordinates>
        </Point>
      </Placemark>
      <Placemark>
        <name>جبال الصفراء</name>
        <styleUrl>#icon-1739-DB4436-labelson-nodesc</styleUrl>
        <Point>
          <coordinates>
            37.232151,26.105404,0
          </coordinates>
        </Point>
      </Placemark>
      <Placemark>
        <name>جبال الصفيراء</name>
        <styleUrl>#icon-1739-DB4436-labelson-nodesc</styleUrl>
        <Point>
          <coordinates>
            37.426472,25.137062,0
          </coordinates>
        </Point>
      </Placemark>
      <Placemark>
        <name>جبال الصلب</name>
        <styleUrl>#icon-1739-DB4436-labelson-nodesc</styleUrl>
        <Point>
          <coordinates>
            35.828733,28.452938,0
          </coordinates>
        </Point>
      </Placemark>
      <Placemark>
        <name>جبال الصلع</name>
        <styleUrl>#icon-1739-DB4436-labelson-nodesc</styleUrl>
        <Point>
          <coordinates>
            35.500495,28.246686,0
          </coordinates>
        </Point>
      </Placemark>
      <Placemark>
        <name>جبال الصليطيات</name>
        <styleUrl>#icon-1739-DB4436-labelson-nodesc</styleUrl>
        <Point>
          <coordinates>
            36.620028,28.13957,0
          </coordinates>
        </Point>
      </Placemark>
      <Placemark>
        <name>جبال الصماخ</name>
        <styleUrl>#icon-1739-DB4436-labelson-nodesc</styleUrl>
        <Point>
          <coordinates>
            35.511138,28.143561,0
          </coordinates>
        </Point>
      </Placemark>
      <Placemark>
        <name>جبال الصواوين</name>
        <styleUrl>#icon-1739-DB4436-labelson-nodesc</styleUrl>
        <Point>
          <coordinates>
            35.91186,27.926517,0
          </coordinates>
        </Point>
      </Placemark>
      <Placemark>
        <name>جبال الضبيبيات</name>
        <styleUrl>#icon-1739-DB4436-labelson-nodesc</styleUrl>
        <Point>
          <coordinates>
            39.812994,27.311754,0
          </coordinates>
        </Point>
      </Placemark>
      <Placemark>
        <name>جبال الضبيعان</name>
        <styleUrl>#icon-1739-DB4436-labelson-nodesc</styleUrl>
        <Point>
          <coordinates>
            37.065103,29.780867,0
          </coordinates>
        </Point>
      </Placemark>
      <Placemark>
        <name>جبال الطبيق</name>
        <styleUrl>#icon-1739-DB4436-labelson-nodesc</styleUrl>
        <Point>
          <coordinates>
            37.322359,29.426558,0
          </coordinates>
        </Point>
      </Placemark>
      <Placemark>
        <name>جبال الطبيق</name>
        <styleUrl>#icon-1739-DB4436-labelson-nodesc</styleUrl>
        <Point>
          <coordinates>
            37.516873,29.491403,0
          </coordinates>
        </Point>
      </Placemark>
      <Placemark>
        <name>جبال الطخم</name>
        <styleUrl>#icon-1739-DB4436-labelson-nodesc</styleUrl>
        <Point>
          <coordinates>
            37.097633,29.147158,0
          </coordinates>
        </Point>
      </Placemark>
      <Placemark>
        <name>جبال العاقر</name>
        <styleUrl>#icon-1739-DB4436-labelson-nodesc</styleUrl>
        <Point>
          <coordinates>
            37.5314,28.925929,0
          </coordinates>
        </Point>
      </Placemark>
      <Placemark>
        <name>جبال العذيب</name>
        <styleUrl>#icon-1739-DB4436-labelson-nodesc</styleUrl>
        <Point>
          <coordinates>
            35.571992,27.751915,0
          </coordinates>
        </Point>
      </Placemark>
      <Placemark>
        <name>جبال العرنيات</name>
        <styleUrl>#icon-1739-DB4436-labelson-nodesc</styleUrl>
        <Point>
          <coordinates>
            37.52434,27.611132,0
          </coordinates>
        </Point>
      </Placemark>
      <Placemark>
        <name>جبال العرنيات</name>
        <styleUrl>#icon-1739-DB4436-labelson-nodesc</styleUrl>
        <Point>
          <coordinates>
            37.577147,27.532575,0
          </coordinates>
        </Point>
      </Placemark>
      <Placemark>
        <name>جبال العرينات</name>
        <styleUrl>#icon-1739-DB4436-labelson-nodesc</styleUrl>
        <Point>
          <coordinates>
            37.577147,27.532575,0
          </coordinates>
        </Point>
      </Placemark>
      <Placemark>
        <name>جبال العصافير</name>
        <styleUrl>#icon-1739-DB4436-labelson-nodesc</styleUrl>
        <Point>
          <coordinates>
            36.55014,28.062537,0
          </coordinates>
        </Point>
      </Placemark>
      <Placemark>
        <name>جبال العضاميات</name>
        <styleUrl>#icon-1739-DB4436-labelson-nodesc</styleUrl>
        <Point>
          <coordinates>
            39.439931,27.122347,0
          </coordinates>
        </Point>
      </Placemark>
      <Placemark>
        <name>جبال العكمية</name>
        <styleUrl>#icon-1739-DB4436-labelson-nodesc</styleUrl>
        <Point>
          <coordinates>
            35.768673,28.570955,0
          </coordinates>
        </Point>
      </Placemark>
      <Placemark>
        <name>جبال العميدات</name>
        <styleUrl>#icon-1739-DB4436-labelson-nodesc</styleUrl>
        <Point>
          <coordinates>
            39.082146,27.09338,0
          </coordinates>
        </Point>
      </Placemark>
      <Placemark>
        <name>جبال الغويل</name>
        <styleUrl>#icon-1739-DB4436-labelson-nodesc</styleUrl>
        <Point>
          <coordinates>
            36.360669,28.361056,0
          </coordinates>
        </Point>
      </Placemark>
      <Placemark>
        <name>جبال الغياية</name>
        <styleUrl>#icon-1739-DB4436-labelson-nodesc</styleUrl>
        <Point>
          <coordinates>
            37.913303,24.836311,0
          </coordinates>
        </Point>
      </Placemark>
      <Placemark>
        <name>جبال الفرول</name>
        <styleUrl>#icon-1739-DB4436-labelson-nodesc</styleUrl>
        <Point>
          <coordinates>
            37.636886,28.009279,0
          </coordinates>
        </Point>
      </Placemark>
      <Placemark>
        <name>جبال الفصفصيات</name>
        <styleUrl>#icon-1739-DB4436-labelson-nodesc</styleUrl>
        <Point>
          <coordinates>
            37.123897,29.854231,0
          </coordinates>
        </Point>
      </Placemark>
      <Placemark>
        <name>جبال الفقشة</name>
        <styleUrl>#icon-1739-DB4436-labelson-nodesc</styleUrl>
        <Point>
          <coordinates>
            37.746792,24.94978,0
          </coordinates>
        </Point>
      </Placemark>
      <Placemark>
        <name>جبال الفيهيه</name>
        <styleUrl>#icon-1739-DB4436-labelson-nodesc</styleUrl>
        <Point>
          <coordinates>
            37.099865,29.575067,0
          </coordinates>
        </Point>
      </Placemark>
      <Placemark>
        <name>جبال القرية</name>
        <styleUrl>#icon-1739-DB4436-labelson-nodesc</styleUrl>
        <Point>
          <coordinates>
            35.994301,28.767142,0
          </coordinates>
        </Point>
      </Placemark>
      <Placemark>
        <name>جبال القليته</name>
        <styleUrl>#icon-1739-DB4436-labelson-nodesc</styleUrl>
        <Point>
          <coordinates>
            36.035585,27.015982,0
          </coordinates>
        </Point>
      </Placemark>
      <Placemark>
        <name>جبال اللبدة</name>
        <styleUrl>#icon-1739-DB4436-labelson-nodesc</styleUrl>
        <Point>
          <coordinates>
            37.726085,28.143518,0
          </coordinates>
        </Point>
      </Placemark>
      <Placemark>
        <name>جبال اللحاوي</name>
        <styleUrl>#icon-1739-DB4436-labelson-nodesc</styleUrl>
        <Point>
          <coordinates>
            36.612968,29.318497,0
          </coordinates>
        </Point>
      </Placemark>
      <Placemark>
        <name>جبال اللمة</name>
        <styleUrl>#icon-1739-DB4436-labelson-nodesc</styleUrl>
        <Point>
          <coordinates>
            37.465525,28.139076,0
          </coordinates>
        </Point>
      </Placemark>
      <Placemark>
        <name>جبال المجرمة</name>
        <styleUrl>#icon-1739-DB4436-labelson-nodesc</styleUrl>
        <Point>
          <coordinates>
            37.823524,24.693832,0
          </coordinates>
        </Point>
      </Placemark>
      <Placemark>
        <name>جبال المجوخ</name>
        <styleUrl>#icon-1739-DB4436-labelson-nodesc</styleUrl>
        <Point>
          <coordinates>
            36.695023,29.202003,0
          </coordinates>
        </Point>
      </Placemark>
      <Placemark>
        <name>جبال المجيرمة</name>
        <styleUrl>#icon-1739-DB4436-labelson-nodesc</styleUrl>
        <Point>
          <coordinates>
            37.608948,24.809875,0
          </coordinates>
        </Point>
      </Placemark>
      <Placemark>
        <name>جبال المحاش</name>
        <styleUrl>#icon-1739-DB4436-labelson-nodesc</styleUrl>
        <Point>
          <coordinates>
            35.517597,29.05019,0
          </coordinates>
        </Point>
      </Placemark>
      <Placemark>
        <name>جبال المحجة</name>
        <styleUrl>#icon-1739-DB4436-labelson-nodesc</styleUrl>
        <Point>
          <coordinates>
            39.495678,27.018256,0
          </coordinates>
        </Point>
      </Placemark>
      <Placemark>
        <name>جبال المحشر</name>
        <styleUrl>#icon-1739-DB4436-labelson-nodesc</styleUrl>
        <Point>
          <coordinates>
            36.828446,29.851806,0
          </coordinates>
        </Point>
      </Placemark>
      <Placemark>
        <name>جبال المدافع</name>
        <styleUrl>#icon-1739-DB4436-labelson-nodesc</styleUrl>
        <Point>
          <coordinates>
            37.139089,28.856192,0
          </coordinates>
        </Point>
      </Placemark>
      <Placemark>
        <name>جبال المدرباء</name>
        <styleUrl>#icon-1739-DB4436-labelson-nodesc</styleUrl>
        <Point>
          <coordinates>
            36.034555,28.444226,0
          </coordinates>
        </Point>
      </Placemark>
      <Placemark>
        <name>جبال المديثن</name>
        <styleUrl>#icon-1739-DB4436-labelson-nodesc</styleUrl>
        <Point>
          <coordinates>
            35.27343,29.236958,0
          </coordinates>
        </Point>
      </Placemark>
      <Placemark>
        <name>جبال المرة</name>
        <styleUrl>#icon-1739-DB4436-labelson-nodesc</styleUrl>
        <Point>
          <coordinates>
            35.145349,28.43678,0
          </coordinates>
        </Point>
      </Placemark>
      <Placemark>
        <name>جبال المرشا</name>
        <styleUrl>#icon-1739-DB4436-labelson-nodesc</styleUrl>
        <Point>
          <coordinates>
            35.699172,28.839841,0
          </coordinates>
        </Point>
      </Placemark>
      <Placemark>
        <name>جبال المريشدية</name>
        <styleUrl>#icon-1739-DB4436-labelson-nodesc</styleUrl>
        <Point>
          <coordinates>
            37.380509,29.816294,0
          </coordinates>
        </Point>
      </Placemark>
      <Placemark>
        <name>جبال المعرص</name>
        <styleUrl>#icon-1739-DB4436-labelson-nodesc</styleUrl>
        <Point>
          <coordinates>
            37.426472,25.368633,0
          </coordinates>
        </Point>
      </Placemark>
      <Placemark>
        <name>جبال المعقد</name>
        <styleUrl>#icon-1739-DB4436-labelson-nodesc</styleUrl>
        <Point>
          <coordinates>
            37.598476,25.530338,0
          </coordinates>
        </Point>
      </Placemark>
      <Placemark>
        <name>جبال المغر</name>
        <styleUrl>#icon-1739-DB4436-labelson-nodesc</styleUrl>
        <Point>
          <coordinates>
            36.310372,27.631559,0
          </coordinates>
        </Point>
      </Placemark>
      <Placemark>
        <name>جبال المغروين</name>
        <styleUrl>#icon-1739-DB4436-labelson-nodesc</styleUrl>
        <Point>
          <coordinates>
            38.494871,28.729742,0
          </coordinates>
        </Point>
      </Placemark>
      <Placemark>
        <name>جبال المفاحيم</name>
        <styleUrl>#icon-1739-DB4436-labelson-nodesc</styleUrl>
        <Point>
          <coordinates>
            35.70194,28.549132,0
          </coordinates>
        </Point>
      </Placemark>
      <Placemark>
        <name>جبال المكيمن</name>
        <styleUrl>#icon-1739-DB4436-labelson-nodesc</styleUrl>
        <Point>
          <coordinates>
            36.08556,28.02417,0
          </coordinates>
        </Point>
      </Placemark>
      <Placemark>
        <name>جبال الملاحة</name>
        <styleUrl>#icon-1739-DB4436-labelson-nodesc</styleUrl>
        <Point>
          <coordinates>
            37.608433,25.688782,0
          </coordinates>
        </Point>
      </Placemark>
      <Placemark>
        <name>جبال الملحية</name>
        <styleUrl>#icon-1739-DB4436-labelson-nodesc</styleUrl>
        <Point>
          <coordinates>
            39.845502,27.231567,0
          </coordinates>
        </Point>
      </Placemark>
      <Placemark>
        <name>جبال المليحة</name>
        <styleUrl>#icon-1739-DB4436-labelson-nodesc</styleUrl>
        <Point>
          <coordinates>
            37.378814,24.853671,0
          </coordinates>
        </Point>
      </Placemark>
      <Placemark>
        <name>جبال المنادير</name>
        <styleUrl>#icon-1739-DB4436-labelson-nodesc</styleUrl>
        <Point>
          <coordinates>
            35.786419,28.637409,0
          </coordinates>
        </Point>
      </Placemark>
      <Placemark>
        <name>جبال النتقة</name>
        <styleUrl>#icon-1739-DB4436-labelson-nodesc</styleUrl>
        <Point>
          <coordinates>
            35.480003,29.157543,0
          </coordinates>
        </Point>
      </Placemark>
      <Placemark>
        <name>جبال النصع</name>
        <styleUrl>#icon-1739-DB4436-labelson-nodesc</styleUrl>
        <Point>
          <coordinates>
            37.366905,25.383911,0
          </coordinates>
        </Point>
      </Placemark>
      <Placemark>
        <name>جبال النعيجات</name>
        <styleUrl>#icon-1739-DB4436-labelson-nodesc</styleUrl>
        <Point>
          <coordinates>
            35.360012,28.786755,0
          </coordinates>
        </Point>
      </Placemark>
      <Placemark>
        <name>جبال النقواء</name>
        <styleUrl>#icon-1739-DB4436-labelson-nodesc</styleUrl>
        <Point>
          <coordinates>
            35.221825,28.933353,0
          </coordinates>
        </Point>
      </Placemark>
      <Placemark>
        <name>جبال النقوى</name>
        <styleUrl>#icon-1739-DB4436-labelson-nodesc</styleUrl>
        <Point>
          <coordinates>
            37.378922,25.986786,0
          </coordinates>
        </Point>
      </Placemark>
      <Placemark>
        <name>جبال النمرة</name>
        <styleUrl>#icon-1739-DB4436-labelson-nodesc</styleUrl>
        <Point>
          <coordinates>
            37.703533,25.162468,0
          </coordinates>
        </Point>
      </Placemark>
      <Placemark>
        <name>جبال الهضيب</name>
        <styleUrl>#icon-1739-DB4436-labelson-nodesc</styleUrl>
        <Point>
          <coordinates>
            37.536507,25.758476,0
          </coordinates>
        </Point>
      </Placemark>
      <Placemark>
        <name>جبال الهقب</name>
        <styleUrl>#icon-1739-DB4436-labelson-nodesc</styleUrl>
        <Point>
          <coordinates>
            34.908435,28.565891,0
          </coordinates>
        </Point>
      </Placemark>
      <Placemark>
        <name>جبال الهند</name>
        <styleUrl>#icon-1739-DB4436-labelson-nodesc</styleUrl>
        <Point>
          <coordinates>
            37.290773,27.595854,0
          </coordinates>
        </Point>
      </Placemark>
      <Placemark>
        <name>جبال الهواره</name>
        <styleUrl>#icon-1739-DB4436-labelson-nodesc</styleUrl>
        <Point>
          <coordinates>
            35.16773,29.086347,0
          </coordinates>
        </Point>
      </Placemark>
      <Placemark>
        <name>جبال الوجية</name>
        <styleUrl>#icon-1739-DB4436-labelson-nodesc</styleUrl>
        <Point>
          <coordinates>
            35.372801,29.058752,0
          </coordinates>
        </Point>
      </Placemark>
      <Placemark>
        <name>جبال الورقة</name>
        <styleUrl>#icon-1739-DB4436-labelson-nodesc</styleUrl>
        <Point>
          <coordinates>
            34.908264,28.621316,0
          </coordinates>
        </Point>
      </Placemark>
      <Placemark>
        <name>جبال الوظام</name>
        <styleUrl>#icon-1739-DB4436-labelson-nodesc</styleUrl>
        <Point>
          <coordinates>
            36.132596,28.717468,0
          </coordinates>
        </Point>
      </Placemark>
      <Placemark>
        <name>جبال ام ارطى</name>
        <styleUrl>#icon-1739-DB4436-labelson-nodesc</styleUrl>
        <Point>
          <coordinates>
            37.880366,27.593172,0
          </coordinates>
        </Point>
      </Placemark>
      <Placemark>
        <name>جبال ام الريلان</name>
        <styleUrl>#icon-1739-DB4436-labelson-nodesc</styleUrl>
        <Point>
          <coordinates>
            37.760696,25.653248,0
          </coordinates>
        </Point>
      </Placemark>
      <Placemark>
        <name>جبال ام جبا</name>
        <styleUrl>#icon-1739-DB4436-labelson-nodesc</styleUrl>
        <Point>
          <coordinates>
            36.070132,28.502076,0
          </coordinates>
        </Point>
      </Placemark>
      <Placemark>
        <name>جبال ام جرفان</name>
        <styleUrl>#icon-1739-DB4436-labelson-nodesc</styleUrl>
        <Point>
          <coordinates>
            37.93931,27.862422,0
          </coordinates>
        </Point>
      </Placemark>
      <Placemark>
        <name>جبال ام جرفين</name>
        <styleUrl>#icon-1739-DB4436-labelson-nodesc</styleUrl>
        <Point>
          <coordinates>
            37.552128,25.226498,0
          </coordinates>
        </Point>
      </Placemark>
      <Placemark>
        <name>جبال ام خناصر</name>
        <styleUrl>#icon-1739-DB4436-labelson-nodesc</styleUrl>
        <Point>
          <coordinates>
            39.380257,27.08853,0
          </coordinates>
        </Point>
      </Placemark>
      <Placemark>
        <name>جبال ام دريمة</name>
        <styleUrl>#icon-1739-DB4436-labelson-nodesc</styleUrl>
        <Point>
          <coordinates>
            35.334349,29.156406,0
          </coordinates>
        </Point>
      </Placemark>
      <Placemark>
        <name>جبال ام رجام</name>
        <styleUrl>#icon-1739-DB4436-labelson-nodesc</styleUrl>
        <Point>
          <coordinates>
            36.991889,29.445248,0
          </coordinates>
        </Point>
      </Placemark>
      <Placemark>
        <name>جبال ام سدرة</name>
        <styleUrl>#icon-1739-DB4436-labelson-nodesc</styleUrl>
        <Point>
          <coordinates>
            37.289143,25.8601,0
          </coordinates>
        </Point>
      </Placemark>
      <Placemark>
        <name>جبال ام شطان</name>
        <styleUrl>#icon-1739-DB4436-labelson-nodesc</styleUrl>
        <Point>
          <coordinates>
            35.837145,28.556685,0
          </coordinates>
        </Point>
      </Placemark>
      <Placemark>
        <name>جبال ام عريقيب</name>
        <styleUrl>#icon-1739-DB4436-labelson-nodesc</styleUrl>
        <Point>
          <coordinates>
            35.826502,28.495703,0
          </coordinates>
        </Point>
      </Placemark>
      <Placemark>
        <name>جبال ام قريات</name>
        <styleUrl>#icon-1739-DB4436-labelson-nodesc</styleUrl>
        <Point>
          <coordinates>
            36.612904,26.217155,0
          </coordinates>
        </Point>
      </Placemark>
      <Placemark>
        <name>جبال ام كور</name>
        <styleUrl>#icon-1739-DB4436-labelson-nodesc</styleUrl>
        <Point>
          <coordinates>
            38.54888,29.019721,0
          </coordinates>
        </Point>
      </Placemark>
      <Placemark>
        <name>جبال ام لبن</name>
        <styleUrl>#icon-1739-DB4436-labelson-nodesc</styleUrl>
        <Point>
          <coordinates>
            36.980925,29.60912,0
          </coordinates>
        </Point>
      </Placemark>
      <Placemark>
        <name>جبال ام نطاق</name>
        <styleUrl>#icon-1739-DB4436-labelson-nodesc</styleUrl>
        <Point>
          <coordinates>
            37.022381,26.230545,0
          </coordinates>
        </Point>
      </Placemark>
      <Placemark>
        <name>جبال اوفاد</name>
        <styleUrl>#icon-1739-DB4436-labelson-nodesc</styleUrl>
        <Point>
          <coordinates>
            38.29761,28.762207,0
          </coordinates>
        </Point>
      </Placemark>
      <Placemark>
        <name>جبال بروزان</name>
        <styleUrl>#icon-1739-DB4436-labelson-nodesc</styleUrl>
        <Point>
          <coordinates>
            37.035706,26.649721,0
          </coordinates>
        </Point>
      </Placemark>
      <Placemark>
        <name>جبال بغيث الاحمر</name>
        <styleUrl>#icon-1739-DB4436-labelson-nodesc</styleUrl>
        <Point>
          <coordinates>
            38.415434,28.384294,0
          </coordinates>
        </Point>
      </Placemark>
      <Placemark>
        <name>جبال بغيث الاسمر</name>
        <styleUrl>#icon-1739-DB4436-labelson-nodesc</styleUrl>
        <Point>
          <coordinates>
            38.416164,28.284431,0
          </coordinates>
        </Point>
      </Placemark>
      <Placemark>
        <name>جبال تربان</name>
        <styleUrl>#icon-1739-DB4436-labelson-nodesc</styleUrl>
        <Point>
          <coordinates>
            35.598643,28.109207,0
          </coordinates>
        </Point>
      </Placemark>
      <Placemark>
        <name>جبال تيسر والرميلة</name>
        <styleUrl>#icon-1739-DB4436-labelson-nodesc</styleUrl>
        <Point>
          <coordinates>
            36.788106,27.366621,0
          </coordinates>
        </Point>
      </Placemark>
      <Placemark>
        <name>جبال جدعان الاسمر</name>
        <styleUrl>#icon-1739-DB4436-labelson-nodesc</styleUrl>
        <Point>
          <coordinates>
            36.909149,29.201059,0
          </coordinates>
        </Point>
      </Placemark>
      <Placemark>
        <name>جبال جعلة</name>
        <styleUrl>#icon-1739-DB4436-labelson-nodesc</styleUrl>
        <Point>
          <coordinates>
            38.263793,29.562063,0
          </coordinates>
        </Point>
      </Placemark>
      <Placemark>
        <name>جبال حصيدات</name>
        <styleUrl>#icon-1739-DB4436-labelson-nodesc</styleUrl>
        <Point>
          <coordinates>
            35.555255,28.986268,0
          </coordinates>
        </Point>
      </Placemark>
      <Placemark>
        <name>جبال حوصل</name>
        <styleUrl>#icon-1739-DB4436-labelson-nodesc</styleUrl>
        <Point>
          <coordinates>
            35.893042,28.587563,0
          </coordinates>
        </Point>
      </Placemark>
      <Placemark>
        <name>جبال خشوب الجنوبي</name>
        <styleUrl>#icon-1739-DB4436-labelson-nodesc</styleUrl>
        <Point>
          <coordinates>
            37.304764,25.988502,0
          </coordinates>
        </Point>
      </Placemark>
      <Placemark>
        <name>جبال خشوب الشمالي</name>
        <styleUrl>#icon-1739-DB4436-labelson-nodesc</styleUrl>
        <Point>
          <coordinates>
            37.209513,26.042769,0
          </coordinates>
        </Point>
      </Placemark>
      <Placemark>
        <name>جبال خشيرمة</name>
        <styleUrl>#icon-1739-DB4436-labelson-nodesc</styleUrl>
        <Point>
          <coordinates>
            35.061171,28.685818,0
          </coordinates>
        </Point>
      </Placemark>
      <Placemark>
        <name>جبال خويمات</name>
        <styleUrl>#icon-1739-DB4436-labelson-nodesc</styleUrl>
        <Point>
          <coordinates>
            38.041191,27.763653,0
          </coordinates>
        </Point>
      </Placemark>
      <Placemark>
        <name>جبال دابس</name>
        <styleUrl>#icon-1739-DB4436-labelson-nodesc</styleUrl>
        <Point>
          <coordinates>
            37.236743,29.197476,0
          </coordinates>
        </Point>
      </Placemark>
      <Placemark>
        <name>جبال دخان</name>
        <styleUrl>#icon-1739-DB4436-labelson-nodesc</styleUrl>
        <Point>
          <coordinates>
            36.583571,27.904136,0
          </coordinates>
        </Point>
      </Placemark>
      <Placemark>
        <name>جبال دغداش</name>
        <styleUrl>#icon-1739-DB4436-labelson-nodesc</styleUrl>
        <Point>
          <coordinates>
            36.84072,28.999636,0
          </coordinates>
        </Point>
      </Placemark>
      <Placemark>
        <name>جبال ذريعات</name>
        <styleUrl>#icon-1739-DB4436-labelson-nodesc</styleUrl>
        <Point>
          <coordinates>
            39.487803,26.958818,0
          </coordinates>
        </Point>
      </Placemark>
      <Placemark>
        <name>جبال رايس</name>
        <styleUrl>#icon-1739-DB4436-labelson-nodesc</styleUrl>
        <Point>
          <coordinates>
            36.527631,28.234584,0
          </coordinates>
        </Point>
      </Placemark>
      <Placemark>
        <name>جبال سدير</name>
        <styleUrl>#icon-1739-DB4436-labelson-nodesc</styleUrl>
        <Point>
          <coordinates>
            35.910316,28.839819,0
          </coordinates>
        </Point>
      </Placemark>
      <Placemark>
        <name>جبال سرمدا</name>
        <styleUrl>#icon-1739-DB4436-labelson-nodesc</styleUrl>
        <Point>
          <coordinates>
            38.265188,27.295575,0
          </coordinates>
        </Point>
      </Placemark>
      <Placemark>
        <name>جبال سعداء</name>
        <styleUrl>#icon-1739-DB4436-labelson-nodesc</styleUrl>
        <Point>
          <coordinates>
            35.472965,28.334942,0
          </coordinates>
        </Point>
      </Placemark>
      <Placemark>
        <name>جبال شار</name>
        <styleUrl>#icon-1739-DB4436-labelson-nodesc</styleUrl>
        <Point>
          <coordinates>
            35.73786,27.658381,0
          </coordinates>
        </Point>
      </Placemark>
      <Placemark>
        <name>جبال شبيرم</name>
        <styleUrl>#icon-1739-DB4436-labelson-nodesc</styleUrl>
        <Point>
          <coordinates>
            37.585602,25.446224,0
          </coordinates>
        </Point>
      </Placemark>
      <Placemark>
        <name>جبال شرعان</name>
        <styleUrl>#icon-1739-DB4436-labelson-nodesc</styleUrl>
        <Point>
          <coordinates>
            38.252935,26.875649,0
          </coordinates>
        </Point>
      </Placemark>
      <Placemark>
        <name>جبال شرورا</name>
        <styleUrl>#icon-1739-DB4436-labelson-nodesc</styleUrl>
        <Point>
          <coordinates>
            36.544712,28.73208,0
          </coordinates>
        </Point>
      </Placemark>
      <Placemark>
        <name>جبال شريف عطية</name>
        <styleUrl>#icon-1739-DB4436-labelson-nodesc</styleUrl>
        <Point>
          <coordinates>
            36.855247,29.437909,0
          </coordinates>
        </Point>
      </Placemark>
      <Placemark>
        <name>جبال شطين</name>
        <styleUrl>#icon-1739-DB4436-labelson-nodesc</styleUrl>
        <Point>
          <coordinates>
            37.220135,25.853405,0
          </coordinates>
        </Point>
      </Placemark>
      <Placemark>
        <name>جبال شويحطة</name>
        <styleUrl>#icon-1739-DB4436-labelson-nodesc</styleUrl>
        <Point>
          <coordinates>
            37.75795,25.348377,0
          </coordinates>
        </Point>
      </Placemark>
      <Placemark>
        <name>جبال شيهوب</name>
        <styleUrl>#icon-1739-DB4436-labelson-nodesc</styleUrl>
        <Point>
          <coordinates>
            37.382977,26.110961,0
          </coordinates>
        </Point>
      </Placemark>
      <Placemark>
        <name>جبال صبح</name>
        <styleUrl>#icon-1739-DB4436-labelson-nodesc</styleUrl>
        <Point>
          <coordinates>
            39.499991,27.066665,0
          </coordinates>
        </Point>
      </Placemark>
      <Placemark>
        <name>جبال صربوط الرخمة</name>
        <styleUrl>#icon-1739-DB4436-labelson-nodesc</styleUrl>
        <Point>
          <coordinates>
            38.040912,28.873658,0
          </coordinates>
        </Point>
      </Placemark>
      <Placemark>
        <name>جبال صرمداء</name>
        <styleUrl>#icon-1739-DB4436-labelson-nodesc</styleUrl>
        <Point>
          <coordinates>
            36.970711,29.389865,0
          </coordinates>
        </Point>
      </Placemark>
      <Placemark>
        <name>جبال ضريبان</name>
        <styleUrl>#icon-1739-DB4436-labelson-nodesc</styleUrl>
        <Point>
          <coordinates>
            37.090874,26.570091,0
          </coordinates>
        </Point>
      </Placemark>
      <Placemark>
        <name>جبال طافور</name>
        <styleUrl>#icon-1739-DB4436-labelson-nodesc</styleUrl>
        <Point>
          <coordinates>
            37.700915,29.698212,0
          </coordinates>
        </Point>
      </Placemark>
      <Placemark>
        <name>جبال طليح</name>
        <styleUrl>#icon-1739-DB4436-labelson-nodesc</styleUrl>
        <Point>
          <coordinates>
            35.970612,27.455606,0
          </coordinates>
        </Point>
      </Placemark>
      <Placemark>
        <name>جبال طليح</name>
        <styleUrl>#icon-1739-DB4436-labelson-nodesc</styleUrl>
        <Point>
          <coordinates>
            36.10043,27.454641,0
          </coordinates>
        </Point>
      </Placemark>
      <Placemark>
        <name>جبال طمم</name>
        <styleUrl>#icon-1739-DB4436-labelson-nodesc</styleUrl>
        <Point>
          <coordinates>
            37.179601,26.189647,0
          </coordinates>
        </Point>
      </Placemark>
      <Placemark>
        <name>جبال ظفير</name>
        <styleUrl>#icon-1739-DB4436-labelson-nodesc</styleUrl>
        <Point>
          <coordinates>
            37.249231,28.519628,0
          </coordinates>
        </Point>
      </Placemark>
      <Placemark>
        <name>جبال عاجات</name>
        <styleUrl>#icon-1739-DB4436-labelson-nodesc</styleUrl>
        <Point>
          <coordinates>
            36.379187,28.779974,0
          </coordinates>
        </Point>
      </Placemark>
      <Placemark>
        <name>جبال عاصمة</name>
        <styleUrl>#icon-1739-DB4436-labelson-nodesc</styleUrl>
        <Point>
          <coordinates>
            37.708147,25.333335,0
          </coordinates>
        </Point>
      </Placemark>
      <Placemark>
        <name>جبال عاقر</name>
        <styleUrl>#icon-1739-DB4436-labelson-nodesc</styleUrl>
        <Point>
          <coordinates>
            39.438686,27.027054,0
          </coordinates>
        </Point>
      </Placemark>
      <Placemark>
        <name>جبال عبدين</name>
        <styleUrl>#icon-1739-DB4436-labelson-nodesc</styleUrl>
        <Point>
          <coordinates>
            34.812219,28.44223,0
          </coordinates>
        </Point>
      </Placemark>
      <Placemark>
        <name>جبال عرنان</name>
        <styleUrl>#icon-1739-DB4436-labelson-nodesc</styleUrl>
        <Point>
          <coordinates>
            39.690835,27.228498,0
          </coordinates>
        </Point>
      </Placemark>
      <Placemark>
        <name>جبال عميدين</name>
        <styleUrl>#icon-1739-DB4436-labelson-nodesc</styleUrl>
        <Point>
          <coordinates>
            37.018991,27.847445,0
          </coordinates>
        </Point>
      </Placemark>
      <Placemark>
        <name>جبال عنز</name>
        <styleUrl>#icon-1739-DB4436-labelson-nodesc</styleUrl>
        <Point>
          <coordinates>
            36.800423,29.3836,0
          </coordinates>
        </Point>
      </Placemark>
      <Placemark>
        <name>جبال غرب</name>
        <styleUrl>#icon-1739-DB4436-labelson-nodesc</styleUrl>
        <Point>
          <coordinates>
            38.534718,28.180768,0
          </coordinates>
        </Point>
      </Placemark>
      <Placemark>
        <name>جبال غطي</name>
        <styleUrl>#icon-1739-DB4436-labelson-nodesc</styleUrl>
        <Point>
          <coordinates>
            37.558801,29.595473,0
          </coordinates>
        </Point>
      </Placemark>
      <Placemark>
        <name>جبال غلالة</name>
        <styleUrl>#icon-1739-DB4436-labelson-nodesc</styleUrl>
        <Point>
          <coordinates>
            38.315549,27.016346,0
          </coordinates>
        </Point>
      </Placemark>
      <Placemark>
        <name>جبال غوانم</name>
        <styleUrl>#icon-1739-DB4436-labelson-nodesc</styleUrl>
        <Point>
          <coordinates>
            36.833468,28.503084,0
          </coordinates>
        </Point>
      </Placemark>
      <Placemark>
        <name>جبال غوانم</name>
        <styleUrl>#icon-1739-DB4436-labelson-nodesc</styleUrl>
        <Point>
          <coordinates>
            36.763022,28.537395,0
          </coordinates>
        </Point>
      </Placemark>
      <Placemark>
        <name>جبال قراقر</name>
        <styleUrl>#icon-1739-DB4436-labelson-nodesc</styleUrl>
        <Point>
          <coordinates>
            36.48433,27.618427,0
          </coordinates>
        </Point>
      </Placemark>
      <Placemark>
        <name>جبال قرض</name>
        <styleUrl>#icon-1739-DB4436-labelson-nodesc</styleUrl>
        <Point>
          <coordinates>
            37.777176,25.14925,0
          </coordinates>
        </Point>
      </Placemark>
      <Placemark>
        <name>جبال قرقاع</name>
        <styleUrl>#icon-1739-DB4436-labelson-nodesc</styleUrl>
        <Point>
          <coordinates>
            38.606365,28.873701,0
          </coordinates>
        </Point>
      </Placemark>
      <Placemark>
        <name>جبال قرية</name>
        <styleUrl>#icon-1739-DB4436-labelson-nodesc</styleUrl>
        <Point>
          <coordinates>
            37.60133,29.624805,0
          </coordinates>
        </Point>
      </Placemark>
      <Placemark>
        <name>جبال قريح</name>
        <styleUrl>#icon-1739-DB4436-labelson-nodesc</styleUrl>
        <Point>
          <coordinates>
            37.53685,26.021118,0
          </coordinates>
        </Point>
      </Placemark>
      <Placemark>
        <name>جبال قميلان</name>
        <styleUrl>#icon-1739-DB4436-labelson-nodesc</styleUrl>
        <Point>
          <coordinates>
            37.898197,24.921799,0
          </coordinates>
        </Point>
      </Placemark>
      <Placemark>
        <name>جبال قي</name>
        <styleUrl>#icon-1739-DB4436-labelson-nodesc</styleUrl>
        <Point>
          <coordinates>
            36.350069,26.983538,0
          </coordinates>
        </Point>
      </Placemark>
      <Placemark>
        <name>جبال مرخ</name>
        <styleUrl>#icon-1739-DB4436-labelson-nodesc</styleUrl>
        <Point>
          <coordinates>
            37.694435,25.718136,0
          </coordinates>
        </Point>
      </Placemark>
      <Placemark>
        <name>جبال مسيهيج</name>
        <styleUrl>#icon-1739-DB4436-labelson-nodesc</styleUrl>
        <Point>
          <coordinates>
            35.029049,29.055405,0
          </coordinates>
        </Point>
      </Placemark>
      <Placemark>
        <name>جبال مغطية</name>
        <styleUrl>#icon-1739-DB4436-labelson-nodesc</styleUrl>
        <Point>
          <coordinates>
            37.137394,26.160336,0
          </coordinates>
        </Point>
      </Placemark>
      <Placemark>
        <name>جبال مغيزلات</name>
        <styleUrl>#icon-1739-DB4436-labelson-nodesc</styleUrl>
        <Point>
          <coordinates>
            34.873352,28.429914,0
          </coordinates>
        </Point>
      </Placemark>
      <Placemark>
        <name>جبال مقبل</name>
        <styleUrl>#icon-1739-DB4436-labelson-nodesc</styleUrl>
        <Point>
          <coordinates>
            37.671089,27.689281,0
          </coordinates>
        </Point>
      </Placemark>
      <Placemark>
        <name>جبال ملح</name>
        <styleUrl>#icon-1739-DB4436-labelson-nodesc</styleUrl>
        <Point>
          <coordinates>
            37.581997,25.735645,0
          </coordinates>
        </Point>
      </Placemark>
      <Placemark>
        <name>جبال ملكا</name>
        <styleUrl>#icon-1739-DB4436-labelson-nodesc</styleUrl>
        <Point>
          <coordinates>
            36.482205,27.554076,0
          </coordinates>
        </Point>
      </Placemark>
      <Placemark>
        <name>جبال نتيش</name>
        <styleUrl>#icon-1739-DB4436-labelson-nodesc</styleUrl>
        <Point>
          <coordinates>
            34.863331,28.472228,0
          </coordinates>
        </Point>
      </Placemark>
      <Placemark>
        <name>جبال نقحة</name>
        <styleUrl>#icon-1739-DB4436-labelson-nodesc</styleUrl>
        <Point>
          <coordinates>
            37.041779,26.454391,0
          </coordinates>
        </Point>
      </Placemark>
      <Placemark>
        <name>جبال هيوم</name>
        <styleUrl>#icon-1739-DB4436-labelson-nodesc</styleUrl>
        <Point>
          <coordinates>
            35.877786,28.296297,0
          </coordinates>
        </Point>
      </Placemark>
      <Placemark>
        <name>جبال واردات</name>
        <styleUrl>#icon-1739-DB4436-labelson-nodesc</styleUrl>
        <Point>
          <coordinates>
            36.3202,28.92168,0
          </coordinates>
        </Point>
      </Placemark>
      <Placemark>
        <name>جبال وضوء</name>
        <styleUrl>#icon-1739-DB4436-labelson-nodesc</styleUrl>
        <Point>
          <coordinates>
            36.545763,25.764399,0
          </coordinates>
        </Point>
      </Placemark>
      <Placemark>
        <name>جبل ابا البارد</name>
        <styleUrl>#icon-1739-DB4436-labelson-nodesc</styleUrl>
        <Point>
          <coordinates>
            35.895145,28.433883,0
          </coordinates>
        </Point>
      </Placemark>
      <Placemark>
        <name>جبل ابا البيبان</name>
        <styleUrl>#icon-1739-DB4436-labelson-nodesc</styleUrl>
        <Point>
          <coordinates>
            35.673401,28.593206,0
          </coordinates>
        </Point>
      </Placemark>
      <Placemark>
        <name>جبل ابا الحار</name>
        <styleUrl>#icon-1739-DB4436-labelson-nodesc</styleUrl>
        <Point>
          <coordinates>
            37.479858,26.049614,0
          </coordinates>
        </Point>
      </Placemark>
      <Placemark>
        <name>جبل ابا الذئاب</name>
        <styleUrl>#icon-1739-DB4436-labelson-nodesc</styleUrl>
        <Point>
          <coordinates>
            37.47797,25.984726,0
          </coordinates>
        </Point>
      </Placemark>
      <Placemark>
        <name>جبل ابا الشنان</name>
        <styleUrl>#icon-1739-DB4436-labelson-nodesc</styleUrl>
        <Point>
          <coordinates>
            36.235485,27.605724,0
          </coordinates>
        </Point>
      </Placemark>
      <Placemark>
        <name>جبل ابا الكور</name>
        <styleUrl>#icon-1739-DB4436-labelson-nodesc</styleUrl>
        <Point>
          <coordinates>
            36.021917,28.113585,0
          </coordinates>
        </Point>
      </Placemark>
      <Placemark>
        <name>جبل ابن عساف</name>
        <styleUrl>#icon-1739-DB4436-labelson-nodesc</styleUrl>
        <Point>
          <coordinates>
            36.32226,28.144162,0
          </coordinates>
        </Point>
      </Placemark>
      <Placemark>
        <name>جبل ابو اذنين</name>
        <styleUrl>#icon-1739-DB4436-labelson-nodesc</styleUrl>
        <Point>
          <coordinates>
            36.617475,27.515216,0
          </coordinates>
        </Point>
      </Placemark>
      <Placemark>
        <name>جبل ابو بريدة</name>
        <styleUrl>#icon-1739-DB4436-labelson-nodesc</styleUrl>
        <Point>
          <coordinates>
            36.850204,26.452675,0
          </coordinates>
        </Point>
      </Placemark>
      <Placemark>
        <name>جبل ابو تينة</name>
        <styleUrl>#icon-1739-DB4436-labelson-nodesc</styleUrl>
        <Point>
          <coordinates>
            36.617775,27.282829,0
          </coordinates>
        </Point>
      </Placemark>
      <Placemark>
        <name>جبل ابو حلافي</name>
        <styleUrl>#icon-1739-DB4436-labelson-nodesc</styleUrl>
        <Point>
          <coordinates>
            36.578465,27.217598,0
          </coordinates>
        </Point>
      </Placemark>
      <Placemark>
        <name>جبل ابو خرق</name>
        <styleUrl>#icon-1739-DB4436-labelson-nodesc</styleUrl>
        <Point>
          <coordinates>
            35.796697,28.321896,0
          </coordinates>
        </Point>
      </Placemark>
      <Placemark>
        <name>جبل ابو خشبة</name>
        <styleUrl>#icon-1739-DB4436-labelson-nodesc</styleUrl>
        <Point>
          <coordinates>
            35.536587,28.632002,0
          </coordinates>
        </Point>
      </Placemark>
      <Placemark>
        <name>جبل ابو رمانه</name>
        <styleUrl>#icon-1739-DB4436-labelson-nodesc</styleUrl>
        <Point>
          <coordinates>
            34.907641,28.822396,0
          </coordinates>
        </Point>
      </Placemark>
      <Placemark>
        <name>جبل ابو زرابه</name>
        <styleUrl>#icon-1739-DB4436-labelson-nodesc</styleUrl>
        <Point>
          <coordinates>
            35.311496,29.063044,0
          </coordinates>
        </Point>
      </Placemark>
      <Placemark>
        <name>جبل ابو زكيرة</name>
        <styleUrl>#icon-1739-DB4436-labelson-nodesc</styleUrl>
        <Point>
          <coordinates>
            35.480862,29.081326,0
          </coordinates>
        </Point>
      </Placemark>
      <Placemark>
        <name>جبل ابو صنة</name>
        <styleUrl>#icon-1739-DB4436-labelson-nodesc</styleUrl>
        <Point>
          <coordinates>
            37.202797,26.384354,0
          </coordinates>
        </Point>
      </Placemark>
      <Placemark>
        <name>جبل ابو صيخ</name>
        <styleUrl>#icon-1739-DB4436-labelson-nodesc</styleUrl>
        <Point>
          <coordinates>
            38.402796,26.794024,0
          </coordinates>
        </Point>
      </Placemark>
      <Placemark>
        <name>جبل ابو ضبعة</name>
        <styleUrl>#icon-1739-DB4436-labelson-nodesc</styleUrl>
        <Point>
          <coordinates>
            36.070347,26.98946,0
          </coordinates>
        </Point>
      </Placemark>
      <Placemark>
        <name>جبل ابو طينة</name>
        <styleUrl>#icon-1739-DB4436-labelson-nodesc</styleUrl>
        <Point>
          <coordinates>
            37.124047,28.355091,0
          </coordinates>
        </Point>
      </Placemark>
      <Placemark>
        <name>جبل ابو عواتق</name>
        <styleUrl>#icon-1739-DB4436-labelson-nodesc</styleUrl>
        <Point>
          <coordinates>
            36.70721,27.023792,0
          </coordinates>
        </Point>
      </Placemark>
      <Placemark>
        <name>جبل ابو لحم</name>
        <styleUrl>#icon-1739-DB4436-labelson-nodesc</styleUrl>
        <Point>
          <coordinates>
            35.267487,28.464375,0
          </coordinates>
        </Point>
      </Placemark>
      <Placemark>
        <name>جبل ابو لحية</name>
        <styleUrl>#icon-1739-DB4436-labelson-nodesc</styleUrl>
        <Point>
          <coordinates>
            35.697327,28.657837,0
          </coordinates>
        </Point>
      </Placemark>
      <Placemark>
        <name>جبل ابو مراكب</name>
        <styleUrl>#icon-1739-DB4436-labelson-nodesc</styleUrl>
        <Point>
          <coordinates>
            35.49571,28.038933,0
          </coordinates>
        </Point>
      </Placemark>
      <Placemark>
        <name>جبل ابوقرون</name>
        <styleUrl>#icon-1739-DB4436-labelson-nodesc</styleUrl>
        <Point>
          <coordinates>
            35.155048,29.293671,0
          </coordinates>
        </Point>
      </Placemark>
      <Placemark>
        <name>جبل اديرع</name>
        <styleUrl>#icon-1739-DB4436-labelson-nodesc</styleUrl>
        <Point>
          <coordinates>
            37.518182,28.077664,0
          </coordinates>
        </Point>
      </Placemark>
      <Placemark>
        <name>جبل اصيفر</name>
        <styleUrl>#icon-1739-DB4436-labelson-nodesc</styleUrl>
        <Point>
          <coordinates>
            36.63168,27.46685,0
          </coordinates>
        </Point>
      </Placemark>
      <Placemark>
        <name>جبل افخاذ</name>
        <styleUrl>#icon-1739-DB4436-labelson-nodesc</styleUrl>
        <Point>
          <coordinates>
            38.639474,26.876464,0
          </coordinates>
        </Point>
      </Placemark>
      <Placemark>
        <name>جبل اكباد</name>
        <styleUrl>#icon-1739-DB4436-labelson-nodesc</styleUrl>
        <Point>
          <coordinates>
            36.721458,27.299674,0
          </coordinates>
        </Point>
      </Placemark>
      <Placemark>
        <name>جبل الأصيفر</name>
        <styleUrl>#icon-1739-DB4436-labelson-nodesc</styleUrl>
        <Point>
          <coordinates>
            37.534618,27.827339,0
          </coordinates>
        </Point>
      </Placemark>
      <Placemark>
        <name>جبل الابيرق</name>
        <styleUrl>#icon-1739-DB4436-labelson-nodesc</styleUrl>
        <Point>
          <coordinates>
            36.229134,27.957287,0
          </coordinates>
        </Point>
      </Placemark>
      <Placemark>
        <name>جبل الاثقة</name>
        <styleUrl>#icon-1739-DB4436-labelson-nodesc</styleUrl>
        <Point>
          <coordinates>
            37.214813,27.633705,0
          </coordinates>
        </Point>
      </Placemark>
      <Placemark>
        <name>جبل الاثنة</name>
        <styleUrl>#icon-1739-DB4436-labelson-nodesc</styleUrl>
        <Point>
          <coordinates>
            35.451164,28.382492,0
          </coordinates>
        </Point>
      </Placemark>
      <Placemark>
        <name>جبل الاجرب</name>
        <styleUrl>#icon-1739-DB4436-labelson-nodesc</styleUrl>
        <Point>
          <coordinates>
            35.333233,28.907776,0
          </coordinates>
        </Point>
      </Placemark>
      <Placemark>
        <name>جبل الاحيمر</name>
        <styleUrl>#icon-1739-DB4436-labelson-nodesc</styleUrl>
        <Point>
          <coordinates>
            36.4147,26.463661,0
          </coordinates>
        </Point>
      </Placemark>
      <Placemark>
        <name>جبل الاشهب</name>
        <styleUrl>#icon-1739-DB4436-labelson-nodesc</styleUrl>
        <Point>
          <coordinates>
            35.022805,28.887241,0
          </coordinates>
        </Point>
      </Placemark>
      <Placemark>
        <name>جبل الاشهب</name>
        <styleUrl>#icon-1739-DB4436-labelson-nodesc</styleUrl>
        <Point>
          <coordinates>
            35.185025,28.517418,0
          </coordinates>
        </Point>
      </Placemark>
      <Placemark>
        <name>جبل الاصابع</name>
        <styleUrl>#icon-1739-DB4436-labelson-nodesc</styleUrl>
        <Point>
          <coordinates>
            37.179859,25.909216,0
          </coordinates>
        </Point>
      </Placemark>
      <Placemark>
        <name>جبل الامهار</name>
        <styleUrl>#icon-1739-DB4436-labelson-nodesc</styleUrl>
        <Point>
          <coordinates>
            37.35328,27.474532,0
          </coordinates>
        </Point>
      </Placemark>
      <Placemark>
        <name>جبل البتراء</name>
        <styleUrl>#icon-1739-DB4436-labelson-nodesc</styleUrl>
        <Point>
          <coordinates>
            36.157036,27.900295,0
          </coordinates>
        </Point>
      </Placemark>
      <Placemark>
        <name>جبل البركة</name>
        <styleUrl>#icon-1739-DB4436-labelson-nodesc</styleUrl>
        <Point>
          <coordinates>
            36.933224,26.309831,0
          </coordinates>
        </Point>
      </Placemark>
      <Placemark>
        <name>جبل البطاح</name>
        <styleUrl>#icon-1739-DB4436-labelson-nodesc</styleUrl>
        <Point>
          <coordinates>
            37.020664,26.879768,0
          </coordinates>
        </Point>
      </Placemark>
      <Placemark>
        <name>جبل البغلة</name>
        <styleUrl>#icon-1739-DB4436-labelson-nodesc</styleUrl>
        <Point>
          <coordinates>
            37.308197,27.441788,0
          </coordinates>
        </Point>
      </Placemark>
      <Placemark>
        <name>جبل البلي</name>
        <styleUrl>#icon-1739-DB4436-labelson-nodesc</styleUrl>
        <Point>
          <coordinates>
            36.348846,27.601647,0
          </coordinates>
        </Point>
      </Placemark>
      <Placemark>
        <name>جبل البويره</name>
        <styleUrl>#icon-1739-DB4436-labelson-nodesc</styleUrl>
        <Point>
          <coordinates>
            35.032847,28.965926,0
          </coordinates>
        </Point>
      </Placemark>
      <Placemark>
        <name>جبل التويمة</name>
        <styleUrl>#icon-1739-DB4436-labelson-nodesc</styleUrl>
        <Point>
          <coordinates>
            36.26426,27.684217,0
          </coordinates>
        </Point>
      </Placemark>
      <Placemark>
        <name>جبل الثغرة</name>
        <styleUrl>#icon-1739-DB4436-labelson-nodesc</styleUrl>
        <Point>
          <coordinates>
            36.099679,28.57177,0
          </coordinates>
        </Point>
      </Placemark>
      <Placemark>
        <name>جبل الثغرة</name>
        <styleUrl>#icon-1739-DB4436-labelson-nodesc</styleUrl>
        <Point>
          <coordinates>
            36.283464,27.129686,0
          </coordinates>
        </Point>
      </Placemark>
      <Placemark>
        <name>جبل الثليثوة</name>
        <styleUrl>#icon-1739-DB4436-labelson-nodesc</styleUrl>
        <Point>
          <coordinates>
            35.680439,28.491797,0
          </coordinates>
        </Point>
      </Placemark>
      <Placemark>
        <name>جبل الثميمية</name>
        <styleUrl>#icon-1739-DB4436-labelson-nodesc</styleUrl>
        <Point>
          <coordinates>
            35.028963,29.114971,0
          </coordinates>
        </Point>
      </Placemark>
      <Placemark>
        <name>جبل الجان</name>
        <styleUrl>#icon-1739-DB4436-labelson-nodesc</styleUrl>
        <Point>
          <coordinates>
            34.712999,28.254068,0
          </coordinates>
        </Point>
      </Placemark>
      <Placemark>
        <name>جبل الجبو</name>
        <styleUrl>#icon-1739-DB4436-labelson-nodesc</styleUrl>
        <Point>
          <coordinates>
            36.286468,26.554813,0
          </coordinates>
        </Point>
      </Placemark>
      <Placemark>
        <name>جبل الجبيب</name>
        <styleUrl>#icon-1739-DB4436-labelson-nodesc</styleUrl>
        <Point>
          <coordinates>
            35.628941,28.395731,0
          </coordinates>
        </Point>
      </Placemark>
      <Placemark>
        <name>جبل الجبيل</name>
        <styleUrl>#icon-1739-DB4436-labelson-nodesc</styleUrl>
        <Point>
          <coordinates>
            36.338975,27.453547,0
          </coordinates>
        </Point>
      </Placemark>
      <Placemark>
        <name>جبل الجحاشي</name>
        <styleUrl>#icon-1739-DB4436-labelson-nodesc</styleUrl>
        <Point>
          <coordinates>
            35.443332,28.825014,0
          </coordinates>
        </Point>
      </Placemark>
      <Placemark>
        <name>جبل الجدة</name>
        <styleUrl>#icon-1739-DB4436-labelson-nodesc</styleUrl>
        <Point>
          <coordinates>
            35.85474,27.6828,0
          </coordinates>
        </Point>
      </Placemark>
      <Placemark>
        <name>جبل الجديرة</name>
        <styleUrl>#icon-1739-DB4436-labelson-nodesc</styleUrl>
        <Point>
          <coordinates>
            36.208363,27.878666,0
          </coordinates>
        </Point>
      </Placemark>
      <Placemark>
        <name>جبل الجرف</name>
        <styleUrl>#icon-1739-DB4436-labelson-nodesc</styleUrl>
        <Point>
          <coordinates>
            37.670746,24.852448,0
          </coordinates>
        </Point>
      </Placemark>
      <Placemark>
        <name>جبل الجرف</name>
        <styleUrl>#icon-1739-DB4436-labelson-nodesc</styleUrl>
        <Point>
          <coordinates>
            37.724132,24.705505,0
          </coordinates>
        </Point>
      </Placemark>
      <Placemark>
        <name>جبل الجعلة</name>
        <styleUrl>#icon-1739-DB4436-labelson-nodesc</styleUrl>
        <Point>
          <coordinates>
            35.81955,27.916431,0
          </coordinates>
        </Point>
      </Placemark>
      <Placemark>
        <name>جبل الجلجلان</name>
        <styleUrl>#icon-1739-DB4436-labelson-nodesc</styleUrl>
        <Point>
          <coordinates>
            36.976891,26.457653,0
          </coordinates>
        </Point>
      </Placemark>
      <Placemark>
        <name>جبل الجم</name>
        <styleUrl>#icon-1739-DB4436-labelson-nodesc</styleUrl>
        <Point>
          <coordinates>
            35.69973,27.839012,0
          </coordinates>
        </Point>
      </Placemark>
      <Placemark>
        <name>جبل الجمي</name>
        <styleUrl>#icon-1739-DB4436-labelson-nodesc</styleUrl>
        <Point>
          <coordinates>
            35.672801,28.158882,0
          </coordinates>
        </Point>
      </Placemark>
      <Placemark>
        <name>جبل الجهير</name>
        <styleUrl>#icon-1739-DB4436-labelson-nodesc</styleUrl>
        <Point>
          <coordinates>
            36.71663,27.639799,0
          </coordinates>
        </Point>
      </Placemark>
      <Placemark>
        <name>جبل الجولا</name>
        <styleUrl>#icon-1739-DB4436-labelson-nodesc</styleUrl>
        <Point>
          <coordinates>
            36.829026,27.098057,0
          </coordinates>
        </Point>
      </Placemark>
      <Placemark>
        <name>جبل الحبيب</name>
        <styleUrl>#icon-1739-DB4436-labelson-nodesc</styleUrl>
        <Point>
          <coordinates>
            35.628941,28.395731,0
          </coordinates>
        </Point>
      </Placemark>
      <Placemark>
        <name>جبل الحر</name>
        <styleUrl>#icon-1739-DB4436-labelson-nodesc</styleUrl>
        <Point>
          <coordinates>
            35.27401,28.408928,0
          </coordinates>
        </Point>
      </Placemark>
      <Placemark>
        <name>جبل الحرة الشماليه</name>
        <styleUrl>#icon-1739-DB4436-labelson-nodesc</styleUrl>
        <Point>
          <coordinates>
            37.268543,24.714174,0
          </coordinates>
        </Point>
      </Placemark>
      <Placemark>
        <name>جبل الحقيباء</name>
        <styleUrl>#icon-1739-DB4436-labelson-nodesc</styleUrl>
        <Point>
          <coordinates>
            35.346107,28.971977,0
          </coordinates>
        </Point>
      </Placemark>
      <Placemark>
        <name>جبل الخريطة</name>
        <styleUrl>#icon-1739-DB4436-labelson-nodesc</styleUrl>
        <Point>
          <coordinates>
            35.99488,27.797942,0
          </coordinates>
        </Point>
      </Placemark>
      <Placemark>
        <name>جبل الخزانة</name>
        <styleUrl>#icon-1739-DB4436-labelson-nodesc</styleUrl>
        <Point>
          <coordinates>
            35.06263,28.888185,0
          </coordinates>
        </Point>
      </Placemark>
      <Placemark>
        <name>جبل الخصب</name>
        <styleUrl>#icon-1739-DB4436-labelson-nodesc</styleUrl>
        <Point>
          <coordinates>
            35.482192,28.757272,0
          </coordinates>
        </Point>
      </Placemark>
      <Placemark>
        <name>جبل الخضري</name>
        <styleUrl>#icon-1739-DB4436-labelson-nodesc</styleUrl>
        <Point>
          <coordinates>
            36.063437,27.243583,0
          </coordinates>
        </Point>
      </Placemark>
      <Placemark>
        <name>جبل الخقوق</name>
        <styleUrl>#icon-1739-DB4436-labelson-nodesc</styleUrl>
        <Point>
          <coordinates>
            36.292841,28.245935,0
          </coordinates>
        </Point>
      </Placemark>
      <Placemark>
        <name>جبل الخلخل</name>
        <styleUrl>#icon-1739-DB4436-labelson-nodesc</styleUrl>
        <Point>
          <coordinates>
            36.093178,27.310638,0
          </coordinates>
        </Point>
      </Placemark>
      <Placemark>
        <name>جبل الخليف</name>
        <styleUrl>#icon-1739-DB4436-labelson-nodesc</styleUrl>
        <Point>
          <coordinates>
            35.256672,28.544197,0
          </coordinates>
        </Point>
      </Placemark>
      <Placemark>
        <name>جبل الخنصر</name>
        <styleUrl>#icon-1739-DB4436-labelson-nodesc</styleUrl>
        <Point>
          <coordinates>
            36.202097,27.477214,0
          </coordinates>
        </Point>
      </Placemark>
      <Placemark>
        <name>جبل الخنفي</name>
        <styleUrl>#icon-1739-DB4436-labelson-nodesc</styleUrl>
        <Point>
          <coordinates>
            35.14595,28.402233,0
          </coordinates>
        </Point>
      </Placemark>
      <Placemark>
        <name>جبل الدبغ</name>
        <styleUrl>#icon-1739-DB4436-labelson-nodesc</styleUrl>
        <Point>
          <coordinates>
            35.732646,27.860277,0
          </coordinates>
        </Point>
      </Placemark>
      <Placemark>
        <name>جبل الدفدف</name>
        <styleUrl>#icon-1739-DB4436-labelson-nodesc</styleUrl>
        <Point>
          <coordinates>
            35.399494,28.413906,0
          </coordinates>
        </Point>
      </Placemark>
      <Placemark>
        <name>جبل الدفين</name>
        <styleUrl>#icon-1739-DB4436-labelson-nodesc</styleUrl>
        <Point>
          <coordinates>
            35.69428,28.633933,0
          </coordinates>
        </Point>
      </Placemark>
      <Placemark>
        <name>جبل الدليات</name>
        <styleUrl>#icon-1739-DB4436-labelson-nodesc</styleUrl>
        <Point>
          <coordinates>
            35.049584,28.704143,0
          </coordinates>
        </Point>
      </Placemark>
      <Placemark>
        <name>جبل الذريف</name>
        <styleUrl>#icon-1739-DB4436-labelson-nodesc</styleUrl>
        <Point>
          <coordinates>
            35.129449,29.161105,0
          </coordinates>
        </Point>
      </Placemark>
      <Placemark>
        <name>جبل الذعذاع</name>
        <styleUrl>#icon-1739-DB4436-labelson-nodesc</styleUrl>
        <Point>
          <coordinates>
            35.590446,28.439076,0
          </coordinates>
        </Point>
      </Placemark>
      <Placemark>
        <name>جبل الرابعة</name>
        <styleUrl>#icon-1739-DB4436-labelson-nodesc</styleUrl>
        <Point>
          <coordinates>
            37.464752,25.420132,0
          </coordinates>
        </Point>
      </Placemark>
      <Placemark>
        <name>جبل الراطية</name>
        <styleUrl>#icon-1739-DB4436-labelson-nodesc</styleUrl>
        <Point>
          <coordinates>
            36.11897,27.761829,0
          </coordinates>
        </Point>
      </Placemark>
      <Placemark>
        <name>جبل الربيق</name>
        <styleUrl>#icon-1739-DB4436-labelson-nodesc</styleUrl>
        <Point>
          <coordinates>
            36.136608,27.493801,0
          </coordinates>
        </Point>
      </Placemark>
      <Placemark>
        <name>جبل الرحل</name>
        <styleUrl>#icon-1739-DB4436-labelson-nodesc</styleUrl>
        <Point>
          <coordinates>
            37.944481,27.738547,0
          </coordinates>
        </Point>
      </Placemark>
      <Placemark>
        <name>جبل الرحى</name>
        <styleUrl>#icon-1739-DB4436-labelson-nodesc</styleUrl>
        <Point>
          <coordinates>
            36.24115,27.794895,0
          </coordinates>
        </Point>
      </Placemark>
      <Placemark>
        <name>جبل الرداد</name>
        <styleUrl>#icon-1739-DB4436-labelson-nodesc</styleUrl>
        <Point>
          <coordinates>
            34.95105,28.784587,0
          </coordinates>
        </Point>
      </Placemark>
      <Placemark>
        <name>جبل الردة</name>
        <styleUrl>#icon-1739-DB4436-labelson-nodesc</styleUrl>
        <Point>
          <coordinates>
            34.715102,28.232739,0
          </coordinates>
        </Point>
      </Placemark>
      <Placemark>
        <name>جبل الرصفة</name>
        <styleUrl>#icon-1739-DB4436-labelson-nodesc</styleUrl>
        <Point>
          <coordinates>
            35.244999,29.285238,0
          </coordinates>
        </Point>
      </Placemark>
      <Placemark>
        <name>جبل الرطمة</name>
        <styleUrl>#icon-1739-DB4436-labelson-nodesc</styleUrl>
        <Point>
          <coordinates>
            36.402683,27.625122,0
          </coordinates>
        </Point>
      </Placemark>
      <Placemark>
        <name>جبل الرغامه</name>
        <styleUrl>#icon-1739-DB4436-labelson-nodesc</styleUrl>
        <Point>
          <coordinates>
            34.7579307,28.4068893,0
          </coordinates>
        </Point>
      </Placemark>
      <Placemark>
        <name>جبل الركبة</name>
        <styleUrl>#icon-1739-DB4436-labelson-nodesc</styleUrl>
        <Point>
          <coordinates>
            35.153675,29.001846,0
          </coordinates>
        </Point>
      </Placemark>
      <Placemark>
        <name>جبل الركيب</name>
        <styleUrl>#icon-1739-DB4436-labelson-nodesc</styleUrl>
        <Point>
          <coordinates>
            35.716209,28.385239,0
          </coordinates>
        </Point>
      </Placemark>
      <Placemark>
        <name>جبل الرميميات</name>
        <styleUrl>#icon-1739-DB4436-labelson-nodesc</styleUrl>
        <Point>
          <coordinates>
            35.521696,28.666763,0
          </coordinates>
        </Point>
      </Placemark>
      <Placemark>
        <name>جبل الروا</name>
        <styleUrl>#icon-1739-DB4436-labelson-nodesc</styleUrl>
        <Point>
          <coordinates>
            35.532253,28.300159,0
          </coordinates>
        </Point>
      </Placemark>
      <Placemark>
        <name>جبل الريدان</name>
        <styleUrl>#icon-1739-DB4436-labelson-nodesc</styleUrl>
        <Point>
          <coordinates>
            36.257672,27.281585,0
          </coordinates>
        </Point>
      </Placemark>
      <Placemark>
        <name>جبل الريشة</name>
        <styleUrl>#icon-1739-DB4436-labelson-nodesc</styleUrl>
        <Point>
          <coordinates>
            34.774733,28.297691,0
          </coordinates>
        </Point>
      </Placemark>
      <Placemark>
        <name>جبل الزكرة</name>
        <styleUrl>#icon-1739-DB4436-labelson-nodesc</styleUrl>
        <Point>
          <coordinates>
            35.086212,28.791261,0
          </coordinates>
        </Point>
      </Placemark>
      <Placemark>
        <name>جبل الزور</name>
        <styleUrl>#icon-1739-DB4436-labelson-nodesc</styleUrl>
        <Point>
          <coordinates>
            36.067085,28.278294,0
          </coordinates>
        </Point>
      </Placemark>
      <Placemark>
        <name>جبل السفينة</name>
        <styleUrl>#icon-1739-DB4436-labelson-nodesc</styleUrl>
        <Point>
          <coordinates>
            35.803199,28.327153,0
          </coordinates>
        </Point>
      </Placemark>
      <Placemark>
        <name>جبل السنفاء</name>
        <styleUrl>#icon-1739-DB4436-labelson-nodesc</styleUrl>
        <Point>
          <coordinates>
            37.639675,25.038528,0
          </coordinates>
        </Point>
      </Placemark>
      <Placemark>
        <name>جبل السنقاء</name>
        <styleUrl>#icon-1739-DB4436-labelson-nodesc</styleUrl>
        <Point>
          <coordinates>
            37.776318,25.719509,0
          </coordinates>
        </Point>
      </Placemark>
      <Placemark>
        <name>جبل السويقة</name>
        <styleUrl>#icon-1739-DB4436-labelson-nodesc</styleUrl>
        <Point>
          <coordinates>
            35.539742,27.942524,0
          </coordinates>
        </Point>
      </Placemark>
      <Placemark>
        <name>جبل السيالة</name>
        <styleUrl>#icon-1739-DB4436-labelson-nodesc</styleUrl>
        <Point>
          <coordinates>
            35.306625,29.008284,0
          </coordinates>
        </Point>
      </Placemark>
      <Placemark>
        <name>جبل السييل</name>
        <styleUrl>#icon-1739-DB4436-labelson-nodesc</styleUrl>
        <Point>
          <coordinates>
            36.872134,26.967831,0
          </coordinates>
        </Point>
      </Placemark>
      <Placemark>
        <name>جبل الشايب</name>
        <styleUrl>#icon-1739-DB4436-labelson-nodesc</styleUrl>
        <Point>
          <coordinates>
            37.110379,28.98895,0
          </coordinates>
        </Point>
      </Placemark>
      <Placemark>
        <name>جبل الشبرة</name>
        <styleUrl>#icon-1739-DB4436-labelson-nodesc</styleUrl>
        <Point>
          <coordinates>
            37.701645,24.947205,0
          </coordinates>
        </Point>
      </Placemark>
      <Placemark>
        <name>جبل الشبيبة</name>
        <styleUrl>#icon-1739-DB4436-labelson-nodesc</styleUrl>
        <Point>
          <coordinates>
            36.600437,27.09177,0
          </coordinates>
        </Point>
      </Placemark>
      <Placemark>
        <name>جبل الشقيق</name>
        <styleUrl>#icon-1739-DB4436-labelson-nodesc</styleUrl>
        <Point>
          <coordinates>
            35.945828,28.283336,0
          </coordinates>
        </Point>
      </Placemark>
      <Placemark>
        <name>جبل الشلفحية</name>
        <styleUrl>#icon-1739-DB4436-labelson-nodesc</styleUrl>
        <Point>
          <coordinates>
            39.690149,27.092392,0
          </coordinates>
        </Point>
      </Placemark>
      <Placemark>
        <name>جبل الشمالي</name>
        <styleUrl>#icon-1739-DB4436-labelson-nodesc</styleUrl>
        <Point>
          <coordinates>
            37.494793,25.068054,0
          </coordinates>
        </Point>
      </Placemark>
      <Placemark>
        <name>جبل الشهبي</name>
        <styleUrl>#icon-1739-DB4436-labelson-nodesc</styleUrl>
        <Point>
          <coordinates>
            35.017698,28.823082,0
          </coordinates>
        </Point>
      </Placemark>
      <Placemark>
        <name>جبل الصبغ</name>
        <styleUrl>#icon-1739-DB4436-labelson-nodesc</styleUrl>
        <Point>
          <coordinates>
            35.797191,28.363502,0
          </coordinates>
        </Point>
      </Placemark>
      <Placemark>
        <name>جبل الصفرا</name>
        <styleUrl>#icon-1739-DB4436-labelson-nodesc</styleUrl>
        <Point>
          <coordinates>
            35.11106,28.542287,0
          </coordinates>
        </Point>
      </Placemark>
      <Placemark>
        <name>جبل الصلعاء</name>
        <styleUrl>#icon-1739-DB4436-labelson-nodesc</styleUrl>
        <Point>
          <coordinates>
            36.110344,27.636108,0
          </coordinates>
        </Point>
      </Placemark>
      <Placemark>
        <name>جبل الصلعاء</name>
        <styleUrl>#icon-1739-DB4436-labelson-nodesc</styleUrl>
        <Point>
          <coordinates>
            37.21962,26.06575,0
          </coordinates>
        </Point>
      </Placemark>
      <Placemark>
        <name>جبل الضبعي</name>
        <styleUrl>#icon-1739-DB4436-labelson-nodesc</styleUrl>
        <Point>
          <coordinates>
            34.959354,28.530636,0
          </coordinates>
        </Point>
      </Placemark>
      <Placemark>
        <name>جبل الضبعية</name>
        <styleUrl>#icon-1739-DB4436-labelson-nodesc</styleUrl>
        <Point>
          <coordinates>
            36.664295,26.673946,0
          </coordinates>
        </Point>
      </Placemark>
      <Placemark>
        <name>جبل الضرس</name>
        <styleUrl>#icon-1739-DB4436-labelson-nodesc</styleUrl>
        <Point>
          <coordinates>
            35.906711,27.295296,0
          </coordinates>
        </Point>
      </Placemark>
      <Placemark>
        <name>جبل الطف</name>
        <styleUrl>#icon-1739-DB4436-labelson-nodesc</styleUrl>
        <Point>
          <coordinates>
            36.440105,27.679195,0
          </coordinates>
        </Point>
      </Placemark>
      <Placemark>
        <name>جبل الظلما</name>
        <styleUrl>#icon-1739-DB4436-labelson-nodesc</styleUrl>
        <Point>
          <coordinates>
            36.430879,27.32965,0
          </coordinates>
        </Point>
      </Placemark>
      <Placemark>
        <name>جبل الظماء</name>
        <styleUrl>#icon-1739-DB4436-labelson-nodesc</styleUrl>
        <Point>
          <coordinates>
            35.879631,27.570877,0
          </coordinates>
        </Point>
      </Placemark>
      <Placemark>
        <name>جبل العاقر</name>
        <styleUrl>#icon-1739-DB4436-labelson-nodesc</styleUrl>
        <Point>
          <coordinates>
            36.059232,28.159118,0
          </coordinates>
        </Point>
      </Placemark>
      <Placemark>
        <name>جبل العالية</name>
        <styleUrl>#icon-1739-DB4436-labelson-nodesc</styleUrl>
        <Point>
          <coordinates>
            35.165005,29.26054,0
          </coordinates>
        </Point>
      </Placemark>
      <Placemark>
        <name>جبل العبد</name>
        <styleUrl>#icon-1739-DB4436-labelson-nodesc</styleUrl>
        <Point>
          <coordinates>
            36.226687,28.200102,0
          </coordinates>
        </Point>
      </Placemark>
      <Placemark>
        <name>جبل العبد</name>
        <styleUrl>#icon-1739-DB4436-labelson-nodesc</styleUrl>
        <Point>
          <coordinates>
            39.627814,27.143354,0
          </coordinates>
        </Point>
      </Placemark>
      <Placemark>
        <name>جبل العبدة</name>
        <styleUrl>#icon-1739-DB4436-labelson-nodesc</styleUrl>
        <Point>
          <coordinates>
            39.088111,27.171872,0
          </coordinates>
        </Point>
      </Placemark>
      <Placemark>
        <name>جبل العجمي</name>
        <styleUrl>#icon-1739-DB4436-labelson-nodesc</styleUrl>
        <Point>
          <coordinates>
            39.618566,27.07087,0
          </coordinates>
        </Point>
      </Placemark>
      <Placemark>
        <name>جبل العراق</name>
        <styleUrl>#icon-1739-DB4436-labelson-nodesc</styleUrl>
        <Point>
          <coordinates>
            36.674681,27.348661,0
          </coordinates>
        </Point>
      </Placemark>
      <Placemark>
        <name>جبل العراق</name>
        <styleUrl>#icon-1739-DB4436-labelson-nodesc</styleUrl>
        <Point>
          <coordinates>
            36.761091,29.266291,0
          </coordinates>
        </Point>
      </Placemark>
      <Placemark>
        <name>جبل العرف</name>
        <styleUrl>#icon-1739-DB4436-labelson-nodesc</styleUrl>
        <Point>
          <coordinates>
            37.279186,25.92104,0
          </coordinates>
        </Point>
      </Placemark>
      <Placemark>
        <name>جبل العرفاء</name>
        <styleUrl>#icon-1739-DB4436-labelson-nodesc</styleUrl>
        <Point>
          <coordinates>
            37.482605,27.422218,0
          </coordinates>
        </Point>
      </Placemark>
      <Placemark>
        <name>جبل العريش</name>
        <styleUrl>#icon-1739-DB4436-labelson-nodesc</styleUrl>
        <Point>
          <coordinates>
            36.174374,27.605724,0
          </coordinates>
        </Point>
      </Placemark>
      <Placemark>
        <name>جبل العقابل</name>
        <styleUrl>#icon-1739-DB4436-labelson-nodesc</styleUrl>
        <Point>
          <coordinates>
            36.832523,26.792908,0
          </coordinates>
        </Point>
      </Placemark>
      <Placemark>
        <name>جبل الغراب</name>
        <styleUrl>#icon-1739-DB4436-labelson-nodesc</styleUrl>
        <Point>
          <coordinates>
            35.333769,28.463602,0
          </coordinates>
        </Point>
      </Placemark>
      <Placemark>
        <name>جبل الغرابة</name>
        <styleUrl>#icon-1739-DB4436-labelson-nodesc</styleUrl>
        <Point>
          <coordinates>
            35.66469,28.365905,0
          </coordinates>
        </Point>
      </Placemark>
      <Placemark>
        <name>جبل الغرابة</name>
        <styleUrl>#icon-1739-DB4436-labelson-nodesc</styleUrl>
        <Point>
          <coordinates>
            36.434097,27.038383,0
          </coordinates>
        </Point>
      </Placemark>
      <Placemark>
        <name>جبل الغرابة</name>
        <styleUrl>#icon-1739-DB4436-labelson-nodesc</styleUrl>
        <Point>
          <coordinates>
            36.594601,27.455006,0
          </coordinates>
        </Point>
      </Placemark>
      <Placemark>
        <name>جبل الغرابة</name>
        <styleUrl>#icon-1739-DB4436-labelson-nodesc</styleUrl>
        <Point>
          <coordinates>
            36.716652,29.6418,0
          </coordinates>
        </Point>
      </Placemark>
      <Placemark>
        <name>جبل الغرابة</name>
        <styleUrl>#icon-1739-DB4436-labelson-nodesc</styleUrl>
        <Point>
          <coordinates>
            37.35918,25.19268,0
          </coordinates>
        </Point>
      </Placemark>
      <Placemark>
        <name>جبل الفراة</name>
        <styleUrl>#icon-1739-DB4436-labelson-nodesc</styleUrl>
        <Point>
          <coordinates>
            36.501389,27.038898,0
          </coordinates>
        </Point>
      </Placemark>
      <Placemark>
        <name>جبل الفرول</name>
        <styleUrl>#icon-1739-DB4436-labelson-nodesc</styleUrl>
        <Point>
          <coordinates>
            35.34203,29.12334,0
          </coordinates>
        </Point>
      </Placemark>
      <Placemark>
        <name>جبل القرين</name>
        <styleUrl>#icon-1739-DB4436-labelson-nodesc</styleUrl>
        <Point>
          <coordinates>
            36.024685,27.366428,0
          </coordinates>
        </Point>
      </Placemark>
      <Placemark>
        <name>جبل القرين</name>
        <styleUrl>#icon-1739-DB4436-labelson-nodesc</styleUrl>
        <Point>
          <coordinates>
            36.76255,27.526846,0
          </coordinates>
        </Point>
      </Placemark>
      <Placemark>
        <name>جبل القرينة</name>
        <styleUrl>#icon-1739-DB4436-labelson-nodesc</styleUrl>
        <Point>
          <coordinates>
            36.02726,28.322561,0
          </coordinates>
        </Point>
      </Placemark>
      <Placemark>
        <name>جبل القصعة</name>
        <styleUrl>#icon-1739-DB4436-labelson-nodesc</styleUrl>
        <Point>
          <coordinates>
            36.068566,28.309815,0
          </coordinates>
        </Point>
      </Placemark>
      <Placemark>
        <name>جبل القصير</name>
        <styleUrl>#icon-1739-DB4436-labelson-nodesc</styleUrl>
        <Point>
          <coordinates>
            35.18687,28.793707,0
          </coordinates>
        </Point>
      </Placemark>
      <Placemark>
        <name>جبل القطار</name>
        <styleUrl>#icon-1739-DB4436-labelson-nodesc</styleUrl>
        <Point>
          <coordinates>
            35.500152,28.876426,0
          </coordinates>
        </Point>
      </Placemark>
      <Placemark>
        <name>جبل القطعاء</name>
        <styleUrl>#icon-1739-DB4436-labelson-nodesc</styleUrl>
        <Point>
          <coordinates>
            36.994915,26.205826,0
          </coordinates>
        </Point>
      </Placemark>
      <Placemark>
        <name>جبل القطعاء</name>
        <styleUrl>#icon-1739-DB4436-labelson-nodesc</styleUrl>
        <Point>
          <coordinates>
            37.635899,25.387173,0
          </coordinates>
        </Point>
      </Placemark>
      <Placemark>
        <name>جبل القلوب</name>
        <styleUrl>#icon-1739-DB4436-labelson-nodesc</styleUrl>
        <Point>
          <coordinates>
            36.566105,27.321625,0
          </coordinates>
        </Point>
      </Placemark>
      <Placemark>
        <name>جبل القلوم</name>
        <styleUrl>#icon-1739-DB4436-labelson-nodesc</styleUrl>
        <Point>
          <coordinates>
            35.337696,28.595181,0
          </coordinates>
        </Point>
      </Placemark>
      <Placemark>
        <name>جبل القواق</name>
        <styleUrl>#icon-1739-DB4436-labelson-nodesc</styleUrl>
        <Point>
          <coordinates>
            35.748675,28.204286,0
          </coordinates>
        </Point>
      </Placemark>
      <Placemark>
        <name>جبل الكبريت</name>
        <styleUrl>#icon-1739-DB4436-labelson-nodesc</styleUrl>
        <Point>
          <coordinates>
            35.594437,27.576349,0
          </coordinates>
        </Point>
      </Placemark>
      <Placemark>
        <name>جبل الكديان</name>
        <styleUrl>#icon-1739-DB4436-labelson-nodesc</styleUrl>
        <Point>
          <coordinates>
            35.535836,28.724999,0
          </coordinates>
        </Point>
      </Placemark>
      <Placemark>
        <name>جبل الكركرة</name>
        <styleUrl>#icon-1739-DB4436-labelson-nodesc</styleUrl>
        <Point>
          <coordinates>
            35.124664,28.957901,0
          </coordinates>
        </Point>
      </Placemark>
      <Placemark>
        <name>جبل اللاوي</name>
        <styleUrl>#icon-1739-DB4436-labelson-nodesc</styleUrl>
        <Point>
          <coordinates>
            34.859297,28.742359,0
          </coordinates>
        </Point>
      </Placemark>
      <Placemark>
        <name>جبل اللبيدة</name>
        <styleUrl>#icon-1739-DB4436-labelson-nodesc</styleUrl>
        <Point>
          <coordinates>
            37.63165,28.274539,0
          </coordinates>
        </Point>
      </Placemark>
      <Placemark>
        <name>جبل اللدغين</name>
        <styleUrl>#icon-1739-DB4436-labelson-nodesc</styleUrl>
        <Point>
          <coordinates>
            35.857487,29.110808,0
          </coordinates>
        </Point>
      </Placemark>
      <Placemark>
        <name>جبل اللقحة</name>
        <styleUrl>#icon-1739-DB4436-labelson-nodesc</styleUrl>
        <Point>
          <coordinates>
            38.763542,28.916702,0
          </coordinates>
        </Point>
      </Placemark>
      <Placemark>
        <name>جبل اللوز</name>
        <styleUrl>#icon-1739-DB4436-labelson-nodesc</styleUrl>
        <Point>
          <coordinates>
            35.298986,28.704314,0
          </coordinates>
        </Point>
      </Placemark>
      <Placemark>
        <name>جبل المالحة</name>
        <styleUrl>#icon-1739-DB4436-labelson-nodesc</styleUrl>
        <Point>
          <coordinates>
            36.600931,26.966093,0
          </coordinates>
        </Point>
      </Placemark>
      <Placemark>
        <name>جبل المتدان</name>
        <styleUrl>#icon-1739-DB4436-labelson-nodesc</styleUrl>
        <Point>
          <coordinates>
            36.019192,27.331066,0
          </coordinates>
        </Point>
      </Placemark>
      <Placemark>
        <name>جبل المجدر</name>
        <styleUrl>#icon-1739-DB4436-labelson-nodesc</styleUrl>
        <Point>
          <coordinates>
            35.842252,29.178743,0
          </coordinates>
        </Point>
      </Placemark>
      <Placemark>
        <name>جبل المحاش</name>
        <styleUrl>#icon-1739-DB4436-labelson-nodesc</styleUrl>
        <Point>
          <coordinates>
            36.76712,26.628284,0
          </coordinates>
        </Point>
      </Placemark>
      <Placemark>
        <name>جبل المحبل</name>
        <styleUrl>#icon-1739-DB4436-labelson-nodesc</styleUrl>
        <Point>
          <coordinates>
            35.125351,28.418713,0
          </coordinates>
        </Point>
      </Placemark>
      <Placemark>
        <name>جبل المحثل</name>
        <styleUrl>#icon-1739-DB4436-labelson-nodesc</styleUrl>
        <Point>
          <coordinates>
            36.987877,26.162739,0
          </coordinates>
        </Point>
      </Placemark>
      <Placemark>
        <name>جبل المحرق</name>
        <styleUrl>#icon-1739-DB4436-labelson-nodesc</styleUrl>
        <Point>
          <coordinates>
            35.455928,29.265261,0
          </coordinates>
        </Point>
      </Placemark>
      <Placemark>
        <name>جبل المخطط</name>
        <styleUrl>#icon-1739-DB4436-labelson-nodesc</styleUrl>
        <Point>
          <coordinates>
            35.040722,28.92477,0
          </coordinates>
        </Point>
      </Placemark>
      <Placemark>
        <name>جبل المدهن</name>
        <styleUrl>#icon-1739-DB4436-labelson-nodesc</styleUrl>
        <Point>
          <coordinates>
            36.693306,27.149448,0
          </coordinates>
        </Point>
      </Placemark>
      <Placemark>
        <name>جبل المرخ</name>
        <styleUrl>#icon-1739-DB4436-labelson-nodesc</styleUrl>
        <Point>
          <coordinates>
            35.856328,28.192205,0
          </coordinates>
        </Point>
      </Placemark>
      <Placemark>
        <name>جبل المرزيح</name>
        <styleUrl>#icon-1739-DB4436-labelson-nodesc</styleUrl>
        <Point>
          <coordinates>
            37.588005,25.631275,0
          </coordinates>
        </Point>
      </Placemark>
      <Placemark>
        <name>جبل المرشد</name>
        <styleUrl>#icon-1739-DB4436-labelson-nodesc</styleUrl>
        <Point>
          <coordinates>
            35.805001,28.304923,0
          </coordinates>
        </Point>
      </Placemark>
      <Placemark>
        <name>جبل المسك</name>
        <styleUrl>#icon-1739-DB4436-labelson-nodesc</styleUrl>
        <Point>
          <coordinates>
            36.893292,26.209602,0
          </coordinates>
        </Point>
      </Placemark>
      <Placemark>
        <name>جبل المشيرفة</name>
        <styleUrl>#icon-1739-DB4436-labelson-nodesc</styleUrl>
        <Point>
          <coordinates>
            38.32617,27.549655,0
          </coordinates>
        </Point>
      </Placemark>
      <Placemark>
        <name>جبل المصيقره</name>
        <styleUrl>#icon-1739-DB4436-labelson-nodesc</styleUrl>
        <Point>
          <coordinates>
            37.184279,28.236837,0
          </coordinates>
        </Point>
      </Placemark>
      <Placemark>
        <name>جبل المضيبعة</name>
        <styleUrl>#icon-1739-DB4436-labelson-nodesc</styleUrl>
        <Point>
          <coordinates>
            36.054468,29.056027,0
          </coordinates>
        </Point>
      </Placemark>
      <Placemark>
        <name>جبل المطلع</name>
        <styleUrl>#icon-1739-DB4436-labelson-nodesc</styleUrl>
        <Point>
          <coordinates>
            35.6145,29.00131,0
          </coordinates>
        </Point>
      </Placemark>
      <Placemark>
        <name>جبل المعدن</name>
        <styleUrl>#icon-1739-DB4436-labelson-nodesc</styleUrl>
        <Point>
          <coordinates>
            35.714836,28.877392,0
          </coordinates>
        </Point>
      </Placemark>
      <Placemark>
        <name>جبل المكلاة</name>
        <styleUrl>#icon-1739-DB4436-labelson-nodesc</styleUrl>
        <Point>
          <coordinates>
            35.363595,28.409657,0
          </coordinates>
        </Point>
      </Placemark>
      <Placemark>
        <name>جبل المنخاش</name>
        <styleUrl>#icon-1739-DB4436-labelson-nodesc</styleUrl>
        <Point>
          <coordinates>
            35.732689,28.675861,0
          </coordinates>
        </Point>
      </Placemark>
      <Placemark>
        <name>جبل المندورة</name>
        <styleUrl>#icon-1739-DB4436-labelson-nodesc</styleUrl>
        <Point>
          <coordinates>
            35.066471,29.077721,0
          </coordinates>
        </Point>
      </Placemark>
      <Placemark>
        <name>جبل المنفاش</name>
        <styleUrl>#icon-1739-DB4436-labelson-nodesc</styleUrl>
        <Point>
          <coordinates>
            36.695366,26.293716,0
          </coordinates>
        </Point>
      </Placemark>
      <Placemark>
        <name>جبل المنقاة</name>
        <styleUrl>#icon-1739-DB4436-labelson-nodesc</styleUrl>
        <Point>
          <coordinates>
            36.775017,27.79408,0
          </coordinates>
        </Point>
      </Placemark>
      <Placemark>
        <name>جبل المنيفة</name>
        <styleUrl>#icon-1739-DB4436-labelson-nodesc</styleUrl>
        <Point>
          <coordinates>
            38.727322,27.16037,0
          </coordinates>
        </Point>
      </Placemark>
      <Placemark>
        <name>جبل المهر</name>
        <styleUrl>#icon-1739-DB4436-labelson-nodesc</styleUrl>
        <Point>
          <coordinates>
            37.383342,27.49584,0
          </coordinates>
        </Point>
      </Placemark>
      <Placemark>
        <name>جبل المهور</name>
        <styleUrl>#icon-1739-DB4436-labelson-nodesc</styleUrl>
        <Point>
          <coordinates>
            35.794122,28.098285,0
          </coordinates>
        </Point>
      </Placemark>
      <Placemark>
        <name>جبل الموفاة</name>
        <styleUrl>#icon-1739-DB4436-labelson-nodesc</styleUrl>
        <Point>
          <coordinates>
            35.664539,28.436801,0
          </coordinates>
        </Point>
      </Placemark>
      <Placemark>
        <name>جبل الندرة</name>
        <styleUrl>#icon-1739-DB4436-labelson-nodesc</styleUrl>
        <Point>
          <coordinates>
            36.179352,26.898308,0
          </coordinates>
        </Point>
      </Placemark>
      <Placemark>
        <name>جبل النصلة</name>
        <styleUrl>#icon-1739-DB4436-labelson-nodesc</styleUrl>
        <Point>
          <coordinates>
            38.339324,28.579302,0
          </coordinates>
        </Point>
      </Placemark>
      <Placemark>
        <name>جبل النصلة</name>
        <styleUrl>#icon-1739-DB4436-labelson-nodesc</styleUrl>
        <Point>
          <coordinates>
            38.59849,27.222619,0
          </coordinates>
        </Point>
      </Placemark>
      <Placemark>
        <name>جبل النظام</name>
        <styleUrl>#icon-1739-DB4436-labelson-nodesc</styleUrl>
        <Point>
          <coordinates>
            36.085453,27.614479,0
          </coordinates>
        </Point>
      </Placemark>
      <Placemark>
        <name>جبل النظام</name>
        <styleUrl>#icon-1739-DB4436-labelson-nodesc</styleUrl>
        <Point>
          <coordinates>
            36.725235,26.963539,0
          </coordinates>
        </Point>
      </Placemark>
      <Placemark>
        <name>جبل النغر</name>
        <styleUrl>#icon-1739-DB4436-labelson-nodesc</styleUrl>
        <Point>
          <coordinates>
            36.559753,27.369347,0
          </coordinates>
        </Point>
      </Placemark>
      <Placemark>
        <name>جبل النغيرة</name>
        <styleUrl>#icon-1739-DB4436-labelson-nodesc</styleUrl>
        <Point>
          <coordinates>
            36.523018,27.370205,0
          </coordinates>
        </Point>
      </Placemark>
      <Placemark>
        <name>جبل النقبين</name>
        <styleUrl>#icon-1739-DB4436-labelson-nodesc</styleUrl>
        <Point>
          <coordinates>
            37.164516,26.336975,0
          </coordinates>
        </Point>
      </Placemark>
      <Placemark>
        <name>جبل النمرية</name>
        <styleUrl>#icon-1739-DB4436-labelson-nodesc</styleUrl>
        <Point>
          <coordinates>
            35.286026,28.956871,0
          </coordinates>
        </Point>
      </Placemark>
      <Placemark>
        <name>جبل النمرية</name>
        <styleUrl>#icon-1739-DB4436-labelson-nodesc</styleUrl>
        <Point>
          <coordinates>
            35.354948,28.531044,0
          </coordinates>
        </Point>
      </Placemark>
      <Placemark>
        <name>جبل النهامة</name>
        <styleUrl>#icon-1739-DB4436-labelson-nodesc</styleUrl>
        <Point>
          <coordinates>
            36.88621,27.81337,0
          </coordinates>
        </Point>
      </Placemark>
      <Placemark>
        <name>جبل الهزم</name>
        <styleUrl>#icon-1739-DB4436-labelson-nodesc</styleUrl>
        <Point>
          <coordinates>
            37.688599,24.82687,0
          </coordinates>
        </Point>
      </Placemark>
      <Placemark>
        <name>جبل الهوجاء</name>
        <styleUrl>#icon-1739-DB4436-labelson-nodesc</styleUrl>
        <Point>
          <coordinates>
            38.574135,28.976462,0
          </coordinates>
        </Point>
      </Placemark>
      <Placemark>
        <name>جبل الهويمات</name>
        <styleUrl>#icon-1739-DB4436-labelson-nodesc</styleUrl>
        <Point>
          <coordinates>
            35.58742,28.546858,0
          </coordinates>
        </Point>
      </Placemark>
      <Placemark>
        <name>جبل الهيل</name>
        <styleUrl>#icon-1739-DB4436-labelson-nodesc</styleUrl>
        <Point>
          <coordinates>
            36.394444,26.956844,0
          </coordinates>
        </Point>
      </Placemark>
      <Placemark>
        <name>جبل الهيلا</name>
        <styleUrl>#icon-1739-DB4436-labelson-nodesc</styleUrl>
        <Point>
          <coordinates>
            39.655645,27.053018,0
          </coordinates>
        </Point>
      </Placemark>
      <Placemark>
        <name>جبل الواضح</name>
        <styleUrl>#icon-1739-DB4436-labelson-nodesc</styleUrl>
        <Point>
          <coordinates>
            36.143475,27.324028,0
          </coordinates>
        </Point>
      </Placemark>
      <Placemark>
        <name>جبل الورد</name>
        <styleUrl>#icon-1739-DB4436-labelson-nodesc</styleUrl>
        <Point>
          <coordinates>
            37.224083,26.42508,0
          </coordinates>
        </Point>
      </Placemark>
      <Placemark>
        <name>جبل الوشح</name>
        <styleUrl>#icon-1739-DB4436-labelson-nodesc</styleUrl>
        <Point>
          <coordinates>
            35.375977,28.938847,0
          </coordinates>
        </Point>
      </Placemark>
      <Placemark>
        <name>جبل اليحاميم</name>
        <styleUrl>#icon-1739-DB4436-labelson-nodesc</styleUrl>
        <Point>
          <coordinates>
            35.673809,28.251514,0
          </coordinates>
        </Point>
      </Placemark>
      <Placemark>
        <name>جبل اليحموم</name>
        <styleUrl>#icon-1739-DB4436-labelson-nodesc</styleUrl>
        <Point>
          <coordinates>
            36.904621,26.084633,0
          </coordinates>
        </Point>
      </Placemark>
      <Placemark>
        <name>جبل ام اسيرات</name>
        <styleUrl>#icon-1739-DB4436-labelson-nodesc</styleUrl>
        <Point>
          <coordinates>
            36.570568,27.264976,0
          </coordinates>
        </Point>
      </Placemark>
      <Placemark>
        <name>جبل ام الرحى الشمالي</name>
        <styleUrl>#icon-1739-DB4436-labelson-nodesc</styleUrl>
        <Point>
          <coordinates>
            36.83527,26.354828,0
          </coordinates>
        </Point>
      </Placemark>
      <Placemark>
        <name>جبل ام الريلان</name>
        <styleUrl>#icon-1739-DB4436-labelson-nodesc</styleUrl>
        <Point>
          <coordinates>
            36.687126,26.846809,0
          </coordinates>
        </Point>
      </Placemark>
      <Placemark>
        <name>جبل ام جذيل</name>
        <styleUrl>#icon-1739-DB4436-labelson-nodesc</styleUrl>
        <Point>
          <coordinates>
            35.640871,27.814186,0
          </coordinates>
        </Point>
      </Placemark>
      <Placemark>
        <name>جبل ام حطب</name>
        <styleUrl>#icon-1739-DB4436-labelson-nodesc</styleUrl>
        <Point>
          <coordinates>
            35.166721,28.974209,0
          </coordinates>
        </Point>
      </Placemark>
      <Placemark>
        <name>جبل ام خرم</name>
        <styleUrl>#icon-1739-DB4436-labelson-nodesc</styleUrl>
        <Point>
          <coordinates>
            37.702503,25.667496,0
          </coordinates>
        </Point>
      </Placemark>
      <Placemark>
        <name>جبل ام رقبة</name>
        <styleUrl>#icon-1739-DB4436-labelson-nodesc</styleUrl>
        <Point>
          <coordinates>
            39.560609,27.057717,0
          </coordinates>
        </Point>
      </Placemark>
      <Placemark>
        <name>جبل ام رواق</name>
        <styleUrl>#icon-1739-DB4436-labelson-nodesc</styleUrl>
        <Point>
          <coordinates>
            35.927203,29.144862,0
          </coordinates>
        </Point>
      </Placemark>
      <Placemark>
        <name>جبل ام زقوق</name>
        <styleUrl>#icon-1739-DB4436-labelson-nodesc</styleUrl>
        <Point>
          <coordinates>
            35.023534,29.095659,0
          </coordinates>
        </Point>
      </Placemark>
      <Placemark>
        <name>جبل ام صريبيط</name>
        <styleUrl>#icon-1739-DB4436-labelson-nodesc</styleUrl>
        <Point>
          <coordinates>
            35.789681,28.591576,0
          </coordinates>
        </Point>
      </Placemark>
      <Placemark>
        <name>جبل ام عظام</name>
        <styleUrl>#icon-1739-DB4436-labelson-nodesc</styleUrl>
        <Point>
          <coordinates>
            37.389629,24.981043,0
          </coordinates>
        </Point>
      </Placemark>
      <Placemark>
        <name>جبل ام غلفات</name>
        <styleUrl>#icon-1739-DB4436-labelson-nodesc</styleUrl>
        <Point>
          <coordinates>
            36.144333,27.15374,0
          </coordinates>
        </Point>
      </Placemark>
      <Placemark>
        <name>جبل ام فروث</name>
        <styleUrl>#icon-1739-DB4436-labelson-nodesc</styleUrl>
        <Point>
          <coordinates>
            35.923576,27.438354,0
          </coordinates>
        </Point>
      </Placemark>
      <Placemark>
        <name>جبل ام قويع</name>
        <styleUrl>#icon-1739-DB4436-labelson-nodesc</styleUrl>
        <Point>
          <coordinates>
            37.217152,27.675569,0
          </coordinates>
        </Point>
      </Placemark>
      <Placemark>
        <name>جبل ام لحم</name>
        <styleUrl>#icon-1739-DB4436-labelson-nodesc</styleUrl>
        <Point>
          <coordinates>
            36.523018,27.267723,0
          </coordinates>
        </Point>
      </Placemark>
      <Placemark>
        <name>جبل ام لوزه</name>
        <styleUrl>#icon-1739-DB4436-labelson-nodesc</styleUrl>
        <Point>
          <coordinates>
            35.507061,29.107547,0
          </coordinates>
        </Point>
      </Placemark>
      <Placemark>
        <name>جبل ام هشيم</name>
        <styleUrl>#icon-1739-DB4436-labelson-nodesc</styleUrl>
        <Point>
          <coordinates>
            35.550599,28.837202,0
          </coordinates>
        </Point>
      </Placemark>
      <Placemark>
        <name>جبل ام هيفة</name>
        <styleUrl>#icon-1739-DB4436-labelson-nodesc</styleUrl>
        <Point>
          <coordinates>
            35.417175,28.570633,0
          </coordinates>
        </Point>
      </Placemark>
      <Placemark>
        <name>جبل امهات غنم</name>
        <styleUrl>#icon-1739-DB4436-labelson-nodesc</styleUrl>
        <Point>
          <coordinates>
            36.677856,26.597385,0
          </coordinates>
        </Point>
      </Placemark>
      <Placemark>
        <name>جبل اميغر</name>
        <styleUrl>#icon-1739-DB4436-labelson-nodesc</styleUrl>
        <Point>
          <coordinates>
            36.236,26.78793,0
          </coordinates>
        </Point>
      </Placemark>
      <Placemark>
        <name>جبل بارود</name>
        <styleUrl>#icon-1739-DB4436-labelson-nodesc</styleUrl>
        <Point>
          <coordinates>
            38.408375,29.046993,0
          </coordinates>
        </Point>
      </Placemark>
      <Placemark>
        <name>جبل باكور</name>
        <styleUrl>#icon-1739-DB4436-labelson-nodesc</styleUrl>
        <Point>
          <coordinates>
            37.515736,27.519207,0
          </coordinates>
        </Point>
      </Placemark>
      <Placemark>
        <name>جبل بالهيل</name>
        <styleUrl>#icon-1739-DB4436-labelson-nodesc</styleUrl>
        <Point>
          <coordinates>
            37.256184,26.075878,0
          </coordinates>
        </Point>
      </Placemark>
      <Placemark>
        <name>جبل بجدة</name>
        <styleUrl>#icon-1739-DB4436-labelson-nodesc</styleUrl>
        <Point>
          <coordinates>
            35.674045,28.56838,0
          </coordinates>
        </Point>
      </Placemark>
      <Placemark>
        <name>جبل برام</name>
        <styleUrl>#icon-1739-DB4436-labelson-nodesc</styleUrl>
        <Point>
          <coordinates>
            36.650219,27.004395,0
          </coordinates>
        </Point>
      </Placemark>
      <Placemark>
        <name>جبل برد</name>
        <styleUrl>#icon-1739-DB4436-labelson-nodesc</styleUrl>
        <Point>
          <coordinates>
            38.97548,27.06924,0
          </coordinates>
        </Point>
      </Placemark>
      <Placemark>
        <name>جبل برك</name>
        <styleUrl>#icon-1739-DB4436-labelson-nodesc</styleUrl>
        <Point>
          <coordinates>
            36.86398,28.097148,0
          </coordinates>
        </Point>
      </Placemark>
      <Placemark>
        <name>جبل بريقاء</name>
        <styleUrl>#icon-1739-DB4436-labelson-nodesc</styleUrl>
        <Point>
          <coordinates>
            36.706481,27.425759,0
          </coordinates>
        </Point>
      </Placemark>
      <Placemark>
        <name>جبل بلس</name>
        <styleUrl>#icon-1739-DB4436-labelson-nodesc</styleUrl>
        <Point>
          <coordinates>
            35.717239,28.282242,0
          </coordinates>
        </Point>
      </Placemark>
      <Placemark>
        <name>جبل بنظر</name>
        <styleUrl>#icon-1739-DB4436-labelson-nodesc</styleUrl>
        <Point>
          <coordinates>
            35.613964,29.099715,0
          </coordinates>
        </Point>
      </Placemark>
      <Placemark>
        <name>جبل بوارة</name>
        <styleUrl>#icon-1739-DB4436-labelson-nodesc</styleUrl>
        <Point>
          <coordinates>
            34.982014,28.908291,0
          </coordinates>
        </Point>
      </Placemark>
      <Placemark>
        <name>جبل بويقرة</name>
        <styleUrl>#icon-1739-DB4436-labelson-nodesc</styleUrl>
        <Point>
          <coordinates>
            35.60375,28.359425,0
          </coordinates>
        </Point>
      </Placemark>
      <Placemark>
        <name>جبل تدابيب</name>
        <styleUrl>#icon-1739-DB4436-labelson-nodesc</styleUrl>
        <Point>
          <coordinates>
            36.334705,27.555084,0
          </coordinates>
        </Point>
      </Placemark>
      <Placemark>
        <name>جبل تربان</name>
        <styleUrl>#icon-1739-DB4436-labelson-nodesc</styleUrl>
        <Point>
          <coordinates>
            35.65424,27.872958,0
          </coordinates>
        </Point>
      </Placemark>
      <Placemark>
        <name>جبل ترهم</name>
        <styleUrl>#icon-1739-DB4436-labelson-nodesc</styleUrl>
        <Point>
          <coordinates>
            37.283671,25.054042,0
          </coordinates>
        </Point>
      </Placemark>
      <Placemark>
        <name>جبل تيليني</name>
        <styleUrl>#icon-1739-DB4436-labelson-nodesc</styleUrl>
        <Point>
          <coordinates>
            36.904106,26.264706,0
          </coordinates>
        </Point>
      </Placemark>
      <Placemark>
        <name>جبل ثغب</name>
        <styleUrl>#icon-1739-DB4436-labelson-nodesc</styleUrl>
        <Point>
          <coordinates>
            34.967766,28.843746,0
          </coordinates>
        </Point>
      </Placemark>
      <Placemark>
        <name>جبل ثور</name>
        <styleUrl>#icon-1739-DB4436-labelson-nodesc</styleUrl>
        <Point>
          <coordinates>
            35.842059,27.786033,0
          </coordinates>
        </Point>
      </Placemark>
      <Placemark>
        <name>جبل جب</name>
        <styleUrl>#icon-1739-DB4436-labelson-nodesc</styleUrl>
        <Point>
          <coordinates>
            35.739748,28.557715,0
          </coordinates>
        </Point>
      </Placemark>
      <Placemark>
        <name>جبل جبار</name>
        <styleUrl>#icon-1739-DB4436-labelson-nodesc</styleUrl>
        <Point>
          <coordinates>
            35.080547,28.950005,0
          </coordinates>
        </Point>
      </Placemark>
      <Placemark>
        <name>جبل جبيل</name>
        <styleUrl>#icon-1739-DB4436-labelson-nodesc</styleUrl>
        <Point>
          <coordinates>
            35.808048,27.347202,0
          </coordinates>
        </Point>
      </Placemark>
      <Placemark>
        <name>جبل جلة</name>
        <styleUrl>#icon-1739-DB4436-labelson-nodesc</styleUrl>
        <Point>
          <coordinates>
            35.091877,29.14484,0
          </coordinates>
        </Point>
      </Placemark>
      <Placemark>
        <name>جبل جليط</name>
        <styleUrl>#icon-1739-DB4436-labelson-nodesc</styleUrl>
        <Point>
          <coordinates>
            38.017845,24.843521,0
          </coordinates>
        </Point>
      </Placemark>
      <Placemark>
        <name>جبل جليلة</name>
        <styleUrl>#icon-1739-DB4436-labelson-nodesc</styleUrl>
        <Point>
          <coordinates>
            35.057373,29.144669,0
          </coordinates>
        </Point>
      </Placemark>
      <Placemark>
        <name>جبل جمل</name>
        <styleUrl>#icon-1739-DB4436-labelson-nodesc</styleUrl>
        <Point>
          <coordinates>
            35.923576,27.722948,0
          </coordinates>
        </Point>
      </Placemark>
      <Placemark>
        <name>جبل حاطب</name>
        <styleUrl>#icon-1739-DB4436-labelson-nodesc</styleUrl>
        <Point>
          <coordinates>
            36.270161,27.733612,0
          </coordinates>
        </Point>
      </Placemark>
      <Placemark>
        <name>جبل حامر</name>
        <styleUrl>#icon-1739-DB4436-labelson-nodesc</styleUrl>
        <Point>
          <coordinates>
            36.620522,26.909981,0
          </coordinates>
        </Point>
      </Placemark>
      <Placemark>
        <name>جبل حبران</name>
        <styleUrl>#icon-1739-DB4436-labelson-nodesc</styleUrl>
        <Point>
          <coordinates>
            36.706374,27.179146,0
          </coordinates>
        </Point>
      </Placemark>
      <Placemark>
        <name>جبل حبران</name>
        <styleUrl>#icon-1739-DB4436-labelson-nodesc</styleUrl>
        <Point>
          <coordinates>
            37.136021,27.471142,0
          </coordinates>
        </Point>
      </Placemark>
      <Placemark>
        <name>جبل حبيب</name>
        <styleUrl>#icon-1739-DB4436-labelson-nodesc</styleUrl>
        <Point>
          <coordinates>
            38.923359,27.206783,0
          </coordinates>
        </Point>
      </Placemark>
      <Placemark>
        <name>جبل حبيش</name>
        <styleUrl>#icon-1739-DB4436-labelson-nodesc</styleUrl>
        <Point>
          <coordinates>
            37.814598,24.799576,0
          </coordinates>
        </Point>
      </Placemark>
      <Placemark>
        <name>جبل حبيق</name>
        <styleUrl>#icon-1739-DB4436-labelson-nodesc</styleUrl>
        <Point>
          <coordinates>
            35.853367,27.830451,0
          </coordinates>
        </Point>
      </Placemark>
      <Placemark>
        <name>جبل حجية</name>
        <styleUrl>#icon-1739-DB4436-labelson-nodesc</styleUrl>
        <Point>
          <coordinates>
            35.316367,28.75107,0
          </coordinates>
        </Point>
      </Placemark>
      <Placemark>
        <name>جبل حذاذ</name>
        <styleUrl>#icon-1739-DB4436-labelson-nodesc</styleUrl>
        <Point>
          <coordinates>
            37.457714,25.21843,0
          </coordinates>
        </Point>
      </Placemark>
      <Placemark>
        <name>جبل حذم</name>
        <styleUrl>#icon-1739-DB4436-labelson-nodesc</styleUrl>
        <Point>
          <coordinates>
            37.783527,25.314903,0
          </coordinates>
        </Point>
      </Placemark>
      <Placemark>
        <name>جبل حرافش</name>
        <styleUrl>#icon-1739-DB4436-labelson-nodesc</styleUrl>
        <Point>
          <coordinates>
            36.496239,27.442303,0
          </coordinates>
        </Point>
      </Placemark>
      <Placemark>
        <name>جبل حرال</name>
        <styleUrl>#icon-1739-DB4436-labelson-nodesc</styleUrl>
        <Point>
          <coordinates>
            36.457443,27.293644,0
          </coordinates>
        </Point>
      </Placemark>
      <Placemark>
        <name>جبل حرب</name>
        <styleUrl>#icon-1739-DB4436-labelson-nodesc</styleUrl>
        <Point>
          <coordinates>
            35.65733,27.959175,0
          </coordinates>
        </Point>
      </Placemark>
      <Placemark>
        <name>جبل حسن اسم</name>
        <styleUrl>#icon-1739-DB4436-labelson-nodesc</styleUrl>
        <Point>
          <coordinates>
            36.197376,27.204723,0
          </coordinates>
        </Point>
      </Placemark>
      <Placemark>
        <name>جبل حسينة</name>
        <styleUrl>#icon-1739-DB4436-labelson-nodesc</styleUrl>
        <Point>
          <coordinates>
            35.379474,29.013133,0
          </coordinates>
        </Point>
      </Placemark>
      <Placemark>
        <name>جبل حلوات</name>
        <styleUrl>#icon-1739-DB4436-labelson-nodesc</styleUrl>
        <Point>
          <coordinates>
            36.076312,27.715673,0
          </coordinates>
        </Point>
      </Placemark>
      <Placemark>
        <name>جبل حلوان</name>
        <styleUrl>#icon-1739-DB4436-labelson-nodesc</styleUrl>
        <Point>
          <coordinates>
            39.148579,27.308192,0
          </coordinates>
        </Point>
      </Placemark>
      <Placemark>
        <name>جبل حمير</name>
        <styleUrl>#icon-1739-DB4436-labelson-nodesc</styleUrl>
        <Point>
          <coordinates>
            35.19453,28.973179,0
          </coordinates>
        </Point>
      </Placemark>
      <Placemark>
        <name>جبل حميراء</name>
        <styleUrl>#icon-1739-DB4436-labelson-nodesc</styleUrl>
        <Point>
          <coordinates>
            35.394516,27.955742,0
          </coordinates>
        </Point>
      </Placemark>
      <Placemark>
        <name>جبل حميط</name>
        <styleUrl>#icon-1739-DB4436-labelson-nodesc</styleUrl>
        <Point>
          <coordinates>
            35.578022,28.85499,0
          </coordinates>
        </Point>
      </Placemark>
      <Placemark>
        <name>جبل حوصل</name>
        <styleUrl>#icon-1739-DB4436-labelson-nodesc</styleUrl>
        <Point>
          <coordinates>
            35.932417,28.481476,0
          </coordinates>
        </Point>
      </Placemark>
      <Placemark>
        <name>جبل حوض</name>
        <styleUrl>#icon-1739-DB4436-labelson-nodesc</styleUrl>
        <Point>
          <coordinates>
            35.57167,28.481841,0
          </coordinates>
        </Point>
      </Placemark>
      <Placemark>
        <name>جبل حيفة</name>
        <styleUrl>#icon-1739-DB4436-labelson-nodesc</styleUrl>
        <Point>
          <coordinates>
            37.023604,29.061112,0
          </coordinates>
        </Point>
      </Placemark>
      <Placemark>
        <name>جبل خبية</name>
        <styleUrl>#icon-1739-DB4436-labelson-nodesc</styleUrl>
        <Point>
          <coordinates>
            35.406876,28.860912,0
          </coordinates>
        </Point>
      </Placemark>
      <Placemark>
        <name>جبل خشم صنعاء</name>
        <styleUrl>#icon-1739-DB4436-labelson-nodesc</styleUrl>
        <Point>
          <coordinates>
            37.666991,27.524271,0
          </coordinates>
        </Point>
      </Placemark>
      <Placemark>
        <name>جبل خاشوب الجنوبي</name>
        <styleUrl>#icon-1739-DB4436-labelson-nodesc</styleUrl>
        <Point>
          <coordinates>
            36.913891,26.621075,0
          </coordinates>
        </Point>
      </Placemark>
      <Placemark>
        <name>جبل خضيري</name>
        <styleUrl>#icon-1739-DB4436-labelson-nodesc</styleUrl>
        <Point>
          <coordinates>
            34.993858,28.959274,0
          </coordinates>
        </Point>
      </Placemark>
      <Placemark>
        <name>جبل خلص</name>
        <styleUrl>#icon-1739-DB4436-labelson-nodesc</styleUrl>
        <Point>
          <coordinates>
            36.630135,27.059326,0
          </coordinates>
        </Point>
      </Placemark>
      <Placemark>
        <name>جبل خليف بدن</name>
        <styleUrl>#icon-1739-DB4436-labelson-nodesc</styleUrl>
        <Point>
          <coordinates>
            35.646515,28.55793,0
          </coordinates>
        </Point>
      </Placemark>
      <Placemark>
        <name>جبل خنصر</name>
        <styleUrl>#icon-1739-DB4436-labelson-nodesc</styleUrl>
        <Point>
          <coordinates>
            37.568886,28.702705,0
          </coordinates>
        </Point>
      </Placemark>
      <Placemark>
        <name>جبل خنصر</name>
        <styleUrl>#icon-1739-DB4436-labelson-nodesc</styleUrl>
        <Point>
          <coordinates>
            38.785858,29.008713,0
          </coordinates>
        </Point>
      </Placemark>
      <Placemark>
        <name>جبل خيشوم</name>
        <styleUrl>#icon-1739-DB4436-labelson-nodesc</styleUrl>
        <Point>
          <coordinates>
            37.050705,27.679946,0
          </coordinates>
        </Point>
      </Placemark>
      <Placemark>
        <name>جبل دامة</name>
        <styleUrl>#icon-1739-DB4436-labelson-nodesc</styleUrl>
        <Point>
          <coordinates>
            36.094723,27.19202,0
          </coordinates>
        </Point>
      </Placemark>
      <Placemark>
        <name>جبل دبر</name>
        <styleUrl>#icon-1739-DB4436-labelson-nodesc</styleUrl>
        <Point>
          <coordinates>
            34.961371,29.062099,0
          </coordinates>
        </Point>
      </Placemark>
      <Placemark>
        <name>جبل راطية</name>
        <styleUrl>#icon-1739-DB4436-labelson-nodesc</styleUrl>
        <Point>
          <coordinates>
            37.04401,26.030731,0
          </coordinates>
        </Point>
      </Placemark>
      <Placemark>
        <name>جبل رال الجنوبي</name>
        <styleUrl>#icon-1739-DB4436-labelson-nodesc</styleUrl>
        <Point>
          <coordinates>
            37.156105,25.932884,0
          </coordinates>
        </Point>
      </Placemark>
      <Placemark>
        <name>جبل رال الشمالي</name>
        <styleUrl>#icon-1739-DB4436-labelson-nodesc</styleUrl>
        <Point>
          <coordinates>
            37.121944,25.981636,0
          </coordinates>
        </Point>
      </Placemark>
      <Placemark>
        <name>جبل راية</name>
        <styleUrl>#icon-1739-DB4436-labelson-nodesc</styleUrl>
        <Point>
          <coordinates>
            37.19209,28.677728,0
          </coordinates>
        </Point>
      </Placemark>
      <Placemark>
        <name>جبل ربيدان</name>
        <styleUrl>#icon-1739-DB4436-labelson-nodesc</styleUrl>
        <Point>
          <coordinates>
            37.397976,27.413807,0
          </coordinates>
        </Point>
      </Placemark>
      <Placemark>
        <name>جبل ردة</name>
        <styleUrl>#icon-1739-DB4436-labelson-nodesc</styleUrl>
        <Point>
          <coordinates>
            37.125485,25.96801,0
          </coordinates>
        </Point>
      </Placemark>
      <Placemark>
        <name>جبل رواف</name>
        <styleUrl>#icon-1739-DB4436-labelson-nodesc</styleUrl>
        <Point>
          <coordinates>
            39.093561,26.911225,0
          </coordinates>
        </Point>
      </Placemark>
      <Placemark>
        <name>جبل رياء</name>
        <styleUrl>#icon-1739-DB4436-labelson-nodesc</styleUrl>
        <Point>
          <coordinates>
            36.918118,26.644635,0
          </coordinates>
        </Point>
      </Placemark>
      <Placemark>
        <name>جبل ريم الجنوبي</name>
        <styleUrl>#icon-1739-DB4436-labelson-nodesc</styleUrl>
        <Point>
          <coordinates>
            37.636414,24.941368,0
          </coordinates>
        </Point>
      </Placemark>
      <Placemark>
        <name>جبل ريمة</name>
        <styleUrl>#icon-1739-DB4436-labelson-nodesc</styleUrl>
        <Point>
          <coordinates>
            35.973873,27.620831,0
          </coordinates>
        </Point>
      </Placemark>
      <Placemark>
        <name>جبل زريق</name>
        <styleUrl>#icon-1739-DB4436-labelson-nodesc</styleUrl>
        <Point>
          <coordinates>
            34.924164,28.699379,0
          </coordinates>
        </Point>
      </Placemark>
      <Placemark>
        <name>جبل زقلاب</name>
        <styleUrl>#icon-1739-DB4436-labelson-nodesc</styleUrl>
        <Point>
          <coordinates>
            36.558209,27.180862,0
          </coordinates>
        </Point>
      </Placemark>
      <Placemark>
        <name>جبل زهد</name>
        <styleUrl>#icon-1739-DB4436-labelson-nodesc</styleUrl>
        <Point>
          <coordinates>
            35.242531,28.308635,0
          </coordinates>
        </Point>
      </Placemark>
      <Placemark>
        <name>جبل سالوم</name>
        <styleUrl>#icon-1739-DB4436-labelson-nodesc</styleUrl>
        <Point>
          <coordinates>
            37.48709,27.976513,0
          </coordinates>
        </Point>
      </Placemark>
      <Placemark>
        <name>جبل ستار</name>
        <styleUrl>#icon-1739-DB4436-labelson-nodesc</styleUrl>
        <Point>
          <coordinates>
            36.94082,26.728363,0
          </coordinates>
        </Point>
      </Placemark>
      <Placemark>
        <name>جبل سعد البرصاء</name>
        <styleUrl>#icon-1739-DB4436-labelson-nodesc</styleUrl>
        <Point>
          <coordinates>
            36.579151,29.536571,0
          </coordinates>
        </Point>
      </Placemark>
      <Placemark>
        <name>جبل سعد الحمراء</name>
        <styleUrl>#icon-1739-DB4436-labelson-nodesc</styleUrl>
        <Point>
          <coordinates>
            36.634598,29.552193,0
          </coordinates>
        </Point>
      </Placemark>
      <Placemark>
        <name>جبل سلع</name>
        <styleUrl>#icon-1739-DB4436-labelson-nodesc</styleUrl>
        <Point>
          <coordinates>
            35.950012,27.676792,0
          </coordinates>
        </Point>
      </Placemark>
      <Placemark>
        <name>جبل سليمة</name>
        <styleUrl>#icon-1739-DB4436-labelson-nodesc</styleUrl>
        <Point>
          <coordinates>
            35.069904,28.645477,0
          </coordinates>
        </Point>
      </Placemark>
      <Placemark>
        <name>جبل سمير</name>
        <styleUrl>#icon-1739-DB4436-labelson-nodesc</styleUrl>
        <Point>
          <coordinates>
            36.649017,27.144814,0
          </coordinates>
        </Point>
      </Placemark>
      <Placemark>
        <name>جبل سويقة</name>
        <styleUrl>#icon-1739-DB4436-labelson-nodesc</styleUrl>
        <Point>
          <coordinates>
            36.771584,26.827755,0
          </coordinates>
        </Point>
      </Placemark>
      <Placemark>
        <name>جبل شار</name>
        <styleUrl>#icon-1739-DB4436-labelson-nodesc</styleUrl>
        <Point>
          <coordinates>
            35.819936,27.475884,0
          </coordinates>
        </Point>
      </Placemark>
      <Placemark>
        <name>جبل شثاء</name>
        <styleUrl>#icon-1739-DB4436-labelson-nodesc</styleUrl>
        <Point>
          <coordinates>
            37.786102,25.019817,0
          </coordinates>
        </Point>
      </Placemark>
      <Placemark>
        <name>جبل شثير</name>
        <styleUrl>#icon-1739-DB4436-labelson-nodesc</styleUrl>
        <Point>
          <coordinates>
            37.652721,25.187702,0
          </coordinates>
        </Point>
      </Placemark>
      <Placemark>
        <name>جبل شديد غازي</name>
        <styleUrl>#icon-1739-DB4436-labelson-nodesc</styleUrl>
        <Point>
          <coordinates>
            36.922581,28.947945,0
          </coordinates>
        </Point>
      </Placemark>
      <Placemark>
        <name>جبل شعار</name>
        <styleUrl>#icon-1739-DB4436-labelson-nodesc</styleUrl>
        <Point>
          <coordinates>
            35.808048,27.949047,0
          </coordinates>
        </Point>
      </Placemark>
      <Placemark>
        <name>جبل شعال</name>
        <styleUrl>#icon-1739-DB4436-labelson-nodesc</styleUrl>
        <Point>
          <coordinates>
            35.144577,28.886662,0
          </coordinates>
        </Point>
      </Placemark>
      <Placemark>
        <name>جبل شق حميد</name>
        <styleUrl>#icon-1739-DB4436-labelson-nodesc</styleUrl>
        <Point>
          <coordinates>
            37.201016,26.412871,0
          </coordinates>
        </Point>
      </Placemark>
      <Placemark>
        <name>جبل شيبان</name>
        <styleUrl>#icon-1739-DB4436-labelson-nodesc</styleUrl>
        <Point>
          <coordinates>
            36.790638,27.583065,0
          </coordinates>
        </Point>
      </Placemark>
      <Placemark>
        <name>جبل صدار</name>
        <styleUrl>#icon-1739-DB4436-labelson-nodesc</styleUrl>
        <Point>
          <coordinates>
            37.929397,29.051135,0
          </coordinates>
        </Point>
      </Placemark>
      <Placemark>
        <name>جبل صر</name>
        <styleUrl>#icon-1739-DB4436-labelson-nodesc</styleUrl>
        <Point>
          <coordinates>
            37.465267,25.928936,0
          </coordinates>
        </Point>
      </Placemark>
      <Placemark>
        <name>جبل صعافيق</name>
        <styleUrl>#icon-1739-DB4436-labelson-nodesc</styleUrl>
        <Point>
          <coordinates>
            37.543716,27.432861,0
          </coordinates>
        </Point>
      </Placemark>
      <Placemark>
        <name>جبل صفاح</name>
        <styleUrl>#icon-1739-DB4436-labelson-nodesc</styleUrl>
        <Point>
          <coordinates>
            37.123489,26.387959,0
          </coordinates>
        </Point>
      </Placemark>
      <Placemark>
        <name>جبل صنعاء</name>
        <styleUrl>#icon-1739-DB4436-labelson-nodesc</styleUrl>
        <Point>
          <coordinates>
            37.735977,28.675346,0
          </coordinates>
        </Point>
      </Placemark>
      <Placemark>
        <name>جبل صيفور</name>
        <styleUrl>#icon-1739-DB4436-labelson-nodesc</styleUrl>
        <Point>
          <coordinates>
            37.893777,29.252815,0
          </coordinates>
        </Point>
      </Placemark>
      <Placemark>
        <name>جبل ضباع</name>
        <styleUrl>#icon-1739-DB4436-labelson-nodesc</styleUrl>
        <Point>
          <coordinates>
            37.740097,25.001621,0
          </coordinates>
        </Point>
      </Placemark>
      <Placemark>
        <name>جبل ضبع</name>
        <styleUrl>#icon-1739-DB4436-labelson-nodesc</styleUrl>
        <Point>
          <coordinates>
            38.108482,27.846394,0
          </coordinates>
        </Point>
      </Placemark>
      <Placemark>
        <name>جبل ضبيع</name>
        <styleUrl>#icon-1739-DB4436-labelson-nodesc</styleUrl>
        <Point>
          <coordinates>
            35.617161,27.890511,0
          </coordinates>
        </Point>
      </Placemark>
      <Placemark>
        <name>جبل طريف الريح</name>
        <styleUrl>#icon-1739-DB4436-labelson-nodesc</styleUrl>
        <Point>
          <coordinates>
            37.670059,25.605183,0
          </coordinates>
        </Point>
      </Placemark>
      <Placemark>
        <name>جبل طفية الشرقي</name>
        <styleUrl>#icon-1739-DB4436-labelson-nodesc</styleUrl>
        <Point>
          <coordinates>
            36.896038,26.313286,0
          </coordinates>
        </Point>
      </Placemark>
      <Placemark>
        <name>جبل طويل</name>
        <styleUrl>#icon-1739-DB4436-labelson-nodesc</styleUrl>
        <Point>
          <coordinates>
            36.281748,27.609072,0
          </coordinates>
        </Point>
      </Placemark>
      <Placemark>
        <name>جبل طيب اسم</name>
        <styleUrl>#icon-1739-DB4436-labelson-nodesc</styleUrl>
        <Point>
          <coordinates>
            34.814301,28.558595,0
          </coordinates>
        </Point>
      </Placemark>
      <Placemark>
        <name>جبل ظفر</name>
        <styleUrl>#icon-1739-DB4436-labelson-nodesc</styleUrl>
        <Point>
          <coordinates>
            36.17403,26.88509,0
          </coordinates>
        </Point>
      </Placemark>
      <Placemark>
        <name>جبل ظفرة</name>
        <styleUrl>#icon-1739-DB4436-labelson-nodesc</styleUrl>
        <Point>
          <coordinates>
            36.146479,26.869211,0
          </coordinates>
        </Point>
      </Placemark>
      <Placemark>
        <name>جبل ظلماء</name>
        <styleUrl>#icon-1739-DB4436-labelson-nodesc</styleUrl>
        <Point>
          <coordinates>
            39.471989,27.075634,0
          </coordinates>
        </Point>
      </Placemark>
      <Placemark>
        <name>جبل عاثج</name>
        <styleUrl>#icon-1739-DB4436-labelson-nodesc</styleUrl>
        <Point>
          <coordinates>
            35.599566,28.513255,0
          </coordinates>
        </Point>
      </Placemark>
      <Placemark>
        <name>جبل عاقر الحصان</name>
        <styleUrl>#icon-1739-DB4436-labelson-nodesc</styleUrl>
        <Point>
          <coordinates>
            37.211723,25.458069,0
          </coordinates>
        </Point>
      </Placemark>
      <Placemark>
        <name>جبل عتود</name>
        <styleUrl>#icon-1739-DB4436-labelson-nodesc</styleUrl>
        <Point>
          <coordinates>
            36.360283,27.580318,0
          </coordinates>
        </Point>
      </Placemark>
      <Placemark>
        <name>جبل عتود صر</name>
        <styleUrl>#icon-1739-DB4436-labelson-nodesc</styleUrl>
        <Point>
          <coordinates>
            37.422695,26.031761,0
          </coordinates>
        </Point>
      </Placemark>
      <Placemark>
        <name>جبل عراق</name>
        <styleUrl>#icon-1739-DB4436-labelson-nodesc</styleUrl>
        <Point>
          <coordinates>
            35.842659,28.019364,0
          </coordinates>
        </Point>
      </Placemark>
      <Placemark>
        <name>جبل عقبل</name>
        <styleUrl>#icon-1739-DB4436-labelson-nodesc</styleUrl>
        <Point>
          <coordinates>
            36.836321,26.839964,0
          </coordinates>
        </Point>
      </Placemark>
      <Placemark>
        <name>جبل عميق</name>
        <styleUrl>#icon-1739-DB4436-labelson-nodesc</styleUrl>
        <Point>
          <coordinates>
            35.452194,29.189301,0
          </coordinates>
        </Point>
      </Placemark>
      <Placemark>
        <name>جبل عناز</name>
        <styleUrl>#icon-1739-DB4436-labelson-nodesc</styleUrl>
        <Point>
          <coordinates>
            37.186553,28.904793,0
          </coordinates>
        </Point>
      </Placemark>
      <Placemark>
        <name>جبل عناز</name>
        <styleUrl>#icon-1739-DB4436-labelson-nodesc</styleUrl>
        <Point>
          <coordinates>
            37.729218,27.785068,0
          </coordinates>
        </Point>
      </Placemark>
      <Placemark>
        <name>جبل عنبر</name>
        <styleUrl>#icon-1739-DB4436-labelson-nodesc</styleUrl>
        <Point>
          <coordinates>
            35.995095,27.434149,0
          </coordinates>
        </Point>
      </Placemark>
      <Placemark>
        <name>جبل عنتر</name>
        <styleUrl>#icon-1739-DB4436-labelson-nodesc</styleUrl>
        <Point>
          <coordinates>
            36.39307,26.652832,0
          </coordinates>
        </Point>
      </Placemark>
      <Placemark>
        <name>جبل عنز</name>
        <styleUrl>#icon-1739-DB4436-labelson-nodesc</styleUrl>
        <Point>
          <coordinates>
            36.618698,29.428897,0
          </coordinates>
        </Point>
      </Placemark>
      <Placemark>
        <name>جبل عنز</name>
        <styleUrl>#icon-1739-DB4436-labelson-nodesc</styleUrl>
        <Point>
          <coordinates>
            38.072777,27.909393,0
          </coordinates>
        </Point>
      </Placemark>
      <Placemark>
        <name>جبل عنز قمراء</name>
        <styleUrl>#icon-1739-DB4436-labelson-nodesc</styleUrl>
        <Point>
          <coordinates>
            39.581337,26.93779,0
          </coordinates>
        </Point>
      </Placemark>
      <Placemark>
        <name>جبل عويقر</name>
        <styleUrl>#icon-1739-DB4436-labelson-nodesc</styleUrl>
        <Point>
          <coordinates>
            36.062257,28.14472,0
          </coordinates>
        </Point>
      </Placemark>
      <Placemark>
        <name>جبل عويقر</name>
        <styleUrl>#icon-1739-DB4436-labelson-nodesc</styleUrl>
        <Point>
          <coordinates>
            39.470937,27.002077,0
          </coordinates>
        </Point>
      </Placemark>
      <Placemark>
        <name>جبل عيرين</name>
        <styleUrl>#icon-1739-DB4436-labelson-nodesc</styleUrl>
        <Point>
          <coordinates>
            36.557715,28.172228,0
          </coordinates>
        </Point>
      </Placemark>
      <Placemark>
        <name>جبل غراب</name>
        <styleUrl>#icon-1739-DB4436-labelson-nodesc</styleUrl>
        <Point>
          <coordinates>
            35.390675,28.98365,0
          </coordinates>
        </Point>
      </Placemark>
      <Placemark>
        <name>جبل غرابة</name>
        <styleUrl>#icon-1739-DB4436-labelson-nodesc</styleUrl>
        <Point>
          <coordinates>
            36.006832,27.550449,0
          </coordinates>
        </Point>
      </Placemark>
      <Placemark>
        <name>جبل غرزة</name>
        <styleUrl>#icon-1739-DB4436-labelson-nodesc</styleUrl>
        <Point>
          <coordinates>
            37.937508,24.928837,0
          </coordinates>
        </Point>
      </Placemark>
      <Placemark>
        <name>جبل غرور</name>
        <styleUrl>#icon-1739-DB4436-labelson-nodesc</styleUrl>
        <Point>
          <coordinates>
            35.369303,29.082634,0
          </coordinates>
        </Point>
      </Placemark>
      <Placemark>
        <name>جبل غرور</name>
        <styleUrl>#icon-1739-DB4436-labelson-nodesc</styleUrl>
        <Point>
          <coordinates>
            35.709171,28.22422,0
          </coordinates>
        </Point>
      </Placemark>
      <Placemark>
        <name>جبل غريف</name>
        <styleUrl>#icon-1739-DB4436-labelson-nodesc</styleUrl>
        <Point>
          <coordinates>
            38.162599,27.601991,0
          </coordinates>
        </Point>
      </Placemark>
      <Placemark>
        <name>جبل غناظرة</name>
        <styleUrl>#icon-1739-DB4436-labelson-nodesc</styleUrl>
        <Point>
          <coordinates>
            35.195732,29.26054,0
          </coordinates>
        </Point>
      </Placemark>
      <Placemark>
        <name>جبل غنيم</name>
        <styleUrl>#icon-1739-DB4436-labelson-nodesc</styleUrl>
        <Point>
          <coordinates>
            38.591666,27.511139,0
          </coordinates>
        </Point>
      </Placemark>
      <Placemark>
        <name>جبل فاعية</name>
        <styleUrl>#icon-1739-DB4436-labelson-nodesc</styleUrl>
        <Point>
          <coordinates>
            36.76506,26.517048,0
          </coordinates>
        </Point>
      </Placemark>
      <Placemark>
        <name>جبل فحاذة</name>
        <styleUrl>#icon-1739-DB4436-labelson-nodesc</styleUrl>
        <Point>
          <coordinates>
            36.754589,27.036152,0
          </coordinates>
        </Point>
      </Placemark>
      <Placemark>
        <name>جبل فرعون</name>
        <styleUrl>#icon-1739-DB4436-labelson-nodesc</styleUrl>
        <Point>
          <coordinates>
            35.725436,28.625243,0
          </coordinates>
        </Point>
      </Placemark>
      <Placemark>
        <name>جبل فريثين</name>
        <styleUrl>#icon-1739-DB4436-labelson-nodesc</styleUrl>
        <Point>
          <coordinates>
            37.047443,26.699181,0
          </coordinates>
        </Point>
      </Placemark>
      <Placemark>
        <name>جبل قاعة الازنم</name>
        <styleUrl>#icon-1739-DB4436-labelson-nodesc</styleUrl>
        <Point>
          <coordinates>
            36.01902,27.017612,0
          </coordinates>
        </Point>
      </Placemark>
      <Placemark>
        <name>جبل قرية</name>
        <styleUrl>#icon-1739-DB4436-labelson-nodesc</styleUrl>
        <Point>
          <coordinates>
            35.787964,27.733612,0
          </coordinates>
        </Point>
      </Placemark>
      <Placemark>
        <name>جبل قصيب</name>
        <styleUrl>#icon-1739-DB4436-labelson-nodesc</styleUrl>
        <Point>
          <coordinates>
            35.399322,29.224148,0
          </coordinates>
        </Point>
      </Placemark>
      <Placemark>
        <name>جبل قطان</name>
        <styleUrl>#icon-1739-DB4436-labelson-nodesc</styleUrl>
        <Point>
          <coordinates>
            36.179523,27.280598,0
          </coordinates>
        </Point>
      </Placemark>
      <Placemark>
        <name>جبل قلحة</name>
        <styleUrl>#icon-1739-DB4436-labelson-nodesc</styleUrl>
        <Point>
          <coordinates>
            35.131874,28.624191,0
          </coordinates>
        </Point>
      </Placemark>
      <Placemark>
        <name>جبل قليب النخلة</name>
        <styleUrl>#icon-1739-DB4436-labelson-nodesc</styleUrl>
        <Point>
          <coordinates>
            34.892578,28.321896,0
          </coordinates>
        </Point>
      </Placemark>
      <Placemark>
        <name>جبل قمرة</name>
        <styleUrl>#icon-1739-DB4436-labelson-nodesc</styleUrl>
        <Point>
          <coordinates>
            36.749032,29.422524,0
          </coordinates>
        </Point>
      </Placemark>
      <Placemark>
        <name>جبل قناء</name>
        <styleUrl>#icon-1739-DB4436-labelson-nodesc</styleUrl>
        <Point>
          <coordinates>
            35.365806,28.390968,0
          </coordinates>
        </Point>
      </Placemark>
      <Placemark>
        <name>جبل قوس</name>
        <styleUrl>#icon-1739-DB4436-labelson-nodesc</styleUrl>
        <Point>
          <coordinates>
            35.849934,27.890854,0
          </coordinates>
        </Point>
      </Placemark>
      <Placemark>
        <name>جبل قوس عرده</name>
        <styleUrl>#icon-1739-DB4436-labelson-nodesc</styleUrl>
        <Point>
          <coordinates>
            38.449166,27.009888,0
          </coordinates>
        </Point>
      </Placemark>
      <Placemark>
        <name>جبل قيحان</name>
        <styleUrl>#icon-1739-DB4436-labelson-nodesc</styleUrl>
        <Point>
          <coordinates>
            35.307033,28.659661,0
          </coordinates>
        </Point>
      </Placemark>
      <Placemark>
        <name>جبل كتيفة</name>
        <styleUrl>#icon-1739-DB4436-labelson-nodesc</styleUrl>
        <Point>
          <coordinates>
            36.813641,26.437912,0
          </coordinates>
        </Point>
      </Placemark>
      <Placemark>
        <name>جبل كريبة</name>
        <styleUrl>#icon-1739-DB4436-labelson-nodesc</styleUrl>
        <Point>
          <coordinates>
            35.014265,28.621037,0
          </coordinates>
        </Point>
      </Placemark>
      <Placemark>
        <name>جبل كلخة</name>
        <styleUrl>#icon-1739-DB4436-labelson-nodesc</styleUrl>
        <Point>
          <coordinates>
            35.924263,27.618256,0
          </coordinates>
        </Point>
      </Placemark>
      <Placemark>
        <name>جبل كليب</name>
        <styleUrl>#icon-1739-DB4436-labelson-nodesc</styleUrl>
        <Point>
          <coordinates>
            34.952145,28.884773,0
          </coordinates>
        </Point>
      </Placemark>
      <Placemark>
        <name>جبل لبونة</name>
        <styleUrl>#icon-1739-DB4436-labelson-nodesc</styleUrl>
        <Point>
          <coordinates>
            35.085011,28.6623,0
          </coordinates>
        </Point>
      </Placemark>
      <Placemark>
        <name>جبل لعبة</name>
        <styleUrl>#icon-1739-DB4436-labelson-nodesc</styleUrl>
        <Point>
          <coordinates>
            35.26165,28.881512,0
          </coordinates>
        </Point>
      </Placemark>
      <Placemark>
        <name>جبل لويعق</name>
        <styleUrl>#icon-1739-DB4436-labelson-nodesc</styleUrl>
        <Point>
          <coordinates>
            37.857728,25.695155,0
          </coordinates>
        </Point>
      </Placemark>
      <Placemark>
        <name>جبل لبن</name>
        <styleUrl>#icon-1739-DB4436-labelson-nodesc</styleUrl>
        <Point>
          <coordinates>
            36.355991,26.572258,0
          </coordinates>
        </Point>
      </Placemark>
      <Placemark>
        <name>جبل محموم</name>
        <styleUrl>#icon-1739-DB4436-labelson-nodesc</styleUrl>
        <Point>
          <coordinates>
            36.162872,26.930752,0
          </coordinates>
        </Point>
      </Placemark>
      <Placemark>
        <name>جبل مخروقة</name>
        <styleUrl>#icon-1739-DB4436-labelson-nodesc</styleUrl>
        <Point>
          <coordinates>
            35.463696,29.075339,0
          </coordinates>
        </Point>
      </Placemark>
      <Placemark>
        <name>جبل مرخ</name>
        <styleUrl>#icon-1739-DB4436-labelson-nodesc</styleUrl>
        <Point>
          <coordinates>
            34.963989,28.621616,0
          </coordinates>
        </Point>
      </Placemark>
      <Placemark>
        <name>جبل مرشة</name>
        <styleUrl>#icon-1739-DB4436-labelson-nodesc</styleUrl>
        <Point>
          <coordinates>
            34.872236,28.800187,0
          </coordinates>
        </Point>
      </Placemark>
      <Placemark>
        <name>جبل مروة</name>
        <styleUrl>#icon-1739-DB4436-labelson-nodesc</styleUrl>
        <Point>
          <coordinates>
            37.699242,24.770908,0
          </coordinates>
        </Point>
      </Placemark>
      <Placemark>
        <name>جبل مزعقة</name>
        <styleUrl>#icon-1739-DB4436-labelson-nodesc</styleUrl>
        <Point>
          <coordinates>
            37.036629,26.754112,0
          </coordinates>
        </Point>
      </Placemark>
      <Placemark>
        <name>جبل مزند</name>
        <styleUrl>#icon-1739-DB4436-labelson-nodesc</styleUrl>
        <Point>
          <coordinates>
            35.920358,28.373072,0
          </coordinates>
        </Point>
      </Placemark>
      <Placemark>
        <name>جبل مزيد</name>
        <styleUrl>#icon-1739-DB4436-labelson-nodesc</styleUrl>
        <Point>
          <coordinates>
            36.372986,27.553196,0
          </coordinates>
        </Point>
      </Placemark>
      <Placemark>
        <name>جبل مشل سلام</name>
        <styleUrl>#icon-1739-DB4436-labelson-nodesc</styleUrl>
        <Point>
          <coordinates>
            35.821609,28.526173,0
          </coordinates>
        </Point>
      </Placemark>
      <Placemark>
        <name>جبل مصر</name>
        <styleUrl>#icon-1739-DB4436-labelson-nodesc</styleUrl>
        <Point>
          <coordinates>
            36.131973,27.391491,0
          </coordinates>
        </Point>
      </Placemark>
      <Placemark>
        <name>جبل مغيرة</name>
        <styleUrl>#icon-1739-DB4436-labelson-nodesc</styleUrl>
        <Point>
          <coordinates>
            37.643108,29.344482,0
          </coordinates>
        </Point>
      </Placemark>
      <Placemark>
        <name>جبل مكاء</name>
        <styleUrl>#icon-1739-DB4436-labelson-nodesc</styleUrl>
        <Point>
          <coordinates>
            35.837231,27.558174,0
          </coordinates>
        </Point>
      </Placemark>
      <Placemark>
        <name>جبل مكيحيل</name>
        <styleUrl>#icon-1739-DB4436-labelson-nodesc</styleUrl>
        <Point>
          <coordinates>
            37.267706,28.224027,0
          </coordinates>
        </Point>
      </Placemark>
      <Placemark>
        <name>جبل ملح</name>
        <styleUrl>#icon-1739-DB4436-labelson-nodesc</styleUrl>
        <Point>
          <coordinates>
            36.935692,26.485977,0
          </coordinates>
        </Point>
      </Placemark>
      <Placemark>
        <name>جبل ملين</name>
        <styleUrl>#icon-1739-DB4436-labelson-nodesc</styleUrl>
        <Point>
          <coordinates>
            35.860405,27.720394,0
          </coordinates>
        </Point>
      </Placemark>
      <Placemark>
        <name>جبل مناوة</name>
        <styleUrl>#icon-1739-DB4436-labelson-nodesc</styleUrl>
        <Point>
          <coordinates>
            35.654411,28.303292,0
          </coordinates>
        </Point>
      </Placemark>
      <Placemark>
        <name>جبل منشار</name>
        <styleUrl>#icon-1739-DB4436-labelson-nodesc</styleUrl>
        <Point>
          <coordinates>
            36.624813,27.334843,0
          </coordinates>
        </Point>
      </Placemark>
      <Placemark>
        <name>جبل منيفة</name>
        <styleUrl>#icon-1739-DB4436-labelson-nodesc</styleUrl>
        <Point>
          <coordinates>
            35.182343,28.361378,0
          </coordinates>
        </Point>
      </Placemark>
      <Placemark>
        <name>جبل مواعيز</name>
        <styleUrl>#icon-1739-DB4436-labelson-nodesc</styleUrl>
        <Point>
          <coordinates>
            36.296039,28.188429,0
          </coordinates>
        </Point>
      </Placemark>
      <Placemark>
        <name>جبل مويرب</name>
        <styleUrl>#icon-1739-DB4436-labelson-nodesc</styleUrl>
        <Point>
          <coordinates>
            36.810379,26.585884,0
          </coordinates>
        </Point>
      </Placemark>
      <Placemark>
        <name>جبل ناعق</name>
        <styleUrl>#icon-1739-DB4436-labelson-nodesc</styleUrl>
        <Point>
          <coordinates>
            36.043568,27.223778,0
          </coordinates>
        </Point>
      </Placemark>
      <Placemark>
        <name>جبل نبقا</name>
        <styleUrl>#icon-1739-DB4436-labelson-nodesc</styleUrl>
        <Point>
          <coordinates>
            36.175919,26.777201,0
          </coordinates>
        </Point>
      </Placemark>
      <Placemark>
        <name>جبل نخله</name>
        <styleUrl>#icon-1739-DB4436-labelson-nodesc</styleUrl>
        <Point>
          <coordinates>
            35.557594,28.058803,0
          </coordinates>
        </Point>
      </Placemark>
      <Placemark>
        <name>جبل نزعان</name>
        <styleUrl>#icon-1739-DB4436-labelson-nodesc</styleUrl>
        <Point>
          <coordinates>
            36.721888,26.921761,0
          </coordinates>
        </Point>
      </Placemark>
      <Placemark>
        <name>جبل نسعات</name>
        <styleUrl>#icon-1739-DB4436-labelson-nodesc</styleUrl>
        <Point>
          <coordinates>
            36.06421,27.640743,0
          </coordinates>
        </Point>
      </Placemark>
      <Placemark>
        <name>جبل نواحة</name>
        <styleUrl>#icon-1739-DB4436-labelson-nodesc</styleUrl>
        <Point>
          <coordinates>
            39.570029,27.150414,0
          </coordinates>
        </Point>
      </Placemark>
      <Placemark>
        <name>جبل نوف</name>
        <styleUrl>#icon-1739-DB4436-labelson-nodesc</styleUrl>
        <Point>
          <coordinates>
            36.448689,27.779489,0
          </coordinates>
        </Point>
      </Placemark>
      <Placemark>
        <name>جبل هواني</name>
        <styleUrl>#icon-1739-DB4436-labelson-nodesc</styleUrl>
        <Point>
          <coordinates>
            35.965977,27.41724,0
          </coordinates>
        </Point>
      </Placemark>
      <Placemark>
        <name>جبل هويربة</name>
        <styleUrl>#icon-1739-DB4436-labelson-nodesc</styleUrl>
        <Point>
          <coordinates>
            35.897484,27.667694,0
          </coordinates>
        </Point>
      </Placemark>
      <Placemark>
        <name>جبل وتد</name>
        <styleUrl>#icon-1739-DB4436-labelson-nodesc</styleUrl>
        <Point>
          <coordinates>
            36.771498,27.156358,0
          </coordinates>
        </Point>
      </Placemark>
      <Placemark>
        <name>جبل وجيراء</name>
        <styleUrl>#icon-1739-DB4436-labelson-nodesc</styleUrl>
        <Point>
          <coordinates>
            35.269546,28.990688,0
          </coordinates>
        </Point>
      </Placemark>
      <Placemark>
        <name>جبل وقب</name>
        <styleUrl>#icon-1739-DB4436-labelson-nodesc</styleUrl>
        <Point>
          <coordinates>
            34.7245,28.207548,0
          </coordinates>
        </Point>
      </Placemark>
      <Placemark>
        <name>جبل يزر</name>
        <styleUrl>#icon-1739-DB4436-labelson-nodesc</styleUrl>
        <Point>
          <coordinates>
            35.569096,28.329792,0
          </coordinates>
        </Point>
      </Placemark>
      <Placemark>
        <name>جبل مختلص</name>
        <styleUrl>#icon-1739-DB4436-labelson-nodesc</styleUrl>
        <Point>
          <coordinates>
            36.815035,27.521739,0
          </coordinates>
        </Point>
      </Placemark>
      <Placemark>
        <name>الهضاب البيض</name>
        <styleUrl>#icon-1739-DB4436-labelson-nodesc</styleUrl>
        <Point>
          <coordinates>
            35.378294,29.144969,0
          </coordinates>
        </Point>
      </Placemark>
      <Placemark>
        <name>الرجم الابرق</name>
        <styleUrl>#icon-1739-DB4436-labelson-nodesc</styleUrl>
        <Point>
          <coordinates>
            37.299914,29.03178,0
          </coordinates>
        </Point>
      </Placemark>
      <Placemark>
        <name>الرجم الاسود</name>
        <styleUrl>#icon-1739-DB4436-labelson-nodesc</styleUrl>
        <Point>
          <coordinates>
            37.414177,29.060061,0
          </coordinates>
        </Point>
      </Placemark>
      <Placemark>
        <name>الرجم الاصفر</name>
        <styleUrl>#icon-1739-DB4436-labelson-nodesc</styleUrl>
        <Point>
          <coordinates>
            37.963257,27.924542,0
          </coordinates>
        </Point>
      </Placemark>
      <Placemark>
        <name>جبال مراخ</name>
        <styleUrl>#icon-1739-DB4436-labelson-nodesc</styleUrl>
        <Point>
          <coordinates>
            36.928525,27.0503487,0
          </coordinates>
        </Point>
      </Placemark>
      <Placemark>
        <name>الجبل الجنوبي</name>
        <styleUrl>#icon-1739-DB4436-labelson-nodesc</styleUrl>
        <Point>
          <coordinates>
            37.519684,25.023594,0
          </coordinates>
        </Point>
      </Placemark>
      <Placemark>
        <name>جبال الحمرا</name>
        <styleUrl>#icon-1739-DB4436-labelson-nodesc</styleUrl>
        <Point>
          <coordinates>
            34.7370748,28.3665291,0
          </coordinates>
        </Point>
      </Placemark>
      <Placemark>
        <name>نسر</name>
        <styleUrl>#icon-1739-DB4436-labelson-nodesc</styleUrl>
        <Point>
          <coordinates>
            37.1065161,26.6857883,0
          </coordinates>
        </Point>
      </Placemark>
      <Placemark>
        <name>جبل حمادة
</name>
        <styleUrl>#icon-1739-DB4436-labelson-nodesc</styleUrl>
        <Point>
          <coordinates>
            37.08658,26.80767,0
          </coordinates>
        </Point>
      </Placemark>
      <Placemark>
        <name>جبل خاشوب الشمالي</name>
        <styleUrl>#icon-1739-DB4436-labelson-nodesc</styleUrl>
        <Point>
          <coordinates>
            36.8665475,26.6794316,0
          </coordinates>
        </Point>
      </Placemark>
      <Placemark>
        <name>جبال السويد</name>
        <styleUrl>#icon-1739-DB4436-labelson-nodesc</styleUrl>
        <Point>
          <coordinates>
            36.4627722,26.4068173,0
          </coordinates>
        </Point>
      </Placemark>
      <Placemark>
        <name>جبال حذيم
</name>
        <styleUrl>#icon-1739-DB4436-labelson-nodesc</styleUrl>
        <Point>
          <coordinates>
            37.82489,25.28039,0
          </coordinates>
        </Point>
      </Placemark>
      <Placemark>
        <name>جبال حمر الرداة
</name>
        <styleUrl>#icon-1739-DB4436-labelson-nodesc</styleUrl>
        <Point>
          <coordinates>
            37.81528,25.33515,0
          </coordinates>
        </Point>
      </Placemark>
      <Placemark>
        <name>جبال الدجيل
</name>
        <styleUrl>#icon-1739-DB4436-labelson-nodesc</styleUrl>
        <Point>
          <coordinates>
            37.81957,25.3767,0
          </coordinates>
        </Point>
      </Placemark>
      <Placemark>
        <name>جبال الاعرف
</name>
        <styleUrl>#icon-1739-DB4436-labelson-nodesc</styleUrl>
        <Point>
          <coordinates>
            37.76962,25.4548,0
          </coordinates>
        </Point>
      </Placemark>
      <Placemark>
        <name>جبال صايف
</name>
        <styleUrl>#icon-1739-DB4436-labelson-nodesc</styleUrl>
        <Point>
          <coordinates>
            37.76275,25.55694,0
          </coordinates>
        </Point>
      </Placemark>
    </Folder>
    <Folder>
      <name>أسماء ثانوية</name>
      <Placemark>
        <name>أبو النعم</name>
        <styleUrl>#icon-1739-757575-labelson-nodesc</styleUrl>
        <Point>
          <coordinates>
            37.66639,25.07668,0
          </coordinates>
        </Point>
      </Placemark>
      <Placemark>
        <name>أبو عجيجات</name>
        <styleUrl>#icon-1739-757575-labelson-nodesc</styleUrl>
        <Point>
          <coordinates>
            36.603055,28.286104,0
          </coordinates>
        </Point>
      </Placemark>
      <Placemark>
        <name>أوجر</name>
        <styleUrl>#icon-1739-757575-labelson-nodesc</styleUrl>
        <Point>
          <coordinates>
            37.299442,28.345005,0
          </coordinates>
        </Point>
      </Placemark>
      <Placemark>
        <name>أويسط</name>
        <styleUrl>#icon-1739-757575-labelson-nodesc</styleUrl>
        <Point>
          <coordinates>
            39.745553,27.502491,0
          </coordinates>
        </Point>
      </Placemark>
      <Placemark>
        <name>إصطبل عنتر</name>
        <styleUrl>#icon-1739-757575-labelson-nodesc</styleUrl>
        <Point>
          <coordinates>
            36.284924,26.623306,0
          </coordinates>
        </Point>
      </Placemark>
      <Placemark>
        <name>ابا الخشب</name>
        <styleUrl>#icon-1739-757575-labelson-nodesc</styleUrl>
        <Point>
          <coordinates>
            36.567349,27.513371,0
          </coordinates>
        </Point>
      </Placemark>
      <Placemark>
        <name>ابا العجل</name>
        <styleUrl>#icon-1739-757575-labelson-nodesc</styleUrl>
        <Point>
          <coordinates>
            35.321066,28.641293,0
          </coordinates>
        </Point>
      </Placemark>
      <Placemark>
        <name>ابا الغزيلات</name>
        <styleUrl>#icon-1739-757575-labelson-nodesc</styleUrl>
        <Point>
          <coordinates>
            35.968573,28.534884,0
          </coordinates>
        </Point>
      </Placemark>
      <Placemark>
        <name>ابا الغزيلات</name>
        <styleUrl>#icon-1739-757575-labelson-nodesc</styleUrl>
        <Point>
          <coordinates>
            36.86074,27.02611,0
          </coordinates>
        </Point>
      </Placemark>
      <Placemark>
        <name>ابا القرون</name>
        <styleUrl>#icon-1739-757575-labelson-nodesc</styleUrl>
        <Point>
          <coordinates>
            37.280838,27.673638,0
          </coordinates>
        </Point>
      </Placemark>
      <Placemark>
        <name>ابا القرون</name>
        <styleUrl>#icon-1739-757575-labelson-nodesc</styleUrl>
        <Point>
          <coordinates>
            37.281826,27.673874,0
          </coordinates>
        </Point>
      </Placemark>
      <Placemark>
        <name>ابا الميح</name>
        <styleUrl>#icon-1739-757575-labelson-nodesc</styleUrl>
        <Point>
          <coordinates>
            38.516736,27.138505,0
          </coordinates>
        </Point>
      </Placemark>
      <Placemark>
        <name>ابو حشاة</name>
        <styleUrl>#icon-1739-757575-labelson-nodesc</styleUrl>
        <Point>
          <coordinates>
            36.44886,26.559212,0
          </coordinates>
        </Point>
      </Placemark>
      <Placemark>
        <name>ابو حنيك</name>
        <styleUrl>#icon-1739-757575-labelson-nodesc</styleUrl>
        <Point>
          <coordinates>
            35.563452,28.579988,0
          </coordinates>
        </Point>
      </Placemark>
      <Placemark>
        <name>ابو خروع</name>
        <styleUrl>#icon-1739-757575-labelson-nodesc</styleUrl>
        <Point>
          <coordinates>
            38.046341,29.644461,0
          </coordinates>
        </Point>
      </Placemark>
      <Placemark>
        <name>ابو دخان</name>
        <styleUrl>#icon-1739-757575-labelson-nodesc</styleUrl>
        <Point>
          <coordinates>
            35.976512,28.302562,0
          </coordinates>
        </Point>
      </Placemark>
      <Placemark>
        <name>ابو سدرة</name>
        <styleUrl>#icon-1739-757575-labelson-nodesc</styleUrl>
        <Point>
          <coordinates>
            38.371661,27.150714,0
          </coordinates>
        </Point>
      </Placemark>
      <Placemark>
        <name>ابو سديرات</name>
        <styleUrl>#icon-1739-757575-labelson-nodesc</styleUrl>
        <Point>
          <coordinates>
            37.423253,27.962158,0
          </coordinates>
        </Point>
      </Placemark>
      <Placemark>
        <name>ابو شارب</name>
        <styleUrl>#icon-1739-757575-labelson-nodesc</styleUrl>
        <Point>
          <coordinates>
            37.189322,29.579144,0
          </coordinates>
        </Point>
      </Placemark>
      <Placemark>
        <name>ابو طبق</name>
        <styleUrl>#icon-1739-757575-labelson-nodesc</styleUrl>
        <Point>
          <coordinates>
            37.147758,27.807834,0
          </coordinates>
        </Point>
      </Placemark>
      <Placemark>
        <name>ابو طليحات</name>
        <styleUrl>#icon-1739-757575-labelson-nodesc</styleUrl>
        <Point>
          <coordinates>
            37.779579,28.454869,0
          </coordinates>
        </Point>
      </Placemark>
      <Placemark>
        <name>ابو عراد</name>
        <styleUrl>#icon-1739-757575-labelson-nodesc</styleUrl>
        <Point>
          <coordinates>
            38.952155,28.109314,0
          </coordinates>
        </Point>
      </Placemark>
      <Placemark>
        <name>ابو علادي</name>
        <styleUrl>#icon-1739-757575-labelson-nodesc</styleUrl>
        <Point>
          <coordinates>
            37.359331,27.525601,0
          </coordinates>
        </Point>
      </Placemark>
      <Placemark>
        <name>ابو علدا</name>
        <styleUrl>#icon-1739-757575-labelson-nodesc</styleUrl>
        <Point>
          <coordinates>
            37.38862,29.75132,0
          </coordinates>
        </Point>
      </Placemark>
      <Placemark>
        <name>ابو نشيفة</name>
        <styleUrl>#icon-1739-757575-labelson-nodesc</styleUrl>
        <Point>
          <coordinates>
            36.73738,28.367386,0
          </coordinates>
        </Point>
      </Placemark>
      <Placemark>
        <name>ابواذن</name>
        <styleUrl>#icon-1739-757575-labelson-nodesc</styleUrl>
        <Point>
          <coordinates>
            38.920591,27.885597,0
          </coordinates>
        </Point>
      </Placemark>
      <Placemark>
        <name>ابودخانة</name>
        <styleUrl>#icon-1739-757575-labelson-nodesc</styleUrl>
        <Point>
          <coordinates>
            35.970719,28.422039,0
          </coordinates>
        </Point>
      </Placemark>
      <Placemark>
        <name>ابوضباع</name>
        <styleUrl>#icon-1739-757575-labelson-nodesc</styleUrl>
        <Point>
          <coordinates>
            37.39804,27.711425,0
          </coordinates>
        </Point>
      </Placemark>
      <Placemark>
        <name>ابولحو</name>
        <styleUrl>#icon-1739-757575-labelson-nodesc</styleUrl>
        <Point>
          <coordinates>
            37.81713,29.342573,0
          </coordinates>
        </Point>
      </Placemark>
      <Placemark>
        <name>ابيرق السباع</name>
        <styleUrl>#icon-1739-757575-labelson-nodesc</styleUrl>
        <Point>
          <coordinates>
            38.351727,28.623505,0
          </coordinates>
        </Point>
      </Placemark>
      <Placemark>
        <name>استرا</name>
        <styleUrl>#icon-1739-757575-labelson-nodesc</styleUrl>
        <Point>
          <coordinates>
            36.350412,28.692512,0
          </coordinates>
        </Point>
      </Placemark>
      <Placemark>
        <name>اسيله</name>
        <styleUrl>#icon-1739-757575-labelson-nodesc</styleUrl>
        <Point>
          <coordinates>
            37.206895,25.806456,0
          </coordinates>
        </Point>
      </Placemark>
      <Placemark>
        <name>اسيله</name>
        <styleUrl>#icon-1739-757575-labelson-nodesc</styleUrl>
        <Point>
          <coordinates>
            37.206895,25.806456,0
          </coordinates>
        </Point>
      </Placemark>
      <Placemark>
        <name>اكرا</name>
        <styleUrl>#icon-1739-757575-labelson-nodesc</styleUrl>
        <Point>
          <coordinates>
            36.996396,25.906105,0
          </coordinates>
        </Point>
      </Placemark>
      <Placemark>
        <name>الأبيرق</name>
        <styleUrl>#icon-1739-757575-labelson-nodesc</styleUrl>
        <Point>
          <coordinates>
            34.636137,28.148475,0
          </coordinates>
        </Point>
      </Placemark>
      <Placemark>
        <name>الأبيض</name>
        <styleUrl>#icon-1739-757575-labelson-nodesc</styleUrl>
        <Point>
          <coordinates>
            36.18418,26.803336,0
          </coordinates>
        </Point>
      </Placemark>
      <Placemark>
        <name>الأثالث</name>
        <styleUrl>#icon-1739-757575-labelson-nodesc</styleUrl>
        <Point>
          <coordinates>
            37.75001,27.500002,0
          </coordinates>
        </Point>
      </Placemark>
      <Placemark>
        <name>الأخيضر</name>
        <styleUrl>#icon-1739-757575-labelson-nodesc</styleUrl>
        <Point>
          <coordinates>
            37.127223,28.045285,0
          </coordinates>
        </Point>
      </Placemark>
      <Placemark>
        <name>الأوقر</name>
        <styleUrl>#icon-1739-757575-labelson-nodesc</styleUrl>
        <Point>
          <coordinates>
            35.869782,27.50056,0
          </coordinates>
        </Point>
      </Placemark>
      <Placemark>
        <name>الأيكة</name>
        <styleUrl>#icon-1739-757575-labelson-nodesc</styleUrl>
        <Point>
          <coordinates>
            36.000009,27.500002,0
          </coordinates>
        </Point>
      </Placemark>
      <Placemark>
        <name>الاثيلي</name>
        <styleUrl>#icon-1739-757575-labelson-nodesc</styleUrl>
        <Point>
          <coordinates>
            37.092977,28.229713,0
          </coordinates>
        </Point>
      </Placemark>
      <Placemark>
        <name>الاجضع</name>
        <styleUrl>#icon-1739-757575-labelson-nodesc</styleUrl>
        <Point>
          <coordinates>
            35.393937,28.960025,0
          </coordinates>
        </Point>
      </Placemark>
      <Placemark>
        <name>الاخم</name>
        <styleUrl>#icon-1739-757575-labelson-nodesc</styleUrl>
        <Point>
          <coordinates>
            35.718398,28.607497,0
          </coordinates>
        </Point>
      </Placemark>
      <Placemark>
        <name>الادرع</name>
        <styleUrl>#icon-1739-757575-labelson-nodesc</styleUrl>
        <Point>
          <coordinates>
            36.126759,27.083316,0
          </coordinates>
        </Point>
      </Placemark>
      <Placemark>
        <name>الازوار</name>
        <styleUrl>#icon-1739-757575-labelson-nodesc</styleUrl>
        <Point>
          <coordinates>
            38.945739,28.179524,0
          </coordinates>
        </Point>
      </Placemark>
      <Placemark>
        <name>الاسامر</name>
        <styleUrl>#icon-1739-757575-labelson-nodesc</styleUrl>
        <Point>
          <coordinates>
            36.691697,29.51947,0
          </coordinates>
        </Point>
      </Placemark>
      <Placemark>
        <name>الاسمر</name>
        <styleUrl>#icon-1739-757575-labelson-nodesc</styleUrl>
        <Point>
          <coordinates>
            38.09078,28.949082,0
          </coordinates>
        </Point>
      </Placemark>
      <Placemark>
        <name>الاعيرج</name>
        <styleUrl>#icon-1739-757575-labelson-nodesc</styleUrl>
        <Point>
          <coordinates>
            38.178091,27.313449,0
          </coordinates>
        </Point>
      </Placemark>
      <Placemark>
        <name>البحص</name>
        <styleUrl>#icon-1739-757575-labelson-nodesc</styleUrl>
        <Point>
          <coordinates>
            36.9414,27.716403,0
          </coordinates>
        </Point>
      </Placemark>
      <Placemark>
        <name>البخيرة</name>
        <styleUrl>#icon-1739-757575-labelson-nodesc</styleUrl>
        <Point>
          <coordinates>
            39.648199,27.197642,0
          </coordinates>
        </Point>
      </Placemark>
      <Placemark>
        <name>البدة</name>
        <styleUrl>#icon-1739-757575-labelson-nodesc</styleUrl>
        <Point>
          <coordinates>
            38.456762,27.381041,0
          </coordinates>
        </Point>
      </Placemark>
      <Placemark>
        <name>البدون</name>
        <styleUrl>#icon-1739-757575-labelson-nodesc</styleUrl>
        <Point>
          <coordinates>
            38.192189,26.967037,0
          </coordinates>
        </Point>
      </Placemark>
      <Placemark>
        <name>البديع</name>
        <styleUrl>#icon-1739-757575-labelson-nodesc</styleUrl>
        <Point>
          <coordinates>
            38.718481,28.950069,0
          </coordinates>
        </Point>
      </Placemark>
      <Placemark>
        <name>البديعة</name>
        <styleUrl>#icon-1739-757575-labelson-nodesc</styleUrl>
        <Point>
          <coordinates>
            37.686946,29.406388,0
          </coordinates>
        </Point>
      </Placemark>
      <Placemark>
        <name>البرقاء</name>
        <styleUrl>#icon-1739-757575-labelson-nodesc</styleUrl>
        <Point>
          <coordinates>
            35.129342,28.14281,0
          </coordinates>
        </Point>
      </Placemark>
      <Placemark>
        <name>البريصيات</name>
        <styleUrl>#icon-1739-757575-labelson-nodesc</styleUrl>
        <Point>
          <coordinates>
            37.859573,28.677728,0
          </coordinates>
        </Point>
      </Placemark>
      <Placemark>
        <name>البغاز</name>
        <styleUrl>#icon-1739-757575-labelson-nodesc</styleUrl>
        <Point>
          <coordinates>
            37.084157,28.102641,0
          </coordinates>
        </Point>
      </Placemark>
      <Placemark>
        <name>البلاطة</name>
        <styleUrl>#icon-1739-757575-labelson-nodesc</styleUrl>
        <Point>
          <coordinates>
            38.113053,26.97916,0
          </coordinates>
        </Point>
      </Placemark>
      <Placemark>
        <name>البويب</name>
        <styleUrl>#icon-1739-757575-labelson-nodesc</styleUrl>
        <Point>
          <coordinates>
            36.679959,29.096732,0
          </coordinates>
        </Point>
      </Placemark>
      <Placemark>
        <name>البويب</name>
        <styleUrl>#icon-1739-757575-labelson-nodesc</styleUrl>
        <Point>
          <coordinates>
            37.381539,29.784064,0
          </coordinates>
        </Point>
      </Placemark>
      <Placemark>
        <name>البويب</name>
        <styleUrl>#icon-1739-757575-labelson-nodesc</styleUrl>
        <Point>
          <coordinates>
            38.26654,27.373273,0
          </coordinates>
        </Point>
      </Placemark>
      <Placemark>
        <name>البويبيه</name>
        <styleUrl>#icon-1739-757575-labelson-nodesc</styleUrl>
        <Point>
          <coordinates>
            38.795021,28.857629,0
          </coordinates>
        </Point>
      </Placemark>
      <Placemark>
        <name>البويضا</name>
        <styleUrl>#icon-1739-757575-labelson-nodesc</styleUrl>
        <Point>
          <coordinates>
            38.758564,27.921967,0
          </coordinates>
        </Point>
      </Placemark>
      <Placemark>
        <name>البيدي</name>
        <styleUrl>#icon-1739-757575-labelson-nodesc</styleUrl>
        <Point>
          <coordinates>
            36.017089,28.535099,0
          </coordinates>
        </Point>
      </Placemark>
      <Placemark>
        <name>البير</name>
        <styleUrl>#icon-1739-757575-labelson-nodesc</styleUrl>
        <Point>
          <coordinates>
            35.739791,28.661678,0
          </coordinates>
        </Point>
      </Placemark>
      <Placemark>
        <name>البير</name>
        <styleUrl>#icon-1739-757575-labelson-nodesc</styleUrl>
        <Point>
          <coordinates>
            35.983529,28.112533,0
          </coordinates>
        </Point>
      </Placemark>
      <Placemark>
        <name>البير</name>
        <styleUrl>#icon-1739-757575-labelson-nodesc</styleUrl>
        <Point>
          <coordinates>
            36.283615,28.354726,0
          </coordinates>
        </Point>
      </Placemark>
      <Placemark>
        <name>التلعه البيضاء</name>
        <styleUrl>#icon-1739-757575-labelson-nodesc</styleUrl>
        <Point>
          <coordinates>
            37.583263,25.651145,0
          </coordinates>
        </Point>
      </Placemark>
      <Placemark>
        <name>الثريا</name>
        <styleUrl>#icon-1739-757575-labelson-nodesc</styleUrl>
        <Point>
          <coordinates>
            35.96396,26.972487,0
          </coordinates>
        </Point>
      </Placemark>
      <Placemark>
        <name>الثريا</name>
        <styleUrl>#icon-1739-757575-labelson-nodesc</styleUrl>
        <Point>
          <coordinates>
            38.722751,27.344456,0
          </coordinates>
        </Point>
      </Placemark>
      <Placemark>
        <name>الجرانيات</name>
        <styleUrl>#icon-1739-757575-labelson-nodesc</styleUrl>
        <Point>
          <coordinates>
            38.018575,28.641679,0
          </coordinates>
        </Point>
      </Placemark>
      <Placemark>
        <name>الجرداحية</name>
        <styleUrl>#icon-1739-757575-labelson-nodesc</styleUrl>
        <Point>
          <coordinates>
            36.201925,28.002348,0
          </coordinates>
        </Point>
      </Placemark>
      <Placemark>
        <name>الجم</name>
        <styleUrl>#icon-1739-757575-labelson-nodesc</styleUrl>
        <Point>
          <coordinates>
            35.184166,28.237975,0
          </coordinates>
        </Point>
      </Placemark>
      <Placemark>
        <name>الجناب</name>
        <styleUrl>#icon-1739-757575-labelson-nodesc</styleUrl>
        <Point>
          <coordinates>
            38.508282,27.242553,0
          </coordinates>
        </Point>
      </Placemark>
      <Placemark>
        <name>الجنح</name>
        <styleUrl>#icon-1739-757575-labelson-nodesc</styleUrl>
        <Point>
          <coordinates>
            38.048186,27.049112,0
          </coordinates>
        </Point>
      </Placemark>
      <Placemark>
        <name>الجهرا</name>
        <styleUrl>#icon-1739-757575-labelson-nodesc</styleUrl>
        <Point>
          <coordinates>
            37.427523,29.139197,0
          </coordinates>
        </Point>
      </Placemark>
      <Placemark>
        <name>الجواميس</name>
        <styleUrl>#icon-1739-757575-labelson-nodesc</styleUrl>
        <Point>
          <coordinates>
            38.567955,28.307304,0
          </coordinates>
        </Point>
      </Placemark>
      <Placemark>
        <name>الحايل</name>
        <styleUrl>#icon-1739-757575-labelson-nodesc</styleUrl>
        <Point>
          <coordinates>
            37.590837,25.284433,0
          </coordinates>
        </Point>
      </Placemark>
      <Placemark>
        <name>الحجيرين</name>
        <styleUrl>#icon-1739-757575-labelson-nodesc</styleUrl>
        <Point>
          <coordinates>
            38.876796,27.017248,0
          </coordinates>
        </Point>
      </Placemark>
      <Placemark>
        <name>الحرة الرجلا</name>
        <styleUrl>#icon-1739-757575-labelson-nodesc</styleUrl>
        <Point>
          <coordinates>
            37,27.500002,0
          </coordinates>
        </Point>
      </Placemark>
      <Placemark>
        <name>الحريضه</name>
        <styleUrl>#icon-1739-757575-labelson-nodesc</styleUrl>
        <Point>
          <coordinates>
            37.752993,25.14159,0
          </coordinates>
        </Point>
      </Placemark>
      <Placemark>
        <name>الحزم</name>
        <styleUrl>#icon-1739-757575-labelson-nodesc</styleUrl>
        <Point>
          <coordinates>
            36.301939,28.483343,0
          </coordinates>
        </Point>
      </Placemark>
      <Placemark>
        <name>الحزم</name>
        <styleUrl>#icon-1739-757575-labelson-nodesc</styleUrl>
        <Point>
          <coordinates>
            36.325521,28.638997,0
          </coordinates>
        </Point>
      </Placemark>
      <Placemark>
        <name>الحسون</name>
        <styleUrl>#icon-1739-757575-labelson-nodesc</styleUrl>
        <Point>
          <coordinates>
            36.748581,27.106361,0
          </coordinates>
        </Point>
      </Placemark>
      <Placemark>
        <name>الحشاة</name>
        <styleUrl>#icon-1739-757575-labelson-nodesc</styleUrl>
        <Point>
          <coordinates>
            36.167271,27.687242,0
          </coordinates>
        </Point>
      </Placemark>
      <Placemark>
        <name>الحصاة</name>
        <styleUrl>#icon-1739-757575-labelson-nodesc</styleUrl>
        <Point>
          <coordinates>
            38.547506,26.845007,0
          </coordinates>
        </Point>
      </Placemark>
      <Placemark>
        <name>الحصمه</name>
        <styleUrl>#icon-1739-757575-labelson-nodesc</styleUrl>
        <Point>
          <coordinates>
            35.717454,29.116237,0
          </coordinates>
        </Point>
      </Placemark>
      <Placemark>
        <name>الحطية</name>
        <styleUrl>#icon-1739-757575-labelson-nodesc</styleUrl>
        <Point>
          <coordinates>
            36.095989,27.671342,0
          </coordinates>
        </Point>
      </Placemark>
      <Placemark>
        <name>الحفرة</name>
        <styleUrl>#icon-1739-757575-labelson-nodesc</styleUrl>
        <Point>
          <coordinates>
            38.249996,29.000001,0
          </coordinates>
        </Point>
      </Placemark>
      <Placemark>
        <name>الحلوات</name>
        <styleUrl>#icon-1739-757575-labelson-nodesc</styleUrl>
        <Point>
          <coordinates>
            38.721271,28.805616,0
          </coordinates>
        </Point>
      </Placemark>
      <Placemark>
        <name>الحوت</name>
        <styleUrl>#icon-1739-757575-labelson-nodesc</styleUrl>
        <Point>
          <coordinates>
            36.160641,27.765219,0
          </coordinates>
        </Point>
      </Placemark>
      <Placemark>
        <name>الحول</name>
        <styleUrl>#icon-1739-757575-labelson-nodesc</styleUrl>
        <Point>
          <coordinates>
            38.750002,28.249991,0
          </coordinates>
        </Point>
      </Placemark>
      <Placemark>
        <name>الحوي</name>
        <styleUrl>#icon-1739-757575-labelson-nodesc</styleUrl>
        <Point>
          <coordinates>
            38.179679,29.26981,0
          </coordinates>
        </Point>
      </Placemark>
      <Placemark>
        <name>الخاقوق</name>
        <styleUrl>#icon-1739-757575-labelson-nodesc</styleUrl>
        <Point>
          <coordinates>
            36.294451,28.377771,0
          </coordinates>
        </Point>
      </Placemark>
      <Placemark>
        <name>الخبة</name>
        <styleUrl>#icon-1739-757575-labelson-nodesc</styleUrl>
        <Point>
          <coordinates>
            37.801445,27.492857,0
          </coordinates>
        </Point>
      </Placemark>
      <Placemark>
        <name>الخبت</name>
        <styleUrl>#icon-1739-757575-labelson-nodesc</styleUrl>
        <Point>
          <coordinates>
            34.84417,28.158216,0
          </coordinates>
        </Point>
      </Placemark>
      <Placemark>
        <name>الخبو</name>
        <styleUrl>#icon-1739-757575-labelson-nodesc</styleUrl>
        <Point>
          <coordinates>
            38.425005,27.488887,0
          </coordinates>
        </Point>
      </Placemark>
      <Placemark>
        <name>الخرز</name>
        <styleUrl>#icon-1739-757575-labelson-nodesc</styleUrl>
        <Point>
          <coordinates>
            36.703112,27.848175,0
          </coordinates>
        </Point>
      </Placemark>
      <Placemark>
        <name>الخرزة</name>
        <styleUrl>#icon-1739-757575-labelson-nodesc</styleUrl>
        <Point>
          <coordinates>
            36.257887,28.08732,0
          </coordinates>
        </Point>
      </Placemark>
      <Placemark>
        <name>الخرقة</name>
        <styleUrl>#icon-1739-757575-labelson-nodesc</styleUrl>
        <Point>
          <coordinates>
            36.753516,27.958424,0
          </coordinates>
        </Point>
      </Placemark>
      <Placemark>
        <name>الخرما</name>
        <styleUrl>#icon-1739-757575-labelson-nodesc</styleUrl>
        <Point>
          <coordinates>
            38.30364,28.837931,0
          </coordinates>
        </Point>
      </Placemark>
      <Placemark>
        <name>الخشيبوات</name>
        <styleUrl>#icon-1739-757575-labelson-nodesc</styleUrl>
        <Point>
          <coordinates>
            38.297589,27.402585,0
          </coordinates>
        </Point>
      </Placemark>
      <Placemark>
        <name>الخضراء</name>
        <styleUrl>#icon-1739-757575-labelson-nodesc</styleUrl>
        <Point>
          <coordinates>
            37.331522,27.58564,0
          </coordinates>
        </Point>
      </Placemark>
      <Placemark>
        <name>الخلاخل</name>
        <styleUrl>#icon-1739-757575-labelson-nodesc</styleUrl>
        <Point>
          <coordinates>
            36.185167,28.198857,0
          </coordinates>
        </Point>
      </Placemark>
      <Placemark>
        <name>الخنبرة</name>
        <styleUrl>#icon-1739-757575-labelson-nodesc</styleUrl>
        <Point>
          <coordinates>
            36.141672,27.883322,0
          </coordinates>
        </Point>
      </Placemark>
      <Placemark>
        <name>الخنفه</name>
        <styleUrl>#icon-1739-757575-labelson-nodesc</styleUrl>
        <Point>
          <coordinates>
            39.255631,28.488042,0
          </coordinates>
        </Point>
      </Placemark>
      <Placemark>
        <name>الخوثلة</name>
        <styleUrl>#icon-1739-757575-labelson-nodesc</styleUrl>
        <Point>
          <coordinates>
            37.602489,24.714389,0
          </coordinates>
        </Point>
      </Placemark>
      <Placemark>
        <name>الداره</name>
        <styleUrl>#icon-1739-757575-labelson-nodesc</styleUrl>
        <Point>
          <coordinates>
            35.903063,27.733891,0
          </coordinates>
        </Point>
      </Placemark>
      <Placemark>
        <name>الدبوب</name>
        <styleUrl>#icon-1739-757575-labelson-nodesc</styleUrl>
        <Point>
          <coordinates>
            36.381118,26.769176,0
          </coordinates>
        </Point>
      </Placemark>
      <Placemark>
        <name>الدبيساء</name>
        <styleUrl>#icon-1739-757575-labelson-nodesc</styleUrl>
        <Point>
          <coordinates>
            36.156521,28.0885,0
          </coordinates>
        </Point>
      </Placemark>
      <Placemark>
        <name>الدحو</name>
        <styleUrl>#icon-1739-757575-labelson-nodesc</styleUrl>
        <Point>
          <coordinates>
            37.367635,25.084319,0
          </coordinates>
        </Point>
      </Placemark>
      <Placemark>
        <name>الدرع</name>
        <styleUrl>#icon-1739-757575-labelson-nodesc</styleUrl>
        <Point>
          <coordinates>
            37.409606,27.754147,0
          </coordinates>
        </Point>
      </Placemark>
      <Placemark>
        <name>الدرعة</name>
        <styleUrl>#icon-1739-757575-labelson-nodesc</styleUrl>
        <Point>
          <coordinates>
            37.146277,27.746143,0
          </coordinates>
        </Point>
      </Placemark>
      <Placemark>
        <name>الدره</name>
        <styleUrl>#icon-1739-757575-labelson-nodesc</styleUrl>
        <Point>
          <coordinates>
            34.953904,29.34341,0
          </coordinates>
        </Point>
      </Placemark>
      <Placemark>
        <name>الدفافيات</name>
        <styleUrl>#icon-1739-757575-labelson-nodesc</styleUrl>
        <Point>
          <coordinates>
            39.022837,27.441509,0
          </coordinates>
        </Point>
      </Placemark>
      <Placemark>
        <name>الدكدك</name>
        <styleUrl>#icon-1739-757575-labelson-nodesc</styleUrl>
        <Point>
          <coordinates>
            36.347601,27.059133,0
          </coordinates>
        </Point>
      </Placemark>
      <Placemark>
        <name>الدلو</name>
        <styleUrl>#icon-1739-757575-labelson-nodesc</styleUrl>
        <Point>
          <coordinates>
            36.952987,27.838111,0
          </coordinates>
        </Point>
      </Placemark>
      <Placemark>
        <name>الدمنه</name>
        <styleUrl>#icon-1739-757575-labelson-nodesc</styleUrl>
        <Point>
          <coordinates>
            35.653768,29.051092,0
          </coordinates>
        </Point>
      </Placemark>
      <Placemark>
        <name>الذهيبات</name>
        <styleUrl>#icon-1739-757575-labelson-nodesc</styleUrl>
        <Point>
          <coordinates>
            39.1274,28.074574,0
          </coordinates>
        </Point>
      </Placemark>
      <Placemark>
        <name>الذهيبات</name>
        <styleUrl>#icon-1739-757575-labelson-nodesc</styleUrl>
        <Point>
          <coordinates>
            39.171603,28.030629,0
          </coordinates>
        </Point>
      </Placemark>
      <Placemark>
        <name>الذور</name>
        <styleUrl>#icon-1739-757575-labelson-nodesc</styleUrl>
        <Point>
          <coordinates>
            39.66073,27.32317,0
          </coordinates>
        </Point>
      </Placemark>
      <Placemark>
        <name>الرحبه</name>
        <styleUrl>#icon-1739-757575-labelson-nodesc</styleUrl>
        <Point>
          <coordinates>
            36.382899,27.510796,0
          </coordinates>
        </Point>
      </Placemark>
      <Placemark>
        <name>الرحول</name>
        <styleUrl>#icon-1739-757575-labelson-nodesc</styleUrl>
        <Point>
          <coordinates>
            38.049774,29.131794,0
          </coordinates>
        </Point>
      </Placemark>
      <Placemark>
        <name>الرشدان</name>
        <styleUrl>#icon-1739-757575-labelson-nodesc</styleUrl>
        <Point>
          <coordinates>
            38.622158,27.684538,0
          </coordinates>
        </Point>
      </Placemark>
      <Placemark>
        <name>الرغامة</name>
        <styleUrl>#icon-1739-757575-labelson-nodesc</styleUrl>
        <Point>
          <coordinates>
            34.759605,28.260291,0
          </coordinates>
        </Point>
      </Placemark>
      <Placemark>
        <name>الرغامة</name>
        <styleUrl>#icon-1739-757575-labelson-nodesc</styleUrl>
        <Point>
          <coordinates>
            34.831703,28.303421,0
          </coordinates>
        </Point>
      </Placemark>
      <Placemark>
        <name>الرغامة</name>
        <styleUrl>#icon-1739-757575-labelson-nodesc</styleUrl>
        <Point>
          <coordinates>
            34.915881,28.380926,0
          </coordinates>
        </Point>
      </Placemark>
      <Placemark>
        <name>الرقاريق</name>
        <styleUrl>#icon-1739-757575-labelson-nodesc</styleUrl>
        <Point>
          <coordinates>
            37.097998,27.442925,0
          </coordinates>
        </Point>
      </Placemark>
      <Placemark>
        <name>الركب</name>
        <styleUrl>#icon-1739-757575-labelson-nodesc</styleUrl>
        <Point>
          <coordinates>
            38.066661,26.900003,0
          </coordinates>
        </Point>
      </Placemark>
      <Placemark>
        <name>الرويشد</name>
        <styleUrl>#icon-1739-757575-labelson-nodesc</styleUrl>
        <Point>
          <coordinates>
            37.110937,27.712626,0
          </coordinates>
        </Point>
      </Placemark>
      <Placemark>
        <name>الريشه</name>
        <styleUrl>#icon-1739-757575-labelson-nodesc</styleUrl>
        <Point>
          <coordinates>
            39.489369,28.499887,0
          </coordinates>
        </Point>
      </Placemark>
      <Placemark>
        <name>الريع</name>
        <styleUrl>#icon-1739-757575-labelson-nodesc</styleUrl>
        <Point>
          <coordinates>
            37.781274,24.974349,0
          </coordinates>
        </Point>
      </Placemark>
      <Placemark>
        <name>الزاوية</name>
        <styleUrl>#icon-1739-757575-labelson-nodesc</styleUrl>
        <Point>
          <coordinates>
            36.119013,27.85238,0
          </coordinates>
        </Point>
      </Placemark>
      <Placemark>
        <name>الزاويه</name>
        <styleUrl>#icon-1739-757575-labelson-nodesc</styleUrl>
        <Point>
          <coordinates>
            36.199994,27.923899,0
          </coordinates>
        </Point>
      </Placemark>
      <Placemark>
        <name>الزبدية</name>
        <styleUrl>#icon-1739-757575-labelson-nodesc</styleUrl>
        <Point>
          <coordinates>
            35.933769,28.203878,0
          </coordinates>
        </Point>
      </Placemark>
      <Placemark>
        <name>الزبليات</name>
        <styleUrl>#icon-1739-757575-labelson-nodesc</styleUrl>
        <Point>
          <coordinates>
            37.877147,28.552093,0
          </coordinates>
        </Point>
      </Placemark>
      <Placemark>
        <name>الزراب</name>
        <styleUrl>#icon-1739-757575-labelson-nodesc</styleUrl>
        <Point>
          <coordinates>
            36.758323,27.658339,0
          </coordinates>
        </Point>
      </Placemark>
      <Placemark>
        <name>الزريب</name>
        <styleUrl>#icon-1739-757575-labelson-nodesc</styleUrl>
        <Point>
          <coordinates>
            39.542499,28.613076,0
          </coordinates>
        </Point>
      </Placemark>
      <Placemark>
        <name>الزعفران</name>
        <styleUrl>#icon-1739-757575-labelson-nodesc</styleUrl>
        <Point>
          <coordinates>
            36.203063,26.741946,0
          </coordinates>
        </Point>
      </Placemark>
      <Placemark>
        <name>الزيدانية</name>
        <styleUrl>#icon-1739-757575-labelson-nodesc</styleUrl>
        <Point>
          <coordinates>
            37.816679,27.904179,0
          </coordinates>
        </Point>
      </Placemark>
      <Placemark>
        <name>السدة</name>
        <styleUrl>#icon-1739-757575-labelson-nodesc</styleUrl>
        <Point>
          <coordinates>
            38.114769,28.63977,0
          </coordinates>
        </Point>
      </Placemark>
      <Placemark>
        <name>السراية</name>
        <styleUrl>#icon-1739-757575-labelson-nodesc</styleUrl>
        <Point>
          <coordinates>
            38.7959,27.708936,0
          </coordinates>
        </Point>
      </Placemark>
      <Placemark>
        <name>السعلوة</name>
        <styleUrl>#icon-1739-757575-labelson-nodesc</styleUrl>
        <Point>
          <coordinates>
            36.084766,27.368724,0
          </coordinates>
        </Point>
      </Placemark>
      <Placemark>
        <name>السفاف</name>
        <styleUrl>#icon-1739-757575-labelson-nodesc</styleUrl>
        <Point>
          <coordinates>
            35.148911,28.899086,0
          </coordinates>
        </Point>
      </Placemark>
      <Placemark>
        <name>السفينه الغرقانه</name>
        <styleUrl>#icon-1739-757575-labelson-nodesc</styleUrl>
        <Point>
          <coordinates>
            34.832325,28.876941,0
          </coordinates>
        </Point>
      </Placemark>
      <Placemark>
        <name>السلاعو</name>
        <styleUrl>#icon-1739-757575-labelson-nodesc</styleUrl>
        <Point>
          <coordinates>
            37.924912,27.940743,0
          </coordinates>
        </Point>
      </Placemark>
      <Placemark>
        <name>السليلة</name>
        <styleUrl>#icon-1739-757575-labelson-nodesc</styleUrl>
        <Point>
          <coordinates>
            38.750002,27.383337,0
          </coordinates>
        </Point>
      </Placemark>
      <Placemark>
        <name>السمك</name>
        <styleUrl>#icon-1739-757575-labelson-nodesc</styleUrl>
        <Point>
          <coordinates>
            38.526499,27.282143,0
          </coordinates>
        </Point>
      </Placemark>
      <Placemark>
        <name>السميك</name>
        <styleUrl>#icon-1739-757575-labelson-nodesc</styleUrl>
        <Point>
          <coordinates>
            38.521285,27.160306,0
          </coordinates>
        </Point>
      </Placemark>
      <Placemark>
        <name>السنام</name>
        <styleUrl>#icon-1739-757575-labelson-nodesc</styleUrl>
        <Point>
          <coordinates>
            34.92882,28.251514,0
          </coordinates>
        </Point>
      </Placemark>
      <Placemark>
        <name>السنام</name>
        <styleUrl>#icon-1739-757575-labelson-nodesc</styleUrl>
        <Point>
          <coordinates>
            39.23177,28.3302,0
          </coordinates>
        </Point>
      </Placemark>
      <Placemark>
        <name>السنانيات</name>
        <styleUrl>#icon-1739-757575-labelson-nodesc</styleUrl>
        <Point>
          <coordinates>
            38.749595,27.368038,0
          </coordinates>
        </Point>
      </Placemark>
      <Placemark>
        <name>السويداء</name>
        <styleUrl>#icon-1739-757575-labelson-nodesc</styleUrl>
        <Point>
          <coordinates>
            36.608334,26.325002,0
          </coordinates>
        </Point>
      </Placemark>
      <Placemark>
        <name>السيق</name>
        <styleUrl>#icon-1739-757575-labelson-nodesc</styleUrl>
        <Point>
          <coordinates>
            35.450006,28.01666,0
          </coordinates>
        </Point>
      </Placemark>
      <Placemark>
        <name>الشرح</name>
        <styleUrl>#icon-1739-757575-labelson-nodesc</styleUrl>
        <Point>
          <coordinates>
            38.439167,27.206676,0
          </coordinates>
        </Point>
      </Placemark>
      <Placemark>
        <name>الشريح</name>
        <styleUrl>#icon-1739-757575-labelson-nodesc</styleUrl>
        <Point>
          <coordinates>
            35.722561,27.42842,0
          </coordinates>
        </Point>
      </Placemark>
      <Placemark>
        <name>الشريفة</name>
        <styleUrl>#icon-1739-757575-labelson-nodesc</styleUrl>
        <Point>
          <coordinates>
            35.796976,28.153539,0
          </coordinates>
        </Point>
      </Placemark>
      <Placemark>
        <name>الشعثاء</name>
        <styleUrl>#icon-1739-757575-labelson-nodesc</styleUrl>
        <Point>
          <coordinates>
            36.120386,29.131644,0
          </coordinates>
        </Point>
      </Placemark>
      <Placemark>
        <name>الشعرة</name>
        <styleUrl>#icon-1739-757575-labelson-nodesc</styleUrl>
        <Point>
          <coordinates>
            35.18187,29.264531,0
          </coordinates>
        </Point>
      </Placemark>
      <Placemark>
        <name>الشقيق</name>
        <styleUrl>#icon-1739-757575-labelson-nodesc</styleUrl>
        <Point>
          <coordinates>
            39.358928,26.820674,0
          </coordinates>
        </Point>
      </Placemark>
      <Placemark>
        <name>الشكاعة الرويانة</name>
        <styleUrl>#icon-1739-757575-labelson-nodesc</styleUrl>
        <Point>
          <coordinates>
            36.24424,28.357065,0
          </coordinates>
        </Point>
      </Placemark>
      <Placemark>
        <name>الشكاعة العطشانة</name>
        <styleUrl>#icon-1739-757575-labelson-nodesc</styleUrl>
        <Point>
          <coordinates>
            36.165018,28.416588,0
          </coordinates>
        </Point>
      </Placemark>
      <Placemark>
        <name>الشميسية</name>
        <styleUrl>#icon-1739-757575-labelson-nodesc</styleUrl>
        <Point>
          <coordinates>
            38.294542,27.85135,0
          </coordinates>
        </Point>
      </Placemark>
      <Placemark>
        <name>الشهيبا</name>
        <styleUrl>#icon-1739-757575-labelson-nodesc</styleUrl>
        <Point>
          <coordinates>
            38.951147,28.822525,0
          </coordinates>
        </Point>
      </Placemark>
      <Placemark>
        <name>الصاني</name>
        <styleUrl>#icon-1739-757575-labelson-nodesc</styleUrl>
        <Point>
          <coordinates>
            37.326393,27.939992,0
          </coordinates>
        </Point>
      </Placemark>
      <Placemark>
        <name>الصدارة</name>
        <styleUrl>#icon-1739-757575-labelson-nodesc</styleUrl>
        <Point>
          <coordinates>
            37.233331,26.283331,0
          </coordinates>
        </Point>
      </Placemark>
      <Placemark>
        <name>الصفراء</name>
        <styleUrl>#icon-1739-757575-labelson-nodesc</styleUrl>
        <Point>
          <coordinates>
            35.035358,28.519564,0
          </coordinates>
        </Point>
      </Placemark>
      <Placemark>
        <name>الصفصافة</name>
        <styleUrl>#icon-1739-757575-labelson-nodesc</styleUrl>
        <Point>
          <coordinates>
            36.86089,27.429471,0
          </coordinates>
        </Point>
      </Placemark>
      <Placemark>
        <name>الصلعاء</name>
        <styleUrl>#icon-1739-757575-labelson-nodesc</styleUrl>
        <Point>
          <coordinates>
            38.322866,27.059863,0
          </coordinates>
        </Point>
      </Placemark>
      <Placemark>
        <name>الصليبة</name>
        <styleUrl>#icon-1739-757575-labelson-nodesc</styleUrl>
        <Point>
          <coordinates>
            35.906475,27.176828,0
          </coordinates>
        </Point>
      </Placemark>
      <Placemark>
        <name>الصليطية</name>
        <styleUrl>#icon-1739-757575-labelson-nodesc</styleUrl>
        <Point>
          <coordinates>
            37.322445,27.868323,0
          </coordinates>
        </Point>
      </Placemark>
      <Placemark>
        <name>الصوانة</name>
        <styleUrl>#icon-1739-757575-labelson-nodesc</styleUrl>
        <Point>
          <coordinates>
            38.683054,27.81189,0
          </coordinates>
        </Point>
      </Placemark>
      <Placemark>
        <name>الصويرات</name>
        <styleUrl>#icon-1739-757575-labelson-nodesc</styleUrl>
        <Point>
          <coordinates>
            34.96223,28.1671,0
          </coordinates>
        </Point>
      </Placemark>
      <Placemark>
        <name>الضاحكية</name>
        <styleUrl>#icon-1739-757575-labelson-nodesc</styleUrl>
        <Point>
          <coordinates>
            37.977762,28.067644,0
          </coordinates>
        </Point>
      </Placemark>
      <Placemark>
        <name>الضبعي</name>
        <styleUrl>#icon-1739-757575-labelson-nodesc</styleUrl>
        <Point>
          <coordinates>
            35.170176,28.2722,0
          </coordinates>
        </Point>
      </Placemark>
      <Placemark>
        <name>الضبيعية</name>
        <styleUrl>#icon-1739-757575-labelson-nodesc</styleUrl>
        <Point>
          <coordinates>
            35.938489,27.869697,0
          </coordinates>
        </Point>
      </Placemark>
      <Placemark>
        <name>الضلعة</name>
        <styleUrl>#icon-1739-757575-labelson-nodesc</styleUrl>
        <Point>
          <coordinates>
            36.173794,26.714416,0
          </coordinates>
        </Point>
      </Placemark>
      <Placemark>
        <name>الطرايف</name>
        <styleUrl>#icon-1739-757575-labelson-nodesc</styleUrl>
        <Point>
          <coordinates>
            39.350603,27.367094,0
          </coordinates>
        </Point>
      </Placemark>
      <Placemark>
        <name>الظباعية</name>
        <styleUrl>#icon-1739-757575-labelson-nodesc</styleUrl>
        <Point>
          <coordinates>
            35.64894,28.539584,0
          </coordinates>
        </Point>
      </Placemark>
      <Placemark>
        <name>الظهر</name>
        <styleUrl>#icon-1739-757575-labelson-nodesc</styleUrl>
        <Point>
          <coordinates>
            35.719128,28.981891,0
          </coordinates>
        </Point>
      </Placemark>
      <Placemark>
        <name>الظهره</name>
        <styleUrl>#icon-1739-757575-labelson-nodesc</styleUrl>
        <Point>
          <coordinates>
            36.860011,29.681668,0
          </coordinates>
        </Point>
      </Placemark>
      <Placemark>
        <name>الظهير</name>
        <styleUrl>#icon-1739-757575-labelson-nodesc</styleUrl>
        <Point>
          <coordinates>
            35.836093,27.08499,0
          </coordinates>
        </Point>
      </Placemark>
      <Placemark>
        <name>العرائد</name>
        <styleUrl>#icon-1739-757575-labelson-nodesc</styleUrl>
        <Point>
          <coordinates>
            36.367772,28.6361,0
          </coordinates>
        </Point>
      </Placemark>
      <Placemark>
        <name>العريعريات</name>
        <styleUrl>#icon-1739-757575-labelson-nodesc</styleUrl>
        <Point>
          <coordinates>
            37.372613,29.137523,0
          </coordinates>
        </Point>
      </Placemark>
      <Placemark>
        <name>العريق</name>
        <styleUrl>#icon-1739-757575-labelson-nodesc</styleUrl>
        <Point>
          <coordinates>
            38.979878,28.984272,0
          </coordinates>
        </Point>
      </Placemark>
      <Placemark>
        <name>العزور</name>
        <styleUrl>#icon-1739-757575-labelson-nodesc</styleUrl>
        <Point>
          <coordinates>
            38.865788,28.023591,0
          </coordinates>
        </Point>
      </Placemark>
      <Placemark>
        <name>العشارة</name>
        <styleUrl>#icon-1739-757575-labelson-nodesc</styleUrl>
        <Point>
          <coordinates>
            38.306944,27.124429,0
          </coordinates>
        </Point>
      </Placemark>
      <Placemark>
        <name>العقبة السوداء</name>
        <styleUrl>#icon-1739-757575-labelson-nodesc</styleUrl>
        <Point>
          <coordinates>
            37.218826,25.247054,0
          </coordinates>
        </Point>
      </Placemark>
      <Placemark>
        <name>العقلة</name>
        <styleUrl>#icon-1739-757575-labelson-nodesc</styleUrl>
        <Point>
          <coordinates>
            35.416338,28.68511,0
          </coordinates>
        </Point>
      </Placemark>
      <Placemark>
        <name>العقلة</name>
        <styleUrl>#icon-1739-757575-labelson-nodesc</styleUrl>
        <Point>
          <coordinates>
            37.011673,25.632219,0
          </coordinates>
        </Point>
      </Placemark>
      <Placemark>
        <name>العقيلة</name>
        <styleUrl>#icon-1739-757575-labelson-nodesc</styleUrl>
        <Point>
          <coordinates>
            38.670824,27.245836,0
          </coordinates>
        </Point>
      </Placemark>
      <Placemark>
        <name>العلم</name>
        <styleUrl>#icon-1739-757575-labelson-nodesc</styleUrl>
        <Point>
          <coordinates>
            37.525842,28.747487,0
          </coordinates>
        </Point>
      </Placemark>
      <Placemark>
        <name>العليا</name>
        <styleUrl>#icon-1739-757575-labelson-nodesc</styleUrl>
        <Point>
          <coordinates>
            36.27501,26.749992,0
          </coordinates>
        </Point>
      </Placemark>
      <Placemark>
        <name>العمير</name>
        <styleUrl>#icon-1739-757575-labelson-nodesc</styleUrl>
        <Point>
          <coordinates>
            37.4634,25.005097,0
          </coordinates>
        </Point>
      </Placemark>
      <Placemark>
        <name>العنتية</name>
        <styleUrl>#icon-1739-757575-labelson-nodesc</styleUrl>
        <Point>
          <coordinates>
            38.036685,27.271349,0
          </coordinates>
        </Point>
      </Placemark>
      <Placemark>
        <name>العهين الابيض</name>
        <styleUrl>#icon-1739-757575-labelson-nodesc</styleUrl>
        <Point>
          <coordinates>
            38.604627,26.97283,0
          </coordinates>
        </Point>
      </Placemark>
      <Placemark>
        <name>العوجا</name>
        <styleUrl>#icon-1739-757575-labelson-nodesc</styleUrl>
        <Point>
          <coordinates>
            39.716005,27.431896,0
          </coordinates>
        </Point>
      </Placemark>
      <Placemark>
        <name>العود</name>
        <styleUrl>#icon-1739-757575-labelson-nodesc</styleUrl>
        <Point>
          <coordinates>
            39.367232,28.090839,0
          </coordinates>
        </Point>
      </Placemark>
      <Placemark>
        <name>العويند</name>
        <styleUrl>#icon-1739-757575-labelson-nodesc</styleUrl>
        <Point>
          <coordinates>
            37.376668,25.104446,0
          </coordinates>
        </Point>
      </Placemark>
      <Placemark>
        <name>الغبج</name>
        <styleUrl>#icon-1739-757575-labelson-nodesc</styleUrl>
        <Point>
          <coordinates>
            35.03746,28.125772,0
          </coordinates>
        </Point>
      </Placemark>
      <Placemark>
        <name>الغراميل</name>
        <styleUrl>#icon-1739-757575-labelson-nodesc</styleUrl>
        <Point>
          <coordinates>
            37.809448,27.417283,0
          </coordinates>
        </Point>
      </Placemark>
      <Placemark>
        <name>الغردقة</name>
        <styleUrl>#icon-1739-757575-labelson-nodesc</styleUrl>
        <Point>
          <coordinates>
            36.850634,27.436681,0
          </coordinates>
        </Point>
      </Placemark>
      <Placemark>
        <name>الغرف</name>
        <styleUrl>#icon-1739-757575-labelson-nodesc</styleUrl>
        <Point>
          <coordinates>
            36.353009,26.50265,0
          </coordinates>
        </Point>
      </Placemark>
      <Placemark>
        <name>الغزوان</name>
        <styleUrl>#icon-1739-757575-labelson-nodesc</styleUrl>
        <Point>
          <coordinates>
            37.439926,28.092256,0
          </coordinates>
        </Point>
      </Placemark>
      <Placemark>
        <name>الغزوان</name>
        <styleUrl>#icon-1739-757575-labelson-nodesc</styleUrl>
        <Point>
          <coordinates>
            37.525005,27.975011,0
          </coordinates>
        </Point>
      </Placemark>
      <Placemark>
        <name>الغوار</name>
        <styleUrl>#icon-1739-757575-labelson-nodesc</styleUrl>
        <Point>
          <coordinates>
            38.257999,28.385539,0
          </coordinates>
        </Point>
      </Placemark>
      <Placemark>
        <name>الظهر</name>
        <styleUrl>#icon-1739-757575-labelson-nodesc</styleUrl>
        <Point>
          <coordinates>
            35.626473,29.140141,0
          </coordinates>
        </Point>
      </Placemark>
      <Placemark>
        <name>السر</name>
        <styleUrl>#icon-1739-757575-labelson-nodesc</styleUrl>
        <Point>
          <coordinates>
            35.070076,29.024527,0
          </coordinates>
        </Point>
      </Placemark>
      <Placemark>
        <name>السر</name>
        <styleUrl>#icon-1739-757575-labelson-nodesc</styleUrl>
        <Point>
          <coordinates>
            36.12515,27.04231,0
          </coordinates>
        </Point>
      </Placemark>
      <Placemark>
        <name>السر</name>
        <styleUrl>#icon-1739-757575-labelson-nodesc</styleUrl>
        <Point>
          <coordinates>
            36.412404,26.866851,0
          </coordinates>
        </Point>
      </Placemark>
      <Placemark>
        <name>الفحيثة</name>
        <styleUrl>#icon-1739-757575-labelson-nodesc</styleUrl>
        <Point>
          <coordinates>
            39.539409,27.465584,0
          </coordinates>
        </Point>
      </Placemark>
      <Placemark>
        <name>الفرش</name>
        <styleUrl>#icon-1739-757575-labelson-nodesc</styleUrl>
        <Point>
          <coordinates>
            36.019127,27.313814,0
          </coordinates>
        </Point>
      </Placemark>
      <Placemark>
        <name>الفرص</name>
        <styleUrl>#icon-1739-757575-labelson-nodesc</styleUrl>
        <Point>
          <coordinates>
            36.356292,27.639477,0
          </coordinates>
        </Point>
      </Placemark>
      <Placemark>
        <name>الفرع</name>
        <styleUrl>#icon-1739-757575-labelson-nodesc</styleUrl>
        <Point>
          <coordinates>
            35.761228,27.799122,0
          </coordinates>
        </Point>
      </Placemark>
      <Placemark>
        <name>الفري</name>
        <styleUrl>#icon-1739-757575-labelson-nodesc</styleUrl>
        <Point>
          <coordinates>
            36.750061,27.286155,0
          </coordinates>
        </Point>
      </Placemark>
      <Placemark>
        <name>الفريدة</name>
        <styleUrl>#icon-1739-757575-labelson-nodesc</styleUrl>
        <Point>
          <coordinates>
            38.041878,28.742981,0
          </coordinates>
        </Point>
      </Placemark>
      <Placemark>
        <name>الفريش</name>
        <styleUrl>#icon-1739-757575-labelson-nodesc</styleUrl>
        <Point>
          <coordinates>
            36.898849,26.117828,0
          </coordinates>
        </Point>
      </Placemark>
      <Placemark>
        <name>الفقيّر</name>
        <styleUrl>#icon-1739-757575-labelson-nodesc</styleUrl>
        <Point>
          <coordinates>
            37.334247,25.07962,0
          </coordinates>
        </Point>
      </Placemark>
      <Placemark>
        <name>الفهد</name>
        <styleUrl>#icon-1739-757575-labelson-nodesc</styleUrl>
        <Point>
          <coordinates>
            35.791805,27.990074,0
          </coordinates>
        </Point>
      </Placemark>
      <Placemark>
        <name>القارة</name>
        <styleUrl>#icon-1739-757575-labelson-nodesc</styleUrl>
        <Point>
          <coordinates>
            36.072857,27.791634,0
          </coordinates>
        </Point>
      </Placemark>
      <Placemark>
        <name>القارة</name>
        <styleUrl>#icon-1739-757575-labelson-nodesc</styleUrl>
        <Point>
          <coordinates>
            36.300008,27.916667,0
          </coordinates>
        </Point>
      </Placemark>
      <Placemark>
        <name>القارة البيضا</name>
        <styleUrl>#icon-1739-757575-labelson-nodesc</styleUrl>
        <Point>
          <coordinates>
            35.861392,28.325758,0
          </coordinates>
        </Point>
      </Placemark>
      <Placemark>
        <name>القاره الحمرا</name>
        <styleUrl>#icon-1739-757575-labelson-nodesc</styleUrl>
        <Point>
          <coordinates>
            35.865426,28.306339,0
          </coordinates>
        </Point>
      </Placemark>
      <Placemark>
        <name>القاسمة</name>
        <styleUrl>#icon-1739-757575-labelson-nodesc</styleUrl>
        <Point>
          <coordinates>
            37.871032,29.59691,0
          </coordinates>
        </Point>
      </Placemark>
      <Placemark>
        <name>القدمة</name>
        <styleUrl>#icon-1739-757575-labelson-nodesc</styleUrl>
        <Point>
          <coordinates>
            36.499929,28.304622,0
          </coordinates>
        </Point>
      </Placemark>
      <Placemark>
        <name>القرط</name>
        <styleUrl>#icon-1739-757575-labelson-nodesc</styleUrl>
        <Point>
          <coordinates>
            39.223573,28.667514,0
          </coordinates>
        </Point>
      </Placemark>
      <Placemark>
        <name>القرقف</name>
        <styleUrl>#icon-1739-757575-labelson-nodesc</styleUrl>
        <Point>
          <coordinates>
            35.163052,28.140836,0
          </coordinates>
        </Point>
      </Placemark>
      <Placemark>
        <name>القرية</name>
        <styleUrl>#icon-1739-757575-labelson-nodesc</styleUrl>
        <Point>
          <coordinates>
            36.002133,28.787827,0
          </coordinates>
        </Point>
      </Placemark>
      <Placemark>
        <name>القريدحة</name>
        <styleUrl>#icon-1739-757575-labelson-nodesc</styleUrl>
        <Point>
          <coordinates>
            36.195939,26.831703,0
          </coordinates>
        </Point>
      </Placemark>
      <Placemark>
        <name>القصايم</name>
        <styleUrl>#icon-1739-757575-labelson-nodesc</styleUrl>
        <Point>
          <coordinates>
            36.503813,28.529091,0
          </coordinates>
        </Point>
      </Placemark>
      <Placemark>
        <name>القصر</name>
        <styleUrl>#icon-1739-757575-labelson-nodesc</styleUrl>
        <Point>
          <coordinates>
            35.095954,28.976247,0
          </coordinates>
        </Point>
      </Placemark>
      <Placemark>
        <name>القعرة</name>
        <styleUrl>#icon-1739-757575-labelson-nodesc</styleUrl>
        <Point>
          <coordinates>
            37.266676,24.775007,0
          </coordinates>
        </Point>
      </Placemark>
      <Placemark>
        <name>القفيف</name>
        <styleUrl>#icon-1739-757575-labelson-nodesc</styleUrl>
        <Point>
          <coordinates>
            34.983215,29.31545,0
          </coordinates>
        </Point>
      </Placemark>
      <Placemark>
        <name>القلبان</name>
        <styleUrl>#icon-1739-757575-labelson-nodesc</styleUrl>
        <Point>
          <coordinates>
            39.606679,27.490046,0
          </coordinates>
        </Point>
      </Placemark>
      <Placemark>
        <name>القلبان</name>
        <styleUrl>#icon-1739-757575-labelson-nodesc</styleUrl>
        <Point>
          <coordinates>
            39.749994,27.500002,0
          </coordinates>
        </Point>
      </Placemark>
      <Placemark>
        <name>القلخي</name>
        <styleUrl>#icon-1739-757575-labelson-nodesc</styleUrl>
        <Point>
          <coordinates>
            34.911182,28.991783,0
          </coordinates>
        </Point>
      </Placemark>
      <Placemark>
        <name>القلوب</name>
        <styleUrl>#icon-1739-757575-labelson-nodesc</styleUrl>
        <Point>
          <coordinates>
            37.177777,27.721381,0
          </coordinates>
        </Point>
      </Placemark>
      <Placemark>
        <name>القناصية</name>
        <styleUrl>#icon-1739-757575-labelson-nodesc</styleUrl>
        <Point>
          <coordinates>
            37.142394,29.711709,0
          </coordinates>
        </Point>
      </Placemark>
      <Placemark>
        <name>القويصرة</name>
        <styleUrl>#icon-1739-757575-labelson-nodesc</styleUrl>
        <Point>
          <coordinates>
            37.441535,29.64416,0
          </coordinates>
        </Point>
      </Placemark>
      <Placemark>
        <name>القيسي</name>
        <styleUrl>#icon-1739-757575-labelson-nodesc</styleUrl>
        <Point>
          <coordinates>
            35.550749,28.368909,0
          </coordinates>
        </Point>
      </Placemark>
      <Placemark>
        <name>الكفوف</name>
        <styleUrl>#icon-1739-757575-labelson-nodesc</styleUrl>
        <Point>
          <coordinates>
            37.0995,29.352529,0
          </coordinates>
        </Point>
      </Placemark>
      <Placemark>
        <name>الكلبة</name>
        <styleUrl>#icon-1739-757575-labelson-nodesc</styleUrl>
        <Point>
          <coordinates>
            37.693727,28.221345,0
          </coordinates>
        </Point>
      </Placemark>
      <Placemark>
        <name>اللبيدة</name>
        <styleUrl>#icon-1739-757575-labelson-nodesc</styleUrl>
        <Point>
          <coordinates>
            37.606308,28.252265,0
          </coordinates>
        </Point>
      </Placemark>
      <Placemark>
        <name>اللسان</name>
        <styleUrl>#icon-1739-757575-labelson-nodesc</styleUrl>
        <Point>
          <coordinates>
            35.029993,28.183064,0
          </coordinates>
        </Point>
      </Placemark>
      <Placemark>
        <name>اللقلقة</name>
        <styleUrl>#icon-1739-757575-labelson-nodesc</styleUrl>
        <Point>
          <coordinates>
            36.796496,27.086899,0
          </coordinates>
        </Point>
      </Placemark>
      <Placemark>
        <name>اللقيه</name>
        <styleUrl>#icon-1739-757575-labelson-nodesc</styleUrl>
        <Point>
          <coordinates>
            36.704679,27.292185,0
          </coordinates>
        </Point>
      </Placemark>
      <Placemark>
        <name>اللميمة</name>
        <styleUrl>#icon-1739-757575-labelson-nodesc</styleUrl>
        <Point>
          <coordinates>
            38.19103,27.08765,0
          </coordinates>
        </Point>
      </Placemark>
      <Placemark>
        <name>الماليح</name>
        <styleUrl>#icon-1739-757575-labelson-nodesc</styleUrl>
        <Point>
          <coordinates>
            38.527207,27.647545,0
          </coordinates>
        </Point>
      </Placemark>
      <Placemark>
        <name>المبناء</name>
        <styleUrl>#icon-1739-757575-labelson-nodesc</styleUrl>
        <Point>
          <coordinates>
            38.710134,27.434857,0
          </coordinates>
        </Point>
      </Placemark>
      <Placemark>
        <name>المثلوث</name>
        <styleUrl>#icon-1739-757575-labelson-nodesc</styleUrl>
        <Point>
          <coordinates>
            38.22238,28.891189,0
          </coordinates>
        </Point>
      </Placemark>
      <Placemark>
        <name>المجز</name>
        <styleUrl>#icon-1739-757575-labelson-nodesc</styleUrl>
        <Point>
          <coordinates>
            38.14687,26.842325,0
          </coordinates>
        </Point>
      </Placemark>
      <Placemark>
        <name>المجيفل</name>
        <styleUrl>#icon-1739-757575-labelson-nodesc</styleUrl>
        <Point>
          <coordinates>
            35.051022,29.032488,0
          </coordinates>
        </Point>
      </Placemark>
      <Placemark>
        <name>المحاش الغربي</name>
        <styleUrl>#icon-1739-757575-labelson-nodesc</styleUrl>
        <Point>
          <coordinates>
            35.867014,28.641787,0
          </coordinates>
        </Point>
      </Placemark>
      <Placemark>
        <name>المحتطب</name>
        <styleUrl>#icon-1739-757575-labelson-nodesc</styleUrl>
        <Point>
          <coordinates>
            36.448731,28.488686,0
          </coordinates>
        </Point>
      </Placemark>
      <Placemark>
        <name>المحجة</name>
        <styleUrl>#icon-1739-757575-labelson-nodesc</styleUrl>
        <Point>
          <coordinates>
            38.47543,27.548153,0
          </coordinates>
        </Point>
      </Placemark>
      <Placemark>
        <name>المحيبل</name>
        <styleUrl>#icon-1739-757575-labelson-nodesc</styleUrl>
        <Point>
          <coordinates>
            36.15519,28.529863,0
          </coordinates>
        </Point>
      </Placemark>
      <Placemark>
        <name>المخيبية</name>
        <styleUrl>#icon-1739-757575-labelson-nodesc</styleUrl>
        <Point>
          <coordinates>
            38.775301,27.46685,0
          </coordinates>
        </Point>
      </Placemark>
      <Placemark>
        <name>المخيمريه</name>
        <styleUrl>#icon-1739-757575-labelson-nodesc</styleUrl>
        <Point>
          <coordinates>
            38.824074,27.812362,0
          </coordinates>
        </Point>
      </Placemark>
      <Placemark>
        <name>المداميه</name>
        <styleUrl>#icon-1739-757575-labelson-nodesc</styleUrl>
        <Point>
          <coordinates>
            36.734633,27.30463,0
          </coordinates>
        </Point>
      </Placemark>
      <Placemark>
        <name>المراغة الصفرا</name>
        <styleUrl>#icon-1739-757575-labelson-nodesc</styleUrl>
        <Point>
          <coordinates>
            39.206085,27.900531,0
          </coordinates>
        </Point>
      </Placemark>
      <Placemark>
        <name>المسترة</name>
        <styleUrl>#icon-1739-757575-labelson-nodesc</styleUrl>
        <Point>
          <coordinates>
            35.629735,28.647752,0
          </coordinates>
        </Point>
      </Placemark>
      <Placemark>
        <name>المسد</name>
        <styleUrl>#icon-1739-757575-labelson-nodesc</styleUrl>
        <Point>
          <coordinates>
            34.842861,28.327539,0
          </coordinates>
        </Point>
      </Placemark>
      <Placemark>
        <name>المسد</name>
        <styleUrl>#icon-1739-757575-labelson-nodesc</styleUrl>
        <Point>
          <coordinates>
            36.835184,27.723269,0
          </coordinates>
        </Point>
      </Placemark>
      <Placemark>
        <name>المشرفة</name>
        <styleUrl>#icon-1739-757575-labelson-nodesc</styleUrl>
        <Point>
          <coordinates>
            35.907097,28.233361,0
          </coordinates>
        </Point>
      </Placemark>
      <Placemark>
        <name>المشيريف</name>
        <styleUrl>#icon-1739-757575-labelson-nodesc</styleUrl>
        <Point>
          <coordinates>
            37.756319,24.84616,0
          </coordinates>
        </Point>
      </Placemark>
      <Placemark>
        <name>المشيريفة</name>
        <styleUrl>#icon-1739-757575-labelson-nodesc</styleUrl>
        <Point>
          <coordinates>
            36.915479,29.594014,0
          </coordinates>
        </Point>
      </Placemark>
      <Placemark>
        <name>المشيطات</name>
        <styleUrl>#icon-1739-757575-labelson-nodesc</styleUrl>
        <Point>
          <coordinates>
            39.058607,28.158882,0
          </coordinates>
        </Point>
      </Placemark>
      <Placemark>
        <name>المشيطية</name>
        <styleUrl>#icon-1739-757575-labelson-nodesc</styleUrl>
        <Point>
          <coordinates>
            36.224992,29.183335,0
          </coordinates>
        </Point>
      </Placemark>
      <Placemark>
        <name>المصادم</name>
        <styleUrl>#icon-1739-757575-labelson-nodesc</styleUrl>
        <Point>
          <coordinates>
            38.721313,27.313793,0
          </coordinates>
        </Point>
      </Placemark>
      <Placemark>
        <name>المصاول</name>
        <styleUrl>#icon-1739-757575-labelson-nodesc</styleUrl>
        <Point>
          <coordinates>
            37.921801,29.519963,0
          </coordinates>
        </Point>
      </Placemark>
      <Placemark>
        <name>المضله</name>
        <styleUrl>#icon-1739-757575-labelson-nodesc</styleUrl>
        <Point>
          <coordinates>
            35.143032,28.89576,0
          </coordinates>
        </Point>
      </Placemark>
      <Placemark>
        <name>المضيبع</name>
        <styleUrl>#icon-1739-757575-labelson-nodesc</styleUrl>
        <Point>
          <coordinates>
            36.548746,26.355128,0
          </coordinates>
        </Point>
      </Placemark>
      <Placemark>
        <name>المضيبعة</name>
        <styleUrl>#icon-1739-757575-labelson-nodesc</styleUrl>
        <Point>
          <coordinates>
            37.861912,28.859646,0
          </coordinates>
        </Point>
      </Placemark>
      <Placemark>
        <name>المظاهير</name>
        <styleUrl>#icon-1739-757575-labelson-nodesc</styleUrl>
        <Point>
          <coordinates>
            38.938272,28.541965,0
          </coordinates>
        </Point>
      </Placemark>
      <Placemark>
        <name>المعيزيلة</name>
        <styleUrl>#icon-1739-757575-labelson-nodesc</styleUrl>
        <Point>
          <coordinates>
            37.966669,27.702777,0
          </coordinates>
        </Point>
      </Placemark>
      <Placemark>
        <name>المعيصي</name>
        <styleUrl>#icon-1739-757575-labelson-nodesc</styleUrl>
        <Point>
          <coordinates>
            36.076527,28.991933,0
          </coordinates>
        </Point>
      </Placemark>
      <Placemark>
        <name>المفرق</name>
        <styleUrl>#icon-1739-757575-labelson-nodesc</styleUrl>
        <Point>
          <coordinates>
            35.517941,28.766155,0
          </coordinates>
        </Point>
      </Placemark>
      <Placemark>
        <name>المقيال</name>
        <styleUrl>#icon-1739-757575-labelson-nodesc</styleUrl>
        <Point>
          <coordinates>
            37.596009,29.516122,0
          </coordinates>
        </Point>
      </Placemark>
      <Placemark>
        <name>المكون</name>
        <styleUrl>#icon-1739-757575-labelson-nodesc</styleUrl>
        <Point>
          <coordinates>
            35.934584,28.549669,0
          </coordinates>
        </Point>
      </Placemark>
      <Placemark>
        <name>المكون</name>
        <styleUrl>#icon-1739-757575-labelson-nodesc</styleUrl>
        <Point>
          <coordinates>
            37.27011,27.985246,0
          </coordinates>
        </Point>
      </Placemark>
      <Placemark>
        <name>المكيحيل</name>
        <styleUrl>#icon-1739-757575-labelson-nodesc</styleUrl>
        <Point>
          <coordinates>
            37.705572,27.744577,0
          </coordinates>
        </Point>
      </Placemark>
      <Placemark>
        <name>المكيحيل</name>
        <styleUrl>#icon-1739-757575-labelson-nodesc</styleUrl>
        <Point>
          <coordinates>
            39.436862,28.653696,0
          </coordinates>
        </Point>
      </Placemark>
      <Placemark>
        <name>الملحة</name>
        <styleUrl>#icon-1739-757575-labelson-nodesc</styleUrl>
        <Point>
          <coordinates>
            37.125828,27.597549,0
          </coordinates>
        </Point>
      </Placemark>
      <Placemark>
        <name>المليسا</name>
        <styleUrl>#icon-1739-757575-labelson-nodesc</styleUrl>
        <Point>
          <coordinates>
            37.593412,29.31294,0
          </coordinates>
        </Point>
      </Placemark>
      <Placemark>
        <name>المليسا</name>
        <styleUrl>#icon-1739-757575-labelson-nodesc</styleUrl>
        <Point>
          <coordinates>
            38.177276,27.408013,0
          </coordinates>
        </Point>
      </Placemark>
      <Placemark>
        <name>المندسة</name>
        <styleUrl>#icon-1739-757575-labelson-nodesc</styleUrl>
        <Point>
          <coordinates>
            38.366446,27.658811,0
          </coordinates>
        </Point>
      </Placemark>
      <Placemark>
        <name>المهد</name>
        <styleUrl>#icon-1739-757575-labelson-nodesc</styleUrl>
        <Point>
          <coordinates>
            37.548265,25.012178,0
          </coordinates>
        </Point>
      </Placemark>
      <Placemark>
        <name>المويلح</name>
        <styleUrl>#icon-1739-757575-labelson-nodesc</styleUrl>
        <Point>
          <coordinates>
            35.482492,28.698049,0
          </coordinates>
        </Point>
      </Placemark>
      <Placemark>
        <name>المياه</name>
        <styleUrl>#icon-1739-757575-labelson-nodesc</styleUrl>
        <Point>
          <coordinates>
            36.829176,26.429179,0
          </coordinates>
        </Point>
      </Placemark>
      <Placemark>
        <name>النابع</name>
        <styleUrl>#icon-1739-757575-labelson-nodesc</styleUrl>
        <Point>
          <coordinates>
            39.154179,26.900003,0
          </coordinates>
        </Point>
      </Placemark>
      <Placemark>
        <name>النبخة</name>
        <styleUrl>#icon-1739-757575-labelson-nodesc</styleUrl>
        <Point>
          <coordinates>
            37.46501,26.079226,0
          </coordinates>
        </Point>
      </Placemark>
      <Placemark>
        <name>النخيرة</name>
        <styleUrl>#icon-1739-757575-labelson-nodesc</styleUrl>
        <Point>
          <coordinates>
            36.412082,26.753833,0
          </coordinates>
        </Point>
      </Placemark>
      <Placemark>
        <name>الندرة</name>
        <styleUrl>#icon-1739-757575-labelson-nodesc</styleUrl>
        <Point>
          <coordinates>
            37.64607,28.362064,0
          </coordinates>
        </Point>
      </Placemark>
      <Placemark>
        <name>النصبة</name>
        <styleUrl>#icon-1739-757575-labelson-nodesc</styleUrl>
        <Point>
          <coordinates>
            35.948231,27.078145,0
          </coordinates>
        </Point>
      </Placemark>
      <Placemark>
        <name>النعسان</name>
        <styleUrl>#icon-1739-757575-labelson-nodesc</styleUrl>
        <Point>
          <coordinates>
            36.316381,26.803615,0
          </coordinates>
        </Point>
      </Placemark>
      <Placemark>
        <name>النقعا</name>
        <styleUrl>#icon-1739-757575-labelson-nodesc</styleUrl>
        <Point>
          <coordinates>
            34.957316,28.312433,0
          </coordinates>
        </Point>
      </Placemark>
      <Placemark>
        <name>النقيب</name>
        <styleUrl>#icon-1739-757575-labelson-nodesc</styleUrl>
        <Point>
          <coordinates>
            36.988864,28.030801,0
          </coordinates>
        </Point>
      </Placemark>
      <Placemark>
        <name>النمريات</name>
        <styleUrl>#icon-1739-757575-labelson-nodesc</styleUrl>
        <Point>
          <coordinates>
            37.03768,27.78672,0
          </coordinates>
        </Point>
      </Placemark>
      <Placemark>
        <name>النهية</name>
        <styleUrl>#icon-1739-757575-labelson-nodesc</styleUrl>
        <Point>
          <coordinates>
            37.798891,25.046382,0
          </coordinates>
        </Point>
      </Placemark>
      <Placemark>
        <name>الهراثن</name>
        <styleUrl>#icon-1739-757575-labelson-nodesc</styleUrl>
        <Point>
          <coordinates>
            38.633509,27.704751,0
          </coordinates>
        </Point>
      </Placemark>
      <Placemark>
        <name>الهوج</name>
        <styleUrl>#icon-1739-757575-labelson-nodesc</styleUrl>
        <Point>
          <coordinates>
            38.667905,28.980024,0
          </coordinates>
        </Point>
      </Placemark>
      <Placemark>
        <name>الوبري</name>
        <styleUrl>#icon-1739-757575-labelson-nodesc</styleUrl>
        <Point>
          <coordinates>
            36.847479,27.946773,0
          </coordinates>
        </Point>
      </Placemark>
      <Placemark>
        <name>الوسق</name>
        <styleUrl>#icon-1739-757575-labelson-nodesc</styleUrl>
        <Point>
          <coordinates>
            39.441669,27.133334,0
          </coordinates>
        </Point>
      </Placemark>
      <Placemark>
        <name>الوظام</name>
        <styleUrl>#icon-1739-757575-labelson-nodesc</styleUrl>
        <Point>
          <coordinates>
            36.274345,28.43899,0
          </coordinates>
        </Point>
      </Placemark>
      <Placemark>
        <name>الونان</name>
        <styleUrl>#icon-1739-757575-labelson-nodesc</styleUrl>
        <Point>
          <coordinates>
            35.937417,28.569024,0
          </coordinates>
        </Point>
      </Placemark>
      <Placemark>
        <name>اليعبوب</name>
        <styleUrl>#icon-1739-757575-labelson-nodesc</styleUrl>
        <Point>
          <coordinates>
            36.898892,25.879433,0
          </coordinates>
        </Point>
      </Placemark>
      <Placemark>
        <name>اليقاع</name>
        <styleUrl>#icon-1739-757575-labelson-nodesc</styleUrl>
        <Point>
          <coordinates>
            39.166667,28.416674,0
          </coordinates>
        </Point>
      </Placemark>
      <Placemark>
        <name>ام الشنين</name>
        <styleUrl>#icon-1739-757575-labelson-nodesc</styleUrl>
        <Point>
          <coordinates>
            39.063306,28.861384,0
          </coordinates>
        </Point>
      </Placemark>
      <Placemark>
        <name>ام الشنين</name>
        <styleUrl>#icon-1739-757575-labelson-nodesc</styleUrl>
        <Point>
          <coordinates>
            39.157462,28.836751,0
          </coordinates>
        </Point>
      </Placemark>
      <Placemark>
        <name>ام العدول</name>
        <styleUrl>#icon-1739-757575-labelson-nodesc</styleUrl>
        <Point>
          <coordinates>
            38.297718,27.593107,0
          </coordinates>
        </Point>
      </Placemark>
      <Placemark>
        <name>ام المواضيح</name>
        <styleUrl>#icon-1739-757575-labelson-nodesc</styleUrl>
        <Point>
          <coordinates>
            38.939066,28.991439,0
          </coordinates>
        </Point>
      </Placemark>
      <Placemark>
        <name>ام الهرش</name>
        <styleUrl>#icon-1739-757575-labelson-nodesc</styleUrl>
        <Point>
          <coordinates>
            38.562784,29.178379,0
          </coordinates>
        </Point>
      </Placemark>
      <Placemark>
        <name>ام برقا</name>
        <styleUrl>#icon-1739-757575-labelson-nodesc</styleUrl>
        <Point>
          <coordinates>
            38.784184,27.082565,0
          </coordinates>
        </Point>
      </Placemark>
      <Placemark>
        <name>ام جرفان</name>
        <styleUrl>#icon-1739-757575-labelson-nodesc</styleUrl>
        <Point>
          <coordinates>
            37.269659,29.719369,0
          </coordinates>
        </Point>
      </Placemark>
      <Placemark>
        <name>ام جفين</name>
        <styleUrl>#icon-1739-757575-labelson-nodesc</styleUrl>
        <Point>
          <coordinates>
            37.58352,29.565582,0
          </coordinates>
        </Point>
      </Placemark>
      <Placemark>
        <name>ام حواذ</name>
        <styleUrl>#icon-1739-757575-labelson-nodesc</styleUrl>
        <Point>
          <coordinates>
            37.154989,28.493536,0
          </coordinates>
        </Point>
      </Placemark>
      <Placemark>
        <name>ام رضيم</name>
        <styleUrl>#icon-1739-757575-labelson-nodesc</styleUrl>
        <Point>
          <coordinates>
            35.823605,28.578486,0
          </coordinates>
        </Point>
      </Placemark>
      <Placemark>
        <name>ام ركبة</name>
        <styleUrl>#icon-1739-757575-labelson-nodesc</styleUrl>
        <Point>
          <coordinates>
            35.67853,28.65464,0
          </coordinates>
        </Point>
      </Placemark>
      <Placemark>
        <name>ام روس</name>
        <styleUrl>#icon-1739-757575-labelson-nodesc</styleUrl>
        <Point>
          <coordinates>
            34.877493,28.094895,0
          </coordinates>
        </Point>
      </Placemark>
      <Placemark>
        <name>ام روس</name>
        <styleUrl>#icon-1739-757575-labelson-nodesc</styleUrl>
        <Point>
          <coordinates>
            38.064194,27.125351,0
          </coordinates>
        </Point>
      </Placemark>
      <Placemark>
        <name>ام زوير</name>
        <styleUrl>#icon-1739-757575-labelson-nodesc</styleUrl>
        <Point>
          <coordinates>
            38.16129,28.684037,0
          </coordinates>
        </Point>
      </Placemark>
      <Placemark>
        <name>ام طريفية</name>
        <styleUrl>#icon-1739-757575-labelson-nodesc</styleUrl>
        <Point>
          <coordinates>
            37.470889,29.456878,0
          </coordinates>
        </Point>
      </Placemark>
      <Placemark>
        <name>ام طعيس</name>
        <styleUrl>#icon-1739-757575-labelson-nodesc</styleUrl>
        <Point>
          <coordinates>
            37.652378,29.298477,0
          </coordinates>
        </Point>
      </Placemark>
      <Placemark>
        <name>ام طليحة</name>
        <styleUrl>#icon-1739-757575-labelson-nodesc</styleUrl>
        <Point>
          <coordinates>
            35.609479,28.736544,0
          </coordinates>
        </Point>
      </Placemark>
      <Placemark>
        <name>ام عراد</name>
        <styleUrl>#icon-1739-757575-labelson-nodesc</styleUrl>
        <Point>
          <coordinates>
            38.02808,27.153504,0
          </coordinates>
        </Point>
      </Placemark>
      <Placemark>
        <name>ام قبور</name>
        <styleUrl>#icon-1739-757575-labelson-nodesc</styleUrl>
        <Point>
          <coordinates>
            37.928238,29.381132,0
          </coordinates>
        </Point>
      </Placemark>
      <Placemark>
        <name>ام قطيطيرة</name>
        <styleUrl>#icon-1739-757575-labelson-nodesc</styleUrl>
        <Point>
          <coordinates>
            35.741251,28.515036,0
          </coordinates>
        </Point>
      </Placemark>
      <Placemark>
        <name>ام نخلة</name>
        <styleUrl>#icon-1739-757575-labelson-nodesc</styleUrl>
        <Point>
          <coordinates>
            38.309948,28.716094,0
          </coordinates>
        </Point>
      </Placemark>
      <Placemark>
        <name>ام هشيم</name>
        <styleUrl>#icon-1739-757575-labelson-nodesc</styleUrl>
        <Point>
          <coordinates>
            35.418613,28.044577,0
          </coordinates>
        </Point>
      </Placemark>
      <Placemark>
        <name>امدان</name>
        <styleUrl>#icon-1739-757575-labelson-nodesc</styleUrl>
        <Point>
          <coordinates>
            36.269667,27.628148,0
          </coordinates>
        </Point>
      </Placemark>
      <Placemark>
        <name>انتيش</name>
        <styleUrl>#icon-1739-757575-labelson-nodesc</styleUrl>
        <Point>
          <coordinates>
            35.292571,28.114893,0
          </coordinates>
        </Point>
      </Placemark>
      <Placemark>
        <name>بركانه</name>
        <styleUrl>#icon-1739-757575-labelson-nodesc</styleUrl>
        <Point>
          <coordinates>
            37.775974,28.88473,0
          </coordinates>
        </Point>
      </Placemark>
      <Placemark>
        <name>بريثات حويمل</name>
        <styleUrl>#icon-1739-757575-labelson-nodesc</styleUrl>
        <Point>
          <coordinates>
            37.339697,27.399387,0
          </coordinates>
        </Point>
      </Placemark>
      <Placemark>
        <name>بطين النمرة</name>
        <styleUrl>#icon-1739-757575-labelson-nodesc</styleUrl>
        <Point>
          <coordinates>
            36.717339,27.293816,0
          </coordinates>
        </Point>
      </Placemark>
      <Placemark>
        <name>بنات بقر</name>
        <styleUrl>#icon-1739-757575-labelson-nodesc</styleUrl>
        <Point>
          <coordinates>
            37.601223,29.120293,0
          </coordinates>
        </Point>
      </Placemark>
      <Placemark>
        <name>بنية الخل</name>
        <styleUrl>#icon-1739-757575-labelson-nodesc</styleUrl>
        <Point>
          <coordinates>
            39.516063,27.853775,0
          </coordinates>
        </Point>
      </Placemark>
      <Placemark>
        <name>بنية الراوي</name>
        <styleUrl>#icon-1739-757575-labelson-nodesc</styleUrl>
        <Point>
          <coordinates>
            39.52647,27.989237,0
          </coordinates>
        </Point>
      </Placemark>
      <Placemark>
        <name>بنية الزلع</name>
        <styleUrl>#icon-1739-757575-labelson-nodesc</styleUrl>
        <Point>
          <coordinates>
            39.281316,27.649584,0
          </coordinates>
        </Point>
      </Placemark>
      <Placemark>
        <name>بنية الشليل</name>
        <styleUrl>#icon-1739-757575-labelson-nodesc</styleUrl>
        <Point>
          <coordinates>
            39.218359,27.672822,0
          </coordinates>
        </Point>
      </Placemark>
      <Placemark>
        <name>بنية الفهيقي</name>
        <styleUrl>#icon-1739-757575-labelson-nodesc</styleUrl>
        <Point>
          <coordinates>
            39.276853,27.682736,0
          </coordinates>
        </Point>
      </Placemark>
      <Placemark>
        <name>بوة</name>
        <styleUrl>#icon-1739-757575-labelson-nodesc</styleUrl>
        <Point>
          <coordinates>
            38.437879,26.911054,0
          </coordinates>
        </Point>
      </Placemark>
      <Placemark>
        <name>بوهان</name>
        <styleUrl>#icon-1739-757575-labelson-nodesc</styleUrl>
        <Point>
          <coordinates>
            38.668807,27.661643,0
          </coordinates>
        </Point>
      </Placemark>
      <Placemark>
        <name>تل الشايب</name>
        <styleUrl>#icon-1739-757575-labelson-nodesc</styleUrl>
        <Point>
          <coordinates>
            37.109477,29.107375,0
          </coordinates>
        </Point>
      </Placemark>
      <Placemark>
        <name>تلال السنميات</name>
        <styleUrl>#icon-1739-757575-labelson-nodesc</styleUrl>
        <Point>
          <coordinates>
            36.957021,29.78091,0
          </coordinates>
        </Point>
      </Placemark>
      <Placemark>
        <name>تلال زينة</name>
        <styleUrl>#icon-1739-757575-labelson-nodesc</styleUrl>
        <Point>
          <coordinates>
            38.05089,29.55333,0
          </coordinates>
        </Point>
      </Placemark>
      <Placemark>
        <name>تلعة الجديد</name>
        <styleUrl>#icon-1739-757575-labelson-nodesc</styleUrl>
        <Point>
          <coordinates>
            36.049941,27.742174,0
          </coordinates>
        </Point>
      </Placemark>
      <Placemark>
        <name>تلعة رتامة</name>
        <styleUrl>#icon-1739-757575-labelson-nodesc</styleUrl>
        <Point>
          <coordinates>
            36.363459,27.820151,0
          </coordinates>
        </Point>
      </Placemark>
      <Placemark>
        <name>تلعة صحارة</name>
        <styleUrl>#icon-1739-757575-labelson-nodesc</styleUrl>
        <Point>
          <coordinates>
            36.176755,27.559397,0
          </coordinates>
        </Point>
      </Placemark>
      <Placemark>
        <name>تلعة ضربة</name>
        <styleUrl>#icon-1739-757575-labelson-nodesc</styleUrl>
        <Point>
          <coordinates>
            36.717188,27.390053,0
          </coordinates>
        </Point>
      </Placemark>
      <Placemark>
        <name>تلعة يردة</name>
        <styleUrl>#icon-1739-757575-labelson-nodesc</styleUrl>
        <Point>
          <coordinates>
            35.555363,28.462594,0
          </coordinates>
        </Point>
      </Placemark>
      <Placemark>
        <name>تمر</name>
        <styleUrl>#icon-1739-757575-labelson-nodesc</styleUrl>
        <Point>
          <coordinates>
            36.279173,27.811117,0
          </coordinates>
        </Point>
      </Placemark>
      <Placemark>
        <name>ثرمد</name>
        <styleUrl>#icon-1739-757575-labelson-nodesc</styleUrl>
        <Point>
          <coordinates>
            37.833331,28.783321,0
          </coordinates>
        </Point>
      </Placemark>
      <Placemark>
        <name>ثليثوات</name>
        <styleUrl>#icon-1739-757575-labelson-nodesc</styleUrl>
        <Point>
          <coordinates>
            37.776918,29.303412,0
          </coordinates>
        </Point>
      </Placemark>
      <Placemark>
        <name>ثليثوات</name>
        <styleUrl>#icon-1739-757575-labelson-nodesc</styleUrl>
        <Point>
          <coordinates>
            38.434296,27.225323,0
          </coordinates>
        </Point>
      </Placemark>
      <Placemark>
        <name>ثليثوة</name>
        <styleUrl>#icon-1739-757575-labelson-nodesc</styleUrl>
        <Point>
          <coordinates>
            38.913467,28.334105,0
          </coordinates>
        </Point>
      </Placemark>
      <Placemark>
        <name>ثنية مدران</name>
        <styleUrl>#icon-1739-757575-labelson-nodesc</styleUrl>
        <Point>
          <coordinates>
            36.525271,28.2725,0
          </coordinates>
        </Point>
      </Placemark>
      <Placemark>
        <name>جبلة الشرقية</name>
        <styleUrl>#icon-1739-757575-labelson-nodesc</styleUrl>
        <Point>
          <coordinates>
            38.174357,27.225237,0
          </coordinates>
        </Point>
      </Placemark>
      <Placemark>
        <name>جبلة الغربية</name>
        <styleUrl>#icon-1739-757575-labelson-nodesc</styleUrl>
        <Point>
          <coordinates>
            37.975981,27.172537,0
          </coordinates>
        </Point>
      </Placemark>
      <Placemark>
        <name>جبو ابو خرقة</name>
        <styleUrl>#icon-1739-757575-labelson-nodesc</styleUrl>
        <Point>
          <coordinates>
            38.958077,27.118206,0
          </coordinates>
        </Point>
      </Placemark>
      <Placemark>
        <name>جدعان الابرق</name>
        <styleUrl>#icon-1739-757575-labelson-nodesc</styleUrl>
        <Point>
          <coordinates>
            36.900973,29.259381,0
          </coordinates>
        </Point>
      </Placemark>
      <Placemark>
        <name>جعلة الشهباء</name>
        <styleUrl>#icon-1739-757575-labelson-nodesc</styleUrl>
        <Point>
          <coordinates>
            38.303318,29.521937,0
          </coordinates>
        </Point>
      </Placemark>
      <Placemark>
        <name>جفرة ام زوير</name>
        <styleUrl>#icon-1739-757575-labelson-nodesc</styleUrl>
        <Point>
          <coordinates>
            38.872311,28.773236,0
          </coordinates>
        </Point>
      </Placemark>
      <Placemark>
        <name>جلعب</name>
        <styleUrl>#icon-1739-757575-labelson-nodesc</styleUrl>
        <Point>
          <coordinates>
            39.353757,27.28195,0
          </coordinates>
        </Point>
      </Placemark>
      <Placemark>
        <name>جمعان</name>
        <styleUrl>#icon-1739-757575-labelson-nodesc</styleUrl>
        <Point>
          <coordinates>
            38.329239,27.686341,0
          </coordinates>
        </Point>
      </Placemark>
      <Placemark>
        <name>جهارة</name>
        <styleUrl>#icon-1739-757575-labelson-nodesc</styleUrl>
        <Point>
          <coordinates>
            39.060066,27.019093,0
          </coordinates>
        </Point>
      </Placemark>
      <Placemark>
        <name>جورة حاج</name>
        <styleUrl>#icon-1739-757575-labelson-nodesc</styleUrl>
        <Point>
          <coordinates>
            36.149011,29.023712,0
          </coordinates>
        </Point>
      </Placemark>
      <Placemark>
        <name>جيل وتر</name>
        <styleUrl>#icon-1739-757575-labelson-nodesc</styleUrl>
        <Point>
          <coordinates>
            36.712554,27.718635,0
          </coordinates>
        </Point>
      </Placemark>
      <Placemark>
        <name>حاج</name>
        <styleUrl>#icon-1739-757575-labelson-nodesc</styleUrl>
        <Point>
          <coordinates>
            36.173301,28.967321,0
          </coordinates>
        </Point>
      </Placemark>
      <Placemark>
        <name>حاكة</name>
        <styleUrl>#icon-1739-757575-labelson-nodesc</styleUrl>
        <Point>
          <coordinates>
            37.447972,27.677479,0
          </coordinates>
        </Point>
      </Placemark>
      <Placemark>
        <name>حالة عمار</name>
        <styleUrl>#icon-1739-757575-labelson-nodesc</styleUrl>
        <Point>
          <coordinates>
            36.085753,29.158938,0
          </coordinates>
        </Point>
      </Placemark>
      <Placemark>
        <name>حامر</name>
        <styleUrl>#icon-1739-757575-labelson-nodesc</styleUrl>
        <Point>
          <coordinates>
            37.016952,27.570684,0
          </coordinates>
        </Point>
      </Placemark>
      <Placemark>
        <name>حبال النقيب</name>
        <styleUrl>#icon-1739-757575-labelson-nodesc</styleUrl>
        <Point>
          <coordinates>
            37.196038,28.820508,0
          </coordinates>
        </Point>
      </Placemark>
      <Placemark>
        <name>حبل الصبغ</name>
        <styleUrl>#icon-1739-757575-labelson-nodesc</styleUrl>
        <Point>
          <coordinates>
            35.797191,28.363502,0
          </coordinates>
        </Point>
      </Placemark>
      <Placemark>
        <name>حبل مرخ</name>
        <styleUrl>#icon-1739-757575-labelson-nodesc</styleUrl>
        <Point>
          <coordinates>
            34.963989,28.621616,0
          </coordinates>
        </Point>
      </Placemark>
      <Placemark>
        <name>حدرة</name>
        <styleUrl>#icon-1739-757575-labelson-nodesc</styleUrl>
        <Point>
          <coordinates>
            36.214392,27.099559,0
          </coordinates>
        </Point>
      </Placemark>
      <Placemark>
        <name>حرة الرحى</name>
        <styleUrl>#icon-1739-757575-labelson-nodesc</styleUrl>
        <Point>
          <coordinates>
            36.470189,27.729621,0
          </coordinates>
        </Point>
      </Placemark>
      <Placemark>
        <name>حرة الرحى</name>
        <styleUrl>#icon-1739-757575-labelson-nodesc</styleUrl>
        <Point>
          <coordinates>
            36.67099,27.605295,0
          </coordinates>
        </Point>
      </Placemark>
      <Placemark>
        <name>حرة الرهاة</name>
        <styleUrl>#icon-1739-757575-labelson-nodesc</styleUrl>
        <Point>
          <coordinates>
            36.900136,27.582378,0
          </coordinates>
        </Point>
      </Placemark>
      <Placemark>
        <name>حرة السليطية</name>
        <styleUrl>#icon-1739-757575-labelson-nodesc</styleUrl>
        <Point>
          <coordinates>
            36.791668,28.238897,0
          </coordinates>
        </Point>
      </Placemark>
      <Placemark>
        <name>حرة العويند</name>
        <styleUrl>#icon-1739-757575-labelson-nodesc</styleUrl>
        <Point>
          <coordinates>
            36.216602,28.10792,0
          </coordinates>
        </Point>
      </Placemark>
      <Placemark>
        <name>حرة الونير</name>
        <styleUrl>#icon-1739-757575-labelson-nodesc</styleUrl>
        <Point>
          <coordinates>
            37.727222,25.202036,0
          </coordinates>
        </Point>
      </Placemark>
      <Placemark>
        <name>حرة بني عطيه</name>
        <styleUrl>#icon-1739-757575-labelson-nodesc</styleUrl>
        <Point>
          <coordinates>
            36.438217,27.962244,0
          </coordinates>
        </Point>
      </Placemark>
      <Placemark>
        <name>حرة بهل</name>
        <styleUrl>#icon-1739-757575-labelson-nodesc</styleUrl>
        <Point>
          <coordinates>
            36.518061,27.760606,0
          </coordinates>
        </Point>
      </Placemark>
      <Placemark>
        <name>حرة حبيش</name>
        <styleUrl>#icon-1739-757575-labelson-nodesc</styleUrl>
        <Point>
          <coordinates>
            37.857728,25.06696,0
          </coordinates>
        </Point>
      </Placemark>
      <Placemark>
        <name>حرة خوار</name>
        <styleUrl>#icon-1739-757575-labelson-nodesc</styleUrl>
        <Point>
          <coordinates>
            37.178636,27.98943,0
          </coordinates>
        </Point>
      </Placemark>
      <Placemark>
        <name>حرة نقيع</name>
        <styleUrl>#icon-1739-757575-labelson-nodesc</styleUrl>
        <Point>
          <coordinates>
            36.906531,27.50453,0
          </coordinates>
        </Point>
      </Placemark>
      <Placemark>
        <name>حريض الاحمر</name>
        <styleUrl>#icon-1739-757575-labelson-nodesc</styleUrl>
        <Point>
          <coordinates>
            35.595832,28.671548,0
          </coordinates>
        </Point>
      </Placemark>
      <Placemark>
        <name>حريض الاسمر</name>
        <styleUrl>#icon-1739-757575-labelson-nodesc</styleUrl>
        <Point>
          <coordinates>
            35.581327,28.641229,0
          </coordinates>
        </Point>
      </Placemark>
      <Placemark>
        <name>حريمل</name>
        <styleUrl>#icon-1739-757575-labelson-nodesc</styleUrl>
        <Point>
          <coordinates>
            36.391268,27.246051,0
          </coordinates>
        </Point>
      </Placemark>
      <Placemark>
        <name>حزم راية</name>
        <styleUrl>#icon-1739-757575-labelson-nodesc</styleUrl>
        <Point>
          <coordinates>
            37.269852,28.667364,0
          </coordinates>
        </Point>
      </Placemark>
      <Placemark>
        <name>حسمى</name>
        <styleUrl>#icon-1739-757575-labelson-nodesc</styleUrl>
        <Point>
          <coordinates>
            36.048632,27.880039,0
          </coordinates>
        </Point>
      </Placemark>
      <Placemark>
        <name>حصان عرنان</name>
        <styleUrl>#icon-1739-757575-labelson-nodesc</styleUrl>
        <Point>
          <coordinates>
            39.726112,27.26989,0
          </coordinates>
        </Point>
      </Placemark>
      <Placemark>
        <name>حفرة الطفيحه</name>
        <styleUrl>#icon-1739-757575-labelson-nodesc</styleUrl>
        <Point>
          <coordinates>
            38.679686,28.538489,0
          </coordinates>
        </Point>
      </Placemark>
      <Placemark>
        <name>حفرة طيبة اسم</name>
        <styleUrl>#icon-1739-757575-labelson-nodesc</styleUrl>
        <Point>
          <coordinates>
            39.121842,27.035594,0
          </coordinates>
        </Point>
      </Placemark>
      <Placemark>
        <name>حفرة لقط</name>
        <styleUrl>#icon-1739-757575-labelson-nodesc</styleUrl>
        <Point>
          <coordinates>
            39.346933,26.965535,0
          </coordinates>
        </Point>
      </Placemark>
      <Placemark>
        <name>حلاة الأثقة</name>
        <styleUrl>#icon-1739-757575-labelson-nodesc</styleUrl>
        <Point>
          <coordinates>
            37.18636,27.75979,0
          </coordinates>
        </Point>
      </Placemark>
      <Placemark>
        <name>حلاة الغرايا</name>
        <styleUrl>#icon-1739-757575-labelson-nodesc</styleUrl>
        <Point>
          <coordinates>
            37.286589,27.41282,0
          </coordinates>
        </Point>
      </Placemark>
      <Placemark>
        <name>حلوان الخنفة</name>
        <styleUrl>#icon-1739-757575-labelson-nodesc</styleUrl>
        <Point>
          <coordinates>
            39.305885,28.445299,0
          </coordinates>
        </Point>
      </Placemark>
      <Placemark>
        <name>حليات الحميطة</name>
        <styleUrl>#icon-1739-757575-labelson-nodesc</styleUrl>
        <Point>
          <coordinates>
            37.348838,27.424321,0
          </coordinates>
        </Point>
      </Placemark>
      <Placemark>
        <name>حمة كشري</name>
        <styleUrl>#icon-1739-757575-labelson-nodesc</styleUrl>
        <Point>
          <coordinates>
            37.213268,25.921898,0
          </coordinates>
        </Point>
      </Placemark>
      <Placemark>
        <name>حمراء القفندي</name>
        <styleUrl>#icon-1739-757575-labelson-nodesc</styleUrl>
        <Point>
          <coordinates>
            36.547072,26.874061,0
          </coordinates>
        </Point>
      </Placemark>
      <Placemark>
        <name>حمراء ميسرة</name>
        <styleUrl>#icon-1739-757575-labelson-nodesc</styleUrl>
        <Point>
          <coordinates>
            35.606024,27.652073,0
          </coordinates>
        </Point>
      </Placemark>
      <Placemark>
        <name>حمم</name>
        <styleUrl>#icon-1739-757575-labelson-nodesc</styleUrl>
        <Point>
          <coordinates>
            37.36197,27.606518,0
          </coordinates>
        </Point>
      </Placemark>
      <Placemark>
        <name>حمير المعرش</name>
        <styleUrl>#icon-1739-757575-labelson-nodesc</styleUrl>
        <Point>
          <coordinates>
            35.57049,27.48378,0
          </coordinates>
        </Point>
      </Placemark>
      <Placemark>
        <name>حميراء الغميس</name>
        <styleUrl>#icon-1739-757575-labelson-nodesc</styleUrl>
        <Point>
          <coordinates>
            36.732402,26.724415,0
          </coordinates>
        </Point>
      </Placemark>
      <Placemark>
        <name>حنية حسان</name>
        <styleUrl>#icon-1739-757575-labelson-nodesc</styleUrl>
        <Point>
          <coordinates>
            37.145505,25.914366,0
          </coordinates>
        </Point>
      </Placemark>
      <Placemark>
        <name>حوامل</name>
        <styleUrl>#icon-1739-757575-labelson-nodesc</styleUrl>
        <Point>
          <coordinates>
            36.855354,29.311309,0
          </coordinates>
        </Point>
      </Placemark>
      <Placemark>
        <name>حوش الحيران</name>
        <styleUrl>#icon-1739-757575-labelson-nodesc</styleUrl>
        <Point>
          <coordinates>
            35.8777,28.090839,0
          </coordinates>
        </Point>
      </Placemark>
      <Placemark>
        <name>حوي القدر</name>
        <styleUrl>#icon-1739-757575-labelson-nodesc</styleUrl>
        <Point>
          <coordinates>
            38.390479,26.864941,0
          </coordinates>
        </Point>
      </Placemark>
      <Placemark>
        <name>خدعة</name>
        <styleUrl>#icon-1739-757575-labelson-nodesc</styleUrl>
        <Point>
          <coordinates>
            37.575002,27.500002,0
          </coordinates>
        </Point>
      </Placemark>
      <Placemark>
        <name>خرائب</name>
        <styleUrl>#icon-1739-757575-labelson-nodesc</styleUrl>
        <Point>
          <coordinates>
            39.646912,27.481055,0
          </coordinates>
        </Point>
      </Placemark>
      <Placemark>
        <name>خرايب</name>
        <styleUrl>#icon-1739-757575-labelson-nodesc</styleUrl>
        <Point>
          <coordinates>
            35.911603,28.013484,0
          </coordinates>
        </Point>
      </Placemark>
      <Placemark>
        <name>خرم عليان</name>
        <styleUrl>#icon-1739-757575-labelson-nodesc</styleUrl>
        <Point>
          <coordinates>
            37.241592,29.803441,0
          </coordinates>
        </Point>
      </Placemark>
      <Placemark>
        <name>خشم المقيال</name>
        <styleUrl>#icon-1739-757575-labelson-nodesc</styleUrl>
        <Point>
          <coordinates>
            37.653108,29.54288,0
          </coordinates>
        </Point>
      </Placemark>
      <Placemark>
        <name>خشيم برك</name>
        <styleUrl>#icon-1739-757575-labelson-nodesc</styleUrl>
        <Point>
          <coordinates>
            36.849325,28.144505,0
          </coordinates>
        </Point>
      </Placemark>
      <Placemark>
        <name>خل ابو قاع</name>
        <styleUrl>#icon-1739-757575-labelson-nodesc</styleUrl>
        <Point>
          <coordinates>
            38.620141,29.22183,0
          </coordinates>
        </Point>
      </Placemark>
      <Placemark>
        <name>خل المحولة</name>
        <styleUrl>#icon-1739-757575-labelson-nodesc</styleUrl>
        <Point>
          <coordinates>
            39.297903,27.932911,0
          </coordinates>
        </Point>
      </Placemark>
      <Placemark>
        <name>خنزيرة</name>
        <styleUrl>#icon-1739-757575-labelson-nodesc</styleUrl>
        <Point>
          <coordinates>
            37.366669,27.876391,0
          </coordinates>
        </Point>
      </Placemark>
      <Placemark>
        <name>خنصر</name>
        <styleUrl>#icon-1739-757575-labelson-nodesc</styleUrl>
        <Point>
          <coordinates>
            38.717408,28.993092,0
          </coordinates>
        </Point>
      </Placemark>
      <Placemark>
        <name>خنصر اوفاد</name>
        <styleUrl>#icon-1739-757575-labelson-nodesc</styleUrl>
        <Point>
          <coordinates>
            38.252249,28.674767,0
          </coordinates>
        </Point>
      </Placemark>
      <Placemark>
        <name>خنيفس</name>
        <styleUrl>#icon-1739-757575-labelson-nodesc</styleUrl>
        <Point>
          <coordinates>
            36.124055,27.724857,0
          </coordinates>
        </Point>
      </Placemark>
      <Placemark>
        <name>خولات</name>
        <styleUrl>#icon-1739-757575-labelson-nodesc</styleUrl>
        <Point>
          <coordinates>
            38.966661,27.249999,0
          </coordinates>
        </Point>
      </Placemark>
      <Placemark>
        <name>خولة</name>
        <styleUrl>#icon-1739-757575-labelson-nodesc</styleUrl>
        <Point>
          <coordinates>
            38.873448,27.229679,0
          </coordinates>
        </Point>
      </Placemark>
      <Placemark>
        <name>خولة</name>
        <styleUrl>#icon-1739-757575-labelson-nodesc</styleUrl>
        <Point>
          <coordinates>
            39.048049,27.385826,0
          </coordinates>
        </Point>
      </Placemark>
      <Placemark>
        <name>دابس</name>
        <styleUrl>#icon-1739-757575-labelson-nodesc</styleUrl>
        <Point>
          <coordinates>
            37.407868,29.388149,0
          </coordinates>
        </Point>
      </Placemark>
      <Placemark>
        <name>دحال</name>
        <styleUrl>#icon-1739-757575-labelson-nodesc</styleUrl>
        <Point>
          <coordinates>
            38.372562,27.781591,0
          </coordinates>
        </Point>
      </Placemark>
      <Placemark>
        <name>دعب السرحات</name>
        <styleUrl>#icon-1739-757575-labelson-nodesc</styleUrl>
        <Point>
          <coordinates>
            37.409284,25.807657,0
          </coordinates>
        </Point>
      </Placemark>
      <Placemark>
        <name>دغدوش</name>
        <styleUrl>#icon-1739-757575-labelson-nodesc</styleUrl>
        <Point>
          <coordinates>
            34.799473,28.132875,0
          </coordinates>
        </Point>
      </Placemark>
      <Placemark>
        <name>ذويبان</name>
        <styleUrl>#icon-1739-757575-labelson-nodesc</styleUrl>
        <Point>
          <coordinates>
            39.283547,26.87391,0
          </coordinates>
        </Point>
      </Placemark>
      <Placemark>
        <name>ذيبين</name>
        <styleUrl>#icon-1739-757575-labelson-nodesc</styleUrl>
        <Point>
          <coordinates>
            37.343709,28.275783,0
          </coordinates>
        </Point>
      </Placemark>
      <Placemark>
        <name>راس ابو سيف</name>
        <styleUrl>#icon-1739-757575-labelson-nodesc</styleUrl>
        <Point>
          <coordinates>
            34.859619,28.073974,0
          </coordinates>
        </Point>
      </Placemark>
      <Placemark>
        <name>راس الفيهة الغربي</name>
        <styleUrl>#icon-1739-757575-labelson-nodesc</styleUrl>
        <Point>
          <coordinates>
            36.98071,29.288113,0
          </coordinates>
        </Point>
      </Placemark>
      <Placemark>
        <name>راس مكيدة</name>
        <styleUrl>#icon-1739-757575-labelson-nodesc</styleUrl>
        <Point>
          <coordinates>
            37.410829,29.711773,0
          </coordinates>
        </Point>
      </Placemark>
      <Placemark>
        <name>راطية</name>
        <styleUrl>#icon-1739-757575-labelson-nodesc</styleUrl>
        <Point>
          <coordinates>
            35.470133,28.047431,0
          </coordinates>
        </Point>
      </Placemark>
      <Placemark>
        <name>رايات</name>
        <styleUrl>#icon-1739-757575-labelson-nodesc</styleUrl>
        <Point>
          <coordinates>
            37.089715,28.736608,0
          </coordinates>
        </Point>
      </Placemark>
      <Placemark>
        <name>راية الخيل</name>
        <styleUrl>#icon-1739-757575-labelson-nodesc</styleUrl>
        <Point>
          <coordinates>
            37,28.808341,0
          </coordinates>
        </Point>
      </Placemark>
      <Placemark>
        <name>رايس</name>
        <styleUrl>#icon-1739-757575-labelson-nodesc</styleUrl>
        <Point>
          <coordinates>
            36.535656,28.338225,0
          </coordinates>
        </Point>
      </Placemark>
      <Placemark>
        <name>رثامة</name>
        <styleUrl>#icon-1739-757575-labelson-nodesc</styleUrl>
        <Point>
          <coordinates>
            36.724248,27.772193,0
          </coordinates>
        </Point>
      </Placemark>
      <Placemark>
        <name>رجم ابو حنيك</name>
        <styleUrl>#icon-1739-757575-labelson-nodesc</styleUrl>
        <Point>
          <coordinates>
            37.422008,29.51977,0
          </coordinates>
        </Point>
      </Placemark>
      <Placemark>
        <name>رجم الحداي</name>
        <styleUrl>#icon-1739-757575-labelson-nodesc</styleUrl>
        <Point>
          <coordinates>
            38.626749,27.334371,0
          </coordinates>
        </Point>
      </Placemark>
      <Placemark>
        <name>رجوم الصناديق</name>
        <styleUrl>#icon-1739-757575-labelson-nodesc</styleUrl>
        <Point>
          <coordinates>
            38.405049,27.729578,0
          </coordinates>
        </Point>
      </Placemark>
      <Placemark>
        <name>رجوم النعام</name>
        <styleUrl>#icon-1739-757575-labelson-nodesc</styleUrl>
        <Point>
          <coordinates>
            38.940117,28.406353,0
          </coordinates>
        </Point>
      </Placemark>
      <Placemark>
        <name>رجوم صعصع</name>
        <styleUrl>#icon-1739-757575-labelson-nodesc</styleUrl>
        <Point>
          <coordinates>
            38.470988,27.594738,0
          </coordinates>
        </Point>
      </Placemark>
      <Placemark>
        <name>رخيمه</name>
        <styleUrl>#icon-1739-757575-labelson-nodesc</styleUrl>
        <Point>
          <coordinates>
            39.043758,28.269732,0
          </coordinates>
        </Point>
      </Placemark>
      <Placemark>
        <name>رديهات اذنة</name>
        <styleUrl>#icon-1739-757575-labelson-nodesc</styleUrl>
        <Point>
          <coordinates>
            35.553775,28.710644,0
          </coordinates>
        </Point>
      </Placemark>
      <Placemark>
        <name>رضيمات الفحيثة</name>
        <styleUrl>#icon-1739-757575-labelson-nodesc</styleUrl>
        <Point>
          <coordinates>
            39.614382,27.385998,0
          </coordinates>
        </Point>
      </Placemark>
      <Placemark>
        <name>ركك</name>
        <styleUrl>#icon-1739-757575-labelson-nodesc</styleUrl>
        <Point>
          <coordinates>
            35.63482,28.562222,0
          </coordinates>
        </Point>
      </Placemark>
      <Placemark>
        <name>رمل بحتر</name>
        <styleUrl>#icon-1739-757575-labelson-nodesc</styleUrl>
        <Point>
          <coordinates>
            39.749994,28.499994,0
          </coordinates>
        </Point>
      </Placemark>
      <Placemark>
        <name>رواوة</name>
        <styleUrl>#icon-1739-757575-labelson-nodesc</styleUrl>
        <Point>
          <coordinates>
            39.094269,27.149835,0
          </coordinates>
        </Point>
      </Placemark>
      <Placemark>
        <name>روس البيض</name>
        <styleUrl>#icon-1739-757575-labelson-nodesc</styleUrl>
        <Point>
          <coordinates>
            36.013269,28.706138,0
          </coordinates>
        </Point>
      </Placemark>
      <Placemark>
        <name>رويس دمنان</name>
        <styleUrl>#icon-1739-757575-labelson-nodesc</styleUrl>
        <Point>
          <coordinates>
            37.500994,29.835885,0
          </coordinates>
        </Point>
      </Placemark>
      <Placemark>
        <name>رويع الوسيج</name>
        <styleUrl>#icon-1739-757575-labelson-nodesc</styleUrl>
        <Point>
          <coordinates>
            39.166131,27.382779,0
          </coordinates>
        </Point>
      </Placemark>
      <Placemark>
        <name>ريش حلوان الشرقيه</name>
        <styleUrl>#icon-1739-757575-labelson-nodesc</styleUrl>
        <Point>
          <coordinates>
            39.398067,28.465276,0
          </coordinates>
        </Point>
      </Placemark>
      <Placemark>
        <name>ريش حلوان الغربيه</name>
        <styleUrl>#icon-1739-757575-labelson-nodesc</styleUrl>
        <Point>
          <coordinates>
            39.336612,28.439033,0
          </coordinates>
        </Point>
      </Placemark>
      <Placemark>
        <name>ريع الثميد</name>
        <styleUrl>#icon-1739-757575-labelson-nodesc</styleUrl>
        <Point>
          <coordinates>
            37.362464,29.704692,0
          </coordinates>
        </Point>
      </Placemark>
      <Placemark>
        <name>ريع الخيل</name>
        <styleUrl>#icon-1739-757575-labelson-nodesc</styleUrl>
        <Point>
          <coordinates>
            37.62135,27.893515,0
          </coordinates>
        </Point>
      </Placemark>
      <Placemark>
        <name>ريع الضبعان</name>
        <styleUrl>#icon-1739-757575-labelson-nodesc</styleUrl>
        <Point>
          <coordinates>
            37.159045,29.622552,0
          </coordinates>
        </Point>
      </Placemark>
      <Placemark>
        <name>ريع المريلوقة</name>
        <styleUrl>#icon-1739-757575-labelson-nodesc</styleUrl>
        <Point>
          <coordinates>
            36.914406,29.306331,0
          </coordinates>
        </Point>
      </Placemark>
      <Placemark>
        <name>ريع سلامة</name>
        <styleUrl>#icon-1739-757575-labelson-nodesc</styleUrl>
        <Point>
          <coordinates>
            39.77304,27.209315,0
          </coordinates>
        </Point>
      </Placemark>
      <Placemark>
        <name>ريع قطيفة</name>
        <styleUrl>#icon-1739-757575-labelson-nodesc</styleUrl>
        <Point>
          <coordinates>
            37.1157,29.57556,0
          </coordinates>
        </Point>
      </Placemark>
      <Placemark>
        <name>زائد</name>
        <styleUrl>#icon-1739-757575-labelson-nodesc</styleUrl>
        <Point>
          <coordinates>
            36.632495,28.26896,0
          </coordinates>
        </Point>
      </Placemark>
      <Placemark>
        <name>زبارة الغراء</name>
        <styleUrl>#icon-1739-757575-labelson-nodesc</styleUrl>
        <Point>
          <coordinates>
            37.922831,27.397285,0
          </coordinates>
        </Point>
      </Placemark>
      <Placemark>
        <name>زومة</name>
        <styleUrl>#icon-1739-757575-labelson-nodesc</styleUrl>
        <Point>
          <coordinates>
            39.170058,27.697906,0
          </coordinates>
        </Point>
      </Placemark>
      <Placemark>
        <name>ساده حلوان</name>
        <styleUrl>#icon-1739-757575-labelson-nodesc</styleUrl>
        <Point>
          <coordinates>
            39.22441,28.406868,0
          </coordinates>
        </Point>
      </Placemark>
      <Placemark>
        <name>سايحة الشقيق</name>
        <styleUrl>#icon-1739-757575-labelson-nodesc</styleUrl>
        <Point>
          <coordinates>
            35.929756,28.256364,0
          </coordinates>
        </Point>
      </Placemark>
      <Placemark>
        <name>سبع الملفات</name>
        <styleUrl>#icon-1739-757575-labelson-nodesc</styleUrl>
        <Point>
          <coordinates>
            36.130772,28.384831,0
          </coordinates>
        </Point>
      </Placemark>
      <Placemark>
        <name>سحبال</name>
        <styleUrl>#icon-1739-757575-labelson-nodesc</styleUrl>
        <Point>
          <coordinates>
            36.11249,27.010553,0
          </coordinates>
        </Point>
      </Placemark>
      <Placemark>
        <name>سحمة</name>
        <styleUrl>#icon-1739-757575-labelson-nodesc</styleUrl>
        <Point>
          <coordinates>
            39.754994,27.49305,0
          </coordinates>
        </Point>
      </Placemark>
      <Placemark>
        <name>سدير</name>
        <styleUrl>#icon-1739-757575-labelson-nodesc</styleUrl>
        <Point>
          <coordinates>
            35.194724,28.711867,0
          </coordinates>
        </Point>
      </Placemark>
      <Placemark>
        <name>سديرة</name>
        <styleUrl>#icon-1739-757575-labelson-nodesc</styleUrl>
        <Point>
          <coordinates>
            38.329711,27.770562,0
          </coordinates>
        </Point>
      </Placemark>
      <Placemark>
        <name>سرج حلوان</name>
        <styleUrl>#icon-1739-757575-labelson-nodesc</styleUrl>
        <Point>
          <coordinates>
            39.155509,27.260621,0
          </coordinates>
        </Point>
      </Placemark>
      <Placemark>
        <name>سرو البحير</name>
        <styleUrl>#icon-1739-757575-labelson-nodesc</styleUrl>
        <Point>
          <coordinates>
            35.38574,28.202806,0
          </coordinates>
        </Point>
      </Placemark>
      <Placemark>
        <name>سطوح بركانات</name>
        <styleUrl>#icon-1739-757575-labelson-nodesc</styleUrl>
        <Point>
          <coordinates>
            37.689457,28.819692,0
          </coordinates>
        </Point>
      </Placemark>
      <Placemark>
        <name>سفوان</name>
        <styleUrl>#icon-1739-757575-labelson-nodesc</styleUrl>
        <Point>
          <coordinates>
            36.446843,29.121323,0
          </coordinates>
        </Point>
      </Placemark>
      <Placemark>
        <name>سفيحة الريم</name>
        <styleUrl>#icon-1739-757575-labelson-nodesc</styleUrl>
        <Point>
          <coordinates>
            37.13366,29.226551,0
          </coordinates>
        </Point>
      </Placemark>
      <Placemark>
        <name>سمراء عنز</name>
        <styleUrl>#icon-1739-757575-labelson-nodesc</styleUrl>
        <Point>
          <coordinates>
            38.156118,28.426974,0
          </coordinates>
        </Point>
      </Placemark>
      <Placemark>
        <name>سميرا عنيزة</name>
        <styleUrl>#icon-1739-757575-labelson-nodesc</styleUrl>
        <Point>
          <coordinates>
            38.421164,28.491712,0
          </coordinates>
        </Point>
      </Placemark>
      <Placemark>
        <name>سمين</name>
        <styleUrl>#icon-1739-757575-labelson-nodesc</styleUrl>
        <Point>
          <coordinates>
            37.449818,25.160043,0
          </coordinates>
        </Point>
      </Placemark>
      <Placemark>
        <name>سنام</name>
        <styleUrl>#icon-1739-757575-labelson-nodesc</styleUrl>
        <Point>
          <coordinates>
            37.228289,29.253995,0
          </coordinates>
        </Point>
      </Placemark>
      <Placemark>
        <name>سهب الحسماوي</name>
        <styleUrl>#icon-1739-757575-labelson-nodesc</styleUrl>
        <Point>
          <coordinates>
            35.620186,28.74974,0
          </coordinates>
        </Point>
      </Placemark>
      <Placemark>
        <name>سهلة المعيزيلة</name>
        <styleUrl>#icon-1739-757575-labelson-nodesc</styleUrl>
        <Point>
          <coordinates>
            37.710464,27.799187,0
          </coordinates>
        </Point>
      </Placemark>
      <Placemark>
        <name>سوح ابا العظام</name>
        <styleUrl>#icon-1739-757575-labelson-nodesc</styleUrl>
        <Point>
          <coordinates>
            37.371712,28.466091,0
          </coordinates>
        </Point>
      </Placemark>
      <Placemark>
        <name>سويس</name>
        <styleUrl>#icon-1739-757575-labelson-nodesc</styleUrl>
        <Point>
          <coordinates>
            37.443981,26.114287,0
          </coordinates>
        </Point>
      </Placemark>
      <Placemark>
        <name>سويقة</name>
        <styleUrl>#icon-1739-757575-labelson-nodesc</styleUrl>
        <Point>
          <coordinates>
            37.279959,25.854564,0
          </coordinates>
        </Point>
      </Placemark>
      <Placemark>
        <name>سويقة</name>
        <styleUrl>#icon-1739-757575-labelson-nodesc</styleUrl>
        <Point>
          <coordinates>
            38.168714,27.376599,0
          </coordinates>
        </Point>
      </Placemark>
      <Placemark>
        <name>سير الخرج</name>
        <styleUrl>#icon-1739-757575-labelson-nodesc</styleUrl>
        <Point>
          <coordinates>
            34.804387,28.337045,0
          </coordinates>
        </Point>
      </Placemark>
      <Placemark>
        <name>سير الخرج</name>
        <styleUrl>#icon-1739-757575-labelson-nodesc</styleUrl>
        <Point>
          <coordinates>
            34.74143,28.40013,0
          </coordinates>
        </Point>
      </Placemark>
      <Placemark>
        <name>شاطيئ الريفيرا</name>
        <styleUrl>#icon-1739-757575-labelson-nodesc</styleUrl>
        <Point>
          <coordinates>
            34.860005,29.01382,0
          </coordinates>
        </Point>
      </Placemark>
      <Placemark>
        <name>شبيرم</name>
        <styleUrl>#icon-1739-757575-labelson-nodesc</styleUrl>
        <Point>
          <coordinates>
            35.89757,27.099838,0
          </coordinates>
        </Point>
      </Placemark>
      <Placemark>
        <name>شداد الهوجاء</name>
        <styleUrl>#icon-1739-757575-labelson-nodesc</styleUrl>
        <Point>
          <coordinates>
            38.57832,29.006996,0
          </coordinates>
        </Point>
      </Placemark>
      <Placemark>
        <name>شدخان الضبيبة</name>
        <styleUrl>#icon-1739-757575-labelson-nodesc</styleUrl>
        <Point>
          <coordinates>
            35.111918,28.454504,0
          </coordinates>
        </Point>
      </Placemark>
      <Placemark>
        <name>شريف الحيايا</name>
        <styleUrl>#icon-1739-757575-labelson-nodesc</styleUrl>
        <Point>
          <coordinates>
            38.344109,28.984487,0
          </coordinates>
        </Point>
      </Placemark>
      <Placemark>
        <name>شريف مزيد</name>
        <styleUrl>#icon-1739-757575-labelson-nodesc</styleUrl>
        <Point>
          <coordinates>
            36.387792,27.552702,0
          </coordinates>
        </Point>
      </Placemark>
      <Placemark>
        <name>شطب الامير</name>
        <styleUrl>#icon-1739-757575-labelson-nodesc</styleUrl>
        <Point>
          <coordinates>
            35.920529,28.062,0
          </coordinates>
        </Point>
      </Placemark>
      <Placemark>
        <name>شفا عنزة</name>
        <styleUrl>#icon-1739-757575-labelson-nodesc</styleUrl>
        <Point>
          <coordinates>
            39.000006,26.999996,0
          </coordinates>
        </Point>
      </Placemark>
      <Placemark>
        <name>شق روافه</name>
        <styleUrl>#icon-1739-757575-labelson-nodesc</styleUrl>
        <Point>
          <coordinates>
            36.137509,27.735822,0
          </coordinates>
        </Point>
      </Placemark>
      <Placemark>
        <name>شق سد الفراشة</name>
        <styleUrl>#icon-1739-757575-labelson-nodesc</styleUrl>
        <Point>
          <coordinates>
            36.156564,27.717497,0
          </coordinates>
        </Point>
      </Placemark>
      <Placemark>
        <name>شقيق الذيب</name>
        <styleUrl>#icon-1739-757575-labelson-nodesc</styleUrl>
        <Point>
          <coordinates>
            38.681488,26.842346,0
          </coordinates>
        </Point>
      </Placemark>
      <Placemark>
        <name>شهبة ام نخيلة</name>
        <styleUrl>#icon-1739-757575-labelson-nodesc</styleUrl>
        <Point>
          <coordinates>
            35.536888,28.786433,0
          </coordinates>
        </Point>
      </Placemark>
      <Placemark>
        <name>شهيباء المساق</name>
        <styleUrl>#icon-1739-757575-labelson-nodesc</styleUrl>
        <Point>
          <coordinates>
            35.806761,28.287907,0
          </coordinates>
        </Point>
      </Placemark>
      <Placemark>
        <name>شوهر</name>
        <styleUrl>#icon-1739-757575-labelson-nodesc</styleUrl>
        <Point>
          <coordinates>
            36.650004,28.23334,0
          </coordinates>
        </Point>
      </Placemark>
      <Placemark>
        <name>شويتيحة</name>
        <styleUrl>#icon-1739-757575-labelson-nodesc</styleUrl>
        <Point>
          <coordinates>
            39.076502,27.653682,0
          </coordinates>
        </Point>
      </Placemark>
      <Placemark>
        <name>شويمة</name>
        <styleUrl>#icon-1739-757575-labelson-nodesc</styleUrl>
        <Point>
          <coordinates>
            38.82916,26.97444,0
          </coordinates>
        </Point>
      </Placemark>
      <Placemark>
        <name>شيبة</name>
        <styleUrl>#icon-1739-757575-labelson-nodesc</styleUrl>
        <Point>
          <coordinates>
            37.444174,25.279992,0
          </coordinates>
        </Point>
      </Placemark>
      <Placemark>
        <name>صاد</name>
        <styleUrl>#icon-1739-757575-labelson-nodesc</styleUrl>
        <Point>
          <coordinates>
            36.833339,28.080561,0
          </coordinates>
        </Point>
      </Placemark>
      <Placemark>
        <name>صحراء الجورعة</name>
        <styleUrl>#icon-1739-757575-labelson-nodesc</styleUrl>
        <Point>
          <coordinates>
            37.37433,29.27217,0
          </coordinates>
        </Point>
      </Placemark>
      <Placemark>
        <name>صحراء الفيهة الغربية</name>
        <styleUrl>#icon-1739-757575-labelson-nodesc</styleUrl>
        <Point>
          <coordinates>
            36.779695,29.457157,0
          </coordinates>
        </Point>
      </Placemark>
      <Placemark>
        <name>صحراء بقرات</name>
        <styleUrl>#icon-1739-757575-labelson-nodesc</styleUrl>
        <Point>
          <coordinates>
            39.500184,27.260084,0
          </coordinates>
        </Point>
      </Placemark>
      <Placemark>
        <name>صحراء جريش</name>
        <styleUrl>#icon-1739-757575-labelson-nodesc</styleUrl>
        <Point>
          <coordinates>
            38.86611,28.065047,0
          </coordinates>
        </Point>
      </Placemark>
      <Placemark>
        <name>صخرة ابو زيد</name>
        <styleUrl>#icon-1739-757575-labelson-nodesc</styleUrl>
        <Point>
          <coordinates>
            37.241743,25.79165,0
          </coordinates>
        </Point>
      </Placemark>
      <Placemark>
        <name>صخرة الاسيله</name>
        <styleUrl>#icon-1739-757575-labelson-nodesc</styleUrl>
        <Point>
          <coordinates>
            37.405744,25.772681,0
          </coordinates>
        </Point>
      </Placemark>
      <Placemark>
        <name>صخنة</name>
        <styleUrl>#icon-1739-757575-labelson-nodesc</styleUrl>
        <Point>
          <coordinates>
            36.572971,27.59918,0
          </coordinates>
        </Point>
      </Placemark>
      <Placemark>
        <name>صربوط مليح</name>
        <styleUrl>#icon-1739-757575-labelson-nodesc</styleUrl>
        <Point>
          <coordinates>
            35.39973,29.153316,0
          </coordinates>
        </Point>
      </Placemark>
      <Placemark>
        <name>صريم</name>
        <styleUrl>#icon-1739-757575-labelson-nodesc</styleUrl>
        <Point>
          <coordinates>
            35.249999,28.879173,0
          </coordinates>
        </Point>
      </Placemark>
      <Placemark>
        <name>صفر مدافع</name>
        <styleUrl>#icon-1739-757575-labelson-nodesc</styleUrl>
        <Point>
          <coordinates>
            36.997275,28.771284,0
          </coordinates>
        </Point>
      </Placemark>
      <Placemark>
        <name>صفراء شعيب</name>
        <styleUrl>#icon-1739-757575-labelson-nodesc</styleUrl>
        <Point>
          <coordinates>
            34.994438,28.489437,0
          </coordinates>
        </Point>
      </Placemark>
      <Placemark>
        <name>صلب الحوصاء</name>
        <styleUrl>#icon-1739-757575-labelson-nodesc</styleUrl>
        <Point>
          <coordinates>
            37.560453,29.845433,0
          </coordinates>
        </Point>
      </Placemark>
      <Placemark>
        <name>صمود المريرا</name>
        <styleUrl>#icon-1739-757575-labelson-nodesc</styleUrl>
        <Point>
          <coordinates>
            39.016013,27.984173,0
          </coordinates>
        </Point>
      </Placemark>
      <Placemark>
        <name>صوانة الحوي</name>
        <styleUrl>#icon-1739-757575-labelson-nodesc</styleUrl>
        <Point>
          <coordinates>
            38.184228,29.185245,0
          </coordinates>
        </Point>
      </Placemark>
      <Placemark>
        <name>صوانة حمد</name>
        <styleUrl>#icon-1739-757575-labelson-nodesc</styleUrl>
        <Point>
          <coordinates>
            38.066661,29.269874,0
          </coordinates>
        </Point>
      </Placemark>
      <Placemark>
        <name>صوانة مظعان</name>
        <styleUrl>#icon-1739-757575-labelson-nodesc</styleUrl>
        <Point>
          <coordinates>
            37.990551,29.34974,0
          </coordinates>
        </Point>
      </Placemark>
      <Placemark>
        <name>صويوية الشهباء</name>
        <styleUrl>#icon-1739-757575-labelson-nodesc</styleUrl>
        <Point>
          <coordinates>
            37.194579,29.311523,0
          </coordinates>
        </Point>
      </Placemark>
      <Placemark>
        <name>صويوين</name>
        <styleUrl>#icon-1739-757575-labelson-nodesc</styleUrl>
        <Point>
          <coordinates>
            35.357223,28.046679,0
          </coordinates>
        </Point>
      </Placemark>
      <Placemark>
        <name>ضبيعات</name>
        <styleUrl>#icon-1739-757575-labelson-nodesc</styleUrl>
        <Point>
          <coordinates>
            38.05958,27.391491,0
          </coordinates>
        </Point>
      </Placemark>
      <Placemark>
        <name>ضم</name>
        <styleUrl>#icon-1739-757575-labelson-nodesc</styleUrl>
        <Point>
          <coordinates>
            36.146779,28.555269,0
          </coordinates>
        </Point>
      </Placemark>
      <Placemark>
        <name>طف الخرقة</name>
        <styleUrl>#icon-1739-757575-labelson-nodesc</styleUrl>
        <Point>
          <coordinates>
            35.836308,28.737209,0
          </coordinates>
        </Point>
      </Placemark>
      <Placemark>
        <name>طفيحة</name>
        <styleUrl>#icon-1739-757575-labelson-nodesc</styleUrl>
        <Point>
          <coordinates>
            38.520083,28.782978,0
          </coordinates>
        </Point>
      </Placemark>
      <Placemark>
        <name>طلحة الحميراء</name>
        <styleUrl>#icon-1739-757575-labelson-nodesc</styleUrl>
        <Point>
          <coordinates>
            35.780089,28.230743,0
          </coordinates>
        </Point>
      </Placemark>
      <Placemark>
        <name>طلحة بني عقبه</name>
        <styleUrl>#icon-1739-757575-labelson-nodesc</styleUrl>
        <Point>
          <coordinates>
            35.773845,28.282671,0
          </coordinates>
        </Point>
      </Placemark>
      <Placemark>
        <name>طلعة الخريطه</name>
        <styleUrl>#icon-1739-757575-labelson-nodesc</styleUrl>
        <Point>
          <coordinates>
            35.996404,27.804637,0
          </coordinates>
        </Point>
      </Placemark>
      <Placemark>
        <name>طلعة ظفير</name>
        <styleUrl>#icon-1739-757575-labelson-nodesc</styleUrl>
        <Point>
          <coordinates>
            37.250004,28.416674,0
          </coordinates>
        </Point>
      </Placemark>
      <Placemark>
        <name>طويل التركمان</name>
        <styleUrl>#icon-1739-757575-labelson-nodesc</styleUrl>
        <Point>
          <coordinates>
            36.724999,28.174996,0
          </coordinates>
        </Point>
      </Placemark>
      <Placemark>
        <name>طويل العقبان</name>
        <styleUrl>#icon-1739-757575-labelson-nodesc</styleUrl>
        <Point>
          <coordinates>
            36.293356,28.329685,0
          </coordinates>
        </Point>
      </Placemark>
      <Placemark>
        <name>طويل المريرا</name>
        <styleUrl>#icon-1739-757575-labelson-nodesc</styleUrl>
        <Point>
          <coordinates>
            39.09811,27.877936,0
          </coordinates>
        </Point>
      </Placemark>
      <Placemark>
        <name>طويل المريراء</name>
        <styleUrl>#icon-1739-757575-labelson-nodesc</styleUrl>
        <Point>
          <coordinates>
            38.931491,27.869911,0
          </coordinates>
        </Point>
      </Placemark>
      <Placemark>
        <name>طويل المصاول</name>
        <styleUrl>#icon-1739-757575-labelson-nodesc</styleUrl>
        <Point>
          <coordinates>
            38.405564,28.790102,0
          </coordinates>
        </Point>
      </Placemark>
      <Placemark>
        <name>طويل النبي</name>
        <styleUrl>#icon-1739-757575-labelson-nodesc</styleUrl>
        <Point>
          <coordinates>
            36.57825,28.320093,0
          </coordinates>
        </Point>
      </Placemark>
      <Placemark>
        <name>طويل حامد</name>
        <styleUrl>#icon-1739-757575-labelson-nodesc</styleUrl>
        <Point>
          <coordinates>
            35.956192,28.327861,0
          </coordinates>
        </Point>
      </Placemark>
      <Placemark>
        <name>طويل سعيدة</name>
        <styleUrl>#icon-1739-757575-labelson-nodesc</styleUrl>
        <Point>
          <coordinates>
            38.546197,27.6934,0
          </coordinates>
        </Point>
      </Placemark>
      <Placemark>
        <name>طويل كبريت</name>
        <styleUrl>#icon-1739-757575-labelson-nodesc</styleUrl>
        <Point>
          <coordinates>
            35.662909,27.581284,0
          </coordinates>
        </Point>
      </Placemark>
      <Placemark>
        <name>طويل محمد</name>
        <styleUrl>#icon-1739-757575-labelson-nodesc</styleUrl>
        <Point>
          <coordinates>
            37.14853,28.295031,0
          </coordinates>
        </Point>
      </Placemark>
      <Placemark>
        <name>طويل مسند</name>
        <styleUrl>#icon-1739-757575-labelson-nodesc</styleUrl>
        <Point>
          <coordinates>
            38.070824,27.240901,0
          </coordinates>
        </Point>
      </Placemark>
      <Placemark>
        <name>طيب الاسم</name>
        <styleUrl>#icon-1739-757575-labelson-nodesc</styleUrl>
        <Point>
          <coordinates>
            34.833527,28.569474,0
          </coordinates>
        </Point>
      </Placemark>
      <Placemark>
        <name>ظلما</name>
        <styleUrl>#icon-1739-757575-labelson-nodesc</styleUrl>
        <Point>
          <coordinates>
            37.229941,27.537682,0
          </coordinates>
        </Point>
      </Placemark>
      <Placemark>
        <name>ظهرة اذينتين</name>
        <styleUrl>#icon-1739-757575-labelson-nodesc</styleUrl>
        <Point>
          <coordinates>
            37.139647,29.775631,0
          </coordinates>
        </Point>
      </Placemark>
      <Placemark>
        <name>ظهرة الثميد</name>
        <styleUrl>#icon-1739-757575-labelson-nodesc</styleUrl>
        <Point>
          <coordinates>
            37.27968,29.656928,0
          </coordinates>
        </Point>
      </Placemark>
      <Placemark>
        <name>ظهرة الفصفصيات</name>
        <styleUrl>#icon-1739-757575-labelson-nodesc</styleUrl>
        <Point>
          <coordinates>
            37.168915,29.690187,0
          </coordinates>
        </Point>
      </Placemark>
      <Placemark>
        <name>ظهير حمار</name>
        <styleUrl>#icon-1739-757575-labelson-nodesc</styleUrl>
        <Point>
          <coordinates>
            37.914569,29.546528,0
          </coordinates>
        </Point>
      </Placemark>
      <Placemark>
        <name>عاجات</name>
        <styleUrl>#icon-1739-757575-labelson-nodesc</styleUrl>
        <Point>
          <coordinates>
            36.284301,28.885224,0
          </coordinates>
        </Point>
      </Placemark>
      <Placemark>
        <name>عبد وعلة</name>
        <styleUrl>#icon-1739-757575-labelson-nodesc</styleUrl>
        <Point>
          <coordinates>
            38.095415,29.611008,0
          </coordinates>
        </Point>
      </Placemark>
      <Placemark>
        <name>عجاج</name>
        <styleUrl>#icon-1739-757575-labelson-nodesc</styleUrl>
        <Point>
          <coordinates>
            38.012609,28.989573,0
          </coordinates>
        </Point>
      </Placemark>
      <Placemark>
        <name>عرابش</name>
        <styleUrl>#icon-1739-757575-labelson-nodesc</styleUrl>
        <Point>
          <coordinates>
            36.666677,26.50001,0
          </coordinates>
        </Point>
      </Placemark>
      <Placemark>
        <name>عرف المصاول</name>
        <styleUrl>#icon-1739-757575-labelson-nodesc</styleUrl>
        <Point>
          <coordinates>
            37.915857,29.510071,0
          </coordinates>
        </Point>
      </Placemark>
      <Placemark>
        <name>عرف غفوة</name>
        <styleUrl>#icon-1739-757575-labelson-nodesc</styleUrl>
        <Point>
          <coordinates>
            36.191025,26.855736,0
          </coordinates>
        </Point>
      </Placemark>
      <Placemark>
        <name>عرق سعيد</name>
        <styleUrl>#icon-1739-757575-labelson-nodesc</styleUrl>
        <Point>
          <coordinates>
            35.607226,28.38541,0
          </coordinates>
        </Point>
      </Placemark>
      <Placemark>
        <name>عرقين</name>
        <styleUrl>#icon-1739-757575-labelson-nodesc</styleUrl>
        <Point>
          <coordinates>
            35.521159,28.591533,0
          </coordinates>
        </Point>
      </Placemark>
      <Placemark>
        <name>عروس الخنفة</name>
        <styleUrl>#icon-1739-757575-labelson-nodesc</styleUrl>
        <Point>
          <coordinates>
            39.100664,28.609536,0
          </coordinates>
        </Point>
      </Placemark>
      <Placemark>
        <name>عريدة</name>
        <styleUrl>#icon-1739-757575-labelson-nodesc</styleUrl>
        <Point>
          <coordinates>
            38.504999,26.98195,0
          </coordinates>
        </Point>
      </Placemark>
      <Placemark>
        <name>عريق الحلوات</name>
        <styleUrl>#icon-1739-757575-labelson-nodesc</styleUrl>
        <Point>
          <coordinates>
            38.800771,28.676119,0
          </coordinates>
        </Point>
      </Placemark>
      <Placemark>
        <name>عش الغراب</name>
        <styleUrl>#icon-1739-757575-labelson-nodesc</styleUrl>
        <Point>
          <coordinates>
            35.071964,29.086089,0
          </coordinates>
        </Point>
      </Placemark>
      <Placemark>
        <name>عش النسر</name>
        <styleUrl>#icon-1739-757575-labelson-nodesc</styleUrl>
        <Point>
          <coordinates>
            37.347658,29.664073,0
          </coordinates>
        </Point>
      </Placemark>
      <Placemark>
        <name>عفير الدحو</name>
        <styleUrl>#icon-1739-757575-labelson-nodesc</styleUrl>
        <Point>
          <coordinates>
            37.019463,26.328735,0
          </coordinates>
        </Point>
      </Placemark>
      <Placemark>
        <name>عقبة حجالة</name>
        <styleUrl>#icon-1739-757575-labelson-nodesc</styleUrl>
        <Point>
          <coordinates>
            36.619363,27.658081,0
          </coordinates>
        </Point>
      </Placemark>
      <Placemark>
        <name>عقبة رواء</name>
        <styleUrl>#icon-1739-757575-labelson-nodesc</styleUrl>
        <Point>
          <coordinates>
            35.61729,28.254647,0
          </coordinates>
        </Point>
      </Placemark>
      <Placemark>
        <name>علجان</name>
        <styleUrl>#icon-1739-757575-labelson-nodesc</styleUrl>
        <Point>
          <coordinates>
            35.183609,28.66112,0
          </coordinates>
        </Point>
      </Placemark>
      <Placemark>
        <name>عنين</name>
        <styleUrl>#icon-1739-757575-labelson-nodesc</styleUrl>
        <Point>
          <coordinates>
            38.313339,26.961951,0
          </coordinates>
        </Point>
      </Placemark>
      <Placemark>
        <name>عهد</name>
        <styleUrl>#icon-1739-757575-labelson-nodesc</styleUrl>
        <Point>
          <coordinates>
            36.323869,27.778115,0
          </coordinates>
        </Point>
      </Placemark>
      <Placemark>
        <name>غراميل ابو نبطة</name>
        <styleUrl>#icon-1739-757575-labelson-nodesc</styleUrl>
        <Point>
          <coordinates>
            39.109096,27.236416,0
          </coordinates>
        </Point>
      </Placemark>
      <Placemark>
        <name>غراميل المذيبح</name>
        <styleUrl>#icon-1739-757575-labelson-nodesc</styleUrl>
        <Point>
          <coordinates>
            39.222221,27.127454,0
          </coordinates>
        </Point>
      </Placemark>
      <Placemark>
        <name>غراميل المصبح</name>
        <styleUrl>#icon-1739-757575-labelson-nodesc</styleUrl>
        <Point>
          <coordinates>
            39.071031,27.202191,0
          </coordinates>
        </Point>
      </Placemark>
      <Placemark>
        <name>غراميل غارس</name>
        <styleUrl>#icon-1739-757575-labelson-nodesc</styleUrl>
        <Point>
          <coordinates>
            38.96224,27.296734,0
          </coordinates>
        </Point>
      </Placemark>
      <Placemark>
        <name>غسال</name>
        <styleUrl>#icon-1739-757575-labelson-nodesc</styleUrl>
        <Point>
          <coordinates>
            39.839087,27.373981,0
          </coordinates>
        </Point>
      </Placemark>
      <Placemark>
        <name>غظافي ابوطريفيا</name>
        <styleUrl>#icon-1739-757575-labelson-nodesc</styleUrl>
        <Point>
          <coordinates>
            37.436986,29.654224,0
          </coordinates>
        </Point>
      </Placemark>
      <Placemark>
        <name>غليل</name>
        <styleUrl>#icon-1739-757575-labelson-nodesc</styleUrl>
        <Point>
          <coordinates>
            36.158323,27.701747,0
          </coordinates>
        </Point>
      </Placemark>
      <Placemark>
        <name>غويل النسور</name>
        <styleUrl>#icon-1739-757575-labelson-nodesc</styleUrl>
        <Point>
          <coordinates>
            36.192441,28.686268,0
          </coordinates>
        </Point>
      </Placemark>
      <Placemark>
        <name>غويل مناوة</name>
        <styleUrl>#icon-1739-757575-labelson-nodesc</styleUrl>
        <Point>
          <coordinates>
            35.716252,28.306189,0
          </coordinates>
        </Point>
      </Placemark>
      <Placemark>
        <name>فرحة</name>
        <styleUrl>#icon-1739-757575-labelson-nodesc</styleUrl>
        <Point>
          <coordinates>
            39.545567,27.731938,0
          </coordinates>
        </Point>
      </Placemark>
      <Placemark>
        <name>فردان</name>
        <styleUrl>#icon-1739-757575-labelson-nodesc</styleUrl>
        <Point>
          <coordinates>
            37.236121,27.475004,0
          </coordinates>
        </Point>
      </Placemark>
      <Placemark>
        <name>فزر ام غظية</name>
        <styleUrl>#icon-1739-757575-labelson-nodesc</styleUrl>
        <Point>
          <coordinates>
            36.673479,28.680668,0
          </coordinates>
        </Point>
      </Placemark>
      <Placemark>
        <name>قارة ابوثنية</name>
        <styleUrl>#icon-1739-757575-labelson-nodesc</styleUrl>
        <Point>
          <coordinates>
            38.724511,28.936551,0
          </coordinates>
        </Point>
      </Placemark>
      <Placemark>
        <name>قارة اديرع</name>
        <styleUrl>#icon-1739-757575-labelson-nodesc</styleUrl>
        <Point>
          <coordinates>
            39.3014,27.070398,0
          </coordinates>
        </Point>
      </Placemark>
      <Placemark>
        <name>قارة الحصان</name>
        <styleUrl>#icon-1739-757575-labelson-nodesc</styleUrl>
        <Point>
          <coordinates>
            38.784142,27.257423,0
          </coordinates>
        </Point>
      </Placemark>
      <Placemark>
        <name>قارة الحصانية</name>
        <styleUrl>#icon-1739-757575-labelson-nodesc</styleUrl>
        <Point>
          <coordinates>
            38.84388,27.149384,0
          </coordinates>
        </Point>
      </Placemark>
      <Placemark>
        <name>قارة الحيران</name>
        <styleUrl>#icon-1739-757575-labelson-nodesc</styleUrl>
        <Point>
          <coordinates>
            38.736119,27.259333,0
          </coordinates>
        </Point>
      </Placemark>
      <Placemark>
        <name>قارة السعلوة</name>
        <styleUrl>#icon-1739-757575-labelson-nodesc</styleUrl>
        <Point>
          <coordinates>
            38.915806,27.15477,0
          </coordinates>
        </Point>
      </Placemark>
      <Placemark>
        <name>قارة الشرح</name>
        <styleUrl>#icon-1739-757575-labelson-nodesc</styleUrl>
        <Point>
          <coordinates>
            38.447471,27.135866,0
          </coordinates>
        </Point>
      </Placemark>
      <Placemark>
        <name>قارة الضبعة</name>
        <styleUrl>#icon-1739-757575-labelson-nodesc</styleUrl>
        <Point>
          <coordinates>
            38.819397,27.176635,0
          </coordinates>
        </Point>
      </Placemark>
      <Placemark>
        <name>قارة القزيع</name>
        <styleUrl>#icon-1739-757575-labelson-nodesc</styleUrl>
        <Point>
          <coordinates>
            38.298855,29.069309,0
          </coordinates>
        </Point>
      </Placemark>
      <Placemark>
        <name>قارة المعيقل</name>
        <styleUrl>#icon-1739-757575-labelson-nodesc</styleUrl>
        <Point>
          <coordinates>
            39.253464,27.025337,0
          </coordinates>
        </Point>
      </Placemark>
      <Placemark>
        <name>قارة ام جثاثة</name>
        <styleUrl>#icon-1739-757575-labelson-nodesc</styleUrl>
        <Point>
          <coordinates>
            37.959673,27.472773,0
          </coordinates>
        </Point>
      </Placemark>
      <Placemark>
        <name>قارة حثار</name>
        <styleUrl>#icon-1739-757575-labelson-nodesc</styleUrl>
        <Point>
          <coordinates>
            38.815041,27.274761,0
          </coordinates>
        </Point>
      </Placemark>
      <Placemark>
        <name>قارة راس ابو ضعيات</name>
        <styleUrl>#icon-1739-757575-labelson-nodesc</styleUrl>
        <Point>
          <coordinates>
            38.334432,28.084724,0
          </coordinates>
        </Point>
      </Placemark>
      <Placemark>
        <name>قارة شهابة</name>
        <styleUrl>#icon-1739-757575-labelson-nodesc</styleUrl>
        <Point>
          <coordinates>
            38.27568,27.381363,0
          </coordinates>
        </Point>
      </Placemark>
      <Placemark>
        <name>قارة صليهم</name>
        <styleUrl>#icon-1739-757575-labelson-nodesc</styleUrl>
        <Point>
          <coordinates>
            39.363048,27.072051,0
          </coordinates>
        </Point>
      </Placemark>
      <Placemark>
        <name>قارة عزم</name>
        <styleUrl>#icon-1739-757575-labelson-nodesc</styleUrl>
        <Point>
          <coordinates>
            38.521478,28.83733,0
          </coordinates>
        </Point>
      </Placemark>
      <Placemark>
        <name>قارة عمران</name>
        <styleUrl>#icon-1739-757575-labelson-nodesc</styleUrl>
        <Point>
          <coordinates>
            39.23089,27.064004,0
          </coordinates>
        </Point>
      </Placemark>
      <Placemark>
        <name>قارة قمرا</name>
        <styleUrl>#icon-1739-757575-labelson-nodesc</styleUrl>
        <Point>
          <coordinates>
            36.706889,29.36506,0
          </coordinates>
        </Point>
      </Placemark>
      <Placemark>
        <name>قارة مشاش الموت</name>
        <styleUrl>#icon-1739-757575-labelson-nodesc</styleUrl>
        <Point>
          <coordinates>
            38.657219,29.028304,0
          </coordinates>
        </Point>
      </Placemark>
      <Placemark>
        <name>قارةام ثمامة</name>
        <styleUrl>#icon-1739-757575-labelson-nodesc</styleUrl>
        <Point>
          <coordinates>
            38.929861,27.048383,0
          </coordinates>
        </Point>
      </Placemark>
      <Placemark>
        <name>قامرة</name>
        <styleUrl>#icon-1739-757575-labelson-nodesc</styleUrl>
        <Point>
          <coordinates>
            36.450362,27.183137,0
          </coordinates>
        </Point>
      </Placemark>
      <Placemark>
        <name>قرن البدن</name>
        <styleUrl>#icon-1739-757575-labelson-nodesc</styleUrl>
        <Point>
          <coordinates>
            38.499999,27.566671,0
          </coordinates>
        </Point>
      </Placemark>
      <Placemark>
        <name>قرنين</name>
        <styleUrl>#icon-1739-757575-labelson-nodesc</styleUrl>
        <Point>
          <coordinates>
            38.435154,27.834034,0
          </coordinates>
        </Point>
      </Placemark>
      <Placemark>
        <name>قريه</name>
        <styleUrl>#icon-1739-757575-labelson-nodesc</styleUrl>
        <Point>
          <coordinates>
            39.541104,28.345199,0
          </coordinates>
        </Point>
      </Placemark>
      <Placemark>
        <name>قصديرة السلاعو</name>
        <styleUrl>#icon-1739-757575-labelson-nodesc</styleUrl>
        <Point>
          <coordinates>
            37.883091,27.891176,0
          </coordinates>
        </Point>
      </Placemark>
      <Placemark>
        <name>قصديرة السلاعو</name>
        <styleUrl>#icon-1739-757575-labelson-nodesc</styleUrl>
        <Point>
          <coordinates>
            37.912338,27.929027,0
          </coordinates>
        </Point>
      </Placemark>
      <Placemark>
        <name>قطر جريدا</name>
        <styleUrl>#icon-1739-757575-labelson-nodesc</styleUrl>
        <Point>
          <coordinates>
            38.381252,27.44653,0
          </coordinates>
        </Point>
      </Placemark>
      <Placemark>
        <name>قطع البدون</name>
        <styleUrl>#icon-1739-757575-labelson-nodesc</styleUrl>
        <Point>
          <coordinates>
            39.470143,27.141294,0
          </coordinates>
        </Point>
      </Placemark>
      <Placemark>
        <name>قطع الفهود</name>
        <styleUrl>#icon-1739-757575-labelson-nodesc</styleUrl>
        <Point>
          <coordinates>
            37.196574,29.889057,0
          </coordinates>
        </Point>
      </Placemark>
      <Placemark>
        <name>قطعة حزيب</name>
        <styleUrl>#icon-1739-757575-labelson-nodesc</styleUrl>
        <Point>
          <coordinates>
            39.534731,27.166529,0
          </coordinates>
        </Point>
      </Placemark>
      <Placemark>
        <name>قطعة ويس</name>
        <styleUrl>#icon-1739-757575-labelson-nodesc</styleUrl>
        <Point>
          <coordinates>
            39.784884,27.196398,0
          </coordinates>
        </Point>
      </Placemark>
      <Placemark>
        <name>قعبة العلم</name>
        <styleUrl>#icon-1739-757575-labelson-nodesc</styleUrl>
        <Point>
          <coordinates>
            37.999992,28.749998,0
          </coordinates>
        </Point>
      </Placemark>
      <Placemark>
        <name>قعر المخزن</name>
        <styleUrl>#icon-1739-757575-labelson-nodesc</styleUrl>
        <Point>
          <coordinates>
            39.483597,27.951236,0
          </coordinates>
        </Point>
      </Placemark>
      <Placemark>
        <name>قلب الزيتة</name>
        <styleUrl>#icon-1739-757575-labelson-nodesc</styleUrl>
        <Point>
          <coordinates>
            35.832059,28.843145,0
          </coordinates>
        </Point>
      </Placemark>
      <Placemark>
        <name>قلب حمد</name>
        <styleUrl>#icon-1739-757575-labelson-nodesc</styleUrl>
        <Point>
          <coordinates>
            37.718961,29.611051,0
          </coordinates>
        </Point>
      </Placemark>
      <Placemark>
        <name>قلتة عزارة</name>
        <styleUrl>#icon-1739-757575-labelson-nodesc</styleUrl>
        <Point>
          <coordinates>
            38.132515,26.935215,0
          </coordinates>
        </Point>
      </Placemark>
      <Placemark>
        <name>قلوب الخيل</name>
        <styleUrl>#icon-1739-757575-labelson-nodesc</styleUrl>
        <Point>
          <coordinates>
            36.488192,29.237258,0
          </coordinates>
        </Point>
      </Placemark>
      <Placemark>
        <name>قليب احمد</name>
        <styleUrl>#icon-1739-757575-labelson-nodesc</styleUrl>
        <Point>
          <coordinates>
            37.934525,29.626307,0
          </coordinates>
        </Point>
      </Placemark>
      <Placemark>
        <name>قليب الذيب</name>
        <styleUrl>#icon-1739-757575-labelson-nodesc</styleUrl>
        <Point>
          <coordinates>
            38.04368,29.429455,0
          </coordinates>
        </Point>
      </Placemark>
      <Placemark>
        <name>قليب القنيص</name>
        <styleUrl>#icon-1739-757575-labelson-nodesc</styleUrl>
        <Point>
          <coordinates>
            37.810135,27.971063,0
          </coordinates>
        </Point>
      </Placemark>
      <Placemark>
        <name>قليبات الناقة</name>
        <styleUrl>#icon-1739-757575-labelson-nodesc</styleUrl>
        <Point>
          <coordinates>
            37.460439,29.24391,0
          </coordinates>
        </Point>
      </Placemark>
      <Placemark>
        <name>قليبات نصار</name>
        <styleUrl>#icon-1739-757575-labelson-nodesc</styleUrl>
        <Point>
          <coordinates>
            37.454882,29.336307,0
          </coordinates>
        </Point>
      </Placemark>
      <Placemark>
        <name>قميله</name>
        <styleUrl>#icon-1739-757575-labelson-nodesc</styleUrl>
        <Point>
          <coordinates>
            34.927855,28.183193,0
          </coordinates>
        </Point>
      </Placemark>
      <Placemark>
        <name>قور ام قصير</name>
        <styleUrl>#icon-1739-757575-labelson-nodesc</styleUrl>
        <Point>
          <coordinates>
            38.71346,27.126467,0
          </coordinates>
        </Point>
      </Placemark>
      <Placemark>
        <name>قور رحيان</name>
        <styleUrl>#icon-1739-757575-labelson-nodesc</styleUrl>
        <Point>
          <coordinates>
            38.131742,27.154319,0
          </coordinates>
        </Point>
      </Placemark>
      <Placemark>
        <name>قور مليح</name>
        <styleUrl>#icon-1739-757575-labelson-nodesc</styleUrl>
        <Point>
          <coordinates>
            38.373013,29.010644,0
          </coordinates>
        </Point>
      </Placemark>
      <Placemark>
        <name>قويرةمشل</name>
        <styleUrl>#icon-1739-757575-labelson-nodesc</styleUrl>
        <Point>
          <coordinates>
            37.969372,27.327869,0
          </coordinates>
        </Point>
      </Placemark>
      <Placemark>
        <name>كبيدة</name>
        <styleUrl>#icon-1739-757575-labelson-nodesc</styleUrl>
        <Point>
          <coordinates>
            35.033319,28.383329,0
          </coordinates>
        </Point>
      </Placemark>
      <Placemark>
        <name>كسر ابوصفاة</name>
        <styleUrl>#icon-1739-757575-labelson-nodesc</styleUrl>
        <Point>
          <coordinates>
            37.702911,29.793012,0
          </coordinates>
        </Point>
      </Placemark>
      <Placemark>
        <name>كسر الزعوبية</name>
        <styleUrl>#icon-1739-757575-labelson-nodesc</styleUrl>
        <Point>
          <coordinates>
            37.631006,29.799149,0
          </coordinates>
        </Point>
      </Placemark>
      <Placemark>
        <name>كسرالصيف</name>
        <styleUrl>#icon-1739-757575-labelson-nodesc</styleUrl>
        <Point>
          <coordinates>
            37.612166,29.852171,0
          </coordinates>
        </Point>
      </Placemark>
      <Placemark>
        <name>كفافة</name>
        <styleUrl>#icon-1739-757575-labelson-nodesc</styleUrl>
        <Point>
          <coordinates>
            35.750005,27.354434,0
          </coordinates>
        </Point>
      </Placemark>
      <Placemark>
        <name>كلوة</name>
        <styleUrl>#icon-1739-757575-labelson-nodesc</styleUrl>
        <Point>
          <coordinates>
            37.521958,29.698555,0
          </coordinates>
        </Point>
      </Placemark>
      <Placemark>
        <name>لاية</name>
        <styleUrl>#icon-1739-757575-labelson-nodesc</styleUrl>
        <Point>
          <coordinates>
            36.653159,27.735908,0
          </coordinates>
        </Point>
      </Placemark>
      <Placemark>
        <name>لح</name>
        <styleUrl>#icon-1739-757575-labelson-nodesc</styleUrl>
        <Point>
          <coordinates>
            36.133325,28.749998,0
          </coordinates>
        </Point>
      </Placemark>
      <Placemark>
        <name>لسق ظلما</name>
        <styleUrl>#icon-1739-757575-labelson-nodesc</styleUrl>
        <Point>
          <coordinates>
            37.297168,27.55532,0
          </coordinates>
        </Point>
      </Placemark>
      <Placemark>
        <name>لصان</name>
        <styleUrl>#icon-1739-757575-labelson-nodesc</styleUrl>
        <Point>
          <coordinates>
            37.286868,28.017197,0
          </coordinates>
        </Point>
      </Placemark>
      <Placemark>
        <name>لغف المكيحيل</name>
        <styleUrl>#icon-1739-757575-labelson-nodesc</styleUrl>
        <Point>
          <coordinates>
            39.447677,28.700087,0
          </coordinates>
        </Point>
      </Placemark>
      <Placemark>
        <name>لغف النفود</name>
        <styleUrl>#icon-1739-757575-labelson-nodesc</styleUrl>
        <Point>
          <coordinates>
            38.933551,27.96617,0
          </coordinates>
        </Point>
      </Placemark>
      <Placemark>
        <name>لغف نواحة</name>
        <styleUrl>#icon-1739-757575-labelson-nodesc</styleUrl>
        <Point>
          <coordinates>
            39.631805,27.182407,0
          </coordinates>
        </Point>
      </Placemark>
      <Placemark>
        <name>لقط</name>
        <styleUrl>#icon-1739-757575-labelson-nodesc</styleUrl>
        <Point>
          <coordinates>
            39.363649,27.022076,0
          </coordinates>
        </Point>
      </Placemark>
      <Placemark>
        <name>ليمونة</name>
        <styleUrl>#icon-1739-757575-labelson-nodesc</styleUrl>
        <Point>
          <coordinates>
            38.07061,27.09898,0
          </coordinates>
        </Point>
      </Placemark>
      <Placemark>
        <name>متان الرويضة</name>
        <styleUrl>#icon-1739-757575-labelson-nodesc</styleUrl>
        <Point>
          <coordinates>
            36.964016,25.996056,0
          </coordinates>
        </Point>
      </Placemark>
      <Placemark>
        <name>متاهة الفرحة</name>
        <styleUrl>#icon-1739-757575-labelson-nodesc</styleUrl>
        <Point>
          <coordinates>
            39.528959,27.760584,0
          </coordinates>
        </Point>
      </Placemark>
      <Placemark>
        <name>متنة العسكرية</name>
        <styleUrl>#icon-1739-757575-labelson-nodesc</styleUrl>
        <Point>
          <coordinates>
            36.039512,27.156508,0
          </coordinates>
        </Point>
      </Placemark>
      <Placemark>
        <name>مثلث الحصانة</name>
        <styleUrl>#icon-1739-757575-labelson-nodesc</styleUrl>
        <Point>
          <coordinates>
            39.215097,27.244592,0
          </coordinates>
        </Point>
      </Placemark>
      <Placemark>
        <name>مجيهيلة</name>
        <styleUrl>#icon-1739-757575-labelson-nodesc</styleUrl>
        <Point>
          <coordinates>
            35.549011,27.844827,0
          </coordinates>
        </Point>
      </Placemark>
      <Placemark>
        <name>محاش</name>
        <styleUrl>#icon-1739-757575-labelson-nodesc</styleUrl>
        <Point>
          <coordinates>
            35.150006,28.454161,0
          </coordinates>
        </Point>
      </Placemark>
      <Placemark>
        <name>محدر بغيثات</name>
        <styleUrl>#icon-1739-757575-labelson-nodesc</styleUrl>
        <Point>
          <coordinates>
            38.220642,28.627646,0
          </coordinates>
        </Point>
      </Placemark>
      <Placemark>
        <name>محطة خشم صنعاء</name>
        <styleUrl>#icon-1739-757575-labelson-nodesc</styleUrl>
        <Point>
          <coordinates>
            37.629676,27.536287,0
          </coordinates>
        </Point>
      </Placemark>
      <Placemark>
        <name>محمية الطبيق</name>
        <styleUrl>#icon-1739-757575-labelson-nodesc</styleUrl>
        <Point>
          <coordinates>
            37.127695,29.526851,0
          </coordinates>
        </Point>
      </Placemark>
      <Placemark>
        <name>محير الدويخلة</name>
        <styleUrl>#icon-1739-757575-labelson-nodesc</styleUrl>
        <Point>
          <coordinates>
            37.397718,29.690659,0
          </coordinates>
        </Point>
      </Placemark>
      <Placemark>
        <name>محير الصيف</name>
        <styleUrl>#icon-1739-757575-labelson-nodesc</styleUrl>
        <Point>
          <coordinates>
            37.444131,29.958022,0
          </coordinates>
        </Point>
      </Placemark>
      <Placemark>
        <name>محير ام زرب</name>
        <styleUrl>#icon-1739-757575-labelson-nodesc</styleUrl>
        <Point>
          <coordinates>
            35.900874,29.193163,0
          </coordinates>
        </Point>
      </Placemark>
      <Placemark>
        <name>مديسيس</name>
        <styleUrl>#icon-1739-757575-labelson-nodesc</styleUrl>
        <Point>
          <coordinates>
            37.619441,29.7737,0
          </coordinates>
        </Point>
      </Placemark>
      <Placemark>
        <name>مراميث</name>
        <styleUrl>#icon-1739-757575-labelson-nodesc</styleUrl>
        <Point>
          <coordinates>
            34.944077,28.145342,0
          </coordinates>
        </Point>
      </Placemark>
      <Placemark>
        <name>مرتفع ام سلمة</name>
        <styleUrl>#icon-1739-757575-labelson-nodesc</styleUrl>
        <Point>
          <coordinates>
            37.218418,25.546582,0
          </coordinates>
        </Point>
      </Placemark>
      <Placemark>
        <name>مرسى الخوارة</name>
        <styleUrl>#icon-1739-757575-labelson-nodesc</styleUrl>
        <Point>
          <coordinates>
            37.080059,25.337992,0
          </coordinates>
        </Point>
      </Placemark>
      <Placemark>
        <name>مرسى الضلعة</name>
        <styleUrl>#icon-1739-757575-labelson-nodesc</styleUrl>
        <Point>
          <coordinates>
            35.21513,27.978873,0
          </coordinates>
        </Point>
      </Placemark>
      <Placemark>
        <name>مركز الأثيلي</name>
        <styleUrl>#icon-1739-757575-labelson-nodesc</styleUrl>
        <Point>
          <coordinates>
            36.750104,28.216796,0
          </coordinates>
        </Point>
      </Placemark>
      <Placemark>
        <name>مركز الخشة</name>
        <styleUrl>#icon-1739-757575-labelson-nodesc</styleUrl>
        <Point>
          <coordinates>
            36.350219,29.373236,0
          </coordinates>
        </Point>
      </Placemark>
      <Placemark>
        <name>مركز السطانية</name>
        <styleUrl>#icon-1739-757575-labelson-nodesc</styleUrl>
        <Point>
          <coordinates>
            34.861786,29.011588,0
          </coordinates>
        </Point>
      </Placemark>
      <Placemark>
        <name>مركز الشريح القديم</name>
        <styleUrl>#icon-1739-757575-labelson-nodesc</styleUrl>
        <Point>
          <coordinates>
            34.879746,29.10598,0
          </coordinates>
        </Point>
      </Placemark>
      <Placemark>
        <name>مركز الصياني</name>
        <styleUrl>#icon-1739-757575-labelson-nodesc</styleUrl>
        <Point>
          <coordinates>
            35.899672,29.107933,0
          </coordinates>
        </Point>
      </Placemark>
      <Placemark>
        <name>مركز القف</name>
        <styleUrl>#icon-1739-757575-labelson-nodesc</styleUrl>
        <Point>
          <coordinates>
            35.804572,27.118936,0
          </coordinates>
        </Point>
      </Placemark>
      <Placemark>
        <name>مركز المرير</name>
        <styleUrl>#icon-1739-757575-labelson-nodesc</styleUrl>
        <Point>
          <coordinates>
            35.356729,27.806761,0
          </coordinates>
        </Point>
      </Placemark>
      <Placemark>
        <name>مركز المريشديه</name>
        <styleUrl>#icon-1739-757575-labelson-nodesc</styleUrl>
        <Point>
          <coordinates>
            37.421472,29.924419,0
          </coordinates>
        </Point>
      </Placemark>
      <Placemark>
        <name>مركز المشيطية</name>
        <styleUrl>#icon-1739-757575-labelson-nodesc</styleUrl>
        <Point>
          <coordinates>
            36.247265,29.224191,0
          </coordinates>
        </Point>
      </Placemark>
      <Placemark>
        <name>مركز برك</name>
        <styleUrl>#icon-1739-757575-labelson-nodesc</styleUrl>
        <Point>
          <coordinates>
            36.860161,28.153667,0
          </coordinates>
        </Point>
      </Placemark>
      <Placemark>
        <name>مركز بير الماشي</name>
        <styleUrl>#icon-1739-757575-labelson-nodesc</styleUrl>
        <Point>
          <coordinates>
            34.836638,28.84984,0
          </coordinates>
        </Point>
      </Placemark>
      <Placemark>
        <name>مركز علقان</name>
        <styleUrl>#icon-1739-757575-labelson-nodesc</styleUrl>
        <Point>
          <coordinates>
            35.321238,29.298263,0
          </coordinates>
        </Point>
      </Placemark>
      <Placemark>
        <name>مركز عمرات</name>
        <styleUrl>#icon-1739-757575-labelson-nodesc</styleUrl>
        <Point>
          <coordinates>
            36.630392,29.627531,0
          </coordinates>
        </Point>
      </Placemark>
      <Placemark>
        <name>مركز قاد</name>
        <styleUrl>#icon-1739-757575-labelson-nodesc</styleUrl>
        <Point>
          <coordinates>
            34.821982,28.09438,0
          </coordinates>
        </Point>
      </Placemark>
      <Placemark>
        <name>مركز قرين غزال</name>
        <styleUrl>#icon-1739-757575-labelson-nodesc</styleUrl>
        <Point>
          <coordinates>
            36.95966,28.10041,0
          </coordinates>
        </Point>
      </Placemark>
      <Placemark>
        <name>مريخات</name>
        <styleUrl>#icon-1739-757575-labelson-nodesc</styleUrl>
        <Point>
          <coordinates>
            37.350147,25.800061,0
          </coordinates>
        </Point>
      </Placemark>
      <Placemark>
        <name>مزارع الظلفة</name>
        <styleUrl>#icon-1739-757575-labelson-nodesc</styleUrl>
        <Point>
          <coordinates>
            36.799436,27.398829,0
          </coordinates>
        </Point>
      </Placemark>
      <Placemark>
        <name>مزارع قيال</name>
        <styleUrl>#icon-1739-757575-labelson-nodesc</styleUrl>
        <Point>
          <coordinates>
            34.974031,28.325586,0
          </coordinates>
        </Point>
      </Placemark>
      <Placemark>
        <name>مزارع محجة</name>
        <styleUrl>#icon-1739-757575-labelson-nodesc</styleUrl>
        <Point>
          <coordinates>
            38.564436,27.514637,0
          </coordinates>
        </Point>
      </Placemark>
      <Placemark>
        <name>مسوك النعم</name>
        <styleUrl>#icon-1739-757575-labelson-nodesc</styleUrl>
        <Point>
          <coordinates>
            36.025457,28.61166,0
          </coordinates>
        </Point>
      </Placemark>
      <Placemark>
        <name>مشاش البخيرة</name>
        <styleUrl>#icon-1739-757575-labelson-nodesc</styleUrl>
        <Point>
          <coordinates>
            39.672575,27.136509,0
          </coordinates>
        </Point>
      </Placemark>
      <Placemark>
        <name>مشاش البياضية</name>
        <styleUrl>#icon-1739-757575-labelson-nodesc</styleUrl>
        <Point>
          <coordinates>
            37.866676,27.845836,0
          </coordinates>
        </Point>
      </Placemark>
      <Placemark>
        <name>مشاش الحازم</name>
        <styleUrl>#icon-1739-757575-labelson-nodesc</styleUrl>
        <Point>
          <coordinates>
            37.981324,28.879731,0
          </coordinates>
        </Point>
      </Placemark>
      <Placemark>
        <name>مشاش الخشة</name>
        <styleUrl>#icon-1739-757575-labelson-nodesc</styleUrl>
        <Point>
          <coordinates>
            36.309299,29.29558,0
          </coordinates>
        </Point>
      </Placemark>
      <Placemark>
        <name>مشاش الرس</name>
        <styleUrl>#icon-1739-757575-labelson-nodesc</styleUrl>
        <Point>
          <coordinates>
            35.356987,28.833897,0
          </coordinates>
        </Point>
      </Placemark>
      <Placemark>
        <name>مشاش الرواضين</name>
        <styleUrl>#icon-1739-757575-labelson-nodesc</styleUrl>
        <Point>
          <coordinates>
            38.281388,28.031466,0
          </coordinates>
        </Point>
      </Placemark>
      <Placemark>
        <name>مشاش الصقرة</name>
        <styleUrl>#icon-1739-757575-labelson-nodesc</styleUrl>
        <Point>
          <coordinates>
            38.710928,26.803572,0
          </coordinates>
        </Point>
      </Placemark>
      <Placemark>
        <name>مشاش العقيلة</name>
        <styleUrl>#icon-1739-757575-labelson-nodesc</styleUrl>
        <Point>
          <coordinates>
            37.60457,27.755177,0
          </coordinates>
        </Point>
      </Placemark>
      <Placemark>
        <name>مشاش الفاطر</name>
        <styleUrl>#icon-1739-757575-labelson-nodesc</styleUrl>
        <Point>
          <coordinates>
            38.271904,28.459439,0
          </coordinates>
        </Point>
      </Placemark>
      <Placemark>
        <name>مشاش المسد</name>
        <styleUrl>#icon-1739-757575-labelson-nodesc</styleUrl>
        <Point>
          <coordinates>
            36.84484,27.740307,0
          </coordinates>
        </Point>
      </Placemark>
      <Placemark>
        <name>مشاش النقيرة</name>
        <styleUrl>#icon-1739-757575-labelson-nodesc</styleUrl>
        <Point>
          <coordinates>
            36.196754,26.932039,0
          </coordinates>
        </Point>
      </Placemark>
      <Placemark>
        <name>مشاش ام طرفاء</name>
        <styleUrl>#icon-1739-757575-labelson-nodesc</styleUrl>
        <Point>
          <coordinates>
            38.09372,28.442359,0
          </coordinates>
        </Point>
      </Placemark>
      <Placemark>
        <name>مشاش بقان</name>
        <styleUrl>#icon-1739-757575-labelson-nodesc</styleUrl>
        <Point>
          <coordinates>
            37.837729,29.275882,0
          </coordinates>
        </Point>
      </Placemark>
      <Placemark>
        <name>مشاش خرب</name>
        <styleUrl>#icon-1739-757575-labelson-nodesc</styleUrl>
        <Point>
          <coordinates>
            38.387496,27.01596,0
          </coordinates>
        </Point>
      </Placemark>
      <Placemark>
        <name>مشاش ضم</name>
        <styleUrl>#icon-1739-757575-labelson-nodesc</styleUrl>
        <Point>
          <coordinates>
            35.800109,28.472185,0
          </coordinates>
        </Point>
      </Placemark>
      <Placemark>
        <name>مشاش غنيم</name>
        <styleUrl>#icon-1739-757575-labelson-nodesc</styleUrl>
        <Point>
          <coordinates>
            38.287032,26.954033,0
          </coordinates>
        </Point>
      </Placemark>
      <Placemark>
        <name>مشاش قرقاع</name>
        <styleUrl>#icon-1739-757575-labelson-nodesc</styleUrl>
        <Point>
          <coordinates>
            38.609283,28.839519,0
          </coordinates>
        </Point>
      </Placemark>
      <Placemark>
        <name>مشاش معيوف</name>
        <styleUrl>#icon-1739-757575-labelson-nodesc</styleUrl>
        <Point>
          <coordinates>
            38.694878,26.823978,0
          </coordinates>
        </Point>
      </Placemark>
      <Placemark>
        <name>مشاش مقارب</name>
        <styleUrl>#icon-1739-757575-labelson-nodesc</styleUrl>
        <Point>
          <coordinates>
            36.075625,27.924628,0
          </coordinates>
        </Point>
      </Placemark>
      <Placemark>
        <name>مشبة ابوعرادة</name>
        <styleUrl>#icon-1739-757575-labelson-nodesc</styleUrl>
        <Point>
          <coordinates>
            37.510929,28.314857,0
          </coordinates>
        </Point>
      </Placemark>
      <Placemark>
        <name>مشروع ام برقاء</name>
        <styleUrl>#icon-1739-757575-labelson-nodesc</styleUrl>
        <Point>
          <coordinates>
            38.780386,27.090676,0
          </coordinates>
        </Point>
      </Placemark>
      <Placemark>
        <name>مشيريق</name>
        <styleUrl>#icon-1739-757575-labelson-nodesc</styleUrl>
        <Point>
          <coordinates>
            35.719042,28.598292,0
          </coordinates>
        </Point>
      </Placemark>
      <Placemark>
        <name>مصب ضم</name>
        <styleUrl>#icon-1739-757575-labelson-nodesc</styleUrl>
        <Point>
          <coordinates>
            36.469159,28.643997,0
          </coordinates>
        </Point>
      </Placemark>
      <Placemark>
        <name>مضيق مناوة</name>
        <styleUrl>#icon-1739-757575-labelson-nodesc</styleUrl>
        <Point>
          <coordinates>
            35.645785,28.315759,0
          </coordinates>
        </Point>
      </Placemark>
      <Placemark>
        <name>مطردة</name>
        <styleUrl>#icon-1739-757575-labelson-nodesc</styleUrl>
        <Point>
          <coordinates>
            37.337508,24.972224,0
          </coordinates>
        </Point>
      </Placemark>
      <Placemark>
        <name>معبد روافة</name>
        <styleUrl>#icon-1739-757575-labelson-nodesc</styleUrl>
        <Point>
          <coordinates>
            36.226559,27.752066,0
          </coordinates>
        </Point>
      </Placemark>
      <Placemark>
        <name>معدا الساده</name>
        <styleUrl>#icon-1739-757575-labelson-nodesc</styleUrl>
        <Point>
          <coordinates>
            39.233122,28.432231,0
          </coordinates>
        </Point>
      </Placemark>
      <Placemark>
        <name>معدا حلوان</name>
        <styleUrl>#icon-1739-757575-labelson-nodesc</styleUrl>
        <Point>
          <coordinates>
            39.23059,28.465855,0
          </coordinates>
        </Point>
      </Placemark>
      <Placemark>
        <name>مغاير الكفار</name>
        <styleUrl>#icon-1739-757575-labelson-nodesc</styleUrl>
        <Point>
          <coordinates>
            35.188887,28.093886,0
          </coordinates>
        </Point>
      </Placemark>
      <Placemark>
        <name>مغيراء</name>
        <styleUrl>#icon-1739-757575-labelson-nodesc</styleUrl>
        <Point>
          <coordinates>
            36.330414,26.746602,0
          </coordinates>
        </Point>
      </Placemark>
      <Placemark>
        <name>مقبرة ابا البارد</name>
        <styleUrl>#icon-1739-757575-labelson-nodesc</styleUrl>
        <Point>
          <coordinates>
            35.916645,28.451028,0
          </coordinates>
        </Point>
      </Placemark>
      <Placemark>
        <name>مقرح العقابل</name>
        <styleUrl>#icon-1739-757575-labelson-nodesc</styleUrl>
        <Point>
          <coordinates>
            36.933782,26.908865,0
          </coordinates>
        </Point>
      </Placemark>
      <Placemark>
        <name>مقرح رويث</name>
        <styleUrl>#icon-1739-757575-labelson-nodesc</styleUrl>
        <Point>
          <coordinates>
            36.035585,27.399387,0
          </coordinates>
        </Point>
      </Placemark>
      <Placemark>
        <name>مقرح واغر</name>
        <styleUrl>#icon-1739-757575-labelson-nodesc</styleUrl>
        <Point>
          <coordinates>
            36.345627,27.308385,0
          </coordinates>
        </Point>
      </Placemark>
      <Placemark>
        <name>مكيدة</name>
        <styleUrl>#icon-1739-757575-labelson-nodesc</styleUrl>
        <Point>
          <coordinates>
            37.426515,29.715872,0
          </coordinates>
        </Point>
      </Placemark>
      <Placemark>
        <name>مليح</name>
        <styleUrl>#icon-1739-757575-labelson-nodesc</styleUrl>
        <Point>
          <coordinates>
            38.397496,29.079437,0
          </coordinates>
        </Point>
      </Placemark>
      <Placemark>
        <name>منطار بني عطية</name>
        <styleUrl>#icon-1739-757575-labelson-nodesc</styleUrl>
        <Point>
          <coordinates>
            38.462706,27.687564,0
          </coordinates>
        </Point>
      </Placemark>
      <Placemark>
        <name>منطقة ابو جدعاء</name>
        <styleUrl>#icon-1739-757575-labelson-nodesc</styleUrl>
        <Point>
          <coordinates>
            37.231379,26.386285,0
          </coordinates>
        </Point>
      </Placemark>
      <Placemark>
        <name>منطقة الحسي</name>
        <styleUrl>#icon-1739-757575-labelson-nodesc</styleUrl>
        <Point>
          <coordinates>
            37.34077,24.636862,0
          </coordinates>
        </Point>
      </Placemark>
      <Placemark>
        <name>منطقة حسمى</name>
        <styleUrl>#icon-1739-757575-labelson-nodesc</styleUrl>
        <Point>
          <coordinates>
            35.844612,28.773408,0
          </coordinates>
        </Point>
      </Placemark>
      <Placemark>
        <name>منطقة روافة</name>
        <styleUrl>#icon-1739-757575-labelson-nodesc</styleUrl>
        <Point>
          <coordinates>
            36.250269,27.755756,0
          </coordinates>
        </Point>
      </Placemark>
      <Placemark>
        <name>منطقة فخذ الغربيه</name>
        <styleUrl>#icon-1739-757575-labelson-nodesc</styleUrl>
        <Point>
          <coordinates>
            38.586388,26.849728,0
          </coordinates>
        </Point>
      </Placemark>
      <Placemark>
        <name>مهجع متن</name>
        <styleUrl>#icon-1739-757575-labelson-nodesc</styleUrl>
        <Point>
          <coordinates>
            39.501321,27.01302,0
          </coordinates>
        </Point>
      </Placemark>
      <Placemark>
        <name>مويرب</name>
        <styleUrl>#icon-1739-757575-labelson-nodesc</styleUrl>
        <Point>
          <coordinates>
            36.458881,27.231653,0
          </coordinates>
        </Point>
      </Placemark>
      <Placemark>
        <name>نبا ابو براميل</name>
        <styleUrl>#icon-1739-757575-labelson-nodesc</styleUrl>
        <Point>
          <coordinates>
            38.941298,27.390375,0
          </coordinates>
        </Point>
      </Placemark>
      <Placemark>
        <name>نبع الشريح</name>
        <styleUrl>#icon-1739-757575-labelson-nodesc</styleUrl>
        <Point>
          <coordinates>
            35.726123,27.407992,0
          </coordinates>
        </Point>
      </Placemark>
      <Placemark>
        <name>نخل صيخان</name>
        <styleUrl>#icon-1739-757575-labelson-nodesc</styleUrl>
        <Point>
          <coordinates>
            37.517989,25.674684,0
          </coordinates>
        </Point>
      </Placemark>
      <Placemark>
        <name>ندرة السباع</name>
        <styleUrl>#icon-1739-757575-labelson-nodesc</styleUrl>
        <Point>
          <coordinates>
            36.122296,28.168924,0
          </coordinates>
        </Point>
      </Placemark>
      <Placemark>
        <name>نعجه</name>
        <styleUrl>#icon-1739-757575-labelson-nodesc</styleUrl>
        <Point>
          <coordinates>
            39.246683,28.225937,0
          </coordinates>
        </Point>
      </Placemark>
      <Placemark>
        <name>نقذه</name>
        <styleUrl>#icon-1739-757575-labelson-nodesc</styleUrl>
        <Point>
          <coordinates>
            39.205377,28.603249,0
          </coordinates>
        </Point>
      </Placemark>
      <Placemark>
        <name>نقرة الحيران</name>
        <styleUrl>#icon-1739-757575-labelson-nodesc</styleUrl>
        <Point>
          <coordinates>
            38.722193,27.285576,0
          </coordinates>
        </Point>
      </Placemark>
      <Placemark>
        <name>نقرةالخريشا</name>
        <styleUrl>#icon-1739-757575-labelson-nodesc</styleUrl>
        <Point>
          <coordinates>
            37.953601,27.265213,0
          </coordinates>
        </Point>
      </Placemark>
      <Placemark>
        <name>هدايد خضير</name>
        <styleUrl>#icon-1739-757575-labelson-nodesc</styleUrl>
        <Point>
          <coordinates>
            37.026458,29.514642,0
          </coordinates>
        </Point>
      </Placemark>
      <Placemark>
        <name>هدود سليم</name>
        <styleUrl>#icon-1739-757575-labelson-nodesc</styleUrl>
        <Point>
          <coordinates>
            37.221572,29.472542,0
          </coordinates>
        </Point>
      </Placemark>
      <Placemark>
        <name>وحيف الخيارات</name>
        <styleUrl>#icon-1739-757575-labelson-nodesc</styleUrl>
        <Point>
          <coordinates>
            38.108139,27.290618,0
          </coordinates>
        </Point>
      </Placemark>
      <Placemark>
        <name>ورك ضبع</name>
        <styleUrl>#icon-1739-757575-labelson-nodesc</styleUrl>
        <Point>
          <coordinates>
            35.972071,27.005575,0
          </coordinates>
        </Point>
      </Placemark>
      <Placemark>
        <name>مرقابه منوخ الغازي</name>
        <styleUrl>#icon-1739-757575-labelson-nodesc</styleUrl>
        <Point>
          <coordinates>
            39.01627,27.15103,0
          </coordinates>
        </Point>
      </Placemark>
      <Placemark>
        <name>عوينت علياء</name>
        <styleUrl>#icon-1739-757575-labelson-nodesc</styleUrl>
        <Point>
          <coordinates>
            39.20123,27.11983,0
          </coordinates>
        </Point>
      </Placemark>
      <Placemark>
        <name>الجلعب</name>
        <styleUrl>#icon-1739-757575-labelson-nodesc</styleUrl>
        <Point>
          <coordinates>
            39.23483,27.17436,0
          </coordinates>
        </Point>
      </Placemark>
      <Placemark>
        <name>ام طلحه</name>
        <styleUrl>#icon-1739-757575-labelson-nodesc</styleUrl>
        <Point>
          <coordinates>
            39.1985099999999,27.10734,0
          </coordinates>
        </Point>
      </Placemark>
      <Placemark>
        <name>بقرات</name>
        <styleUrl>#icon-1739-757575-labelson-nodesc</styleUrl>
        <Point>
          <coordinates>
            39.27469,27.17826,0
          </coordinates>
        </Point>
      </Placemark>
      <Placemark>
        <name>نقرية الصقار</name>
        <styleUrl>#icon-1739-757575-labelson-nodesc</styleUrl>
        <Point>
          <coordinates>
            39.37366,27.07968,0
          </coordinates>
        </Point>
      </Placemark>
      <Placemark>
        <name>الثرياء</name>
        <styleUrl>#icon-1739-757575-labelson-nodesc</styleUrl>
        <Point>
          <coordinates>
            38.4473399999999,27.20575,0
          </coordinates>
        </Point>
      </Placemark>
      <Placemark>
        <name>ابالظهور</name>
        <styleUrl>#icon-1739-757575-labelson-nodesc</styleUrl>
        <Point>
          <coordinates>
            37.8939478,25.1846101,0
          </coordinates>
        </Point>
      </Placemark>
      <Placemark>
        <name>حرة المقرات
</name>
        <styleUrl>#icon-1739-757575-labelson-nodesc</styleUrl>
        <Point>
          <coordinates>
            37.8712800000001,25.24252,0
          </coordinates>
        </Point>
      </Placemark>
    </Folder>
    <Folder>
      <name>أسماء رئيسة</name>
      <Placemark>
        <name>أبا القزاز</name>
        <styleUrl>#icon-1739-DB4436-labelson-nodesc</styleUrl>
        <Point>
          <coordinates>
            36.689315,26.769283,0
          </coordinates>
        </Point>
      </Placemark>
      <Placemark>
        <name>أديمج</name>
        <styleUrl>#icon-1739-DB4436-labelson-nodesc</styleUrl>
        <Point>
          <coordinates>
            35.852187,27.488265,0
          </coordinates>
        </Point>
      </Placemark>
      <Placemark>
        <name>أم بريرة</name>
        <styleUrl>#icon-1739-DB4436-labelson-nodesc</styleUrl>
        <Point>
          <coordinates>
            35.784187,28.381247,0
          </coordinates>
        </Point>
      </Placemark>
      <Placemark>
        <name>أم سدرة</name>
        <styleUrl>#icon-1739-DB4436-labelson-nodesc</styleUrl>
        <Point>
          <coordinates>
            37.795694,24.887488,0
          </coordinates>
        </Point>
      </Placemark>
      <Placemark>
        <name>ابا الحنشان</name>
        <styleUrl>#icon-1739-DB4436-labelson-nodesc</styleUrl>
        <Point>
          <coordinates>
            35.19644,29.202154,0
          </coordinates>
        </Point>
      </Placemark>
      <Placemark>
        <name>ابار ابلي</name>
        <styleUrl>#icon-1739-DB4436-labelson-nodesc</styleUrl>
        <Point>
          <coordinates>
            37.530456,24.855022,0
          </coordinates>
        </Point>
      </Placemark>
      <Placemark>
        <name>ابار قنا</name>
        <styleUrl>#icon-1739-DB4436-labelson-nodesc</styleUrl>
        <Point>
          <coordinates>
            36.351314,27.951472,0
          </coordinates>
        </Point>
      </Placemark>
      <Placemark>
        <name>ابن غنيم</name>
        <styleUrl>#icon-1739-DB4436-labelson-nodesc</styleUrl>
        <Point>
          <coordinates>
            37.497389,25.361381,0
          </coordinates>
        </Point>
      </Placemark>
      <Placemark>
        <name>ابو ديه</name>
        <styleUrl>#icon-1739-DB4436-labelson-nodesc</styleUrl>
        <Point>
          <coordinates>
            36.330843,26.457374,0
          </coordinates>
        </Point>
      </Placemark>
      <Placemark>
        <name>ابيط</name>
        <styleUrl>#icon-1739-DB4436-labelson-nodesc</styleUrl>
        <Point>
          <coordinates>
            39.10414,28.046572,0
          </coordinates>
        </Point>
      </Placemark>
      <Placemark>
        <name>اثار الحوراء</name>
        <styleUrl>#icon-1739-DB4436-labelson-nodesc</styleUrl>
        <Point>
          <coordinates>
            37.265861,25.116098,0
          </coordinates>
        </Point>
      </Placemark>
      <Placemark>
        <name>اسكان علقان</name>
        <styleUrl>#icon-1739-DB4436-labelson-nodesc</styleUrl>
        <Point>
          <coordinates>
            35.39885,29.122396,0
          </coordinates>
        </Point>
      </Placemark>
      <Placemark>
        <name>ال عمران</name>
        <styleUrl>#icon-1739-DB4436-labelson-nodesc</styleUrl>
        <Point>
          <coordinates>
            35.307505,29.203184,0
          </coordinates>
        </Point>
      </Placemark>
      <Placemark>
        <name>الأشقم</name>
        <styleUrl>#icon-1739-DB4436-labelson-nodesc</styleUrl>
        <Point>
          <coordinates>
            37.393513,25.328701,0
          </coordinates>
        </Point>
      </Placemark>
      <Placemark>
        <name>الأندرة</name>
        <styleUrl>#icon-1739-DB4436-labelson-nodesc</styleUrl>
        <Point>
          <coordinates>
            37.65888,24.682782,0
          </coordinates>
        </Point>
      </Placemark>
      <Placemark>
        <name>الاحمر</name>
        <styleUrl>#icon-1739-DB4436-labelson-nodesc</styleUrl>
        <Point>
          <coordinates>
            37.290022,24.982653,0
          </coordinates>
        </Point>
      </Placemark>
      <Placemark>
        <name>الاخضر</name>
        <styleUrl>#icon-1739-DB4436-labelson-nodesc</styleUrl>
        <Point>
          <coordinates>
            37.123597,28.09865,0
          </coordinates>
        </Point>
      </Placemark>
      <Placemark>
        <name>الازنم</name>
        <styleUrl>#icon-1739-DB4436-labelson-nodesc</styleUrl>
        <Point>
          <coordinates>
            36.019943,27.042439,0
          </coordinates>
        </Point>
      </Placemark>
      <Placemark>
        <name>البدع</name>
        <styleUrl>#icon-1739-DB4436-labelson-nodesc</styleUrl>
        <Point>
          <coordinates>
            35.00699,28.504972,0
          </coordinates>
        </Point>
      </Placemark>
      <Placemark>
        <name>البديعة</name>
        <styleUrl>#icon-1739-DB4436-labelson-nodesc</styleUrl>
        <Point>
          <coordinates>
            36.012304,29.100165,0
          </coordinates>
        </Point>
      </Placemark>
      <Placemark>
        <name>البديعة</name>
        <styleUrl>#icon-1739-DB4436-labelson-nodesc</styleUrl>
        <Point>
          <coordinates>
            36.549346,27.796698,0
          </coordinates>
        </Point>
      </Placemark>
      <Placemark>
        <name>البغث</name>
        <styleUrl>#icon-1739-DB4436-labelson-nodesc</styleUrl>
        <Point>
          <coordinates>
            37.524383,25.093825,0
          </coordinates>
        </Point>
      </Placemark>
      <Placemark>
        <name>البيضاء</name>
        <styleUrl>#icon-1739-DB4436-labelson-nodesc</styleUrl>
        <Point>
          <coordinates>
            36.814284,27.583215,0
          </coordinates>
        </Point>
      </Placemark>
      <Placemark>
        <name>الجبعاوية</name>
        <styleUrl>#icon-1739-DB4436-labelson-nodesc</styleUrl>
        <Point>
          <coordinates>
            38.643508,28.282928,0
          </coordinates>
        </Point>
      </Placemark>
      <Placemark>
        <name>الجبنون</name>
        <styleUrl>#icon-1739-DB4436-labelson-nodesc</styleUrl>
        <Point>
          <coordinates>
            37.301545,24.97643,0
          </coordinates>
        </Point>
      </Placemark>
      <Placemark>
        <name>الجديد</name>
        <styleUrl>#icon-1739-DB4436-labelson-nodesc</styleUrl>
        <Point>
          <coordinates>
            38.771975,26.980598,0
          </coordinates>
        </Point>
      </Placemark>
      <Placemark>
        <name>الجهراء</name>
        <styleUrl>#icon-1739-DB4436-labelson-nodesc</styleUrl>
        <Point>
          <coordinates>
            38.88555,26.86846,0
          </coordinates>
        </Point>
      </Placemark>
      <Placemark>
        <name>الحرة</name>
        <styleUrl>#icon-1739-DB4436-labelson-nodesc</styleUrl>
        <Point>
          <coordinates>
            37.236807,25.242269,0
          </coordinates>
        </Point>
      </Placemark>
      <Placemark>
        <name>الحفيرة</name>
        <styleUrl>#icon-1739-DB4436-labelson-nodesc</styleUrl>
        <Point>
          <coordinates>
            36.897433,26.557667,0
          </coordinates>
        </Point>
      </Placemark>
      <Placemark>
        <name>الحلقات</name>
        <styleUrl>#icon-1739-DB4436-labelson-nodesc</styleUrl>
        <Point>
          <coordinates>
            37.903347,24.787109,0
          </coordinates>
        </Point>
      </Placemark>
      <Placemark>
        <name>الحميضة</name>
        <styleUrl>#icon-1739-DB4436-labelson-nodesc</styleUrl>
        <Point>
          <coordinates>
            34.938433,29.23537,0
          </coordinates>
        </Point>
      </Placemark>
      <Placemark>
        <name>الحيزا</name>
        <styleUrl>#icon-1739-DB4436-labelson-nodesc</styleUrl>
        <Point>
          <coordinates>
            39.203618,27.492471,0
          </coordinates>
        </Point>
      </Placemark>
      <Placemark>
        <name>الخريبة</name>
        <styleUrl>#icon-1739-DB4436-labelson-nodesc</styleUrl>
        <Point>
          <coordinates>
            35.174682,28.065627,0
          </coordinates>
        </Point>
      </Placemark>
      <Placemark>
        <name>الدقم</name>
        <styleUrl>#icon-1739-DB4436-labelson-nodesc</styleUrl>
        <Point>
          <coordinates>
            37.266376,25.076745,0
          </coordinates>
        </Point>
      </Placemark>
      <Placemark>
        <name>الدميغة</name>
        <styleUrl>#icon-1739-DB4436-labelson-nodesc</styleUrl>
        <Point>
          <coordinates>
            36.216388,26.644099,0
          </coordinates>
        </Point>
      </Placemark>
      <Placemark>
        <name>الديسة</name>
        <styleUrl>#icon-1739-DB4436-labelson-nodesc</styleUrl>
        <Point>
          <coordinates>
            36.42487,27.603171,0
          </coordinates>
        </Point>
      </Placemark>
      <Placemark>
        <name>الرص</name>
        <styleUrl>#icon-1739-DB4436-labelson-nodesc</styleUrl>
        <Point>
          <coordinates>
            36.441371,26.379869,0
          </coordinates>
        </Point>
      </Placemark>
      <Placemark>
        <name>الرويحا</name>
        <styleUrl>#icon-1739-DB4436-labelson-nodesc</styleUrl>
        <Point>
          <coordinates>
            37.2264,28.106804,0
          </coordinates>
        </Point>
      </Placemark>
      <Placemark>
        <name>الرويضات</name>
        <styleUrl>#icon-1739-DB4436-labelson-nodesc</styleUrl>
        <Point>
          <coordinates>
            37.66315,25.003788,0
          </coordinates>
        </Point>
      </Placemark>
      <Placemark>
        <name>الزغلية</name>
        <styleUrl>#icon-1739-DB4436-labelson-nodesc</styleUrl>
        <Point>
          <coordinates>
            37.527859,24.753892,0
          </coordinates>
        </Point>
      </Placemark>
      <Placemark>
        <name>الزيته</name>
        <styleUrl>#icon-1739-DB4436-labelson-nodesc</styleUrl>
        <Point>
          <coordinates>
            35.477192,28.860247,0
          </coordinates>
        </Point>
      </Placemark>
      <Placemark>
        <name>الساحله</name>
        <styleUrl>#icon-1739-DB4436-labelson-nodesc</styleUrl>
        <Point>
          <coordinates>
            37.811658,24.973426,0
          </coordinates>
        </Point>
      </Placemark>
      <Placemark>
        <name>السديد</name>
        <styleUrl>#icon-1739-DB4436-labelson-nodesc</styleUrl>
        <Point>
          <coordinates>
            37.244296,26.288631,0
          </coordinates>
        </Point>
      </Placemark>
      <Placemark>
        <name>السلمة</name>
        <styleUrl>#icon-1739-DB4436-labelson-nodesc</styleUrl>
        <Point>
          <coordinates>
            36.266384,27.068338,0
          </coordinates>
        </Point>
      </Placemark>
      <Placemark>
        <name>السيح</name>
        <styleUrl>#icon-1739-DB4436-labelson-nodesc</styleUrl>
        <Point>
          <coordinates>
            36.302562,26.511791,0
          </coordinates>
        </Point>
      </Placemark>
      <Placemark>
        <name>الشبحة</name>
        <styleUrl>#icon-1739-DB4436-labelson-nodesc</styleUrl>
        <Point>
          <coordinates>
            37.732544,24.809639,0
          </coordinates>
        </Point>
      </Placemark>
      <Placemark>
        <name>الشبعان</name>
        <styleUrl>#icon-1739-DB4436-labelson-nodesc</styleUrl>
        <Point>
          <coordinates>
            37.234747,24.7543,0
          </coordinates>
        </Point>
      </Placemark>
      <Placemark>
        <name>الشدخ</name>
        <styleUrl>#icon-1739-DB4436-labelson-nodesc</styleUrl>
        <Point>
          <coordinates>
            37.608175,24.711235,0
          </coordinates>
        </Point>
      </Placemark>
      <Placemark>
        <name>الشدخ القديم</name>
        <styleUrl>#icon-1739-DB4436-labelson-nodesc</styleUrl>
        <Point>
          <coordinates>
            37.624204,24.723895,0
          </coordinates>
        </Point>
      </Placemark>
      <Placemark>
        <name>الشرف</name>
        <styleUrl>#icon-1739-DB4436-labelson-nodesc</styleUrl>
        <Point>
          <coordinates>
            35.186977,28.923075,0
          </coordinates>
        </Point>
      </Placemark>
      <Placemark>
        <name>الشظوه</name>
        <styleUrl>#icon-1739-DB4436-labelson-nodesc</styleUrl>
        <Point>
          <coordinates>
            37.053688,26.418514,0
          </coordinates>
        </Point>
      </Placemark>
      <Placemark>
        <name>الصحفة</name>
        <styleUrl>#icon-1739-DB4436-labelson-nodesc</styleUrl>
        <Point>
          <coordinates>
            37.686732,25.051188,0
          </coordinates>
        </Point>
      </Placemark>
      <Placemark>
        <name>الصورة</name>
        <styleUrl>#icon-1739-DB4436-labelson-nodesc</styleUrl>
        <Point>
          <coordinates>
            35.346558,27.867379,0
          </coordinates>
        </Point>
      </Placemark>
      <Placemark>
        <name>الضايقات</name>
        <styleUrl>#icon-1739-DB4436-labelson-nodesc</styleUrl>
        <Point>
          <coordinates>
            34.867387,29.121795,0
          </coordinates>
        </Point>
      </Placemark>
      <Placemark>
        <name>الضرس</name>
        <styleUrl>#icon-1739-DB4436-labelson-nodesc</styleUrl>
        <Point>
          <coordinates>
            37.242794,25.995541,0
          </coordinates>
        </Point>
      </Placemark>
      <Placemark>
        <name>الضيقه</name>
        <styleUrl>#icon-1739-DB4436-labelson-nodesc</styleUrl>
        <Point>
          <coordinates>
            34.898736,29.172177,0
          </coordinates>
        </Point>
      </Placemark>
      <Placemark>
        <name>الطمة</name>
        <styleUrl>#icon-1739-DB4436-labelson-nodesc</styleUrl>
        <Point>
          <coordinates>
            35.9407,27.627525,0
          </coordinates>
        </Point>
      </Placemark>
      <Placemark>
        <name>العاقر</name>
        <styleUrl>#icon-1739-DB4436-labelson-nodesc</styleUrl>
        <Point>
          <coordinates>
            37.169881,25.475836,0
          </coordinates>
        </Point>
      </Placemark>
      <Placemark>
        <name>العريجي</name>
        <styleUrl>#icon-1739-DB4436-labelson-nodesc</styleUrl>
        <Point>
          <coordinates>
            36.078072,27.516053,0
          </coordinates>
        </Point>
      </Placemark>
      <Placemark>
        <name>العسافية</name>
        <styleUrl>#icon-1739-DB4436-labelson-nodesc</styleUrl>
        <Point>
          <coordinates>
            38.977411,28.267801,0
          </coordinates>
        </Point>
      </Placemark>
      <Placemark>
        <name>العشيرة</name>
        <styleUrl>#icon-1739-DB4436-labelson-nodesc</styleUrl>
        <Point>
          <coordinates>
            36.528232,28.280568,0
          </coordinates>
        </Point>
      </Placemark>
      <Placemark>
        <name>العصيليه</name>
        <styleUrl>#icon-1739-DB4436-labelson-nodesc</styleUrl>
        <Point>
          <coordinates>
            35.133183,28.242524,0
          </coordinates>
        </Point>
      </Placemark>
      <Placemark>
        <name>العقلة</name>
        <styleUrl>#icon-1739-DB4436-labelson-nodesc</styleUrl>
        <Point>
          <coordinates>
            37.847364,25.66211,0
          </coordinates>
        </Point>
      </Placemark>
      <Placemark>
        <name>العنبة</name>
        <styleUrl>#icon-1739-DB4436-labelson-nodesc</styleUrl>
        <Point>
          <coordinates>
            36.714292,27.666471,0
          </coordinates>
        </Point>
      </Placemark>
      <Placemark>
        <name>العويند</name>
        <styleUrl>#icon-1739-DB4436-labelson-nodesc</styleUrl>
        <Point>
          <coordinates>
            36.348374,28.325844,0
          </coordinates>
        </Point>
      </Placemark>
      <Placemark>
        <name>العين الحاره</name>
        <styleUrl>#icon-1739-DB4436-labelson-nodesc</styleUrl>
        <Point>
          <coordinates>
            36.998026,26.141753,0
          </coordinates>
        </Point>
      </Placemark>
      <Placemark>
        <name>العين الخضرا</name>
        <styleUrl>#icon-1739-DB4436-labelson-nodesc</styleUrl>
        <Point>
          <coordinates>
            36.812589,27.63643,0
          </coordinates>
        </Point>
      </Placemark>
      <Placemark>
        <name>العيينة</name>
        <styleUrl>#icon-1739-DB4436-labelson-nodesc</styleUrl>
        <Point>
          <coordinates>
            36.096504,28.901403,0
          </coordinates>
        </Point>
      </Placemark>
      <Placemark>
        <name>الغال</name>
        <styleUrl>#icon-1739-DB4436-labelson-nodesc</styleUrl>
        <Point>
          <coordinates>
            35.619049,27.435093,0
          </coordinates>
        </Point>
      </Placemark>
      <Placemark>
        <name>الغصن</name>
        <styleUrl>#icon-1739-DB4436-labelson-nodesc</styleUrl>
        <Point>
          <coordinates>
            37.770503,24.88678,0
          </coordinates>
        </Point>
      </Placemark>
      <Placemark>
        <name>الغصيبة</name>
        <styleUrl>#icon-1739-DB4436-labelson-nodesc</styleUrl>
        <Point>
          <coordinates>
            37.285838,24.967504,0
          </coordinates>
        </Point>
      </Placemark>
      <Placemark>
        <name>الغمير</name>
        <styleUrl>#icon-1739-DB4436-labelson-nodesc</styleUrl>
        <Point>
          <coordinates>
            37.598069,24.990184,0
          </coordinates>
        </Point>
      </Placemark>
      <Placemark>
        <name>الغوط</name>
        <styleUrl>#icon-1739-DB4436-labelson-nodesc</styleUrl>
        <Point>
          <coordinates>
            37.654867,24.960423,0
          </coordinates>
        </Point>
      </Placemark>
      <Placemark>
        <name>الفوهه</name>
        <styleUrl>#icon-1739-DB4436-labelson-nodesc</styleUrl>
        <Point>
          <coordinates>
            36.245871,28.275568,0
          </coordinates>
        </Point>
      </Placemark>
      <Placemark>
        <name>القر</name>
        <styleUrl>#icon-1739-DB4436-labelson-nodesc</styleUrl>
        <Point>
          <coordinates>
            35.13063,28.827224,0
          </coordinates>
        </Point>
      </Placemark>
      <Placemark>
        <name>القصاير</name>
        <styleUrl>#icon-1739-DB4436-labelson-nodesc</styleUrl>
        <Point>
          <coordinates>
            37.330341,25.479183,0
          </coordinates>
        </Point>
      </Placemark>
      <Placemark>
        <name>القصر</name>
        <styleUrl>#icon-1739-DB4436-labelson-nodesc</styleUrl>
        <Point>
          <coordinates>
            35.160391,28.895974,0
          </coordinates>
        </Point>
      </Placemark>
      <Placemark>
        <name>القليب</name>
        <styleUrl>#icon-1739-DB4436-labelson-nodesc</styleUrl>
        <Point>
          <coordinates>
            37.169902,25.330203,0
          </coordinates>
        </Point>
      </Placemark>
      <Placemark>
        <name>القليبة</name>
        <styleUrl>#icon-1739-DB4436-labelson-nodesc</styleUrl>
        <Point>
          <coordinates>
            37.693491,28.381484,0
          </coordinates>
        </Point>
      </Placemark>
      <Placemark>
        <name>القليته</name>
        <styleUrl>#icon-1739-DB4436-labelson-nodesc</styleUrl>
        <Point>
          <coordinates>
            36.0623,26.968324,0
          </coordinates>
        </Point>
      </Placemark>
      <Placemark>
        <name>القنينه</name>
        <styleUrl>#icon-1739-DB4436-labelson-nodesc</styleUrl>
        <Point>
          <coordinates>
            36.305115,27.357931,0
          </coordinates>
        </Point>
      </Placemark>
      <Placemark>
        <name>الكتيب</name>
        <styleUrl>#icon-1739-DB4436-labelson-nodesc</styleUrl>
        <Point>
          <coordinates>
            38.894541,27.4667,0
          </coordinates>
        </Point>
      </Placemark>
      <Placemark>
        <name>الكر</name>
        <styleUrl>#icon-1739-DB4436-labelson-nodesc</styleUrl>
        <Point>
          <coordinates>
            36.856406,26.608393,0
          </coordinates>
        </Point>
      </Placemark>
      <Placemark>
        <name>الكر القديم</name>
        <styleUrl>#icon-1739-DB4436-labelson-nodesc</styleUrl>
        <Point>
          <coordinates>
            36.904299,26.646824,0
          </coordinates>
        </Point>
      </Placemark>
      <Placemark>
        <name>اللحيانيه</name>
        <styleUrl>#icon-1739-DB4436-labelson-nodesc</styleUrl>
        <Point>
          <coordinates>
            36.888313,26.636674,0
          </coordinates>
        </Point>
      </Placemark>
      <Placemark>
        <name>المصطبغة</name>
        <styleUrl>#icon-1739-DB4436-labelson-nodesc</styleUrl>
        <Point>
          <coordinates>
            37.059116,28.108006,0
          </coordinates>
        </Point>
      </Placemark>
      <Placemark>
        <name>المصلى</name>
        <styleUrl>#icon-1739-DB4436-labelson-nodesc</styleUrl>
        <Point>
          <coordinates>
            35.383894,27.8986,0
          </coordinates>
        </Point>
      </Placemark>
      <Placemark>
        <name>المعرش</name>
        <styleUrl>#icon-1739-DB4436-labelson-nodesc</styleUrl>
        <Point>
          <coordinates>
            35.582271,27.500174,0
          </coordinates>
        </Point>
      </Placemark>
      <Placemark>
        <name>المعظم</name>
        <styleUrl>#icon-1739-DB4436-labelson-nodesc</styleUrl>
        <Point>
          <coordinates>
            37.561376,27.654111,0
          </coordinates>
        </Point>
      </Placemark>
      <Placemark>
        <name>المغيرة</name>
        <styleUrl>#icon-1739-DB4436-labelson-nodesc</styleUrl>
        <Point>
          <coordinates>
            37.678943,29.287577,0
          </coordinates>
        </Point>
      </Placemark>
      <Placemark>
        <name>المقرح</name>
        <styleUrl>#icon-1739-DB4436-labelson-nodesc</styleUrl>
        <Point>
          <coordinates>
            37.333624,25.051897,0
          </coordinates>
        </Point>
      </Placemark>
      <Placemark>
        <name>الملقاة</name>
        <styleUrl>#icon-1739-DB4436-labelson-nodesc</styleUrl>
        <Point>
          <coordinates>
            35.736315,27.712455,0
          </coordinates>
        </Point>
      </Placemark>
      <Placemark>
        <name>المنجور</name>
        <styleUrl>#icon-1739-DB4436-labelson-nodesc</styleUrl>
        <Point>
          <coordinates>
            37.220285,25.948763,0
          </coordinates>
        </Point>
      </Placemark>
      <Placemark>
        <name>المهدرة</name>
        <styleUrl>#icon-1739-DB4436-labelson-nodesc</styleUrl>
        <Point>
          <coordinates>
            37.543502,25.005097,0
          </coordinates>
        </Point>
      </Placemark>
      <Placemark>
        <name>المويلح</name>
        <styleUrl>#icon-1739-DB4436-labelson-nodesc</styleUrl>
        <Point>
          <coordinates>
            35.480669,27.700932,0
          </coordinates>
        </Point>
      </Placemark>
      <Placemark>
        <name>النابع</name>
        <styleUrl>#icon-1739-DB4436-labelson-nodesc</styleUrl>
        <Point>
          <coordinates>
            35.539355,28.415151,0
          </coordinates>
        </Point>
      </Placemark>
      <Placemark>
        <name>النابع</name>
        <styleUrl>#icon-1739-DB4436-labelson-nodesc</styleUrl>
        <Point>
          <coordinates>
            36.269281,27.375376,0
          </coordinates>
        </Point>
      </Placemark>
      <Placemark>
        <name>النخبور</name>
        <styleUrl>#icon-1739-DB4436-labelson-nodesc</styleUrl>
        <Point>
          <coordinates>
            34.907877,29.194193,0
          </coordinates>
        </Point>
      </Placemark>
      <Placemark>
        <name>النخيرة</name>
        <styleUrl>#icon-1739-DB4436-labelson-nodesc</styleUrl>
        <Point>
          <coordinates>
            36.289751,26.537304,0
          </coordinates>
        </Point>
      </Placemark>
      <Placemark>
        <name>النصبة</name>
        <styleUrl>#icon-1739-DB4436-labelson-nodesc</styleUrl>
        <Point>
          <coordinates>
            37.2824904,25.1588989,0
          </coordinates>
        </Point>
      </Placemark>
      <Placemark>
        <name>النعيلة</name>
        <styleUrl>#icon-1739-DB4436-labelson-nodesc</styleUrl>
        <Point>
          <coordinates>
            37.192111,25.373011,0
          </coordinates>
        </Point>
      </Placemark>
      <Placemark>
        <name>النويبع</name>
        <styleUrl>#icon-1739-DB4436-labelson-nodesc</styleUrl>
        <Point>
          <coordinates>
            34.948454,29.315965,0
          </coordinates>
        </Point>
      </Placemark>
      <Placemark>
        <name>النويبعة</name>
        <styleUrl>#icon-1739-DB4436-labelson-nodesc</styleUrl>
        <Point>
          <coordinates>
            37.685788,25.056016,0
          </coordinates>
        </Point>
      </Placemark>
      <Placemark>
        <name>الهاشة</name>
        <styleUrl>#icon-1739-DB4436-labelson-nodesc</styleUrl>
        <Point>
          <coordinates>
            35.667651,27.370441,0
          </coordinates>
        </Point>
      </Placemark>
      <Placemark>
        <name>الهجمية</name>
        <styleUrl>#icon-1739-DB4436-labelson-nodesc</styleUrl>
        <Point>
          <coordinates>
            37.942722,24.858563,0
          </coordinates>
        </Point>
      </Placemark>
      <Placemark>
        <name>الهدرة</name>
        <styleUrl>#icon-1739-DB4436-labelson-nodesc</styleUrl>
        <Point>
          <coordinates>
            36.451328,27.87255,0
          </coordinates>
        </Point>
      </Placemark>
      <Placemark>
        <name>الهوجاء</name>
        <styleUrl>#icon-1739-DB4436-labelson-nodesc</styleUrl>
        <Point>
          <coordinates>
            38.566539,28.977792,0
          </coordinates>
        </Point>
      </Placemark>
      <Placemark>
        <name>الوجه</name>
        <styleUrl>#icon-1739-DB4436-labelson-nodesc</styleUrl>
        <Point>
          <coordinates>
            36.45062,26.261487,0
          </coordinates>
        </Point>
      </Placemark>
      <Placemark>
        <name>ام الطين</name>
        <styleUrl>#icon-1739-DB4436-labelson-nodesc</styleUrl>
        <Point>
          <coordinates>
            36.270697,26.564448,0
          </coordinates>
        </Point>
      </Placemark>
      <Placemark>
        <name>ام رجيم</name>
        <styleUrl>#icon-1739-DB4436-labelson-nodesc</styleUrl>
        <Point>
          <coordinates>
            35.079002,28.278809,0
          </coordinates>
        </Point>
      </Placemark>
      <Placemark>
        <name>ام سحار</name>
        <styleUrl>#icon-1739-DB4436-labelson-nodesc</styleUrl>
        <Point>
          <coordinates>
            37.181983,24.940445,0
          </coordinates>
        </Point>
      </Placemark>
      <Placemark>
        <name>ام شجيرات</name>
        <styleUrl>#icon-1739-DB4436-labelson-nodesc</styleUrl>
        <Point>
          <coordinates>
            35.084753,28.064897,0
          </coordinates>
        </Point>
      </Placemark>
      <Placemark>
        <name>ام ضبيان</name>
        <styleUrl>#icon-1739-DB4436-labelson-nodesc</styleUrl>
        <Point>
          <coordinates>
            36.312432,26.495912,0
          </coordinates>
        </Point>
      </Placemark>
      <Placemark>
        <name>ام طرفاة</name>
        <styleUrl>#icon-1739-DB4436-labelson-nodesc</styleUrl>
        <Point>
          <coordinates>
            36.514778,27.828519,0
          </coordinates>
        </Point>
      </Placemark>
      <Placemark>
        <name>ام عنم</name>
        <styleUrl>#icon-1739-DB4436-labelson-nodesc</styleUrl>
        <Point>
          <coordinates>
            36.342173,26.437204,0
          </coordinates>
        </Point>
      </Placemark>
      <Placemark>
        <name>ام عويقيلة</name>
        <styleUrl>#icon-1739-DB4436-labelson-nodesc</styleUrl>
        <Point>
          <coordinates>
            36.423047,28.352301,0
          </coordinates>
        </Point>
      </Placemark>
      <Placemark>
        <name>ام غواشي</name>
        <styleUrl>#icon-1739-DB4436-labelson-nodesc</styleUrl>
        <Point>
          <coordinates>
            37.317488,25.089018,0
          </coordinates>
        </Point>
      </Placemark>
      <Placemark>
        <name>ام مزارع</name>
        <styleUrl>#icon-1739-DB4436-labelson-nodesc</styleUrl>
        <Point>
          <coordinates>
            36.347837,26.418729,0
          </coordinates>
        </Point>
      </Placemark>
      <Placemark>
        <name>ام نخيلة</name>
        <styleUrl>#icon-1739-DB4436-labelson-nodesc</styleUrl>
        <Point>
          <coordinates>
            38.193476,29.208891,0
          </coordinates>
        </Point>
      </Placemark>
      <Placemark>
        <name>املج</name>
        <styleUrl>#icon-1739-DB4436-labelson-nodesc</styleUrl>
        <Point>
          <coordinates>
            37.267363,25.022886,0
          </coordinates>
        </Point>
      </Placemark>
      <Placemark>
        <name>انقد</name>
        <styleUrl>#icon-1739-DB4436-labelson-nodesc</styleUrl>
        <Point>
          <coordinates>
            36.382513,27.692478,0
          </coordinates>
        </Point>
      </Placemark>
      <Placemark>
        <name>بئر فحيمان</name>
        <styleUrl>#icon-1739-DB4436-labelson-nodesc</styleUrl>
        <Point>
          <coordinates>
            35.443976,28.081183,0
          </coordinates>
        </Point>
      </Placemark>
      <Placemark>
        <name>بجدة</name>
        <styleUrl>#icon-1739-DB4436-labelson-nodesc</styleUrl>
        <Point>
          <coordinates>
            35.669088,28.52746,0
          </coordinates>
        </Point>
      </Placemark>
      <Placemark>
        <name>بجدة</name>
        <styleUrl>#icon-1739-DB4436-labelson-nodesc</styleUrl>
        <Point>
          <coordinates>
            36.08305,28.294601,0
          </coordinates>
        </Point>
      </Placemark>
      <Placemark>
        <name>بداء</name>
        <styleUrl>#icon-1739-DB4436-labelson-nodesc</styleUrl>
        <Point>
          <coordinates>
            36.904814,26.841359,0
          </coordinates>
        </Point>
      </Placemark>
      <Placemark>
        <name>بقيلة</name>
        <styleUrl>#icon-1739-DB4436-labelson-nodesc</styleUrl>
        <Point>
          <coordinates>
            37.510715,25.295184,0
          </coordinates>
        </Point>
      </Placemark>
      <Placemark>
        <name>بوانة</name>
        <styleUrl>#icon-1739-DB4436-labelson-nodesc</styleUrl>
        <Point>
          <coordinates>
            37.628925,24.76681,0
          </coordinates>
        </Point>
      </Placemark>
      <Placemark>
        <name>بير ابن هرماس</name>
        <styleUrl>#icon-1739-DB4436-labelson-nodesc</styleUrl>
        <Point>
          <coordinates>
            36.275783,28.852243,0
          </coordinates>
        </Point>
      </Placemark>
      <Placemark>
        <name>تريم</name>
        <styleUrl>#icon-1739-DB4436-labelson-nodesc</styleUrl>
        <Point>
          <coordinates>
            35.393829,27.903771,0
          </coordinates>
        </Point>
      </Placemark>
      <Placemark>
        <name>تيماء</name>
        <styleUrl>#icon-1739-DB4436-labelson-nodesc</styleUrl>
        <Point>
          <coordinates>
            38.555145,27.629757,0
          </coordinates>
        </Point>
      </Placemark>
      <Placemark>
        <name>جريش</name>
        <styleUrl>#icon-1739-DB4436-labelson-nodesc</styleUrl>
        <Point>
          <coordinates>
            38.504376,27.952716,0
          </coordinates>
        </Point>
      </Placemark>
      <Placemark>
        <name>جزائر صله</name>
        <styleUrl>#icon-1739-DB4436-labelson-nodesc</styleUrl>
        <Point>
          <coordinates>
            35.277593,27.663703,0
          </coordinates>
        </Point>
      </Placemark>
      <Placemark>
        <name>جزر الثغباء</name>
        <styleUrl>#icon-1739-DB4436-labelson-nodesc</styleUrl>
        <Point>
          <coordinates>
            34.726388,28.077171,0
          </coordinates>
        </Point>
      </Placemark>
      <Placemark>
        <name>جزر سندالة</name>
        <styleUrl>#icon-1739-DB4436-labelson-nodesc</styleUrl>
        <Point>
          <coordinates>
            34.698558,28.032689,0
          </coordinates>
        </Point>
      </Placemark>
      <Placemark>
        <name>جزيرة ابو لاحق</name>
        <styleUrl>#icon-1739-DB4436-labelson-nodesc</styleUrl>
        <Point>
          <coordinates>
            36.921744,25.543599,0
          </coordinates>
        </Point>
      </Placemark>
      <Placemark>
        <name>جزيرة الدلفين</name>
        <styleUrl>#icon-1739-DB4436-labelson-nodesc</styleUrl>
        <Point>
          <coordinates>
            36.422102,26.165357,0
          </coordinates>
        </Point>
      </Placemark>
      <Placemark>
        <name>جزيرة الدهمانيه</name>
        <styleUrl>#icon-1739-DB4436-labelson-nodesc</styleUrl>
        <Point>
          <coordinates>
            36.978114,25.4703,0
          </coordinates>
        </Point>
      </Placemark>
      <Placemark>
        <name>جزيرة الشريح الأولي</name>
        <styleUrl>#icon-1739-DB4436-labelson-nodesc</styleUrl>
        <Point>
          <coordinates>
            34.86891,29.09008,0
          </coordinates>
        </Point>
      </Placemark>
      <Placemark>
        <name>جزيرة الشريح الثانية</name>
        <styleUrl>#icon-1739-DB4436-labelson-nodesc</styleUrl>
        <Point>
          <coordinates>
            34.869339,29.074523,0
          </coordinates>
        </Point>
      </Placemark>
      <Placemark>
        <name>جزيرة العاقر</name>
        <styleUrl>#icon-1739-DB4436-labelson-nodesc</styleUrl>
        <Point>
          <coordinates>
            36.955411,25.532849,0
          </coordinates>
        </Point>
      </Placemark>
      <Placemark>
        <name>جزيرة العقلة</name>
        <styleUrl>#icon-1739-DB4436-labelson-nodesc</styleUrl>
        <Point>
          <coordinates>
            36.74356,25.498688,0
          </coordinates>
        </Point>
      </Placemark>
      <Placemark>
        <name>جزيرة الفرشه</name>
        <styleUrl>#icon-1739-DB4436-labelson-nodesc</styleUrl>
        <Point>
          <coordinates>
            35.033555,28.058202,0
          </coordinates>
        </Point>
      </Placemark>
      <Placemark>
        <name>جزيرة المردونة</name>
        <styleUrl>#icon-1739-DB4436-labelson-nodesc</styleUrl>
        <Point>
          <coordinates>
            36.481948,26.064463,0
          </coordinates>
        </Point>
      </Placemark>
      <Placemark>
        <name>جزيرة المقيطع</name>
        <styleUrl>#icon-1739-DB4436-labelson-nodesc</styleUrl>
        <Point>
          <coordinates>
            37.195008,24.791207,0
          </coordinates>
        </Point>
      </Placemark>
      <Placemark>
        <name>جزيرة النعمان</name>
        <styleUrl>#icon-1739-DB4436-labelson-nodesc</styleUrl>
        <Point>
          <coordinates>
            35.763974,27.11194,0
          </coordinates>
        </Point>
      </Placemark>
      <Placemark>
        <name>جزيرة النويشزية</name>
        <styleUrl>#icon-1739-DB4436-labelson-nodesc</styleUrl>
        <Point>
          <coordinates>
            36.080818,26.632769,0
          </coordinates>
        </Point>
      </Placemark>
      <Placemark>
        <name>جزيرة الوصل</name>
        <styleUrl>#icon-1739-DB4436-labelson-nodesc</styleUrl>
        <Point>
          <coordinates>
            34.908435,29.20784,0
          </coordinates>
        </Point>
      </Placemark>
      <Placemark>
        <name>جزيرة الوقادي</name>
        <styleUrl>#icon-1739-DB4436-labelson-nodesc</styleUrl>
        <Point>
          <coordinates>
            36.962085,25.336318,0
          </coordinates>
        </Point>
      </Placemark>
      <Placemark>
        <name>جزيرة ام الحصاني</name>
        <styleUrl>#icon-1739-DB4436-labelson-nodesc</styleUrl>
        <Point>
          <coordinates>
            34.748876,28.087127,0
          </coordinates>
        </Point>
      </Placemark>
      <Placemark>
        <name>جزيرة ام الحصاني الجنوبيه</name>
        <styleUrl>#icon-1739-DB4436-labelson-nodesc</styleUrl>
        <Point>
          <coordinates>
            34.750442,28.0667,0
          </coordinates>
        </Point>
      </Placemark>
      <Placemark>
        <name>جزيرة ام رومه</name>
        <styleUrl>#icon-1739-DB4436-labelson-nodesc</styleUrl>
        <Point>
          <coordinates>
            36.570675,25.718844,0
          </coordinates>
        </Point>
      </Placemark>
      <Placemark>
        <name>جزيرة ام قصور</name>
        <styleUrl>#icon-1739-DB4436-labelson-nodesc</styleUrl>
        <Point>
          <coordinates>
            35.185797,27.970505,0
          </coordinates>
        </Point>
      </Placemark>
      <Placemark>
        <name>جزيرة برقان</name>
        <styleUrl>#icon-1739-DB4436-labelson-nodesc</styleUrl>
        <Point>
          <coordinates>
            35.071557,27.907333,0
          </coordinates>
        </Point>
      </Placemark>
      <Placemark>
        <name>جزيرة بريم</name>
        <styleUrl>#icon-1739-DB4436-labelson-nodesc</styleUrl>
        <Point>
          <coordinates>
            36.508341,25.633335,0
          </coordinates>
        </Point>
      </Placemark>
      <Placemark>
        <name>جزيرة تيران</name>
        <styleUrl>#icon-1739-DB4436-labelson-nodesc</styleUrl>
        <Point>
          <coordinates>
            34.557538,27.931902,0
          </coordinates>
        </Point>
      </Placemark>
      <Placemark>
        <name>جزيرة جبل حسان</name>
        <styleUrl>#icon-1739-DB4436-labelson-nodesc</styleUrl>
        <Point>
          <coordinates>
            37.088642,24.972525,0
          </coordinates>
        </Point>
      </Placemark>
      <Placemark>
        <name>جزيرة ريخة</name>
        <styleUrl>#icon-1739-DB4436-labelson-nodesc</styleUrl>
        <Point>
          <coordinates>
            36.373608,26.180549,0
          </coordinates>
        </Point>
      </Placemark>
      <Placemark>
        <name>جزيرة زبيده</name>
        <styleUrl>#icon-1739-DB4436-labelson-nodesc</styleUrl>
        <Point>
          <coordinates>
            36.037474,26.742525,0
          </coordinates>
        </Point>
      </Placemark>
      <Placemark>
        <name>جزيرة زبيده</name>
        <styleUrl>#icon-1739-DB4436-labelson-nodesc</styleUrl>
        <Point>
          <coordinates>
            36.012604,26.90599,0
          </coordinates>
        </Point>
      </Placemark>
      <Placemark>
        <name>جزيرة سويحل</name>
        <styleUrl>#icon-1739-DB4436-labelson-nodesc</styleUrl>
        <Point>
          <coordinates>
            36.988671,25.442598,0
          </coordinates>
        </Point>
      </Placemark>
      <Placemark>
        <name>جزيرة سويحل</name>
        <styleUrl>#icon-1739-DB4436-labelson-nodesc</styleUrl>
        <Point>
          <coordinates>
            37.074223,25.379705,0
          </coordinates>
        </Point>
      </Placemark>
      <Placemark>
        <name>جزيرة شريره</name>
        <styleUrl>#icon-1739-DB4436-labelson-nodesc</styleUrl>
        <Point>
          <coordinates>
            36.955669,25.504611,0
          </coordinates>
        </Point>
      </Placemark>
      <Placemark>
        <name>جزيرة شوشه</name>
        <styleUrl>#icon-1739-DB4436-labelson-nodesc</styleUrl>
        <Point>
          <coordinates>
            34.909894,27.934005,0
          </coordinates>
        </Point>
      </Placemark>
      <Placemark>
        <name>جزيرة شيبارة</name>
        <styleUrl>#icon-1739-DB4436-labelson-nodesc</styleUrl>
        <Point>
          <coordinates>
            36.876705,25.411913,0
          </coordinates>
        </Point>
      </Placemark>
      <Placemark>
        <name>جزيرة صنافير</name>
        <styleUrl>#icon-1739-DB4436-labelson-nodesc</styleUrl>
        <Point>
          <coordinates>
            34.687507,27.944562,0
          </coordinates>
        </Point>
      </Placemark>
      <Placemark>
        <name>جزيرة غوار</name>
        <styleUrl>#icon-1739-DB4436-labelson-nodesc</styleUrl>
        <Point>
          <coordinates>
            36.545076,25.751138,0
          </coordinates>
        </Point>
      </Placemark>
      <Placemark>
        <name>جزيرة قمعان</name>
        <styleUrl>#icon-1739-DB4436-labelson-nodesc</styleUrl>
        <Point>
          <coordinates>
            36.846728,25.551774,0
          </coordinates>
        </Point>
      </Placemark>
      <Placemark>
        <name>جزيرة مدرة</name>
        <styleUrl>#icon-1739-DB4436-labelson-nodesc</styleUrl>
        <Point>
          <coordinates>
            36.917861,25.59381,0
          </coordinates>
        </Point>
      </Placemark>
      <Placemark>
        <name>جزيرة مريط</name>
        <styleUrl>#icon-1739-DB4436-labelson-nodesc</styleUrl>
        <Point>
          <coordinates>
            36.596897,25.884197,0
          </coordinates>
        </Point>
      </Placemark>
      <Placemark>
        <name>جزيرة والة</name>
        <styleUrl>#icon-1739-DB4436-labelson-nodesc</styleUrl>
        <Point>
          <coordinates>
            35.170755,27.785518,0
          </coordinates>
        </Point>
      </Placemark>
      <Placemark>
        <name>جزيرة يبوع</name>
        <styleUrl>#icon-1739-DB4436-labelson-nodesc</styleUrl>
        <Point>
          <coordinates>
            35.137539,27.783973,0
          </coordinates>
        </Point>
      </Placemark>
      <Placemark>
        <name>حراض</name>
        <styleUrl>#icon-1739-DB4436-labelson-nodesc</styleUrl>
        <Point>
          <coordinates>
            37.87749,24.82893,0
          </coordinates>
        </Point>
      </Placemark>
      <Placemark>
        <name>خرائب</name>
        <styleUrl>#icon-1739-DB4436-labelson-nodesc</styleUrl>
        <Point>
          <coordinates>
            34.978731,28.379102,0
          </coordinates>
        </Point>
      </Placemark>
      <Placemark>
        <name>خرم العش</name>
        <styleUrl>#icon-1739-DB4436-labelson-nodesc</styleUrl>
        <Point>
          <coordinates>
            34.659462,28.211603,0
          </coordinates>
        </Point>
      </Placemark>
      <Placemark>
        <name>خف</name>
        <styleUrl>#icon-1739-DB4436-labelson-nodesc</styleUrl>
        <Point>
          <coordinates>
            37.334526,25.332606,0
          </coordinates>
        </Point>
      </Placemark>
      <Placemark>
        <name>خليج الخريبة</name>
        <styleUrl>#icon-1739-DB4436-labelson-nodesc</styleUrl>
        <Point>
          <coordinates>
            35.129857,28.031659,0
          </coordinates>
        </Point>
      </Placemark>
      <Placemark>
        <name>خميسة</name>
        <styleUrl>#icon-1739-DB4436-labelson-nodesc</styleUrl>
        <Point>
          <coordinates>
            37.254639,28.063138,0
          </coordinates>
        </Point>
      </Placemark>
      <Placemark>
        <name>ذات الحاج</name>
        <styleUrl>#icon-1739-DB4436-labelson-nodesc</styleUrl>
        <Point>
          <coordinates>
            36.169374,29.047766,0
          </coordinates>
        </Point>
      </Placemark>
      <Placemark>
        <name>راس ابو معلا</name>
        <styleUrl>#icon-1739-DB4436-labelson-nodesc</styleUrl>
        <Point>
          <coordinates>
            36.486819,26.142783,0
          </coordinates>
        </Point>
      </Placemark>
      <Placemark>
        <name>راس الجريجيب</name>
        <styleUrl>#icon-1739-DB4436-labelson-nodesc</styleUrl>
        <Point>
          <coordinates>
            36.645305,25.853148,0
          </coordinates>
        </Point>
      </Placemark>
      <Placemark>
        <name>راس الحشا</name>
        <styleUrl>#icon-1739-DB4436-labelson-nodesc</styleUrl>
        <Point>
          <coordinates>
            34.845157,28.97172,0
          </coordinates>
        </Point>
      </Placemark>
      <Placemark>
        <name>راس الدبة</name>
        <styleUrl>#icon-1739-DB4436-labelson-nodesc</styleUrl>
        <Point>
          <coordinates>
            36.275804,26.552196,0
          </coordinates>
        </Point>
      </Placemark>
      <Placemark>
        <name>راس الديه</name>
        <styleUrl>#icon-1739-DB4436-labelson-nodesc</styleUrl>
        <Point>
          <coordinates>
            36.25617,26.583545,0
          </coordinates>
        </Point>
      </Placemark>
      <Placemark>
        <name>راس الذنب</name>
        <styleUrl>#icon-1739-DB4436-labelson-nodesc</styleUrl>
        <Point>
          <coordinates>
            35.89802,27.013793,0
          </coordinates>
        </Point>
      </Placemark>
      <Placemark>
        <name>راس الشبعان الجنوبي</name>
        <styleUrl>#icon-1739-DB4436-labelson-nodesc</styleUrl>
        <Point>
          <coordinates>
            37.211552,24.761488,0
          </coordinates>
        </Point>
      </Placemark>
      <Placemark>
        <name>راس الشبعان الشمالي</name>
        <styleUrl>#icon-1739-DB4436-labelson-nodesc</styleUrl>
        <Point>
          <coordinates>
            37.164989,24.829702,0
          </coordinates>
        </Point>
      </Placemark>
      <Placemark>
        <name>راس الشريح</name>
        <styleUrl>#icon-1739-DB4436-labelson-nodesc</styleUrl>
        <Point>
          <coordinates>
            34.88215,29.142179,0
          </coordinates>
        </Point>
      </Placemark>
      <Placemark>
        <name>راس الشيخ حميد</name>
        <styleUrl>#icon-1739-DB4436-labelson-nodesc</styleUrl>
        <Point>
          <coordinates>
            34.583244,28.09247,0
          </coordinates>
        </Point>
      </Placemark>
      <Placemark>
        <name>راس اللصيفي</name>
        <styleUrl>#icon-1739-DB4436-labelson-nodesc</styleUrl>
        <Point>
          <coordinates>
            37.227602,24.707758,0
          </coordinates>
        </Point>
      </Placemark>
      <Placemark>
        <name>راس دبر</name>
        <styleUrl>#icon-1739-DB4436-labelson-nodesc</styleUrl>
        <Point>
          <coordinates>
            34.848783,29.027059,0
          </coordinates>
        </Point>
      </Placemark>
      <Placemark>
        <name>راس سويحل الصغير</name>
        <styleUrl>#icon-1739-DB4436-labelson-nodesc</styleUrl>
        <Point>
          <coordinates>
            34.829149,28.831236,0
          </coordinates>
        </Point>
      </Placemark>
      <Placemark>
        <name>راس سويحل الكبير</name>
        <styleUrl>#icon-1739-DB4436-labelson-nodesc</styleUrl>
        <Point>
          <coordinates>
            34.778767,28.660927,0
          </coordinates>
        </Point>
      </Placemark>
      <Placemark>
        <name>راس عفرى</name>
        <styleUrl>#icon-1739-DB4436-labelson-nodesc</styleUrl>
        <Point>
          <coordinates>
            37.321651,24.62358,0
          </coordinates>
        </Point>
      </Placemark>
      <Placemark>
        <name>راس قصبه</name>
        <styleUrl>#icon-1739-DB4436-labelson-nodesc</styleUrl>
        <Point>
          <coordinates>
            34.629121,28.034663,0
          </coordinates>
        </Point>
      </Placemark>
      <Placemark>
        <name>راس كليب</name>
        <styleUrl>#icon-1739-DB4436-labelson-nodesc</styleUrl>
        <Point>
          <coordinates>
            34.823592,28.884194,0
          </coordinates>
        </Point>
      </Placemark>
      <Placemark>
        <name>راس مرشة</name>
        <styleUrl>#icon-1739-DB4436-labelson-nodesc</styleUrl>
        <Point>
          <coordinates>
            34.834514,28.851128,0
          </coordinates>
        </Point>
      </Placemark>
      <Placemark>
        <name>راس مريبط</name>
        <styleUrl>#icon-1739-DB4436-labelson-nodesc</styleUrl>
        <Point>
          <coordinates>
            36.127982,26.72714,0
          </coordinates>
        </Point>
      </Placemark>
      <Placemark>
        <name>راس مريبط</name>
        <styleUrl>#icon-1739-DB4436-labelson-nodesc</styleUrl>
        <Point>
          <coordinates>
            36.348159,26.401777,0
          </coordinates>
        </Point>
      </Placemark>
      <Placemark>
        <name>رحييب</name>
        <styleUrl>#icon-1739-DB4436-labelson-nodesc</styleUrl>
        <Point>
          <coordinates>
            36.809671,27.469382,0
          </coordinates>
        </Point>
      </Placemark>
      <Placemark>
        <name>رواء</name>
        <styleUrl>#icon-1739-DB4436-labelson-nodesc</styleUrl>
        <Point>
          <coordinates>
            35.464897,28.284709,0
          </coordinates>
        </Point>
      </Placemark>
      <Placemark>
        <name>سمر</name>
        <styleUrl>#icon-1739-DB4436-labelson-nodesc</styleUrl>
        <Point>
          <coordinates>
            37.735655,24.936776,0
          </coordinates>
        </Point>
      </Placemark>
      <Placemark>
        <name>سمر</name>
        <styleUrl>#icon-1739-DB4436-labelson-nodesc</styleUrl>
        <Point>
          <coordinates>
            37.48282,24.685335,0
          </coordinates>
        </Point>
      </Placemark>
      <Placemark>
        <name>سمنة</name>
        <styleUrl>#icon-1739-DB4436-labelson-nodesc</styleUrl>
        <Point>
          <coordinates>
            37.331693,25.028594,0
          </coordinates>
        </Point>
      </Placemark>
      <Placemark>
        <name>سندالة</name>
        <styleUrl>#icon-1739-DB4436-labelson-nodesc</styleUrl>
        <Point>
          <coordinates>
            34.669204,28.042624,0
          </coordinates>
        </Point>
      </Placemark>
      <Placemark>
        <name>شرم البيضاء</name>
        <styleUrl>#icon-1739-DB4436-labelson-nodesc</styleUrl>
        <Point>
          <coordinates>
            35.529592,27.58888,0
          </coordinates>
        </Point>
      </Placemark>
      <Placemark>
        <name>شرم التبة</name>
        <styleUrl>#icon-1739-DB4436-labelson-nodesc</styleUrl>
        <Point>
          <coordinates>
            34.681435,28.264732,0
          </coordinates>
        </Point>
      </Placemark>
      <Placemark>
        <name>شرم الحسي</name>
        <styleUrl>#icon-1739-DB4436-labelson-nodesc</styleUrl>
        <Point>
          <coordinates>
            37.337766,24.62873,0
          </coordinates>
        </Point>
      </Placemark>
      <Placemark>
        <name>شرم المجوة</name>
        <styleUrl>#icon-1739-DB4436-labelson-nodesc</styleUrl>
        <Point>
          <coordinates>
            34.651222,28.166199,0
          </coordinates>
        </Point>
      </Placemark>
      <Placemark>
        <name>شرم جبة</name>
        <styleUrl>#icon-1739-DB4436-labelson-nodesc</styleUrl>
        <Point>
          <coordinates>
            35.544527,27.560685,0
          </coordinates>
        </Point>
      </Placemark>
      <Placemark>
        <name>شرم جزه</name>
        <styleUrl>#icon-1739-DB4436-labelson-nodesc</styleUrl>
        <Point>
          <coordinates>
            35.965033,26.964633,0
          </coordinates>
        </Point>
      </Placemark>
      <Placemark>
        <name>شرم حر</name>
        <styleUrl>#icon-1739-DB4436-labelson-nodesc</styleUrl>
        <Point>
          <coordinates>
            35.52352,27.624221,0
          </coordinates>
        </Point>
      </Placemark>
      <Placemark>
        <name>شرم محار</name>
        <styleUrl>#icon-1739-DB4436-labelson-nodesc</styleUrl>
        <Point>
          <coordinates>
            37.291546,24.674714,0
          </coordinates>
        </Point>
      </Placemark>
      <Placemark>
        <name>شرم هبان</name>
        <styleUrl>#icon-1739-DB4436-labelson-nodesc</styleUrl>
        <Point>
          <coordinates>
            36.575096,26.070449,0
          </coordinates>
        </Point>
      </Placemark>
      <Placemark>
        <name>شرمة</name>
        <styleUrl>#icon-1739-DB4436-labelson-nodesc</styleUrl>
        <Point>
          <coordinates>
            35.256221,28.023591,0
          </coordinates>
        </Point>
      </Placemark>
      <Placemark>
        <name>شعاب الصلا</name>
        <styleUrl>#icon-1739-DB4436-labelson-nodesc</styleUrl>
        <Point>
          <coordinates>
            35.28815,27.84826,0
          </coordinates>
        </Point>
      </Placemark>
      <Placemark>
        <name>شعب أبو شوشة</name>
        <styleUrl>#icon-1739-DB4436-labelson-nodesc</styleUrl>
        <Point>
          <coordinates>
            35.810001,26.942489,0
          </coordinates>
        </Point>
      </Placemark>
      <Placemark>
        <name>شعب أبو صدّين</name>
        <styleUrl>#icon-1739-DB4436-labelson-nodesc</styleUrl>
        <Point>
          <coordinates>
            37.091668,24.758334,0
          </coordinates>
        </Point>
      </Placemark>
      <Placemark>
        <name>شعب أبو طنين</name>
        <styleUrl>#icon-1739-DB4436-labelson-nodesc</styleUrl>
        <Point>
          <coordinates>
            34.63779,27.926667,0
          </coordinates>
        </Point>
      </Placemark>
      <Placemark>
        <name>شعب ابو شوشه</name>
        <styleUrl>#icon-1739-DB4436-labelson-nodesc</styleUrl>
        <Point>
          <coordinates>
            35.865469,26.872644,0
          </coordinates>
        </Point>
      </Placemark>
      <Placemark>
        <name>شعب ابو عجين</name>
        <styleUrl>#icon-1739-DB4436-labelson-nodesc</styleUrl>
        <Point>
          <coordinates>
            36.767271,25.334902,0
          </coordinates>
        </Point>
      </Placemark>
      <Placemark>
        <name>شعب الاديرم</name>
        <styleUrl>#icon-1739-DB4436-labelson-nodesc</styleUrl>
        <Point>
          <coordinates>
            36.841643,25.241089,0
          </coordinates>
        </Point>
      </Placemark>
      <Placemark>
        <name>شعب البلد</name>
        <styleUrl>#icon-1739-DB4436-labelson-nodesc</styleUrl>
        <Point>
          <coordinates>
            35.636966,27.291327,0
          </coordinates>
        </Point>
      </Placemark>
      <Placemark>
        <name>شعب البلم</name>
        <styleUrl>#icon-1739-DB4436-labelson-nodesc</styleUrl>
        <Point>
          <coordinates>
            35.105309,27.822704,0
          </coordinates>
        </Point>
      </Placemark>
      <Placemark>
        <name>شعب الجدير</name>
        <styleUrl>#icon-1739-DB4436-labelson-nodesc</styleUrl>
        <Point>
          <coordinates>
            36.625006,25.519996,0
          </coordinates>
        </Point>
      </Placemark>
      <Placemark>
        <name>شعب الدرك</name>
        <styleUrl>#icon-1739-DB4436-labelson-nodesc</styleUrl>
        <Point>
          <coordinates>
            36.252501,26.386671,0
          </coordinates>
        </Point>
      </Placemark>
      <Placemark>
        <name>شعب السُّفلاني</name>
        <styleUrl>#icon-1739-DB4436-labelson-nodesc</styleUrl>
        <Point>
          <coordinates>
            36.947215,24.991665,0
          </coordinates>
        </Point>
      </Placemark>
      <Placemark>
        <name>شعب الشقاشق</name>
        <styleUrl>#icon-1739-DB4436-labelson-nodesc</styleUrl>
        <Point>
          <coordinates>
            34.472222,28.008335,0
          </coordinates>
        </Point>
      </Placemark>
      <Placemark>
        <name>شعب الشقايق</name>
        <styleUrl>#icon-1739-DB4436-labelson-nodesc</styleUrl>
        <Point>
          <coordinates>
            34.867494,27.948017,0
          </coordinates>
        </Point>
      </Placemark>
      <Placemark>
        <name>شعب الطِّميس</name>
        <styleUrl>#icon-1739-DB4436-labelson-nodesc</styleUrl>
        <Point>
          <coordinates>
            34.459712,27.992499,0
          </coordinates>
        </Point>
      </Placemark>
      <Placemark>
        <name>شعب المجهول</name>
        <styleUrl>#icon-1739-DB4436-labelson-nodesc</styleUrl>
        <Point>
          <coordinates>
            36.907496,25.159163,0
          </coordinates>
        </Point>
      </Placemark>
      <Placemark>
        <name>شعب جبه</name>
        <styleUrl>#icon-1739-DB4436-labelson-nodesc</styleUrl>
        <Point>
          <coordinates>
            35.424664,27.55281,0
          </coordinates>
        </Point>
      </Placemark>
      <Placemark>
        <name>شعب مُبارك</name>
        <styleUrl>#icon-1739-DB4436-labelson-nodesc</styleUrl>
        <Point>
          <coordinates>
            36.995001,24.858327,0
          </coordinates>
        </Point>
      </Placemark>
      <Placemark>
        <name>شعبان الشعبه</name>
        <styleUrl>#icon-1739-DB4436-labelson-nodesc</styleUrl>
        <Point>
          <coordinates>
            37.207367,24.444172,0
          </coordinates>
        </Point>
      </Placemark>
      <Placemark>
        <name>شواق</name>
        <styleUrl>#icon-1739-DB4436-labelson-nodesc</styleUrl>
        <Point>
          <coordinates>
            36.485209,27.404645,0
          </coordinates>
        </Point>
      </Placemark>
      <Placemark>
        <name>صدر</name>
        <styleUrl>#icon-1739-DB4436-labelson-nodesc</styleUrl>
        <Point>
          <coordinates>
            35.778694,27.910273,0
          </coordinates>
        </Point>
      </Placemark>
      <Placemark>
        <name>صروم</name>
        <styleUrl>#icon-1739-DB4436-labelson-nodesc</styleUrl>
        <Point>
          <coordinates>
            37.478485,24.84586,0
          </coordinates>
        </Point>
      </Placemark>
      <Placemark>
        <name>ضباء</name>
        <styleUrl>#icon-1739-DB4436-labelson-nodesc</styleUrl>
        <Point>
          <coordinates>
            35.68898,27.358038,0
          </coordinates>
        </Point>
      </Placemark>
      <Placemark>
        <name>عردة</name>
        <styleUrl>#icon-1739-DB4436-labelson-nodesc</styleUrl>
        <Point>
          <coordinates>
            38.487897,27.004631,0
          </coordinates>
        </Point>
      </Placemark>
      <Placemark>
        <name>عمق</name>
        <styleUrl>#icon-1739-DB4436-labelson-nodesc</styleUrl>
        <Point>
          <coordinates>
            37.339525,25.458498,0
          </coordinates>
        </Point>
      </Placemark>
      <Placemark>
        <name>عنتر</name>
        <styleUrl>#icon-1739-DB4436-labelson-nodesc</styleUrl>
        <Point>
          <coordinates>
            36.250076,26.594574,0
          </coordinates>
        </Point>
      </Placemark>
      <Placemark>
        <name>عينونة</name>
        <styleUrl>#icon-1739-DB4436-labelson-nodesc</styleUrl>
        <Point>
          <coordinates>
            35.199852,28.095152,0
          </coordinates>
        </Point>
      </Placemark>
      <Placemark>
        <name>عيينات</name>
        <styleUrl>#icon-1739-DB4436-labelson-nodesc</styleUrl>
        <Point>
          <coordinates>
            35.003107,28.119636,0
          </coordinates>
        </Point>
      </Placemark>
      <Placemark>
        <name>غمرة</name>
        <styleUrl>#icon-1739-DB4436-labelson-nodesc</styleUrl>
        <Point>
          <coordinates>
            36.438968,27.645936,0
          </coordinates>
        </Point>
      </Placemark>
      <Placemark>
        <name>فجر</name>
        <styleUrl>#icon-1739-DB4436-labelson-nodesc</styleUrl>
        <Point>
          <coordinates>
            37.864659,28.821087,0
          </coordinates>
        </Point>
      </Placemark>
      <Placemark>
        <name>فم شثاث</name>
        <styleUrl>#icon-1739-DB4436-labelson-nodesc</styleUrl>
        <Point>
          <coordinates>
            37.705035,24.884162,0
          </coordinates>
        </Point>
      </Placemark>
      <Placemark>
        <name>قاع ابن فرحان</name>
        <styleUrl>#icon-1739-DB4436-labelson-nodesc</styleUrl>
        <Point>
          <coordinates>
            38.239567,27.718227,0
          </coordinates>
        </Point>
      </Placemark>
      <Placemark>
        <name>قبقاب</name>
        <styleUrl>#icon-1739-DB4436-labelson-nodesc</styleUrl>
        <Point>
          <coordinates>
            36.311231,27.107456,0
          </coordinates>
        </Point>
      </Placemark>
      <Placemark>
        <name>قرية  ثرفي</name>
        <styleUrl>#icon-1739-DB4436-labelson-nodesc</styleUrl>
        <Point>
          <coordinates>
            37.222323,25.653269,0
          </coordinates>
        </Point>
      </Placemark>
      <Placemark>
        <name>قرية ابو العجاج</name>
        <styleUrl>#icon-1739-DB4436-labelson-nodesc</styleUrl>
        <Point>
          <coordinates>
            36.344512,27.466764,0
          </coordinates>
        </Point>
      </Placemark>
      <Placemark>
        <name>قرية البديع</name>
        <styleUrl>#icon-1739-DB4436-labelson-nodesc</styleUrl>
        <Point>
          <coordinates>
            36.284194,27.440779,0
          </coordinates>
        </Point>
      </Placemark>
      <Placemark>
        <name>قرية الحميدات</name>
        <styleUrl>#icon-1739-DB4436-labelson-nodesc</styleUrl>
        <Point>
          <coordinates>
            35.460734,29.015086,0
          </coordinates>
        </Point>
      </Placemark>
      <Placemark>
        <name>قرية الظلفة</name>
        <styleUrl>#icon-1739-DB4436-labelson-nodesc</styleUrl>
        <Point>
          <coordinates>
            36.821022,27.381191,0
          </coordinates>
        </Point>
      </Placemark>
      <Placemark>
        <name>قرية العمود</name>
        <styleUrl>#icon-1739-DB4436-labelson-nodesc</styleUrl>
        <Point>
          <coordinates>
            35.828841,27.220967,0
          </coordinates>
        </Point>
      </Placemark>
      <Placemark>
        <name>قرية القبيضي</name>
        <styleUrl>#icon-1739-DB4436-labelson-nodesc</styleUrl>
        <Point>
          <coordinates>
            36.496432,27.359862,0
          </coordinates>
        </Point>
      </Placemark>
      <Placemark>
        <name>قرية القرص</name>
        <styleUrl>#icon-1739-DB4436-labelson-nodesc</styleUrl>
        <Point>
          <coordinates>
            37.26835,25.134273,0
          </coordinates>
        </Point>
      </Placemark>
      <Placemark>
        <name>قرية القريشمان</name>
        <styleUrl>#icon-1739-DB4436-labelson-nodesc</styleUrl>
        <Point>
          <coordinates>
            36.090109,27.28152,0
          </coordinates>
        </Point>
      </Placemark>
      <Placemark>
        <name>قرية النابع</name>
        <styleUrl>#icon-1739-DB4436-labelson-nodesc</styleUrl>
        <Point>
          <coordinates>
            37.043924,26.382959,0
          </coordinates>
        </Point>
      </Placemark>
      <Placemark>
        <name>قرية الوادي الجديد</name>
        <styleUrl>#icon-1739-DB4436-labelson-nodesc</styleUrl>
        <Point>
          <coordinates>
            35.052288,29.128146,0
          </coordinates>
        </Point>
      </Placemark>
      <Placemark>
        <name>قرية حديبا</name>
        <styleUrl>#icon-1739-DB4436-labelson-nodesc</styleUrl>
        <Point>
          <coordinates>
            36.965389,26.352704,0
          </coordinates>
        </Point>
      </Placemark>
      <Placemark>
        <name>قرية خرباء</name>
        <styleUrl>#icon-1739-DB4436-labelson-nodesc</styleUrl>
        <Point>
          <coordinates>
            37.303712,26.146495,0
          </coordinates>
        </Point>
      </Placemark>
      <Placemark>
        <name>قرية سحبان</name>
        <styleUrl>#icon-1739-DB4436-labelson-nodesc</styleUrl>
        <Point>
          <coordinates>
            37.072291,26.401069,0
          </coordinates>
        </Point>
      </Placemark>
      <Placemark>
        <name>قرية شريف</name>
        <styleUrl>#icon-1739-DB4436-labelson-nodesc</styleUrl>
        <Point>
          <coordinates>
            35.339005,28.876319,0
          </coordinates>
        </Point>
      </Placemark>
      <Placemark>
        <name>قرية شغب</name>
        <styleUrl>#icon-1739-DB4436-labelson-nodesc</styleUrl>
        <Point>
          <coordinates>
            36.446972,27.263711,0
          </coordinates>
        </Point>
      </Placemark>
      <Placemark>
        <name>قرية مرخ</name>
        <styleUrl>#icon-1739-DB4436-labelson-nodesc</styleUrl>
        <Point>
          <coordinates>
            37.494278,25.356102,0
          </coordinates>
        </Point>
      </Placemark>
      <Placemark>
        <name>قرية مليح</name>
        <styleUrl>#icon-1739-DB4436-labelson-nodesc</styleUrl>
        <Point>
          <coordinates>
            35.399623,29.149389,0
          </coordinates>
        </Point>
      </Placemark>
      <Placemark>
        <name>قصير التمرة</name>
        <styleUrl>#icon-1739-DB4436-labelson-nodesc</styleUrl>
        <Point>
          <coordinates>
            36.508813,28.215895,0
          </coordinates>
        </Point>
      </Placemark>
      <Placemark>
        <name>قطع محار</name>
        <styleUrl>#icon-1739-DB4436-labelson-nodesc</styleUrl>
        <Point>
          <coordinates>
            37.124069,24.654393,0
          </coordinates>
        </Point>
      </Placemark>
      <Placemark>
        <name>قطعة المعرش</name>
        <styleUrl>#icon-1739-DB4436-labelson-nodesc</styleUrl>
        <Point>
          <coordinates>
            35.526137,27.431595,0
          </coordinates>
        </Point>
      </Placemark>
      <Placemark>
        <name>قطعة باهذيل</name>
        <styleUrl>#icon-1739-DB4436-labelson-nodesc</styleUrl>
        <Point>
          <coordinates>
            37.119563,24.492323,0
          </coordinates>
        </Point>
      </Placemark>
      <Placemark>
        <name>قيال</name>
        <styleUrl>#icon-1739-DB4436-labelson-nodesc</styleUrl>
        <Point>
          <coordinates>
            35.038276,28.163238,0
          </coordinates>
        </Point>
      </Placemark>
      <Placemark>
        <name>لبانه</name>
        <styleUrl>#icon-1739-DB4436-labelson-nodesc</styleUrl>
        <Point>
          <coordinates>
            37.049053,24.971366,0
          </coordinates>
        </Point>
      </Placemark>
      <Placemark>
        <name>محمية الخنفة</name>
        <styleUrl>#icon-1739-DB4436-labelson-nodesc</styleUrl>
        <Point>
          <coordinates>
            38.720369,28.87501,0
          </coordinates>
        </Point>
      </Placemark>
      <Placemark>
        <name>مدين</name>
        <styleUrl>#icon-1739-DB4436-labelson-nodesc</styleUrl>
        <Point>
          <coordinates>
            34.997356,28.486261,0
          </coordinates>
        </Point>
      </Placemark>
      <Placemark>
        <name>مرس</name>
        <styleUrl>#icon-1739-DB4436-labelson-nodesc</styleUrl>
        <Point>
          <coordinates>
            37.426579,25.334301,0
          </coordinates>
        </Point>
      </Placemark>
      <Placemark>
        <name>مرسى البحير</name>
        <styleUrl>#icon-1739-DB4436-labelson-nodesc</styleUrl>
        <Point>
          <coordinates>
            37.249274,25.1703,0
          </coordinates>
        </Point>
      </Placemark>
      <Placemark>
        <name>مرسى حواز</name>
        <styleUrl>#icon-1739-DB4436-labelson-nodesc</styleUrl>
        <Point>
          <coordinates>
            36.236579,26.614702,0
          </coordinates>
        </Point>
      </Placemark>
      <Placemark>
        <name>مرسى زبيده</name>
        <styleUrl>#icon-1739-DB4436-labelson-nodesc</styleUrl>
        <Point>
          <coordinates>
            36.043375,26.890347,0
          </coordinates>
        </Point>
      </Placemark>
      <Placemark>
        <name>مرسى زعم</name>
        <styleUrl>#icon-1739-DB4436-labelson-nodesc</styleUrl>
        <Point>
          <coordinates>
            36.419721,26.277688,0
          </coordinates>
        </Point>
      </Placemark>
      <Placemark>
        <name>مرسى مرطبان</name>
        <styleUrl>#icon-1739-DB4436-labelson-nodesc</styleUrl>
        <Point>
          <coordinates>
            36.690645,26.039743,0
          </coordinates>
        </Point>
      </Placemark>
      <Placemark>
        <name>مركز التبه</name>
        <styleUrl>#icon-1739-DB4436-labelson-nodesc</styleUrl>
        <Point>
          <coordinates>
            34.6771,28.256836,0
          </coordinates>
        </Point>
      </Placemark>
      <Placemark>
        <name>مركز الماره</name>
        <styleUrl>#icon-1739-DB4436-labelson-nodesc</styleUrl>
        <Point>
          <coordinates>
            36.065347,26.812091,0
          </coordinates>
        </Point>
      </Placemark>
      <Placemark>
        <name>مركز حرامل</name>
        <styleUrl>#icon-1739-DB4436-labelson-nodesc</styleUrl>
        <Point>
          <coordinates>
            36.367171,26.370792,0
          </coordinates>
        </Point>
      </Placemark>
      <Placemark>
        <name>مركز حميط</name>
        <styleUrl>#icon-1739-DB4436-labelson-nodesc</styleUrl>
        <Point>
          <coordinates>
            35.395889,28.632538,0
          </coordinates>
        </Point>
      </Placemark>
      <Placemark>
        <name>مركز زبيده</name>
        <styleUrl>#icon-1739-DB4436-labelson-nodesc</styleUrl>
        <Point>
          <coordinates>
            36.063888,26.830351,0
          </coordinates>
        </Point>
      </Placemark>
      <Placemark>
        <name>مشيد</name>
        <styleUrl>#icon-1739-DB4436-labelson-nodesc</styleUrl>
        <Point>
          <coordinates>
            39.723043,27.353961,0
          </coordinates>
        </Point>
      </Placemark>
      <Placemark>
        <name>مقنا</name>
        <styleUrl>#icon-1739-DB4436-labelson-nodesc</styleUrl>
        <Point>
          <coordinates>
            34.7454,28.409765,0
          </coordinates>
        </Point>
      </Placemark>
      <Placemark>
        <name>ميناء شرمة</name>
        <styleUrl>#icon-1739-DB4436-labelson-nodesc</styleUrl>
        <Point>
          <coordinates>
            35.274911,27.938876,0
          </coordinates>
        </Point>
      </Placemark>
      <Placemark>
        <name>نبط</name>
        <styleUrl>#icon-1739-DB4436-labelson-nodesc</styleUrl>
        <Point>
          <coordinates>
            37.547557,24.666667,0
          </coordinates>
        </Point>
      </Placemark>
      <Placemark>
        <name>نعمى</name>
        <styleUrl>#icon-1739-DB4436-labelson-nodesc</styleUrl>
        <Point>
          <coordinates>
            35.685718,28.242609,0
          </coordinates>
        </Point>
      </Placemark>
      <Placemark>
        <name>هجرة ابن غنيم</name>
        <styleUrl>#icon-1739-DB4436-labelson-nodesc</styleUrl>
        <Point>
          <coordinates>
            37.527516,25.672946,0
          </coordinates>
        </Point>
      </Placemark>
      <Placemark>
        <name>هجرة احامر</name>
        <styleUrl>#icon-1739-DB4436-labelson-nodesc</styleUrl>
        <Point>
          <coordinates>
            38.727257,26.813486,0
          </coordinates>
        </Point>
      </Placemark>
      <Placemark>
        <name>هجرة البديعات</name>
        <styleUrl>#icon-1739-DB4436-labelson-nodesc</styleUrl>
        <Point>
          <coordinates>
            37.365832,25.858469,0
          </coordinates>
        </Point>
      </Placemark>
      <Placemark>
        <name>هجرة العمبجة</name>
        <styleUrl>#icon-1739-DB4436-labelson-nodesc</styleUrl>
        <Point>
          <coordinates>
            37.535262,25.659385,0
          </coordinates>
        </Point>
      </Placemark>
      <Placemark>
        <name>هجرة العين</name>
        <styleUrl>#icon-1739-DB4436-labelson-nodesc</styleUrl>
        <Point>
          <coordinates>
            37.610664,25.65136,0
          </coordinates>
        </Point>
      </Placemark>
      <Placemark>
        <name>هجرة القصير</name>
        <styleUrl>#icon-1739-DB4436-labelson-nodesc</styleUrl>
        <Point>
          <coordinates>
            36.756434,25.953462,0
          </coordinates>
        </Point>
      </Placemark>
      <Placemark>
        <name>قرية النجد</name>
        <styleUrl>#icon-1739-DB4436-labelson-nodesc</styleUrl>
        <Point>
          <coordinates>
            37.101967,26.77484,0
          </coordinates>
        </Point>
      </Placemark>
      <Placemark>
        <name>هجرة حنبق</name>
        <styleUrl>#icon-1739-DB4436-labelson-nodesc</styleUrl>
        <Point>
          <coordinates>
            37.394929,25.76133,0
          </coordinates>
        </Point>
      </Placemark>
      <Placemark>
        <name>هجرة شطين</name>
        <styleUrl>#icon-1739-DB4436-labelson-nodesc</styleUrl>
        <Point>
          <coordinates>
            37.191274,25.901341,0
          </coordinates>
        </Point>
      </Placemark>
      <Placemark>
        <name>هجرت شقري</name>
        <styleUrl>#icon-1739-DB4436-labelson-nodesc</styleUrl>
        <Point>
          <coordinates>
            35.991833,27.987027,0
          </coordinates>
        </Point>
      </Placemark>
      <Placemark>
        <name>وسد</name>
        <styleUrl>#icon-1739-DB4436-labelson-nodesc</styleUrl>
        <Point>
          <coordinates>
            37.622852,24.67613,0
          </coordinates>
        </Point>
      </Placemark>
      <Placemark>
        <name>هجرة العريفات
</name>
        <styleUrl>#icon-1739-DB4436-labelson-nodesc</styleUrl>
        <Point>
          <coordinates>
            36.86646,26.90501,0
          </coordinates>
        </Point>
      </Placemark>
    </Folder>
  </Document>
</kml>
