<?xml version="1.0" encoding="UTF-8"?>
<kml xmlns="http://www.opengis.net/kml/2.2">
  <Document>
    <name>خريطة الباحة البرية</name>
    <description><![CDATA[نتمنى ترك المتنزهات والبراري نظيفة بعد مغادرتها ليصبح المكان أكثر جمالاً.<br>توضيح الوان النقاط في الخريطة :<br>الاحمر : أسماء مدن - محافظات - قرى - هجر<br>الرمادي : أسماء محلية - أسماء أماكن متعارف عليه<br>البني : جبال - هضاب - حزوم - كهوف<br>الازرق : وديان - شعبان - قيعان - سدود - خباري<br>الاخضر : آبار - عيون - ثمايل - موارد ماء<br>الاصفر : طعوس - عروق - نوازي - خبوب<br>الاسود : طرق صحراوية - ردميات - دروب غير معبدة<br>شعار القلعة : آثار - مواقع تاريخية - برك قديمة - نقوش<br>بيئتنا .. مسؤوليتنا <br>ـــــــــــ<br>إذا كان هناك مكان خاطئ أو موقع ناقص آمل التواصل تويتر ( الخرائط البرية maps_ksa@ ) <br>أو على الإميل wild.maps.sa@gmail.com<br>وسيتم التواصل معك بإذن الله<br><br>]]></description>
    <Style id="icon-1598-BDBDBD-labelson-nodesc">
      <IconStyle>
        <color>ffbdbdbd</color>
        <scale>1</scale>
        <Icon>
          <href>https://www.gstatic.com/mapspro/images/stock/503-wht-blank_maps.png</href>
        </Icon>
      </IconStyle>
      <BalloonStyle>
        <text><![CDATA[<h3>$[name]</h3>]]></text>
      </BalloonStyle>
    </Style>
    <Style id="icon-1739-000000-labelson-nodesc">
      <IconStyle>
        <color>ff000000</color>
        <scale>1</scale>
        <Icon>
          <href>https://www.gstatic.com/mapspro/images/stock/503-wht-blank_maps.png</href>
        </Icon>
      </IconStyle>
      <BalloonStyle>
        <text><![CDATA[<h3>$[name]</h3>]]></text>
      </BalloonStyle>
    </Style>
    <Style id="icon-1739-0288D1-labelson-nodesc">
      <IconStyle>
        <color>ffd18802</color>
        <scale>1</scale>
        <Icon>
          <href>https://www.gstatic.com/mapspro/images/stock/503-wht-blank_maps.png</href>
        </Icon>
      </IconStyle>
      <BalloonStyle>
        <text><![CDATA[<h3>$[name]</h3>]]></text>
      </BalloonStyle>
    </Style>
    <Style id="icon-1739-757575-labelson-nodesc">
      <IconStyle>
        <color>ff757575</color>
        <scale>1</scale>
        <Icon>
          <href>https://www.gstatic.com/mapspro/images/stock/503-wht-blank_maps.png</href>
        </Icon>
      </IconStyle>
      <BalloonStyle>
        <text><![CDATA[<h3>$[name]</h3>]]></text>
      </BalloonStyle>
    </Style>
    <Style id="icon-1739-DB4436-labelson-nodesc">
      <IconStyle>
        <color>ff3644db</color>
        <scale>1</scale>
        <Icon>
          <href>https://www.gstatic.com/mapspro/images/stock/503-wht-blank_maps.png</href>
        </Icon>
      </IconStyle>
      <BalloonStyle>
        <text><![CDATA[<h3>$[name]</h3>]]></text>
      </BalloonStyle>
    </Style>
    <Folder>
      <name>مواقع اثرية</name>
      <Placemark>
        <name>قصر بن رقوش الأثري</name>
        <styleUrl>#icon-1598-BDBDBD-labelson-nodesc</styleUrl>
        <Point>
          <coordinates>
            41.445833,20.101667,0
          </coordinates>
        </Point>
      </Placemark>
      <Placemark>
        <name>قلعة الصريف</name>
        <styleUrl>#icon-1598-BDBDBD-labelson-nodesc</styleUrl>
        <Point>
          <coordinates>
            41.158605,20.376592,0
          </coordinates>
        </Point>
      </Placemark>
      <Placemark>
        <name>اثار مسجد ابو هريرة</name>
        <styleUrl>#icon-1598-BDBDBD-labelson-nodesc</styleUrl>
        <Point>
          <coordinates>
            41.237612,20.304558,0
          </coordinates>
        </Point>
      </Placemark>
      <Placemark>
        <name>حصن البطح</name>
        <styleUrl>#icon-1598-BDBDBD-labelson-nodesc</styleUrl>
        <Point>
          <coordinates>
            41.4066875,20.0831875,0
          </coordinates>
        </Point>
      </Placemark>
      <Placemark>
        <name>حصن القزعة</name>
        <styleUrl>#icon-1598-BDBDBD-labelson-nodesc</styleUrl>
        <Point>
          <coordinates>
            41.4038125,20.0861875,0
          </coordinates>
        </Point>
      </Placemark>
      <Placemark>
        <name>حصن المحسن</name>
        <styleUrl>#icon-1598-BDBDBD-labelson-nodesc</styleUrl>
        <Point>
          <coordinates>
            41.3968125,20.0870625,0
          </coordinates>
        </Point>
      </Placemark>
      <Placemark>
        <name>خربة السباع</name>
        <styleUrl>#icon-1598-BDBDBD-labelson-nodesc</styleUrl>
        <Point>
          <coordinates>
            41.3973125,20.0916875,0
          </coordinates>
        </Point>
      </Placemark>
      <Placemark>
        <name>متحف</name>
        <styleUrl>#icon-1598-BDBDBD-labelson-nodesc</styleUrl>
        <Point>
          <coordinates>
            41.5764417,19.8421477,0
          </coordinates>
        </Point>
      </Placemark>
      <Placemark>
        <name>حصن الغازي</name>
        <styleUrl>#icon-1598-BDBDBD-labelson-nodesc</styleUrl>
        <Point>
          <coordinates>
            41.4093831,20.0722647,0
          </coordinates>
        </Point>
      </Placemark>
    </Folder>
    <Folder>
      <name>طرق صحراوية</name>
      <Placemark>
        <name>مفرق جبل شدا</name>
        <styleUrl>#icon-1739-000000-labelson-nodesc</styleUrl>
        <Point>
          <coordinates>
            41.314387,19.879589,0
          </coordinates>
        </Point>
      </Placemark>
      <Placemark>
        <name>مفرق قرى جبل شدا</name>
        <styleUrl>#icon-1739-000000-labelson-nodesc</styleUrl>
        <Point>
          <coordinates>
            41.312349,19.886219,0
          </coordinates>
        </Point>
      </Placemark>
      <Placemark>
        <name>عقبة الانباء</name>
        <styleUrl>#icon-1739-000000-labelson-nodesc</styleUrl>
        <Point>
          <coordinates>
            41.605353,19.813714,0
          </coordinates>
        </Point>
      </Placemark>
      <Placemark>
        <name>عقبة ذي منعا</name>
        <styleUrl>#icon-1739-000000-labelson-nodesc</styleUrl>
        <Point>
          <coordinates>
            41.191864,20.312262,0
          </coordinates>
        </Point>
      </Placemark>
    </Folder>
    <Folder>
      <name>موارد مياه</name>
      <Placemark>
        <name>عين مليذ</name>
        <styleUrl>#icon-1739-000000-labelson-nodesc</styleUrl>
        <Point>
          <coordinates>
            41.341338,20.028999,0
          </coordinates>
        </Point>
      </Placemark>
      <Placemark>
        <name>عين الثومات</name>
        <styleUrl>#icon-1739-000000-labelson-nodesc</styleUrl>
        <Point>
          <coordinates>
            41.218493,20.33299,0
          </coordinates>
        </Point>
      </Placemark>
      <Placemark>
        <name>عين العجمة</name>
        <styleUrl>#icon-1739-000000-labelson-nodesc</styleUrl>
        <Point>
          <coordinates>
            41.635008,19.887893,0
          </coordinates>
        </Point>
      </Placemark>
      <Placemark>
        <name>عين العنزيه</name>
        <styleUrl>#icon-1739-000000-labelson-nodesc</styleUrl>
        <Point>
          <coordinates>
            41.552053,20.096011,0
          </coordinates>
        </Point>
      </Placemark>
      <Placemark>
        <name>عين الفراع</name>
        <styleUrl>#icon-1739-000000-labelson-nodesc</styleUrl>
        <Point>
          <coordinates>
            41.224415,20.391955,0
          </coordinates>
        </Point>
      </Placemark>
      <Placemark>
        <name>عين اللصب</name>
        <styleUrl>#icon-1739-000000-labelson-nodesc</styleUrl>
        <Point>
          <coordinates>
            41.599238,19.888623,0
          </coordinates>
        </Point>
      </Placemark>
      <Placemark>
        <name>عين شعب المعين</name>
        <styleUrl>#icon-1739-000000-labelson-nodesc</styleUrl>
        <Point>
          <coordinates>
            41.221411,20.323398,0
          </coordinates>
        </Point>
      </Placemark>
      <Placemark>
        <name>بئر ابن محفوظ</name>
        <styleUrl>#icon-1739-000000-labelson-nodesc</styleUrl>
        <Point>
          <coordinates>
            41.036446,19.691942,0
          </coordinates>
        </Point>
      </Placemark>
      <Placemark>
        <name>بئر الحبلات</name>
        <styleUrl>#icon-1739-000000-labelson-nodesc</styleUrl>
        <Point>
          <coordinates>
            41.089168,20.027196,0
          </coordinates>
        </Point>
      </Placemark>
      <Placemark>
        <name>بئر الحجة</name>
        <styleUrl>#icon-1739-000000-labelson-nodesc</styleUrl>
        <Point>
          <coordinates>
            41.361873,19.947546,0
          </coordinates>
        </Point>
      </Placemark>
      <Placemark>
        <name>بئر الحويطي</name>
        <styleUrl>#icon-1739-000000-labelson-nodesc</styleUrl>
        <Point>
          <coordinates>
            41.016319,19.695547,0
          </coordinates>
        </Point>
      </Placemark>
      <Placemark>
        <name>بئر الحويل</name>
        <styleUrl>#icon-1739-000000-labelson-nodesc</styleUrl>
        <Point>
          <coordinates>
            41.762638,20.534134,0
          </coordinates>
        </Point>
      </Placemark>
      <Placemark>
        <name>بئر الدحية</name>
        <styleUrl>#icon-1739-000000-labelson-nodesc</styleUrl>
        <Point>
          <coordinates>
            41.302929,19.856071,0
          </coordinates>
        </Point>
      </Placemark>
      <Placemark>
        <name>بئر السد</name>
        <styleUrl>#icon-1739-000000-labelson-nodesc</styleUrl>
        <Point>
          <coordinates>
            41.204674,20.372472,0
          </coordinates>
        </Point>
      </Placemark>
      <Placemark>
        <name>بئر الشهابي</name>
        <styleUrl>#icon-1739-000000-labelson-nodesc</styleUrl>
        <Point>
          <coordinates>
            41.004345,19.693315,0
          </coordinates>
        </Point>
      </Placemark>
      <Placemark>
        <name>بئر الغصة</name>
        <styleUrl>#icon-1739-000000-labelson-nodesc</styleUrl>
        <Point>
          <coordinates>
            41.396506,19.815581,0
          </coordinates>
        </Point>
      </Placemark>
      <Placemark>
        <name>بئر المدرة</name>
        <styleUrl>#icon-1739-000000-labelson-nodesc</styleUrl>
        <Point>
          <coordinates>
            41.340566,19.96263,0
          </coordinates>
        </Point>
      </Placemark>
      <Placemark>
        <name>بئر المرخة</name>
        <styleUrl>#icon-1739-000000-labelson-nodesc</styleUrl>
        <Point>
          <coordinates>
            41.144335,20.238791,0
          </coordinates>
        </Point>
      </Placemark>
      <Placemark>
        <name>بئر اندح</name>
        <styleUrl>#icon-1739-000000-labelson-nodesc</styleUrl>
        <Point>
          <coordinates>
            41.256623,19.983551,0
          </coordinates>
        </Point>
      </Placemark>
      <Placemark>
        <name>بئر جبار</name>
        <styleUrl>#icon-1739-000000-labelson-nodesc</styleUrl>
        <Point>
          <coordinates>
            41.940823,20.45929,0
          </coordinates>
        </Point>
      </Placemark>
      <Placemark>
        <name>بئر عذيبة</name>
        <styleUrl>#icon-1739-000000-labelson-nodesc</styleUrl>
        <Point>
          <coordinates>
            41.277566,19.842167,0
          </coordinates>
        </Point>
      </Placemark>
      <Placemark>
        <name>بئر فشة</name>
        <styleUrl>#icon-1739-000000-labelson-nodesc</styleUrl>
        <Point>
          <coordinates>
            41.364234,19.97926,0
          </coordinates>
        </Point>
      </Placemark>
      <Placemark>
        <name>بئر ماء سبيل</name>
        <styleUrl>#icon-1739-000000-labelson-nodesc</styleUrl>
        <Point>
          <coordinates>
            41.278982,19.832489,0
          </coordinates>
        </Point>
      </Placemark>
      <Placemark>
        <name>بئر محنوس</name>
        <styleUrl>#icon-1739-000000-labelson-nodesc</styleUrl>
        <Point>
          <coordinates>
            41.21521,19.984925,0
          </coordinates>
        </Point>
      </Placemark>
      <Placemark>
        <name>بئر مطيع</name>
        <styleUrl>#icon-1739-000000-labelson-nodesc</styleUrl>
        <Point>
          <coordinates>
            41.462123,19.755907,0
          </coordinates>
        </Point>
      </Placemark>
      <Placemark>
        <name>العين الخضراء</name>
        <styleUrl>#icon-1739-000000-labelson-nodesc</styleUrl>
        <Point>
          <coordinates>
            41.22169,20.31563,0
          </coordinates>
        </Point>
      </Placemark>
    </Folder>
    <Folder>
      <name>تجمع مياه</name>
      <Placemark>
        <name>وادي اباد</name>
        <styleUrl>#icon-1739-0288D1-labelson-nodesc</styleUrl>
        <Point>
          <coordinates>
            41.628549,20.154634,0
          </coordinates>
        </Point>
      </Placemark>
      <Placemark>
        <name>وادي اباد</name>
        <styleUrl>#icon-1739-0288D1-labelson-nodesc</styleUrl>
        <Point>
          <coordinates>
            41.602542,20.122275,0
          </coordinates>
        </Point>
      </Placemark>
      <Placemark>
        <name>وادي اباد</name>
        <styleUrl>#icon-1739-0288D1-labelson-nodesc</styleUrl>
        <Point>
          <coordinates>
            41.70702,20.285826,0
          </coordinates>
        </Point>
      </Placemark>
      <Placemark>
        <name>وادي اشحط</name>
        <styleUrl>#icon-1739-0288D1-labelson-nodesc</styleUrl>
        <Point>
          <coordinates>
            41.208515,20.081806,0
          </coordinates>
        </Point>
      </Placemark>
      <Placemark>
        <name>وادي الاحسبه</name>
        <styleUrl>#icon-1739-0288D1-labelson-nodesc</styleUrl>
        <Point>
          <coordinates>
            41.381485,19.694989,0
          </coordinates>
        </Point>
      </Placemark>
      <Placemark>
        <name>وادي الاحسبه</name>
        <styleUrl>#icon-1739-0288D1-labelson-nodesc</styleUrl>
        <Point>
          <coordinates>
            41.44073,19.73726,0
          </coordinates>
        </Point>
      </Placemark>
      <Placemark>
        <name>وادي الجنابين</name>
        <styleUrl>#icon-1739-0288D1-labelson-nodesc</styleUrl>
        <Point>
          <coordinates>
            41.715517,19.895554,0
          </coordinates>
        </Point>
      </Placemark>
      <Placemark>
        <name>وادي الجوف</name>
        <styleUrl>#icon-1739-0288D1-labelson-nodesc</styleUrl>
        <Point>
          <coordinates>
            41.278145,19.860191,0
          </coordinates>
        </Point>
      </Placemark>
      <Placemark>
        <name>وادي الجوف</name>
        <styleUrl>#icon-1739-0288D1-labelson-nodesc</styleUrl>
        <Point>
          <coordinates>
            41.303701,19.866092,0
          </coordinates>
        </Point>
      </Placemark>
      <Placemark>
        <name>وادي الجوف</name>
        <styleUrl>#icon-1739-0288D1-labelson-nodesc</styleUrl>
        <Point>
          <coordinates>
            41.495812,20.013678,0
          </coordinates>
        </Point>
      </Placemark>
      <Placemark>
        <name>وادي الجوف</name>
        <styleUrl>#icon-1739-0288D1-labelson-nodesc</styleUrl>
        <Point>
          <coordinates>
            41.651573,20.058761,0
          </coordinates>
        </Point>
      </Placemark>
      <Placemark>
        <name>وادي الرفعة</name>
        <styleUrl>#icon-1739-0288D1-labelson-nodesc</styleUrl>
        <Point>
          <coordinates>
            41.729915,20.548038,0
          </coordinates>
        </Point>
      </Placemark>
      <Placemark>
        <name>وادي الروضة</name>
        <styleUrl>#icon-1739-0288D1-labelson-nodesc</styleUrl>
        <Point>
          <coordinates>
            41.630309,20.32917,0
          </coordinates>
        </Point>
      </Placemark>
      <Placemark>
        <name>وادي الروضة</name>
        <styleUrl>#icon-1739-0288D1-labelson-nodesc</styleUrl>
        <Point>
          <coordinates>
            41.632583,20.391076,0
          </coordinates>
        </Point>
      </Placemark>
      <Placemark>
        <name>وادي الرياح</name>
        <styleUrl>#icon-1739-0288D1-labelson-nodesc</styleUrl>
        <Point>
          <coordinates>
            41.592522,19.88004,0
          </coordinates>
        </Point>
      </Placemark>
      <Placemark>
        <name>وادي السعبره</name>
        <styleUrl>#icon-1739-0288D1-labelson-nodesc</styleUrl>
        <Point>
          <coordinates>
            41.143541,20.245035,0
          </coordinates>
        </Point>
      </Placemark>
      <Placemark>
        <name>وادي السليم</name>
        <styleUrl>#icon-1739-0288D1-labelson-nodesc</styleUrl>
        <Point>
          <coordinates>
            41.926789,20.440192,0
          </coordinates>
        </Point>
      </Placemark>
      <Placemark>
        <name>وادي السمار</name>
        <styleUrl>#icon-1739-0288D1-labelson-nodesc</styleUrl>
        <Point>
          <coordinates>
            41.118779,20.222418,0
          </coordinates>
        </Point>
      </Placemark>
      <Placemark>
        <name>وادي السمحه</name>
        <styleUrl>#icon-1739-0288D1-labelson-nodesc</styleUrl>
        <Point>
          <coordinates>
            41.05372,20.127704,0
          </coordinates>
        </Point>
      </Placemark>
      <Placemark>
        <name>وادي السمعه</name>
        <styleUrl>#icon-1739-0288D1-labelson-nodesc</styleUrl>
        <Point>
          <coordinates>
            41.153197,20.024257,0
          </coordinates>
        </Point>
      </Placemark>
      <Placemark>
        <name>وادي السمعه</name>
        <styleUrl>#icon-1739-0288D1-labelson-nodesc</styleUrl>
        <Point>
          <coordinates>
            41.15603,20.011747,0
          </coordinates>
        </Point>
      </Placemark>
      <Placemark>
        <name>وادي الصدر</name>
        <styleUrl>#icon-1739-0288D1-labelson-nodesc</styleUrl>
        <Point>
          <coordinates>
            41.347196,20.132189,0
          </coordinates>
        </Point>
      </Placemark>
      <Placemark>
        <name>وادي العقيق</name>
        <styleUrl>#icon-1739-0288D1-labelson-nodesc</styleUrl>
        <Point>
          <coordinates>
            41.658397,20.259519,0
          </coordinates>
        </Point>
      </Placemark>
      <Placemark>
        <name>وادي العقيق</name>
        <styleUrl>#icon-1739-0288D1-labelson-nodesc</styleUrl>
        <Point>
          <coordinates>
            41.78916,20.271492,0
          </coordinates>
        </Point>
      </Placemark>
      <Placemark>
        <name>وادي الفرشة</name>
        <styleUrl>#icon-1739-0288D1-labelson-nodesc</styleUrl>
        <Point>
          <coordinates>
            41.620245,19.871693,0
          </coordinates>
        </Point>
      </Placemark>
      <Placemark>
        <name>وادي الكف</name>
        <styleUrl>#icon-1739-0288D1-labelson-nodesc</styleUrl>
        <Point>
          <coordinates>
            41.159034,20.24143,0
          </coordinates>
        </Point>
      </Placemark>
      <Placemark>
        <name>وادي النغره</name>
        <styleUrl>#icon-1739-0288D1-labelson-nodesc</styleUrl>
        <Point>
          <coordinates>
            41.481221,20.076399,0
          </coordinates>
        </Point>
      </Placemark>
      <Placemark>
        <name>وادي النغره</name>
        <styleUrl>#icon-1739-0288D1-labelson-nodesc</styleUrl>
        <Point>
          <coordinates>
            41.532676,20.226259,0
          </coordinates>
        </Point>
      </Placemark>
      <Placemark>
        <name>وادي الهجمان</name>
        <styleUrl>#icon-1739-0288D1-labelson-nodesc</styleUrl>
        <Point>
          <coordinates>
            41.632004,19.859912,0
          </coordinates>
        </Point>
      </Placemark>
      <Placemark>
        <name>وادي بران</name>
        <styleUrl>#icon-1739-0288D1-labelson-nodesc</styleUrl>
        <Point>
          <coordinates>
            41.366036,19.981835,0
          </coordinates>
        </Point>
      </Placemark>
      <Placemark>
        <name>وادي بوا</name>
        <styleUrl>#icon-1739-0288D1-labelson-nodesc</styleUrl>
        <Point>
          <coordinates>
            41.31222,20.744097,0
          </coordinates>
        </Point>
      </Placemark>
      <Placemark>
        <name>وادي بولة</name>
        <styleUrl>#icon-1739-0288D1-labelson-nodesc</styleUrl>
        <Point>
          <coordinates>
            42.013264,20.37082,0
          </coordinates>
        </Point>
      </Placemark>
      <Placemark>
        <name>وادي بيدة</name>
        <styleUrl>#icon-1739-0288D1-labelson-nodesc</styleUrl>
        <Point>
          <coordinates>
            41.4029,20.247052,0
          </coordinates>
        </Point>
      </Placemark>
      <Placemark>
        <name>وادي بيدة</name>
        <styleUrl>#icon-1739-0288D1-labelson-nodesc</styleUrl>
        <Point>
          <coordinates>
            41.403394,20.266299,0
          </coordinates>
        </Point>
      </Placemark>
      <Placemark>
        <name>وادي بيدة</name>
        <styleUrl>#icon-1739-0288D1-labelson-nodesc</styleUrl>
        <Point>
          <coordinates>
            41.41732,20.661228,0
          </coordinates>
        </Point>
      </Placemark>
      <Placemark>
        <name>وادي تربه</name>
        <styleUrl>#icon-1739-0288D1-labelson-nodesc</styleUrl>
        <Point>
          <coordinates>
            41.278188,20.524907,0
          </coordinates>
        </Point>
      </Placemark>
      <Placemark>
        <name>وادي تمن</name>
        <styleUrl>#icon-1739-0288D1-labelson-nodesc</styleUrl>
        <Point>
          <coordinates>
            40.970378,20.126417,0
          </coordinates>
        </Point>
      </Placemark>
      <Placemark>
        <name>وادي ثراد</name>
        <styleUrl>#icon-1739-0288D1-labelson-nodesc</styleUrl>
        <Point>
          <coordinates>
            41.654856,20.051744,0
          </coordinates>
        </Point>
      </Placemark>
      <Placemark>
        <name>وادي ثراد</name>
        <styleUrl>#icon-1739-0288D1-labelson-nodesc</styleUrl>
        <Point>
          <coordinates>
            41.800833,20.261428,0
          </coordinates>
        </Point>
      </Placemark>
      <Placemark>
        <name>وادي ثراد</name>
        <styleUrl>#icon-1739-0288D1-labelson-nodesc</styleUrl>
        <Point>
          <coordinates>
            41.97346,20.287027,0
          </coordinates>
        </Point>
      </Placemark>
      <Placemark>
        <name>وادي جرب</name>
        <styleUrl>#icon-1739-0288D1-labelson-nodesc</styleUrl>
        <Point>
          <coordinates>
            41.920481,20.441995,0
          </coordinates>
        </Point>
      </Placemark>
      <Placemark>
        <name>وادي جرب</name>
        <styleUrl>#icon-1739-0288D1-labelson-nodesc</styleUrl>
        <Point>
          <coordinates>
            42.090554,20.506969,0
          </coordinates>
        </Point>
      </Placemark>
      <Placemark>
        <name>وادي حفن</name>
        <styleUrl>#icon-1739-0288D1-labelson-nodesc</styleUrl>
        <Point>
          <coordinates>
            41.136096,20.243146,0
          </coordinates>
        </Point>
      </Placemark>
      <Placemark>
        <name>وادي خرفة</name>
        <styleUrl>#icon-1739-0288D1-labelson-nodesc</styleUrl>
        <Point>
          <coordinates>
            41.432705,19.932826,0
          </coordinates>
        </Point>
      </Placemark>
      <Placemark>
        <name>وادي خنوقة</name>
        <styleUrl>#icon-1739-0288D1-labelson-nodesc</styleUrl>
        <Point>
          <coordinates>
            41.556816,20.448604,0
          </coordinates>
        </Point>
      </Placemark>
      <Placemark>
        <name>وادي دو</name>
        <styleUrl>#icon-1739-0288D1-labelson-nodesc</styleUrl>
        <Point>
          <coordinates>
            41.143734,20.0723,0
          </coordinates>
        </Point>
      </Placemark>
      <Placemark>
        <name>وادي دوقه</name>
        <styleUrl>#icon-1739-0288D1-labelson-nodesc</styleUrl>
        <Point>
          <coordinates>
            41.031446,19.87165,0
          </coordinates>
        </Point>
      </Placemark>
      <Placemark>
        <name>وادي دوقه</name>
        <styleUrl>#icon-1739-0288D1-labelson-nodesc</styleUrl>
        <Point>
          <coordinates>
            41.080821,19.910595,0
          </coordinates>
        </Point>
      </Placemark>
      <Placemark>
        <name>وادي رحبة</name>
        <styleUrl>#icon-1739-0288D1-labelson-nodesc</styleUrl>
        <Point>
          <coordinates>
            41.422126,19.815302,0
          </coordinates>
        </Point>
      </Placemark>
      <Placemark>
        <name>وادي رما</name>
        <styleUrl>#icon-1739-0288D1-labelson-nodesc</styleUrl>
        <Point>
          <coordinates>
            41.10966,20.143626,0
          </coordinates>
        </Point>
      </Placemark>
      <Placemark>
        <name>وادي رنيه</name>
        <styleUrl>#icon-1739-0288D1-labelson-nodesc</styleUrl>
        <Point>
          <coordinates>
            41.721675,19.900382,0
          </coordinates>
        </Point>
      </Placemark>
      <Placemark>
        <name>وادي رنيه</name>
        <styleUrl>#icon-1739-0288D1-labelson-nodesc</styleUrl>
        <Point>
          <coordinates>
            41.977086,20.280933,0
          </coordinates>
        </Point>
      </Placemark>
      <Placemark>
        <name>وادي رنيه</name>
        <styleUrl>#icon-1739-0288D1-labelson-nodesc</styleUrl>
        <Point>
          <coordinates>
            42.110724,20.516109,0
          </coordinates>
        </Point>
      </Placemark>
      <Placemark>
        <name>وادي رهدا</name>
        <styleUrl>#icon-1739-0288D1-labelson-nodesc</styleUrl>
        <Point>
          <coordinates>
            41.247203,20.381205,0
          </coordinates>
        </Point>
      </Placemark>
      <Placemark>
        <name>وادي ريام</name>
        <styleUrl>#icon-1739-0288D1-labelson-nodesc</styleUrl>
        <Point>
          <coordinates>
            41.375499,19.838626,0
          </coordinates>
        </Point>
      </Placemark>
      <Placemark>
        <name>وادي ريم</name>
        <styleUrl>#icon-1739-0288D1-labelson-nodesc</styleUrl>
        <Point>
          <coordinates>
            41.216519,19.969411,0
          </coordinates>
        </Point>
      </Placemark>
      <Placemark>
        <name>وادي سبة</name>
        <styleUrl>#icon-1739-0288D1-labelson-nodesc</styleUrl>
        <Point>
          <coordinates>
            41.227677,19.95688,0
          </coordinates>
        </Point>
      </Placemark>
      <Placemark>
        <name>وادي شريان غامد</name>
        <styleUrl>#icon-1739-0288D1-labelson-nodesc</styleUrl>
        <Point>
          <coordinates>
            41.598165,20.546451,0
          </coordinates>
        </Point>
      </Placemark>
      <Placemark>
        <name>وادي شوقب</name>
        <styleUrl>#icon-1739-0288D1-labelson-nodesc</styleUrl>
        <Point>
          <coordinates>
            41.320825,20.722768,0
          </coordinates>
        </Point>
      </Placemark>
      <Placemark>
        <name>وادي ضلماء</name>
        <styleUrl>#icon-1739-0288D1-labelson-nodesc</styleUrl>
        <Point>
          <coordinates>
            41.074769,20.144377,0
          </coordinates>
        </Point>
      </Placemark>
      <Placemark>
        <name>وادي طوى</name>
        <styleUrl>#icon-1739-0288D1-labelson-nodesc</styleUrl>
        <Point>
          <coordinates>
            41.678739,20.478795,0
          </coordinates>
        </Point>
      </Placemark>
      <Placemark>
        <name>وادي عليب</name>
        <styleUrl>#icon-1739-0288D1-labelson-nodesc</styleUrl>
        <Point>
          <coordinates>
            40.828371,20.037217,0
          </coordinates>
        </Point>
      </Placemark>
      <Placemark>
        <name>وادي عليب</name>
        <styleUrl>#icon-1739-0288D1-labelson-nodesc</styleUrl>
        <Point>
          <coordinates>
            40.91521,20.104423,0
          </coordinates>
        </Point>
      </Placemark>
      <Placemark>
        <name>وادي عليب</name>
        <styleUrl>#icon-1739-0288D1-labelson-nodesc</styleUrl>
        <Point>
          <coordinates>
            41.040008,20.13809,0
          </coordinates>
        </Point>
      </Placemark>
      <Placemark>
        <name>وادي عليب</name>
        <styleUrl>#icon-1739-0288D1-labelson-nodesc</styleUrl>
        <Point>
          <coordinates>
            41.063762,20.145149,0
          </coordinates>
        </Point>
      </Placemark>
      <Placemark>
        <name>وادي عمق</name>
        <styleUrl>#icon-1739-0288D1-labelson-nodesc</styleUrl>
        <Point>
          <coordinates>
            41.463089,20.283444,0
          </coordinates>
        </Point>
      </Placemark>
      <Placemark>
        <name>وادي عمق</name>
        <styleUrl>#icon-1739-0288D1-labelson-nodesc</styleUrl>
        <Point>
          <coordinates>
            41.60707,20.46931,0
          </coordinates>
        </Point>
      </Placemark>
      <Placemark>
        <name>وادي عياس</name>
        <styleUrl>#icon-1739-0288D1-labelson-nodesc</styleUrl>
        <Point>
          <coordinates>
            41.211305,20.124335,0
          </coordinates>
        </Point>
      </Placemark>
      <Placemark>
        <name>وادي فحاذه</name>
        <styleUrl>#icon-1739-0288D1-labelson-nodesc</styleUrl>
        <Point>
          <coordinates>
            41.875334,20.514565,0
          </coordinates>
        </Point>
      </Placemark>
      <Placemark>
        <name>وادي فحاذه</name>
        <styleUrl>#icon-1739-0288D1-labelson-nodesc</styleUrl>
        <Point>
          <coordinates>
            41.918764,20.528533,0
          </coordinates>
        </Point>
      </Placemark>
      <Placemark>
        <name>وادي قرما</name>
        <styleUrl>#icon-1739-0288D1-labelson-nodesc</styleUrl>
        <Point>
          <coordinates>
            41.014988,19.566693,0
          </coordinates>
        </Point>
      </Placemark>
      <Placemark>
        <name>وادي قرما</name>
        <styleUrl>#icon-1739-0288D1-labelson-nodesc</styleUrl>
        <Point>
          <coordinates>
            41.179869,19.610982,0
          </coordinates>
        </Point>
      </Placemark>
      <Placemark>
        <name>وادي كرا</name>
        <styleUrl>#icon-1739-0288D1-labelson-nodesc</styleUrl>
        <Point>
          <coordinates>
            41.470041,20.272436,0
          </coordinates>
        </Point>
      </Placemark>
      <Placemark>
        <name>وادي كرا</name>
        <styleUrl>#icon-1739-0288D1-labelson-nodesc</styleUrl>
        <Point>
          <coordinates>
            41.650972,20.532868,0
          </coordinates>
        </Point>
      </Placemark>
      <Placemark>
        <name>وادي كرا</name>
        <styleUrl>#icon-1739-0288D1-labelson-nodesc</styleUrl>
        <Point>
          <coordinates>
            41.662109,20.515573,0
          </coordinates>
        </Point>
      </Placemark>
      <Placemark>
        <name>وادي كرا</name>
        <styleUrl>#icon-1739-0288D1-labelson-nodesc</styleUrl>
        <Point>
          <coordinates>
            41.600804,20.427897,0
          </coordinates>
        </Point>
      </Placemark>
      <Placemark>
        <name>وادي كرش</name>
        <styleUrl>#icon-1739-0288D1-labelson-nodesc</styleUrl>
        <Point>
          <coordinates>
            40.987759,20.132017,0
          </coordinates>
        </Point>
      </Placemark>
      <Placemark>
        <name>وادي لقط</name>
        <styleUrl>#icon-1739-0288D1-labelson-nodesc</styleUrl>
        <Point>
          <coordinates>
            41.114037,20.113606,0
          </coordinates>
        </Point>
      </Placemark>
      <Placemark>
        <name>وادي محلا</name>
        <styleUrl>#icon-1739-0288D1-labelson-nodesc</styleUrl>
        <Point>
          <coordinates>
            41.222484,19.96484,0
          </coordinates>
        </Point>
      </Placemark>
      <Placemark>
        <name>وادي مدع</name>
        <styleUrl>#icon-1739-0288D1-labelson-nodesc</styleUrl>
        <Point>
          <coordinates>
            40.953641,20.097127,0
          </coordinates>
        </Point>
      </Placemark>
      <Placemark>
        <name>وادي مكروثي</name>
        <styleUrl>#icon-1739-0288D1-labelson-nodesc</styleUrl>
        <Point>
          <coordinates>
            41.267695,20.246987,0
          </coordinates>
        </Point>
      </Placemark>
      <Placemark>
        <name>وادي مليل</name>
        <styleUrl>#icon-1739-0288D1-labelson-nodesc</styleUrl>
        <Point>
          <coordinates>
            41.360264,19.80895,0
          </coordinates>
        </Point>
      </Placemark>
      <Placemark>
        <name>وادي ممنا</name>
        <styleUrl>#icon-1739-0288D1-labelson-nodesc</styleUrl>
        <Point>
          <coordinates>
            41.412835,19.811032,0
          </coordinates>
        </Point>
      </Placemark>
      <Placemark>
        <name>وادي منارة</name>
        <styleUrl>#icon-1739-0288D1-labelson-nodesc</styleUrl>
        <Point>
          <coordinates>
            41.304967,19.79775,0
          </coordinates>
        </Point>
      </Placemark>
      <Placemark>
        <name>وادي نابر</name>
        <styleUrl>#icon-1739-0288D1-labelson-nodesc</styleUrl>
        <Point>
          <coordinates>
            41.063054,20.137768,0
          </coordinates>
        </Point>
      </Placemark>
      <Placemark>
        <name>وادي ناوان</name>
        <styleUrl>#icon-1739-0288D1-labelson-nodesc</styleUrl>
        <Point>
          <coordinates>
            41.219974,19.559441,0
          </coordinates>
        </Point>
      </Placemark>
      <Placemark>
        <name>وادي ناوان</name>
        <styleUrl>#icon-1739-0288D1-labelson-nodesc</styleUrl>
        <Point>
          <coordinates>
            41.275892,19.625852,0
          </coordinates>
        </Point>
      </Placemark>
      <Placemark>
        <name>وادي نمرة</name>
        <styleUrl>#icon-1739-0288D1-labelson-nodesc</styleUrl>
        <Point>
          <coordinates>
            41.419401,19.725759,0
          </coordinates>
        </Point>
      </Placemark>
      <Placemark>
        <name>وادي نيرا</name>
        <styleUrl>#icon-1739-0288D1-labelson-nodesc</styleUrl>
        <Point>
          <coordinates>
            41.281106,19.655356,0
          </coordinates>
        </Point>
      </Placemark>
      <Placemark>
        <name>وادي نيرا</name>
        <styleUrl>#icon-1739-0288D1-labelson-nodesc</styleUrl>
        <Point>
          <coordinates>
            41.325266,19.744642,0
          </coordinates>
        </Point>
      </Placemark>
      <Placemark>
        <name>وادي هوران</name>
        <styleUrl>#icon-1739-0288D1-labelson-nodesc</styleUrl>
        <Point>
          <coordinates>
            41.425152,19.811204,0
          </coordinates>
        </Point>
      </Placemark>
      <Placemark>
        <name>وادي هوران</name>
        <styleUrl>#icon-1739-0288D1-labelson-nodesc</styleUrl>
        <Point>
          <coordinates>
            41.433091,19.896841,0
          </coordinates>
        </Point>
      </Placemark>
      <Placemark>
        <name>وادي وبر</name>
        <styleUrl>#icon-1739-0288D1-labelson-nodesc</styleUrl>
        <Point>
          <coordinates>
            41.346788,19.975441,0
          </coordinates>
        </Point>
      </Placemark>
      <Placemark>
        <name>وادي وراخ</name>
        <styleUrl>#icon-1739-0288D1-labelson-nodesc</styleUrl>
        <Point>
          <coordinates>
            41.472058,20.404744,0
          </coordinates>
        </Point>
      </Placemark>
      <Placemark>
        <name>وادي وراخ</name>
        <styleUrl>#icon-1739-0288D1-labelson-nodesc</styleUrl>
        <Point>
          <coordinates>
            41.485791,20.527375,0
          </coordinates>
        </Point>
      </Placemark>
      <Placemark>
        <name>وادي وراخ</name>
        <styleUrl>#icon-1739-0288D1-labelson-nodesc</styleUrl>
        <Point>
          <coordinates>
            41.510382,20.580053,0
          </coordinates>
        </Point>
      </Placemark>
      <Placemark>
        <name>وجار الدبا</name>
        <styleUrl>#icon-1739-0288D1-labelson-nodesc</styleUrl>
        <Point>
          <coordinates>
            41.347497,20.040822,0
          </coordinates>
        </Point>
      </Placemark>
      <Placemark>
        <name>سد الجنابين</name>
        <styleUrl>#icon-1739-0288D1-labelson-nodesc</styleUrl>
        <Point>
          <coordinates>
            41.710689,19.899974,0
          </coordinates>
        </Point>
      </Placemark>
      <Placemark>
        <name>سد الجوف</name>
        <styleUrl>#icon-1739-0288D1-labelson-nodesc</styleUrl>
        <Point>
          <coordinates>
            41.303015,19.866822,0
          </coordinates>
        </Point>
      </Placemark>
      <Placemark>
        <name>شعب الجعيرة</name>
        <styleUrl>#icon-1739-0288D1-labelson-nodesc</styleUrl>
        <Point>
          <coordinates>
            41.217828,20.313807,0
          </coordinates>
        </Point>
      </Placemark>
      <Placemark>
        <name>شعب الحازم</name>
        <styleUrl>#icon-1739-0288D1-labelson-nodesc</styleUrl>
        <Point>
          <coordinates>
            41.222806,20.30973,0
          </coordinates>
        </Point>
      </Placemark>
      <Placemark>
        <name>شعب الدحض</name>
        <styleUrl>#icon-1739-0288D1-labelson-nodesc</styleUrl>
        <Point>
          <coordinates>
            41.307328,19.775004,0
          </coordinates>
        </Point>
      </Placemark>
      <Placemark>
        <name>شعب الرشاح</name>
        <styleUrl>#icon-1739-0288D1-labelson-nodesc</styleUrl>
        <Point>
          <coordinates>
            41.346188,20.038247,0
          </coordinates>
        </Point>
      </Placemark>
      <Placemark>
        <name>شعب السحر</name>
        <styleUrl>#icon-1739-0288D1-labelson-nodesc</styleUrl>
        <Point>
          <coordinates>
            41.350801,20.037818,0
          </coordinates>
        </Point>
      </Placemark>
      <Placemark>
        <name>شعب الكر</name>
        <styleUrl>#icon-1739-0288D1-labelson-nodesc</styleUrl>
        <Point>
          <coordinates>
            41.409509,20.047216,0
          </coordinates>
        </Point>
      </Placemark>
      <Placemark>
        <name>شعب المنوط</name>
        <styleUrl>#icon-1739-0288D1-labelson-nodesc</styleUrl>
        <Point>
          <coordinates>
            41.406569,20.052881,0
          </coordinates>
        </Point>
      </Placemark>
      <Placemark>
        <name>شعب النملة</name>
        <styleUrl>#icon-1739-0288D1-labelson-nodesc</styleUrl>
        <Point>
          <coordinates>
            41.424122,20.054083,0
          </coordinates>
        </Point>
      </Placemark>
      <Placemark>
        <name>سد الحازم</name>
        <styleUrl>#icon-1739-0288D1-labelson-nodesc</styleUrl>
        <Point>
          <coordinates>
            41.173153,20.127726,0
          </coordinates>
        </Point>
      </Placemark>
      <Placemark>
        <name>سد العقيق</name>
        <styleUrl>#icon-1739-0288D1-labelson-nodesc</styleUrl>
        <Point>
          <coordinates>
            41.570828,20.23716,0
          </coordinates>
        </Point>
      </Placemark>
      <Placemark>
        <name>سد الملح</name>
        <styleUrl>#icon-1739-0288D1-labelson-nodesc</styleUrl>
        <Point>
          <coordinates>
            41.475899,19.768696,0
          </coordinates>
        </Point>
      </Placemark>
      <Placemark>
        <name>سد بيدة</name>
        <styleUrl>#icon-1739-0288D1-labelson-nodesc</styleUrl>
        <Point>
          <coordinates>
            41.401956,20.19624,0
          </coordinates>
        </Point>
      </Placemark>
      <Placemark>
        <name>سد سبيحة</name>
        <styleUrl>#icon-1739-0288D1-labelson-nodesc</styleUrl>
        <Point>
          <coordinates>
            41.304109,20.337453,0
          </coordinates>
        </Point>
      </Placemark>
      <Placemark>
        <name>سد وادي اباد</name>
        <styleUrl>#icon-1739-0288D1-labelson-nodesc</styleUrl>
        <Point>
          <coordinates>
            41.672924,20.234499,0
          </coordinates>
        </Point>
      </Placemark>
      <Placemark>
        <name>سد وادي الصدر</name>
        <styleUrl>#icon-1739-0288D1-labelson-nodesc</styleUrl>
        <Point>
          <coordinates>
            41.358011,20.12691,0
          </coordinates>
        </Point>
      </Placemark>
      <Placemark>
        <name>سد وادي ثراد</name>
        <styleUrl>#icon-1739-0288D1-labelson-nodesc</styleUrl>
        <Point>
          <coordinates>
            41.721268,20.157487,0
          </coordinates>
        </Point>
      </Placemark>
      <Placemark>
        <name>سدحليسة</name>
        <styleUrl>#icon-1739-0288D1-labelson-nodesc</styleUrl>
        <Point>
          <coordinates>
            41.364148,19.960442,0
          </coordinates>
        </Point>
      </Placemark>
    </Folder>
    <Folder>
      <name>جبال</name>
      <Placemark>
        <name>غار الرظام</name>
        <styleUrl>#icon-1739-DB4436-labelson-nodesc</styleUrl>
        <Point>
          <coordinates>
            41.167638,20.111718,0
          </coordinates>
        </Point>
      </Placemark>
      <Placemark>
        <name>غار القحم</name>
        <styleUrl>#icon-1739-DB4436-labelson-nodesc</styleUrl>
        <Point>
          <coordinates>
            41.303186,19.86253,0
          </coordinates>
        </Point>
      </Placemark>
      <Placemark>
        <name>ضليع الخربه</name>
        <styleUrl>#icon-1739-DB4436-labelson-nodesc</styleUrl>
        <Point>
          <coordinates>
            41.410904,20.061851,0
          </coordinates>
        </Point>
      </Placemark>
      <Placemark>
        <name>ضليعات الاشهب</name>
        <styleUrl>#icon-1739-DB4436-labelson-nodesc</styleUrl>
        <Point>
          <coordinates>
            41.342776,20.039728,0
          </coordinates>
        </Point>
      </Placemark>
      <Placemark>
        <name>جبال الحمى</name>
        <styleUrl>#icon-1739-DB4436-labelson-nodesc</styleUrl>
        <Point>
          <coordinates>
            41.18135,20.336015,0
          </coordinates>
        </Point>
      </Placemark>
      <Placemark>
        <name>جبال الخزم</name>
        <styleUrl>#icon-1739-DB4436-labelson-nodesc</styleUrl>
        <Point>
          <coordinates>
            41.725495,20.44826,0
          </coordinates>
        </Point>
      </Placemark>
      <Placemark>
        <name>جبال الشرفة</name>
        <styleUrl>#icon-1739-DB4436-labelson-nodesc</styleUrl>
        <Point>
          <coordinates>
            41.550636,20.467486,0
          </coordinates>
        </Point>
      </Placemark>
      <Placemark>
        <name>جبال الصخبره</name>
        <styleUrl>#icon-1739-DB4436-labelson-nodesc</styleUrl>
        <Point>
          <coordinates>
            41.631832,20.416417,0
          </coordinates>
        </Point>
      </Placemark>
      <Placemark>
        <name>جبال رافة</name>
        <styleUrl>#icon-1739-DB4436-labelson-nodesc</styleUrl>
        <Point>
          <coordinates>
            41.975434,20.508084,0
          </coordinates>
        </Point>
      </Placemark>
      <Placemark>
        <name>جبل أثرب</name>
        <styleUrl>#icon-1739-DB4436-labelson-nodesc</styleUrl>
        <Point>
          <coordinates>
            41.704874,19.78363,0
          </coordinates>
        </Point>
      </Placemark>
      <Placemark>
        <name>جبل ابو زيد</name>
        <styleUrl>#icon-1739-DB4436-labelson-nodesc</styleUrl>
        <Point>
          <coordinates>
            41.483581,20.039427,0
          </coordinates>
        </Point>
      </Placemark>
      <Placemark>
        <name>جبل ابو غيثوم</name>
        <styleUrl>#icon-1739-DB4436-labelson-nodesc</styleUrl>
        <Point>
          <coordinates>
            41.60383,20.495939,0
          </coordinates>
        </Point>
      </Placemark>
      <Placemark>
        <name>جبل احمار</name>
        <styleUrl>#icon-1739-DB4436-labelson-nodesc</styleUrl>
        <Point>
          <coordinates>
            41.323142,19.973295,0
          </coordinates>
        </Point>
      </Placemark>
      <Placemark>
        <name>جبل الارمش</name>
        <styleUrl>#icon-1739-DB4436-labelson-nodesc</styleUrl>
        <Point>
          <coordinates>
            41.52596,20.269797,0
          </coordinates>
        </Point>
      </Placemark>
      <Placemark>
        <name>جبل الاسنان</name>
        <styleUrl>#icon-1739-DB4436-labelson-nodesc</styleUrl>
        <Point>
          <coordinates>
            41.609774,19.79187,0
          </coordinates>
        </Point>
      </Placemark>
      <Placemark>
        <name>جبل الاسودين</name>
        <styleUrl>#icon-1739-DB4436-labelson-nodesc</styleUrl>
        <Point>
          <coordinates>
            40.834959,20.130365,0
          </coordinates>
        </Point>
      </Placemark>
      <Placemark>
        <name>جبل الاعوص</name>
        <styleUrl>#icon-1739-DB4436-labelson-nodesc</styleUrl>
        <Point>
          <coordinates>
            41.234801,20.234177,0
          </coordinates>
        </Point>
      </Placemark>
      <Placemark>
        <name>جبل التيس</name>
        <styleUrl>#icon-1739-DB4436-labelson-nodesc</styleUrl>
        <Point>
          <coordinates>
            41.377537,19.934156,0
          </coordinates>
        </Point>
      </Placemark>
      <Placemark>
        <name>جبل الثمرة</name>
        <styleUrl>#icon-1739-DB4436-labelson-nodesc</styleUrl>
        <Point>
          <coordinates>
            41.219931,20.57559,0
          </coordinates>
        </Point>
      </Placemark>
      <Placemark>
        <name>جبل الجلب</name>
        <styleUrl>#icon-1739-DB4436-labelson-nodesc</styleUrl>
        <Point>
          <coordinates>
            41.151845,19.753718,0
          </coordinates>
        </Point>
      </Placemark>
      <Placemark>
        <name>جبل الجمع</name>
        <styleUrl>#icon-1739-DB4436-labelson-nodesc</styleUrl>
        <Point>
          <coordinates>
            41.62194,20.08333,0
          </coordinates>
        </Point>
      </Placemark>
      <Placemark>
        <name>جبل الحصحص</name>
        <styleUrl>#icon-1739-DB4436-labelson-nodesc</styleUrl>
        <Point>
          <coordinates>
            41.227849,19.802341,0
          </coordinates>
        </Point>
      </Placemark>
      <Placemark>
        <name>جبل الحمراء</name>
        <styleUrl>#icon-1739-DB4436-labelson-nodesc</styleUrl>
        <Point>
          <coordinates>
            41.225917,20.254905,0
          </coordinates>
        </Point>
      </Placemark>
      <Placemark>
        <name>جبل الحيضران</name>
        <styleUrl>#icon-1739-DB4436-labelson-nodesc</styleUrl>
        <Point>
          <coordinates>
            41.358826,19.949327,0
          </coordinates>
        </Point>
      </Placemark>
      <Placemark>
        <name>جبل الرخماء</name>
        <styleUrl>#icon-1739-DB4436-labelson-nodesc</styleUrl>
        <Point>
          <coordinates>
            41.207914,20.315373,0
          </coordinates>
        </Point>
      </Placemark>
      <Placemark>
        <name>جبل الرمحة</name>
        <styleUrl>#icon-1739-DB4436-labelson-nodesc</styleUrl>
        <Point>
          <coordinates>
            41.435537,20.350113,0
          </coordinates>
        </Point>
      </Placemark>
      <Placemark>
        <name>جبل الرمل</name>
        <styleUrl>#icon-1739-DB4436-labelson-nodesc</styleUrl>
        <Point>
          <coordinates>
            41.634171,20.568616,0
          </coordinates>
        </Point>
      </Placemark>
      <Placemark>
        <name>جبل الزمل</name>
        <styleUrl>#icon-1739-DB4436-labelson-nodesc</styleUrl>
        <Point>
          <coordinates>
            41.278296,20.470791,0
          </coordinates>
        </Point>
      </Placemark>
      <Placemark>
        <name>جبل السريع</name>
        <styleUrl>#icon-1739-DB4436-labelson-nodesc</styleUrl>
        <Point>
          <coordinates>
            41.582437,20.580568,0
          </coordinates>
        </Point>
      </Placemark>
      <Placemark>
        <name>جبل السوق</name>
        <styleUrl>#icon-1739-DB4436-labelson-nodesc</styleUrl>
        <Point>
          <coordinates>
            41.05859,20.23407,0
          </coordinates>
        </Point>
      </Placemark>
      <Placemark>
        <name>جبل الشاحطه</name>
        <styleUrl>#icon-1739-DB4436-labelson-nodesc</styleUrl>
        <Point>
          <coordinates>
            41.594582,20.351636,0
          </coordinates>
        </Point>
      </Placemark>
      <Placemark>
        <name>جبل الشفره</name>
        <styleUrl>#icon-1739-DB4436-labelson-nodesc</styleUrl>
        <Point>
          <coordinates>
            41.634579,19.922762,0
          </coordinates>
        </Point>
      </Placemark>
      <Placemark>
        <name>جبل الصفراء</name>
        <styleUrl>#icon-1739-DB4436-labelson-nodesc</styleUrl>
        <Point>
          <coordinates>
            41.538878,20.162959,0
          </coordinates>
        </Point>
      </Placemark>
      <Placemark>
        <name>جبل الطراة</name>
        <styleUrl>#icon-1739-DB4436-labelson-nodesc</styleUrl>
        <Point>
          <coordinates>
            41.668375,20.590761,0
          </coordinates>
        </Point>
      </Placemark>
      <Placemark>
        <name>جبل الطراثيث</name>
        <styleUrl>#icon-1739-DB4436-labelson-nodesc</styleUrl>
        <Point>
          <coordinates>
            41.545551,20.396118,0
          </coordinates>
        </Point>
      </Placemark>
      <Placemark>
        <name>جبل الطراثيث</name>
        <styleUrl>#icon-1739-DB4436-labelson-nodesc</styleUrl>
        <Point>
          <coordinates>
            41.52257,20.389767,0
          </coordinates>
        </Point>
      </Placemark>
      <Placemark>
        <name>جبل الطويلة</name>
        <styleUrl>#icon-1739-DB4436-labelson-nodesc</styleUrl>
        <Point>
          <coordinates>
            41.247311,20.300288,0
          </coordinates>
        </Point>
      </Placemark>
      <Placemark>
        <name>جبل العرنين</name>
        <styleUrl>#icon-1739-DB4436-labelson-nodesc</styleUrl>
        <Point>
          <coordinates>
            41.22478,20.316746,0
          </coordinates>
        </Point>
      </Placemark>
      <Placemark>
        <name>جبل العبلة</name>
        <styleUrl>#icon-1739-DB4436-labelson-nodesc</styleUrl>
        <Point>
          <coordinates>
            41.239479,20.307949,0
          </coordinates>
        </Point>
      </Placemark>
      <Placemark>
        <name>جبل الفودل</name>
        <styleUrl>#icon-1739-DB4436-labelson-nodesc</styleUrl>
        <Point>
          <coordinates>
            41.36035,19.944134,0
          </coordinates>
        </Point>
      </Placemark>
      <Placemark>
        <name>جبل القرعه</name>
        <styleUrl>#icon-1739-DB4436-labelson-nodesc</styleUrl>
        <Point>
          <coordinates>
            41.234543,20.016832,0
          </coordinates>
        </Point>
      </Placemark>
      <Placemark>
        <name>جبل الكحاله</name>
        <styleUrl>#icon-1739-DB4436-labelson-nodesc</styleUrl>
        <Point>
          <coordinates>
            41.237462,20.291877,0
          </coordinates>
        </Point>
      </Placemark>
      <Placemark>
        <name>جبل اللويه</name>
        <styleUrl>#icon-1739-DB4436-labelson-nodesc</styleUrl>
        <Point>
          <coordinates>
            41.437061,20.567479,0
          </coordinates>
        </Point>
      </Placemark>
      <Placemark>
        <name>جبل المتبرد</name>
        <styleUrl>#icon-1739-DB4436-labelson-nodesc</styleUrl>
        <Point>
          <coordinates>
            41.018765,19.71091,0
          </coordinates>
        </Point>
      </Placemark>
      <Placemark>
        <name>جبل المروه</name>
        <styleUrl>#icon-1739-DB4436-labelson-nodesc</styleUrl>
        <Point>
          <coordinates>
            41.30132,19.864054,0
          </coordinates>
        </Point>
      </Placemark>
      <Placemark>
        <name>جبل النصبة</name>
        <styleUrl>#icon-1739-DB4436-labelson-nodesc</styleUrl>
        <Point>
          <coordinates>
            41.144829,19.955721,0
          </coordinates>
        </Point>
      </Placemark>
      <Placemark>
        <name>جبل بثره</name>
        <styleUrl>#icon-1739-DB4436-labelson-nodesc</styleUrl>
        <Point>
          <coordinates>
            41.148605,20.440922,0
          </coordinates>
        </Point>
      </Placemark>
      <Placemark>
        <name>جبل ثمدان</name>
        <styleUrl>#icon-1739-DB4436-labelson-nodesc</styleUrl>
        <Point>
          <coordinates>
            41.406806,19.955935,0
          </coordinates>
        </Point>
      </Placemark>
      <Placemark>
        <name>جبل جومس</name>
        <styleUrl>#icon-1739-DB4436-labelson-nodesc</styleUrl>
        <Point>
          <coordinates>
            41.050351,19.78539,0
          </coordinates>
        </Point>
      </Placemark>
      <Placemark>
        <name>جبل حضاء</name>
        <styleUrl>#icon-1739-DB4436-labelson-nodesc</styleUrl>
        <Point>
          <coordinates>
            40.966837,20.23849,0
          </coordinates>
        </Point>
      </Placemark>
      <Placemark>
        <name>جبل حمراء</name>
        <styleUrl>#icon-1739-DB4436-labelson-nodesc</styleUrl>
        <Point>
          <coordinates>
            41.588616,19.936109,0
          </coordinates>
        </Point>
      </Placemark>
      <Placemark>
        <name>جبل ربا</name>
        <styleUrl>#icon-1739-DB4436-labelson-nodesc</styleUrl>
        <Point>
          <coordinates>
            41.166437,19.972394,0
          </coordinates>
        </Point>
      </Placemark>
      <Placemark>
        <name>جبل سره</name>
        <styleUrl>#icon-1739-DB4436-labelson-nodesc</styleUrl>
        <Point>
          <coordinates>
            41.253555,20.099723,0
          </coordinates>
        </Point>
      </Placemark>
      <Placemark>
        <name>جبل سيحان</name>
        <styleUrl>#icon-1739-DB4436-labelson-nodesc</styleUrl>
        <Point>
          <coordinates>
            41.197314,20.34404,0
          </coordinates>
        </Point>
      </Placemark>
      <Placemark>
        <name>جبل شذا الأسفل</name>
        <styleUrl>#icon-1739-DB4436-labelson-nodesc</styleUrl>
        <Point>
          <coordinates>
            41.377301,19.727948,0
          </coordinates>
        </Point>
      </Placemark>
      <Placemark>
        <name>جبل شذا الأعلى</name>
        <styleUrl>#icon-1739-DB4436-labelson-nodesc</styleUrl>
        <Point>
          <coordinates>
            41.32046,19.844935,0
          </coordinates>
        </Point>
      </Placemark>
      <Placemark>
        <name>جبل شعاود</name>
        <styleUrl>#icon-1739-DB4436-labelson-nodesc</styleUrl>
        <Point>
          <coordinates>
            41.323314,19.923105,0
          </coordinates>
        </Point>
      </Placemark>
      <Placemark>
        <name>جبل شمرخ</name>
        <styleUrl>#icon-1739-DB4436-labelson-nodesc</styleUrl>
        <Point>
          <coordinates>
            41.283274,20.423155,0
          </coordinates>
        </Point>
      </Placemark>
      <Placemark>
        <name>جبل صلحب</name>
        <styleUrl>#icon-1739-DB4436-labelson-nodesc</styleUrl>
        <Point>
          <coordinates>
            41.201134,20.021424,0
          </coordinates>
        </Point>
      </Placemark>
      <Placemark>
        <name>جبل ضدات</name>
        <styleUrl>#icon-1739-DB4436-labelson-nodesc</styleUrl>
        <Point>
          <coordinates>
            42.115767,20.448861,0
          </coordinates>
        </Point>
      </Placemark>
      <Placemark>
        <name>جبل طلان</name>
        <styleUrl>#icon-1739-DB4436-labelson-nodesc</styleUrl>
        <Point>
          <coordinates>
            41.42262,19.974904,0
          </coordinates>
        </Point>
      </Placemark>
      <Placemark>
        <name>جبل ظلاع</name>
        <styleUrl>#icon-1739-DB4436-labelson-nodesc</styleUrl>
        <Point>
          <coordinates>
            41.132834,20.208428,0
          </coordinates>
        </Point>
      </Placemark>
      <Placemark>
        <name>جبل عسعس</name>
        <styleUrl>#icon-1739-DB4436-labelson-nodesc</styleUrl>
        <Point>
          <coordinates>
            41.511176,20.31857,0
          </coordinates>
        </Point>
      </Placemark>
      <Placemark>
        <name>جبل غلثه</name>
        <styleUrl>#icon-1739-DB4436-labelson-nodesc</styleUrl>
        <Point>
          <coordinates>
            41.340566,20.064447,0
          </coordinates>
        </Point>
      </Placemark>
      <Placemark>
        <name>جبل غيب</name>
        <styleUrl>#icon-1739-DB4436-labelson-nodesc</styleUrl>
        <Point>
          <coordinates>
            41.463025,20.028012,0
          </coordinates>
        </Point>
      </Placemark>
      <Placemark>
        <name>جبل قراما</name>
        <styleUrl>#icon-1739-DB4436-labelson-nodesc</styleUrl>
        <Point>
          <coordinates>
            41.282501,19.760606,0
          </coordinates>
        </Point>
      </Placemark>
      <Placemark>
        <name>جبل قملة</name>
        <styleUrl>#icon-1739-DB4436-labelson-nodesc</styleUrl>
        <Point>
          <coordinates>
            41.597564,20.07833,0
          </coordinates>
        </Point>
      </Placemark>
      <Placemark>
        <name>جبل كبده</name>
        <styleUrl>#icon-1739-DB4436-labelson-nodesc</styleUrl>
        <Point>
          <coordinates>
            41.38891,19.713142,0
          </coordinates>
        </Point>
      </Placemark>
      <Placemark>
        <name>جبل كبر</name>
        <styleUrl>#icon-1739-DB4436-labelson-nodesc</styleUrl>
        <Point>
          <coordinates>
            41.152382,20.09923,0
          </coordinates>
        </Point>
      </Placemark>
      <Placemark>
        <name>جبل لهايل</name>
        <styleUrl>#icon-1739-DB4436-labelson-nodesc</styleUrl>
        <Point>
          <coordinates>
            41.202614,20.60576,0
          </coordinates>
        </Point>
      </Placemark>
      <Placemark>
        <name>جبل مرير</name>
        <styleUrl>#icon-1739-DB4436-labelson-nodesc</styleUrl>
        <Point>
          <coordinates>
            41.578102,20.030372,0
          </coordinates>
        </Point>
      </Placemark>
      <Placemark>
        <name>جبل منجل</name>
        <styleUrl>#icon-1739-DB4436-labelson-nodesc</styleUrl>
        <Point>
          <coordinates>
            41.590719,20.213299,0
          </coordinates>
        </Point>
      </Placemark>
      <Placemark>
        <name>جبل نخرة الجنوبي</name>
        <styleUrl>#icon-1739-DB4436-labelson-nodesc</styleUrl>
        <Point>
          <coordinates>
            40.960743,19.915252,0
          </coordinates>
        </Point>
      </Placemark>
      <Placemark>
        <name>جبل نخرة الشمالي</name>
        <styleUrl>#icon-1739-DB4436-labelson-nodesc</styleUrl>
        <Point>
          <coordinates>
            40.978897,19.98898,0
          </coordinates>
        </Point>
      </Placemark>
      <Placemark>
        <name>جبل نيس</name>
        <styleUrl>#icon-1739-DB4436-labelson-nodesc</styleUrl>
        <Point>
          <coordinates>
            41.243341,20.036101,0
          </coordinates>
        </Point>
      </Placemark>
      <Placemark>
        <name>جبل رحا</name>
        <styleUrl>#icon-1739-DB4436-labelson-nodesc</styleUrl>
        <Point>
          <coordinates>
            41.4010227,20.0795327,0
          </coordinates>
        </Point>
      </Placemark>
    </Folder>
    <Folder>
      <name>أسماء ثانوية</name>
      <Placemark>
        <name>مقبرة الاتراك</name>
        <styleUrl>#icon-1739-757575-labelson-nodesc</styleUrl>
        <Point>
          <coordinates>
            41.164377,20.292435,0
          </coordinates>
        </Point>
      </Placemark>
      <Placemark>
        <name>سقايف الذنبة</name>
        <styleUrl>#icon-1739-757575-labelson-nodesc</styleUrl>
        <Point>
          <coordinates>
            41.276021,20.246344,0
          </coordinates>
        </Point>
      </Placemark>
      <Placemark>
        <name>سقايف العلبه</name>
        <styleUrl>#icon-1739-757575-labelson-nodesc</styleUrl>
        <Point>
          <coordinates>
            41.208301,20.278358,0
          </coordinates>
        </Point>
      </Placemark>
      <Placemark>
        <name>سقايف قوسي</name>
        <styleUrl>#icon-1739-757575-labelson-nodesc</styleUrl>
        <Point>
          <coordinates>
            41.272459,20.269303,0
          </coordinates>
        </Point>
      </Placemark>
      <Placemark>
        <name>صار الذياب</name>
        <styleUrl>#icon-1739-757575-labelson-nodesc</styleUrl>
        <Point>
          <coordinates>
            41.216176,20.321832,0
          </coordinates>
        </Point>
      </Placemark>
      <Placemark>
        <name>صحن رافة</name>
        <styleUrl>#icon-1739-757575-labelson-nodesc</styleUrl>
        <Point>
          <coordinates>
            41.99805,20.527804,0
          </coordinates>
        </Point>
      </Placemark>
      <Placemark>
        <name>صخار الحمام</name>
        <styleUrl>#icon-1739-757575-labelson-nodesc</styleUrl>
        <Point>
          <coordinates>
            41.420281,20.069447,0
          </coordinates>
        </Point>
      </Placemark>
      <Placemark>
        <name>صدر بقعاء</name>
        <styleUrl>#icon-1739-757575-labelson-nodesc</styleUrl>
        <Point>
          <coordinates>
            41.352432,20.047302,0
          </coordinates>
        </Point>
      </Placemark>
      <Placemark>
        <name>صدر رباع</name>
        <styleUrl>#icon-1739-757575-labelson-nodesc</styleUrl>
        <Point>
          <coordinates>
            41.355071,20.049126,0
          </coordinates>
        </Point>
      </Placemark>
      <Placemark>
        <name>صدر نعاش</name>
        <styleUrl>#icon-1739-757575-labelson-nodesc</styleUrl>
        <Point>
          <coordinates>
            41.361079,20.026016,0
          </coordinates>
        </Point>
      </Placemark>
      <Placemark>
        <name>صفا العبد</name>
        <styleUrl>#icon-1739-757575-labelson-nodesc</styleUrl>
        <Point>
          <coordinates>
            41.170084,20.341165,0
          </coordinates>
        </Point>
      </Placemark>
      <Placemark>
        <name>صفاء حاسر</name>
        <styleUrl>#icon-1739-757575-labelson-nodesc</styleUrl>
        <Point>
          <coordinates>
            41.301105,19.825022,0
          </coordinates>
        </Point>
      </Placemark>
      <Placemark>
        <name>طلعت سليح</name>
        <styleUrl>#icon-1739-757575-labelson-nodesc</styleUrl>
        <Point>
          <coordinates>
            41.086228,20.081141,0
          </coordinates>
        </Point>
      </Placemark>
      <Placemark>
        <name>ظهر العداء</name>
        <styleUrl>#icon-1739-757575-labelson-nodesc</styleUrl>
        <Point>
          <coordinates>
            41.217227,20.236666,0
          </coordinates>
        </Point>
      </Placemark>
      <Placemark>
        <name>ظهى</name>
        <styleUrl>#icon-1739-757575-labelson-nodesc</styleUrl>
        <Point>
          <coordinates>
            41.140194,20.203857,0
          </coordinates>
        </Point>
      </Placemark>
      <Placemark>
        <name>عبيد قراما</name>
        <styleUrl>#icon-1739-757575-labelson-nodesc</styleUrl>
        <Point>
          <coordinates>
            41.282244,19.751959,0
          </coordinates>
        </Point>
      </Placemark>
      <Placemark>
        <name>عجاف</name>
        <styleUrl>#icon-1739-757575-labelson-nodesc</styleUrl>
        <Point>
          <coordinates>
            41.207528,20.370262,0
          </coordinates>
        </Point>
      </Placemark>
      <Placemark>
        <name>عروق العيينة</name>
        <styleUrl>#icon-1739-757575-labelson-nodesc</styleUrl>
        <Point>
          <coordinates>
            41.251194,20.378308,0
          </coordinates>
        </Point>
      </Placemark>
      <Placemark>
        <name>غابة جدر</name>
        <styleUrl>#icon-1739-757575-labelson-nodesc</styleUrl>
        <Point>
          <coordinates>
            41.386657,20.063889,0
          </coordinates>
        </Point>
      </Placemark>
      <Placemark>
        <name>غابة خير</name>
        <styleUrl>#icon-1739-757575-labelson-nodesc</styleUrl>
        <Point>
          <coordinates>
            41.392965,20.053976,0
          </coordinates>
        </Point>
      </Placemark>
      <Placemark>
        <name>غابة رغدان</name>
        <styleUrl>#icon-1739-757575-labelson-nodesc</styleUrl>
        <Point>
          <coordinates>
            41.469483,20.040371,0
          </coordinates>
        </Point>
      </Placemark>
      <Placemark>
        <name>غابة عمضان</name>
        <styleUrl>#icon-1739-757575-labelson-nodesc</styleUrl>
        <Point>
          <coordinates>
            41.225145,20.219157,0
          </coordinates>
        </Point>
      </Placemark>
      <Placemark>
        <name>غبير</name>
        <styleUrl>#icon-1739-757575-labelson-nodesc</styleUrl>
        <Point>
          <coordinates>
            41.204224,20.31209,0
          </coordinates>
        </Point>
      </Placemark>
      <Placemark>
        <name>غدير ابو مقاطر</name>
        <styleUrl>#icon-1739-757575-labelson-nodesc</styleUrl>
        <Point>
          <coordinates>
            41.015525,19.710009,0
          </coordinates>
        </Point>
      </Placemark>
      <Placemark>
        <name>غدير الحياد</name>
        <styleUrl>#icon-1739-757575-labelson-nodesc</styleUrl>
        <Point>
          <coordinates>
            41.298723,19.81822,0
          </coordinates>
        </Point>
      </Placemark>
      <Placemark>
        <name>غدير العروس</name>
        <styleUrl>#icon-1739-757575-labelson-nodesc</styleUrl>
        <Point>
          <coordinates>
            41.600568,19.885404,0
          </coordinates>
        </Point>
      </Placemark>
      <Placemark>
        <name>غدير الفيع</name>
        <styleUrl>#icon-1739-757575-labelson-nodesc</styleUrl>
        <Point>
          <coordinates>
            41.234393,20.346358,0
          </coordinates>
        </Point>
      </Placemark>
      <Placemark>
        <name>غليل</name>
        <styleUrl>#icon-1739-757575-labelson-nodesc</styleUrl>
        <Point>
          <coordinates>
            41.248448,20.289259,0
          </coordinates>
        </Point>
      </Placemark>
      <Placemark>
        <name>فهران</name>
        <styleUrl>#icon-1739-757575-labelson-nodesc</styleUrl>
        <Point>
          <coordinates>
            41.298594,19.828048,0
          </coordinates>
        </Point>
      </Placemark>
      <Placemark>
        <name>قاع نقع</name>
        <styleUrl>#icon-1739-757575-labelson-nodesc</styleUrl>
        <Point>
          <coordinates>
            41.979961,20.676956,0
          </coordinates>
        </Point>
      </Placemark>
      <Placemark>
        <name>قبر خميس</name>
        <styleUrl>#icon-1739-757575-labelson-nodesc</styleUrl>
        <Point>
          <coordinates>
            41.338012,20.034835,0
          </coordinates>
        </Point>
      </Placemark>
      <Placemark>
        <name>قرن الضهي</name>
        <styleUrl>#icon-1739-757575-labelson-nodesc</styleUrl>
        <Point>
          <coordinates>
            41.972473,20.605824,0
          </coordinates>
        </Point>
      </Placemark>
      <Placemark>
        <name>قرية السند</name>
        <styleUrl>#icon-1739-757575-labelson-nodesc</styleUrl>
        <Point>
          <coordinates>
            41.142747,20.236108,0
          </coordinates>
        </Point>
      </Placemark>
      <Placemark>
        <name>قرية المخواة الاثرية</name>
        <styleUrl>#icon-1739-757575-labelson-nodesc</styleUrl>
        <Point>
          <coordinates>
            41.429873,19.778953,0
          </coordinates>
        </Point>
      </Placemark>
      <Placemark>
        <name>قصر الامير</name>
        <styleUrl>#icon-1739-757575-labelson-nodesc</styleUrl>
        <Point>
          <coordinates>
            41.269004,19.886155,0
          </coordinates>
        </Point>
      </Placemark>
      <Placemark>
        <name>كبة الخياله</name>
        <styleUrl>#icon-1739-757575-labelson-nodesc</styleUrl>
        <Point>
          <coordinates>
            41.34666,20.045543,0
          </coordinates>
        </Point>
      </Placemark>
      <Placemark>
        <name>كبري القعرة</name>
        <styleUrl>#icon-1739-757575-labelson-nodesc</styleUrl>
        <Point>
          <coordinates>
            41.415882,20.030479,0
          </coordinates>
        </Point>
      </Placemark>
      <Placemark>
        <name>كظامة</name>
        <styleUrl>#icon-1739-757575-labelson-nodesc</styleUrl>
        <Point>
          <coordinates>
            41.260614,20.278981,0
          </coordinates>
        </Point>
      </Placemark>
      <Placemark>
        <name>كظمة صدعا</name>
        <styleUrl>#icon-1739-757575-labelson-nodesc</styleUrl>
        <Point>
          <coordinates>
            41.45575,19.952824,0
          </coordinates>
        </Point>
      </Placemark>
      <Placemark>
        <name>محمية البدعه</name>
        <styleUrl>#icon-1739-757575-labelson-nodesc</styleUrl>
        <Point>
          <coordinates>
            41.166029,20.120001,0
          </coordinates>
        </Point>
      </Placemark>
      <Placemark>
        <name>محمية خفة</name>
        <styleUrl>#icon-1739-757575-labelson-nodesc</styleUrl>
        <Point>
          <coordinates>
            41.525831,19.948597,0
          </coordinates>
        </Point>
      </Placemark>
      <Placemark>
        <name>محمية سيحان</name>
        <styleUrl>#icon-1739-757575-labelson-nodesc</styleUrl>
        <Point>
          <coordinates>
            41.202829,20.349383,0
          </coordinates>
        </Point>
      </Placemark>
      <Placemark>
        <name>محمية شذا الأعلى</name>
        <styleUrl>#icon-1739-757575-labelson-nodesc</styleUrl>
        <Point>
          <coordinates>
            41.315353,19.843154,0
          </coordinates>
        </Point>
      </Placemark>
      <Placemark>
        <name>مطل الشفا</name>
        <styleUrl>#icon-1739-757575-labelson-nodesc</styleUrl>
        <Point>
          <coordinates>
            41.222227,20.26175,0
          </coordinates>
        </Point>
      </Placemark>
      <Placemark>
        <name>مطل قرية بني يزيد</name>
        <styleUrl>#icon-1739-757575-labelson-nodesc</styleUrl>
        <Point>
          <coordinates>
            41.219544,20.253038,0
          </coordinates>
        </Point>
      </Placemark>
      <Placemark>
        <name>معازب رعاة الغنم</name>
        <styleUrl>#icon-1739-757575-labelson-nodesc</styleUrl>
        <Point>
          <coordinates>
            41.219673,20.331359,0
          </coordinates>
        </Point>
      </Placemark>
      <Placemark>
        <name>معازب رعاة الغنم</name>
        <styleUrl>#icon-1739-757575-labelson-nodesc</styleUrl>
        <Point>
          <coordinates>
            41.219308,20.334342,0
          </coordinates>
        </Point>
      </Placemark>
      <Placemark>
        <name>مقرى سويد</name>
        <styleUrl>#icon-1739-757575-labelson-nodesc</styleUrl>
        <Point>
          <coordinates>
            41.202571,20.281019,0
          </coordinates>
        </Point>
      </Placemark>
      <Placemark>
        <name>مقيال الرعيان</name>
        <styleUrl>#icon-1739-757575-labelson-nodesc</styleUrl>
        <Point>
          <coordinates>
            41.224501,20.322132,0
          </coordinates>
        </Point>
      </Placemark>
      <Placemark>
        <name>ملحان</name>
        <styleUrl>#icon-1739-757575-labelson-nodesc</styleUrl>
        <Point>
          <coordinates>
            41.206841,20.302305,0
          </coordinates>
        </Point>
      </Placemark>
      <Placemark>
        <name>منتزة الشكران</name>
        <styleUrl>#icon-1739-757575-labelson-nodesc</styleUrl>
        <Point>
          <coordinates>
            41.701999,19.839377,0
          </coordinates>
        </Point>
      </Placemark>
      <Placemark>
        <name>منتزة الغير</name>
        <styleUrl>#icon-1739-757575-labelson-nodesc</styleUrl>
        <Point>
          <coordinates>
            41.528041,19.942911,0
          </coordinates>
        </Point>
      </Placemark>
      <Placemark>
        <name>منتزة القمع</name>
        <styleUrl>#icon-1739-757575-labelson-nodesc</styleUrl>
        <Point>
          <coordinates>
            41.69951,19.80835,0
          </coordinates>
        </Point>
      </Placemark>
      <Placemark>
        <name>منتزة رهدا</name>
        <styleUrl>#icon-1739-757575-labelson-nodesc</styleUrl>
        <Point>
          <coordinates>
            41.25761,20.38481,0
          </coordinates>
        </Point>
      </Placemark>
      <Placemark>
        <name>منتزة غابة رغدان</name>
        <styleUrl>#icon-1739-757575-labelson-nodesc</styleUrl>
        <Point>
          <coordinates>
            41.433177,20.02166,0
          </coordinates>
        </Point>
      </Placemark>
      <Placemark>
        <name>منتزه الفرش</name>
        <styleUrl>#icon-1739-757575-labelson-nodesc</styleUrl>
        <Point>
          <coordinates>
            41.558962,19.991684,0
          </coordinates>
        </Point>
      </Placemark>
      <Placemark>
        <name>منتزه ربا</name>
        <styleUrl>#icon-1739-757575-labelson-nodesc</styleUrl>
        <Point>
          <coordinates>
            41.18886,19.986899,0
          </coordinates>
        </Point>
      </Placemark>
      <Placemark>
        <name>منتزه غابة خير</name>
        <styleUrl>#icon-1739-757575-labelson-nodesc</styleUrl>
        <Point>
          <coordinates>
            41.39878,20.05271,0
          </coordinates>
        </Point>
      </Placemark>
      <Placemark>
        <name>منجم الردوه</name>
        <styleUrl>#icon-1739-757575-labelson-nodesc</styleUrl>
        <Point>
          <coordinates>
            41.599646,20.43294,0
          </coordinates>
        </Point>
      </Placemark>
      <Placemark>
        <name>منجم غزة</name>
        <styleUrl>#icon-1739-757575-labelson-nodesc</styleUrl>
        <Point>
          <coordinates>
            41.684489,20.344362,0
          </coordinates>
        </Point>
      </Placemark>
      <Placemark>
        <name>منطقة وراخ</name>
        <styleUrl>#icon-1739-757575-labelson-nodesc</styleUrl>
        <Point>
          <coordinates>
            41.546216,20.653846,0
          </coordinates>
        </Point>
      </Placemark>
      <Placemark>
        <name>نفق تالبة</name>
        <styleUrl>#icon-1739-757575-labelson-nodesc</styleUrl>
        <Point>
          <coordinates>
            41.42498,20.05801,0
          </coordinates>
        </Point>
      </Placemark>
      <Placemark>
        <name>نفق قلوة</name>
        <styleUrl>#icon-1739-757575-labelson-nodesc</styleUrl>
        <Point>
          <coordinates>
            41.31355,19.885533,0
          </coordinates>
        </Point>
      </Placemark>
      <Placemark>
        <name>حداد</name>
        <styleUrl>#icon-1739-757575-labelson-nodesc</styleUrl>
        <Point>
          <coordinates>
            41.200147,20.595396,0
          </coordinates>
        </Point>
      </Placemark>
      <Placemark>
        <name>حدبة الحمراء</name>
        <styleUrl>#icon-1739-757575-labelson-nodesc</styleUrl>
        <Point>
          <coordinates>
            41.014774,19.701126,0
          </coordinates>
        </Point>
      </Placemark>
      <Placemark>
        <name>حدبة لكمة</name>
        <styleUrl>#icon-1739-757575-labelson-nodesc</styleUrl>
        <Point>
          <coordinates>
            41.004002,19.679196,0
          </coordinates>
        </Point>
      </Placemark>
      <Placemark>
        <name>حرة البرقا</name>
        <styleUrl>#icon-1739-757575-labelson-nodesc</styleUrl>
        <Point>
          <coordinates>
            41.635823,20.501947,0
          </coordinates>
        </Point>
      </Placemark>
      <Placemark>
        <name>حرة الروضه</name>
        <styleUrl>#icon-1739-757575-labelson-nodesc</styleUrl>
        <Point>
          <coordinates>
            41.58999,20.32166,0
          </coordinates>
        </Point>
      </Placemark>
      <Placemark>
        <name>حرة الطية</name>
        <styleUrl>#icon-1739-757575-labelson-nodesc</styleUrl>
        <Point>
          <coordinates>
            41.693609,20.497506,0
          </coordinates>
        </Point>
      </Placemark>
      <Placemark>
        <name>حصن الحاوي</name>
        <styleUrl>#icon-1739-757575-labelson-nodesc</styleUrl>
        <Point>
          <coordinates>
            41.272008,20.344856,0
          </coordinates>
        </Point>
      </Placemark>
      <Placemark>
        <name>حصن الزربة</name>
        <styleUrl>#icon-1739-757575-labelson-nodesc</styleUrl>
        <Point>
          <coordinates>
            41.160471,20.109487,0
          </coordinates>
        </Point>
      </Placemark>
      <Placemark>
        <name>حصن السقا</name>
        <styleUrl>#icon-1739-757575-labelson-nodesc</styleUrl>
        <Point>
          <coordinates>
            41.488795,19.975784,0
          </coordinates>
        </Point>
      </Placemark>
      <Placemark>
        <name>حصن السوق</name>
        <styleUrl>#icon-1739-757575-labelson-nodesc</styleUrl>
        <Point>
          <coordinates>
            41.142705,20.237803,0
          </coordinates>
        </Point>
      </Placemark>
      <Placemark>
        <name>حصن العسيلة</name>
        <styleUrl>#icon-1739-757575-labelson-nodesc</styleUrl>
        <Point>
          <coordinates>
            41.20285,20.37627,0
          </coordinates>
        </Point>
      </Placemark>
      <Placemark>
        <name>حصن العلي</name>
        <styleUrl>#icon-1739-757575-labelson-nodesc</styleUrl>
        <Point>
          <coordinates>
            41.358912,20.024171,0
          </coordinates>
        </Point>
      </Placemark>
      <Placemark>
        <name>حصن الغلة</name>
        <styleUrl>#icon-1739-757575-labelson-nodesc</styleUrl>
        <Point>
          <coordinates>
            41.241732,20.240228,0
          </coordinates>
        </Point>
      </Placemark>
      <Placemark>
        <name>حصن القعافي</name>
        <styleUrl>#icon-1739-757575-labelson-nodesc</styleUrl>
        <Point>
          <coordinates>
            41.213558,20.32357,0
          </coordinates>
        </Point>
      </Placemark>
      <Placemark>
        <name>حصن القنعة</name>
        <styleUrl>#icon-1739-757575-labelson-nodesc</styleUrl>
        <Point>
          <coordinates>
            41.359556,20.025051,0
          </coordinates>
        </Point>
      </Placemark>
      <Placemark>
        <name>حصن القهيب</name>
        <styleUrl>#icon-1739-757575-labelson-nodesc</styleUrl>
        <Point>
          <coordinates>
            41.06389,20.138433,0
          </coordinates>
        </Point>
      </Placemark>
      <Placemark>
        <name>حصن حنيش</name>
        <styleUrl>#icon-1739-757575-labelson-nodesc</styleUrl>
        <Point>
          <coordinates>
            41.160665,20.110066,0
          </coordinates>
        </Point>
      </Placemark>
      <Placemark>
        <name>حصن دعيب</name>
        <styleUrl>#icon-1739-757575-labelson-nodesc</styleUrl>
        <Point>
          <coordinates>
            41.237826,20.304666,0
          </coordinates>
        </Point>
      </Placemark>
      <Placemark>
        <name>حصن سعد</name>
        <styleUrl>#icon-1739-757575-labelson-nodesc</styleUrl>
        <Point>
          <coordinates>
            41.360457,20.024042,0
          </coordinates>
        </Point>
      </Placemark>
      <Placemark>
        <name>حصن سفيان</name>
        <styleUrl>#icon-1739-757575-labelson-nodesc</styleUrl>
        <Point>
          <coordinates>
            41.090112,20.081334,0
          </coordinates>
        </Point>
      </Placemark>
      <Placemark>
        <name>حصن قرية</name>
        <styleUrl>#icon-1739-757575-labelson-nodesc</styleUrl>
        <Point>
          <coordinates>
            41.156459,20.386956,0
          </coordinates>
        </Point>
      </Placemark>
      <Placemark>
        <name>حصن لمغروس</name>
        <styleUrl>#icon-1739-757575-labelson-nodesc</styleUrl>
        <Point>
          <coordinates>
            41.20785,20.316253,0
          </coordinates>
        </Point>
      </Placemark>
      <Placemark>
        <name>حليان لهايل</name>
        <styleUrl>#icon-1739-757575-labelson-nodesc</styleUrl>
        <Point>
          <coordinates>
            41.786692,20.611854,0
          </coordinates>
        </Point>
      </Placemark>
      <Placemark>
        <name>حمى الجبور</name>
        <styleUrl>#icon-1739-757575-labelson-nodesc</styleUrl>
        <Point>
          <coordinates>
            41.250808,20.291126,0
          </coordinates>
        </Point>
      </Placemark>
      <Placemark>
        <name>حمى الحميد</name>
        <styleUrl>#icon-1739-757575-labelson-nodesc</styleUrl>
        <Point>
          <coordinates>
            41.721439,19.872122,0
          </coordinates>
        </Point>
      </Placemark>
      <Placemark>
        <name>حوره</name>
        <styleUrl>#icon-1739-757575-labelson-nodesc</styleUrl>
        <Point>
          <coordinates>
            41.590548,19.965484,0
          </coordinates>
        </Point>
      </Placemark>
      <Placemark>
        <name>خبة القوعاء</name>
        <styleUrl>#icon-1739-757575-labelson-nodesc</styleUrl>
        <Point>
          <coordinates>
            40.904846,20.038719,0
          </coordinates>
        </Point>
      </Placemark>
      <Placemark>
        <name>خشم الاحمر</name>
        <styleUrl>#icon-1739-757575-labelson-nodesc</styleUrl>
        <Point>
          <coordinates>
            41.17238,20.25409,0
          </coordinates>
        </Point>
      </Placemark>
      <Placemark>
        <name>خو العقيربان</name>
        <styleUrl>#icon-1739-757575-labelson-nodesc</styleUrl>
        <Point>
          <coordinates>
            41.348634,20.045843,0
          </coordinates>
        </Point>
      </Placemark>
      <Placemark>
        <name>دوس</name>
        <styleUrl>#icon-1739-757575-labelson-nodesc</styleUrl>
        <Point>
          <coordinates>
            41.22242,20.296211,0
          </coordinates>
        </Point>
      </Placemark>
      <Placemark>
        <name>ذيهدا</name>
        <styleUrl>#icon-1739-757575-labelson-nodesc</styleUrl>
        <Point>
          <coordinates>
            41.363611,19.719472,0
          </coordinates>
        </Point>
      </Placemark>
      <Placemark>
        <name>راس الصخره</name>
        <styleUrl>#icon-1739-757575-labelson-nodesc</styleUrl>
        <Point>
          <coordinates>
            41.2236,20.32475,0
          </coordinates>
        </Point>
      </Placemark>
      <Placemark>
        <name>راس غليسه</name>
        <styleUrl>#icon-1739-757575-labelson-nodesc</styleUrl>
        <Point>
          <coordinates>
            41.209009,20.291362,0
          </coordinates>
        </Point>
      </Placemark>
      <Placemark>
        <name>راك المحسني</name>
        <styleUrl>#icon-1739-757575-labelson-nodesc</styleUrl>
        <Point>
          <coordinates>
            40.978167,19.676836,0
          </coordinates>
        </Point>
      </Placemark>
      <Placemark>
        <name>راك المطهر</name>
        <styleUrl>#icon-1739-757575-labelson-nodesc</styleUrl>
        <Point>
          <coordinates>
            41.004775,19.690869,0
          </coordinates>
        </Point>
      </Placemark>
      <Placemark>
        <name>راك المنطف</name>
        <styleUrl>#icon-1739-757575-labelson-nodesc</styleUrl>
        <Point>
          <coordinates>
            41.044815,19.692972,0
          </coordinates>
        </Point>
      </Placemark>
      <Placemark>
        <name>راك خطيفان</name>
        <styleUrl>#icon-1739-757575-labelson-nodesc</styleUrl>
        <Point>
          <coordinates>
            41.022713,19.68426,0
          </coordinates>
        </Point>
      </Placemark>
      <Placemark>
        <name>ركيب السميرا</name>
        <styleUrl>#icon-1739-757575-labelson-nodesc</styleUrl>
        <Point>
          <coordinates>
            41.283338,19.804058,0
          </coordinates>
        </Point>
      </Placemark>
      <Placemark>
        <name>ركيب المعين</name>
        <styleUrl>#icon-1739-757575-labelson-nodesc</styleUrl>
        <Point>
          <coordinates>
            41.291234,19.824851,0
          </coordinates>
        </Point>
      </Placemark>
      <Placemark>
        <name>ركيب مناع</name>
        <styleUrl>#icon-1739-757575-labelson-nodesc</styleUrl>
        <Point>
          <coordinates>
            41.305912,19.80159,0
          </coordinates>
        </Point>
      </Placemark>
      <Placemark>
        <name>رهو الاثب</name>
        <styleUrl>#icon-1739-757575-labelson-nodesc</styleUrl>
        <Point>
          <coordinates>
            41.345115,20.04035,0
          </coordinates>
        </Point>
      </Placemark>
      <Placemark>
        <name>رهو رباع</name>
        <styleUrl>#icon-1739-757575-labelson-nodesc</styleUrl>
        <Point>
          <coordinates>
            41.351938,20.040565,0
          </coordinates>
        </Point>
      </Placemark>
      <Placemark>
        <name>رهي السقيفه</name>
        <styleUrl>#icon-1739-757575-labelson-nodesc</styleUrl>
        <Point>
          <coordinates>
            41.218493,20.325522,0
          </coordinates>
        </Point>
      </Placemark>
      <Placemark>
        <name>ريع اكتد</name>
        <styleUrl>#icon-1739-757575-labelson-nodesc</styleUrl>
        <Point>
          <coordinates>
            41.080284,20.037775,0
          </coordinates>
        </Point>
      </Placemark>
      <Placemark>
        <name>ريع الشغار</name>
        <styleUrl>#icon-1739-757575-labelson-nodesc</styleUrl>
        <Point>
          <coordinates>
            41.128929,20.058782,0
          </coordinates>
        </Point>
      </Placemark>
      <Placemark>
        <name>ريع الكحل</name>
        <styleUrl>#icon-1739-757575-labelson-nodesc</styleUrl>
        <Point>
          <coordinates>
            41.672065,19.995418,0
          </coordinates>
        </Point>
      </Placemark>
      <Placemark>
        <name>بادية غامد</name>
        <styleUrl>#icon-1739-757575-labelson-nodesc</styleUrl>
        <Point>
          <coordinates>
            41.711118,19.966214,0
          </coordinates>
        </Point>
      </Placemark>
      <Placemark>
        <name>بركة عيون الحمام</name>
        <styleUrl>#icon-1739-757575-labelson-nodesc</styleUrl>
        <Point>
          <coordinates>
            41.299968,19.818864,0
          </coordinates>
        </Point>
      </Placemark>
      <Placemark>
        <name>بلاد غامد</name>
        <styleUrl>#icon-1739-757575-labelson-nodesc</styleUrl>
        <Point>
          <coordinates>
            41.642389,19.904737,0
          </coordinates>
        </Point>
      </Placemark>
      <Placemark>
        <name>بلحنكة</name>
        <styleUrl>#icon-1739-757575-labelson-nodesc</styleUrl>
        <Point>
          <coordinates>
            41.086614,20.026252,0
          </coordinates>
        </Point>
      </Placemark>
      <Placemark>
        <name>بور الصيد</name>
        <styleUrl>#icon-1739-757575-labelson-nodesc</styleUrl>
        <Point>
          <coordinates>
            41.348891,20.045028,0
          </coordinates>
        </Point>
      </Placemark>
      <Placemark>
        <name>بير الضبيعة</name>
        <styleUrl>#icon-1739-757575-labelson-nodesc</styleUrl>
        <Point>
          <coordinates>
            41.159892,20.109293,0
          </coordinates>
        </Point>
      </Placemark>
      <Placemark>
        <name>تالبة الربيان</name>
        <styleUrl>#icon-1739-757575-labelson-nodesc</styleUrl>
        <Point>
          <coordinates>
            41.426182,20.063868,0
          </coordinates>
        </Point>
      </Placemark>
      <Placemark>
        <name>تل فريك القمع</name>
        <styleUrl>#icon-1739-757575-labelson-nodesc</styleUrl>
        <Point>
          <coordinates>
            41.696162,19.79393,0
          </coordinates>
        </Point>
      </Placemark>
      <Placemark>
        <name>اراك الصابر</name>
        <styleUrl>#icon-1739-757575-labelson-nodesc</styleUrl>
        <Point>
          <coordinates>
            40.996706,19.706168,0
          </coordinates>
        </Point>
      </Placemark>
      <Placemark>
        <name>ال دغمان</name>
        <styleUrl>#icon-1739-757575-labelson-nodesc</styleUrl>
        <Point>
          <coordinates>
            41.403694,20.20802,0
          </coordinates>
        </Point>
      </Placemark>
      <Placemark>
        <name>الاخرقه</name>
        <styleUrl>#icon-1739-757575-labelson-nodesc</styleUrl>
        <Point>
          <coordinates>
            41.096013,20.024643,0
          </coordinates>
        </Point>
      </Placemark>
      <Placemark>
        <name>الاساحة</name>
        <styleUrl>#icon-1739-757575-labelson-nodesc</styleUrl>
        <Point>
          <coordinates>
            41.355951,19.741187,0
          </coordinates>
        </Point>
      </Placemark>
      <Placemark>
        <name>البارده</name>
        <styleUrl>#icon-1739-757575-labelson-nodesc</styleUrl>
        <Point>
          <coordinates>
            41.081443,20.081635,0
          </coordinates>
        </Point>
      </Placemark>
      <Placemark>
        <name>الثغره</name>
        <styleUrl>#icon-1739-757575-labelson-nodesc</styleUrl>
        <Point>
          <coordinates>
            41.207013,20.278165,0
          </coordinates>
        </Point>
      </Placemark>
      <Placemark>
        <name>الثوده</name>
        <styleUrl>#icon-1739-757575-labelson-nodesc</styleUrl>
        <Point>
          <coordinates>
            41.199524,20.35964,0
          </coordinates>
        </Point>
      </Placemark>
      <Placemark>
        <name>الجزعة</name>
        <styleUrl>#icon-1739-757575-labelson-nodesc</styleUrl>
        <Point>
          <coordinates>
            41.24759,20.279109,0
          </coordinates>
        </Point>
      </Placemark>
      <Placemark>
        <name>الجفوف</name>
        <styleUrl>#icon-1739-757575-labelson-nodesc</styleUrl>
        <Point>
          <coordinates>
            41.224179,20.336723,0
          </coordinates>
        </Point>
      </Placemark>
      <Placemark>
        <name>الحازم</name>
        <styleUrl>#icon-1739-757575-labelson-nodesc</styleUrl>
        <Point>
          <coordinates>
            40.98454,20.188193,0
          </coordinates>
        </Point>
      </Placemark>
      <Placemark>
        <name>الحازم</name>
        <styleUrl>#icon-1739-757575-labelson-nodesc</styleUrl>
        <Point>
          <coordinates>
            41.246388,20.301297,0
          </coordinates>
        </Point>
      </Placemark>
      <Placemark>
        <name>الحجير</name>
        <styleUrl>#icon-1739-757575-labelson-nodesc</styleUrl>
        <Point>
          <coordinates>
            41.423843,20.02106,0
          </coordinates>
        </Point>
      </Placemark>
      <Placemark>
        <name>الحدب</name>
        <styleUrl>#icon-1739-757575-labelson-nodesc</styleUrl>
        <Point>
          <coordinates>
            41.497078,19.794509,0
          </coordinates>
        </Point>
      </Placemark>
      <Placemark>
        <name>الحزم</name>
        <styleUrl>#icon-1739-757575-labelson-nodesc</styleUrl>
        <Point>
          <coordinates>
            41.871428,20.462573,0
          </coordinates>
        </Point>
      </Placemark>
      <Placemark>
        <name>الحلق</name>
        <styleUrl>#icon-1739-757575-labelson-nodesc</styleUrl>
        <Point>
          <coordinates>
            41.195254,20.040929,0
          </coordinates>
        </Point>
      </Placemark>
      <Placemark>
        <name>الحماطه</name>
        <styleUrl>#icon-1739-757575-labelson-nodesc</styleUrl>
        <Point>
          <coordinates>
            41.285162,19.75492,0
          </coordinates>
        </Point>
      </Placemark>
      <Placemark>
        <name>الحمراء</name>
        <styleUrl>#icon-1739-757575-labelson-nodesc</styleUrl>
        <Point>
          <coordinates>
            41.081057,20.078008,0
          </coordinates>
        </Point>
      </Placemark>
      <Placemark>
        <name>الحمول</name>
        <styleUrl>#icon-1739-757575-labelson-nodesc</styleUrl>
        <Point>
          <coordinates>
            41.365843,19.944649,0
          </coordinates>
        </Point>
      </Placemark>
      <Placemark>
        <name>الخرق</name>
        <styleUrl>#icon-1739-757575-labelson-nodesc</styleUrl>
        <Point>
          <coordinates>
            40.967546,20.192807,0
          </coordinates>
        </Point>
      </Placemark>
      <Placemark>
        <name>الدارة</name>
        <styleUrl>#icon-1739-757575-labelson-nodesc</styleUrl>
        <Point>
          <coordinates>
            42.102721,20.513213,0
          </coordinates>
        </Point>
      </Placemark>
      <Placemark>
        <name>الدبة</name>
        <styleUrl>#icon-1739-757575-labelson-nodesc</styleUrl>
        <Point>
          <coordinates>
            40.979326,19.657416,0
          </coordinates>
        </Point>
      </Placemark>
      <Placemark>
        <name>الذنبه</name>
        <styleUrl>#icon-1739-757575-labelson-nodesc</styleUrl>
        <Point>
          <coordinates>
            41.194418,20.27293,0
          </coordinates>
        </Point>
      </Placemark>
      <Placemark>
        <name>الذنبه</name>
        <styleUrl>#icon-1739-757575-labelson-nodesc</styleUrl>
        <Point>
          <coordinates>
            41.345716,20.041144,0
          </coordinates>
        </Point>
      </Placemark>
      <Placemark>
        <name>الربوه</name>
        <styleUrl>#icon-1739-757575-labelson-nodesc</styleUrl>
        <Point>
          <coordinates>
            41.150429,20.48182,0
          </coordinates>
        </Point>
      </Placemark>
      <Placemark>
        <name>الريع الاسفل</name>
        <styleUrl>#icon-1739-757575-labelson-nodesc</styleUrl>
        <Point>
          <coordinates>
            41.091056,20.08142,0
          </coordinates>
        </Point>
      </Placemark>
      <Placemark>
        <name>الريع الاعلى</name>
        <styleUrl>#icon-1739-757575-labelson-nodesc</styleUrl>
        <Point>
          <coordinates>
            41.081636,20.086205,0
          </coordinates>
        </Point>
      </Placemark>
      <Placemark>
        <name>السطايح</name>
        <styleUrl>#icon-1739-757575-labelson-nodesc</styleUrl>
        <Point>
          <coordinates>
            41.21448,20.332689,0
          </coordinates>
        </Point>
      </Placemark>
      <Placemark>
        <name>السطايح</name>
        <styleUrl>#icon-1739-757575-labelson-nodesc</styleUrl>
        <Point>
          <coordinates>
            41.350286,20.042217,0
          </coordinates>
        </Point>
      </Placemark>
      <Placemark>
        <name>السقيفة</name>
        <styleUrl>#icon-1739-757575-labelson-nodesc</styleUrl>
        <Point>
          <coordinates>
            41.249757,20.378544,0
          </coordinates>
        </Point>
      </Placemark>
      <Placemark>
        <name>السكع</name>
        <styleUrl>#icon-1739-757575-labelson-nodesc</styleUrl>
        <Point>
          <coordinates>
            41.549928,19.849999,0
          </coordinates>
        </Point>
      </Placemark>
      <Placemark>
        <name>الشرفة</name>
        <styleUrl>#icon-1739-757575-labelson-nodesc</styleUrl>
        <Point>
          <coordinates>
            41.593831,19.889181,0
          </coordinates>
        </Point>
      </Placemark>
      <Placemark>
        <name>الشظي</name>
        <styleUrl>#icon-1739-757575-labelson-nodesc</styleUrl>
        <Point>
          <coordinates>
            41.350522,20.038869,0
          </coordinates>
        </Point>
      </Placemark>
      <Placemark>
        <name>الشعب الاسود</name>
        <styleUrl>#icon-1739-757575-labelson-nodesc</styleUrl>
        <Point>
          <coordinates>
            41.406698,20.061679,0
          </coordinates>
        </Point>
      </Placemark>
      <Placemark>
        <name>الشعبة</name>
        <styleUrl>#icon-1739-757575-labelson-nodesc</styleUrl>
        <Point>
          <coordinates>
            40.98572,20.195274,0
          </coordinates>
        </Point>
      </Placemark>
      <Placemark>
        <name>الشعيرة</name>
        <styleUrl>#icon-1739-757575-labelson-nodesc</styleUrl>
        <Point>
          <coordinates>
            41.180449,19.496698,0
          </coordinates>
        </Point>
      </Placemark>
      <Placemark>
        <name>الشقيب</name>
        <styleUrl>#icon-1739-757575-labelson-nodesc</styleUrl>
        <Point>
          <coordinates>
            41.113715,20.22053,0
          </coordinates>
        </Point>
      </Placemark>
      <Placemark>
        <name>الشنان</name>
        <styleUrl>#icon-1739-757575-labelson-nodesc</styleUrl>
        <Point>
          <coordinates>
            41.344535,20.042024,0
          </coordinates>
        </Point>
      </Placemark>
      <Placemark>
        <name>الصحون</name>
        <styleUrl>#icon-1739-757575-labelson-nodesc</styleUrl>
        <Point>
          <coordinates>
            41.353269,20.038118,0
          </coordinates>
        </Point>
      </Placemark>
      <Placemark>
        <name>الصخره</name>
        <styleUrl>#icon-1739-757575-labelson-nodesc</styleUrl>
        <Point>
          <coordinates>
            41.282308,19.754233,0
          </coordinates>
        </Point>
      </Placemark>
      <Placemark>
        <name>الصواعده</name>
        <styleUrl>#icon-1739-757575-labelson-nodesc</styleUrl>
        <Point>
          <coordinates>
            41.082387,20.030093,0
          </coordinates>
        </Point>
      </Placemark>
      <Placemark>
        <name>العجمه</name>
        <styleUrl>#icon-1739-757575-labelson-nodesc</styleUrl>
        <Point>
          <coordinates>
            41.632197,19.93304,0
          </coordinates>
        </Point>
      </Placemark>
      <Placemark>
        <name>العمياء</name>
        <styleUrl>#icon-1739-757575-labelson-nodesc</styleUrl>
        <Point>
          <coordinates>
            41.226432,20.259047,0
          </coordinates>
        </Point>
      </Placemark>
      <Placemark>
        <name>العيص</name>
        <styleUrl>#icon-1739-757575-labelson-nodesc</styleUrl>
        <Point>
          <coordinates>
            41.323571,20.087879,0
          </coordinates>
        </Point>
      </Placemark>
      <Placemark>
        <name>الغاير</name>
        <styleUrl>#icon-1739-757575-labelson-nodesc</styleUrl>
        <Point>
          <coordinates>
            41.220961,20.26381,0
          </coordinates>
        </Point>
      </Placemark>
      <Placemark>
        <name>الفرائد</name>
        <styleUrl>#icon-1739-757575-labelson-nodesc</styleUrl>
        <Point>
          <coordinates>
            41.010933,19.701083,0
          </coordinates>
        </Point>
      </Placemark>
      <Placemark>
        <name>الفرح</name>
        <styleUrl>#icon-1739-757575-labelson-nodesc</styleUrl>
        <Point>
          <coordinates>
            41.71541,19.843411,0
          </coordinates>
        </Point>
      </Placemark>
      <Placemark>
        <name>الفرشة</name>
        <styleUrl>#icon-1739-757575-labelson-nodesc</styleUrl>
        <Point>
          <coordinates>
            41.312113,19.884181,0
          </coordinates>
        </Point>
      </Placemark>
      <Placemark>
        <name>الفقاس</name>
        <styleUrl>#icon-1739-757575-labelson-nodesc</styleUrl>
        <Point>
          <coordinates>
            41.082022,20.027261,0
          </coordinates>
        </Point>
      </Placemark>
      <Placemark>
        <name>الفيشة</name>
        <styleUrl>#icon-1739-757575-labelson-nodesc</styleUrl>
        <Point>
          <coordinates>
            41.148069,20.24188,0
          </coordinates>
        </Point>
      </Placemark>
      <Placemark>
        <name>القاره</name>
        <styleUrl>#icon-1739-757575-labelson-nodesc</styleUrl>
        <Point>
          <coordinates>
            41.32973,19.851394,0
          </coordinates>
        </Point>
      </Placemark>
      <Placemark>
        <name>القرى</name>
        <styleUrl>#icon-1739-757575-labelson-nodesc</styleUrl>
        <Point>
          <coordinates>
            41.265206,19.909844,0
          </coordinates>
        </Point>
      </Placemark>
      <Placemark>
        <name>القزعه الحمراء</name>
        <styleUrl>#icon-1739-757575-labelson-nodesc</styleUrl>
        <Point>
          <coordinates>
            41.21918,20.336101,0
          </coordinates>
        </Point>
      </Placemark>
      <Placemark>
        <name>القنا</name>
        <styleUrl>#icon-1739-757575-labelson-nodesc</styleUrl>
        <Point>
          <coordinates>
            41.283295,19.757001,0
          </coordinates>
        </Point>
      </Placemark>
      <Placemark>
        <name>القوز</name>
        <styleUrl>#icon-1739-757575-labelson-nodesc</styleUrl>
        <Point>
          <coordinates>
            41.245401,19.425631,0
          </coordinates>
        </Point>
      </Placemark>
      <Placemark>
        <name>الكوفشه</name>
        <styleUrl>#icon-1739-757575-labelson-nodesc</styleUrl>
        <Point>
          <coordinates>
            41.218944,20.321488,0
          </coordinates>
        </Point>
      </Placemark>
      <Placemark>
        <name>الكيرس</name>
        <styleUrl>#icon-1739-757575-labelson-nodesc</styleUrl>
        <Point>
          <coordinates>
            41.216648,20.311189,0
          </coordinates>
        </Point>
      </Placemark>
      <Placemark>
        <name>المترنجح</name>
        <styleUrl>#icon-1739-757575-labelson-nodesc</styleUrl>
        <Point>
          <coordinates>
            41.350286,20.040286,0
          </coordinates>
        </Point>
      </Placemark>
      <Placemark>
        <name>المجنه</name>
        <styleUrl>#icon-1739-757575-labelson-nodesc</styleUrl>
        <Point>
          <coordinates>
            41.20785,20.317369,0
          </coordinates>
        </Point>
      </Placemark>
      <Placemark>
        <name>المد</name>
        <styleUrl>#icon-1739-757575-labelson-nodesc</styleUrl>
        <Point>
          <coordinates>
            41.53332,19.83382,0
          </coordinates>
        </Point>
      </Placemark>
      <Placemark>
        <name>المرات</name>
        <styleUrl>#icon-1739-757575-labelson-nodesc</styleUrl>
        <Point>
          <coordinates>
            41.089897,20.031745,0
          </coordinates>
        </Point>
      </Placemark>
      <Placemark>
        <name>المشربة</name>
        <styleUrl>#icon-1739-757575-labelson-nodesc</styleUrl>
        <Point>
          <coordinates>
            41.348526,20.039878,0
          </coordinates>
        </Point>
      </Placemark>
      <Placemark>
        <name>المضيلف</name>
        <styleUrl>#icon-1739-757575-labelson-nodesc</styleUrl>
        <Point>
          <coordinates>
            40.966902,19.629114,0
          </coordinates>
        </Point>
      </Placemark>
      <Placemark>
        <name>المعدا</name>
        <styleUrl>#icon-1739-757575-labelson-nodesc</styleUrl>
        <Point>
          <coordinates>
            41.217463,20.32239,0
          </coordinates>
        </Point>
      </Placemark>
      <Placemark>
        <name>المغلاة</name>
        <styleUrl>#icon-1739-757575-labelson-nodesc</styleUrl>
        <Point>
          <coordinates>
            41.086507,20.033054,0
          </coordinates>
        </Point>
      </Placemark>
      <Placemark>
        <name>المقطر</name>
        <styleUrl>#icon-1739-757575-labelson-nodesc</styleUrl>
        <Point>
          <coordinates>
            41.409445,20.06361,0
          </coordinates>
        </Point>
      </Placemark>
      <Placemark>
        <name>الملحة</name>
        <styleUrl>#icon-1739-757575-labelson-nodesc</styleUrl>
        <Point>
          <coordinates>
            41.366572,19.951322,0
          </coordinates>
        </Point>
      </Placemark>
      <Placemark>
        <name>الناب الحمر</name>
        <styleUrl>#icon-1739-757575-labelson-nodesc</styleUrl>
        <Point>
          <coordinates>
            41.334257,20.042903,0
          </coordinates>
        </Point>
      </Placemark>
      <Placemark>
        <name>النحره</name>
        <styleUrl>#icon-1739-757575-labelson-nodesc</styleUrl>
        <Point>
          <coordinates>
            41.217785,20.318871,0
          </coordinates>
        </Point>
      </Placemark>
      <Placemark>
        <name>النصلة</name>
        <styleUrl>#icon-1739-757575-labelson-nodesc</styleUrl>
        <Point>
          <coordinates>
            41.263425,20.309773,0
          </coordinates>
        </Point>
      </Placemark>
      <Placemark>
        <name>النغيه</name>
        <styleUrl>#icon-1739-757575-labelson-nodesc</styleUrl>
        <Point>
          <coordinates>
            41.223428,19.443161,0
          </coordinates>
        </Point>
      </Placemark>
      <Placemark>
        <name>الهبيره</name>
        <styleUrl>#icon-1739-757575-labelson-nodesc</styleUrl>
        <Point>
          <coordinates>
            40.893796,20.07067,0
          </coordinates>
        </Point>
      </Placemark>
      <Placemark>
        <name>الواحين</name>
        <styleUrl>#icon-1739-757575-labelson-nodesc</styleUrl>
        <Point>
          <coordinates>
            41.195533,20.27559,0
          </coordinates>
        </Point>
      </Placemark>
      <Placemark>
        <name>ام الريحان</name>
        <styleUrl>#icon-1739-757575-labelson-nodesc</styleUrl>
        <Point>
          <coordinates>
            41.083567,20.025394,0
          </coordinates>
        </Point>
      </Placemark>
      <Placemark>
        <name>ام العقارب</name>
        <styleUrl>#icon-1739-757575-labelson-nodesc</styleUrl>
        <Point>
          <coordinates>
            40.961108,20.091398,0
          </coordinates>
        </Point>
      </Placemark>
    </Folder>
    <Folder>
      <name>أسماء رئيسة</name>
      <Placemark>
        <name>الباحة</name>
        <styleUrl>#icon-1739-DB4436-labelson-nodesc</styleUrl>
        <Point>
          <coordinates>
            41.466694,20.012305,0
          </coordinates>
        </Point>
      </Placemark>
      <Placemark>
        <name>احمار</name>
        <styleUrl>#icon-1739-DB4436-labelson-nodesc</styleUrl>
        <Point>
          <coordinates>
            41.325138,19.967372,0
          </coordinates>
        </Point>
      </Placemark>
      <Placemark>
        <name>احمار</name>
        <styleUrl>#icon-1739-DB4436-labelson-nodesc</styleUrl>
        <Point>
          <coordinates>
            41.264348,19.999988,0
          </coordinates>
        </Point>
      </Placemark>
      <Placemark>
        <name>اريمة</name>
        <styleUrl>#icon-1739-DB4436-labelson-nodesc</styleUrl>
        <Point>
          <coordinates>
            41.376936,20.170684,0
          </coordinates>
        </Point>
      </Placemark>
      <Placemark>
        <name>ال جحاف</name>
        <styleUrl>#icon-1739-DB4436-labelson-nodesc</styleUrl>
        <Point>
          <coordinates>
            41.206176,20.363009,0
          </coordinates>
        </Point>
      </Placemark>
      <Placemark>
        <name>ال جميل</name>
        <styleUrl>#icon-1739-DB4436-labelson-nodesc</styleUrl>
        <Point>
          <coordinates>
            41.336446,19.973509,0
          </coordinates>
        </Point>
      </Placemark>
      <Placemark>
        <name>ال حماطان</name>
        <styleUrl>#icon-1739-DB4436-labelson-nodesc</styleUrl>
        <Point>
          <coordinates>
            41.375799,20.144806,0
          </coordinates>
        </Point>
      </Placemark>
      <Placemark>
        <name>ال حمامة</name>
        <styleUrl>#icon-1739-DB4436-labelson-nodesc</styleUrl>
        <Point>
          <coordinates>
            41.23141,20.137854,0
          </coordinates>
        </Point>
      </Placemark>
      <Placemark>
        <name>ال خاجة</name>
        <styleUrl>#icon-1739-DB4436-labelson-nodesc</styleUrl>
        <Point>
          <coordinates>
            41.223407,20.289474,0
          </coordinates>
        </Point>
      </Placemark>
      <Placemark>
        <name>ال دغمان</name>
        <styleUrl>#icon-1739-DB4436-labelson-nodesc</styleUrl>
        <Point>
          <coordinates>
            41.321962,20.239005,0
          </coordinates>
        </Point>
      </Placemark>
      <Placemark>
        <name>ال دغمان</name>
        <styleUrl>#icon-1739-DB4436-labelson-nodesc</styleUrl>
        <Point>
          <coordinates>
            41.403694,20.20802,0
          </coordinates>
        </Point>
      </Placemark>
      <Placemark>
        <name>ال دكنان</name>
        <styleUrl>#icon-1739-DB4436-labelson-nodesc</styleUrl>
        <Point>
          <coordinates>
            41.21506,19.99074,0
          </coordinates>
        </Point>
      </Placemark>
      <Placemark>
        <name>ال رداد</name>
        <styleUrl>#icon-1739-DB4436-labelson-nodesc</styleUrl>
        <Point>
          <coordinates>
            41.287286,20.024257,0
          </coordinates>
        </Point>
      </Placemark>
      <Placemark>
        <name>ال زارع</name>
        <styleUrl>#icon-1739-DB4436-labelson-nodesc</styleUrl>
        <Point>
          <coordinates>
            41.668653,19.847746,0
          </coordinates>
        </Point>
      </Placemark>
      <Placemark>
        <name>ال زاهي</name>
        <styleUrl>#icon-1739-DB4436-labelson-nodesc</styleUrl>
        <Point>
          <coordinates>
            41.419229,20.0402,0
          </coordinates>
        </Point>
      </Placemark>
      <Placemark>
        <name>ال زرعان</name>
        <styleUrl>#icon-1739-DB4436-labelson-nodesc</styleUrl>
        <Point>
          <coordinates>
            41.332498,20.189137,0
          </coordinates>
        </Point>
      </Placemark>
      <Placemark>
        <name>ال زنان</name>
        <styleUrl>#icon-1739-DB4436-labelson-nodesc</styleUrl>
        <Point>
          <coordinates>
            41.355672,20.216753,0
          </coordinates>
        </Point>
      </Placemark>
      <Placemark>
        <name>ال زياد</name>
        <styleUrl>#icon-1739-DB4436-labelson-nodesc</styleUrl>
        <Point>
          <coordinates>
            41.40451,20.30061,0
          </coordinates>
        </Point>
      </Placemark>
      <Placemark>
        <name>ال فارعة</name>
        <styleUrl>#icon-1739-DB4436-labelson-nodesc</styleUrl>
        <Point>
          <coordinates>
            41.227097,20.299237,0
          </coordinates>
        </Point>
      </Placemark>
      <Placemark>
        <name>ال مقرن</name>
        <styleUrl>#icon-1739-DB4436-labelson-nodesc</styleUrl>
        <Point>
          <coordinates>
            41.720388,19.804165,0
          </coordinates>
        </Point>
      </Placemark>
      <Placemark>
        <name>بني هلال</name>
        <styleUrl>#icon-1739-DB4436-labelson-nodesc</styleUrl>
        <Point>
          <coordinates>
            41.637497,19.826202,0
          </coordinates>
        </Point>
      </Placemark>
      <Placemark>
        <name>الأزاهرة</name>
        <styleUrl>#icon-1739-DB4436-labelson-nodesc</styleUrl>
        <Point>
          <coordinates>
            41.73646,19.823241,0
          </coordinates>
        </Point>
      </Placemark>
      <Placemark>
        <name>الأوقع</name>
        <styleUrl>#icon-1739-DB4436-labelson-nodesc</styleUrl>
        <Point>
          <coordinates>
            41.203666,19.829614,0
          </coordinates>
        </Point>
      </Placemark>
      <Placemark>
        <name>الإشيرة</name>
        <styleUrl>#icon-1739-DB4436-labelson-nodesc</styleUrl>
        <Point>
          <coordinates>
            41.326275,20.005245,0
          </coordinates>
        </Point>
      </Placemark>
      <Placemark>
        <name>الاثمد</name>
        <styleUrl>#icon-1739-DB4436-labelson-nodesc</styleUrl>
        <Point>
          <coordinates>
            41.449935,20.067408,0
          </coordinates>
        </Point>
      </Placemark>
      <Placemark>
        <name>الاطاولة</name>
        <styleUrl>#icon-1739-DB4436-labelson-nodesc</styleUrl>
        <Point>
          <coordinates>
            41.35726,20.272887,0
          </coordinates>
        </Point>
      </Placemark>
      <Placemark>
        <name>البارك</name>
        <styleUrl>#icon-1739-DB4436-labelson-nodesc</styleUrl>
        <Point>
          <coordinates>
            41.416783,20.027111,0
          </coordinates>
        </Point>
      </Placemark>
      <Placemark>
        <name>البدلة</name>
        <styleUrl>#icon-1739-DB4436-labelson-nodesc</styleUrl>
        <Point>
          <coordinates>
            41.318915,19.96866,0
          </coordinates>
        </Point>
      </Placemark>
      <Placemark>
        <name>البركة</name>
        <styleUrl>#icon-1739-DB4436-labelson-nodesc</styleUrl>
        <Point>
          <coordinates>
            41.551001,19.8665,0
          </coordinates>
        </Point>
      </Placemark>
      <Placemark>
        <name>البكير</name>
        <styleUrl>#icon-1739-DB4436-labelson-nodesc</styleUrl>
        <Point>
          <coordinates>
            41.608486,19.8456,0
          </coordinates>
        </Point>
      </Placemark>
      <Placemark>
        <name>البنان</name>
        <styleUrl>#icon-1739-DB4436-labelson-nodesc</styleUrl>
        <Point>
          <coordinates>
            41.232269,19.520516,0
          </coordinates>
        </Point>
      </Placemark>
      <Placemark>
        <name>البنيه</name>
        <styleUrl>#icon-1739-DB4436-labelson-nodesc</styleUrl>
        <Point>
          <coordinates>
            41.361101,19.819722,0
          </coordinates>
        </Point>
      </Placemark>
      <Placemark>
        <name>الثراوين</name>
        <styleUrl>#icon-1739-DB4436-labelson-nodesc</styleUrl>
        <Point>
          <coordinates>
            41.299839,20.291018,0
          </coordinates>
        </Point>
      </Placemark>
      <Placemark>
        <name>الثلوث</name>
        <styleUrl>#icon-1739-DB4436-labelson-nodesc</styleUrl>
        <Point>
          <coordinates>
            41.375263,19.443762,0
          </coordinates>
        </Point>
      </Placemark>
      <Placemark>
        <name>الثودة</name>
        <styleUrl>#icon-1739-DB4436-labelson-nodesc</styleUrl>
        <Point>
          <coordinates>
            41.985154,20.449097,0
          </coordinates>
        </Point>
      </Placemark>
      <Placemark>
        <name>الجادية</name>
        <styleUrl>#icon-1739-DB4436-labelson-nodesc</styleUrl>
        <Point>
          <coordinates>
            41.444206,20.047603,0
          </coordinates>
        </Point>
      </Placemark>
      <Placemark>
        <name>الجاوة</name>
        <styleUrl>#icon-1739-DB4436-labelson-nodesc</styleUrl>
        <Point>
          <coordinates>
            41.911962,20.29325,0
          </coordinates>
        </Point>
      </Placemark>
      <Placemark>
        <name>الجبلات</name>
        <styleUrl>#icon-1739-DB4436-labelson-nodesc</styleUrl>
        <Point>
          <coordinates>
            41.250679,20.704336,0
          </coordinates>
        </Point>
      </Placemark>
      <Placemark>
        <name>الجحافين</name>
        <styleUrl>#icon-1739-DB4436-labelson-nodesc</styleUrl>
        <Point>
          <coordinates>
            41.653676,19.841094,0
          </coordinates>
        </Point>
      </Placemark>
      <Placemark>
        <name>الجدية</name>
        <styleUrl>#icon-1739-DB4436-labelson-nodesc</styleUrl>
        <Point>
          <coordinates>
            41.45324,20.052044,0
          </coordinates>
        </Point>
      </Placemark>
      <Placemark>
        <name>الجرة</name>
        <styleUrl>#icon-1739-DB4436-labelson-nodesc</styleUrl>
        <Point>
          <coordinates>
            41.420903,20.036016,0
          </coordinates>
        </Point>
      </Placemark>
      <Placemark>
        <name>الجريرة</name>
        <styleUrl>#icon-1739-DB4436-labelson-nodesc</styleUrl>
        <Point>
          <coordinates>
            41.276622,20.344963,0
          </coordinates>
        </Point>
      </Placemark>
      <Placemark>
        <name>الجرين</name>
        <styleUrl>#icon-1739-DB4436-labelson-nodesc</styleUrl>
        <Point>
          <coordinates>
            40.928085,20.110023,0
          </coordinates>
        </Point>
      </Placemark>
      <Placemark>
        <name>الجفدرة</name>
        <styleUrl>#icon-1739-DB4436-labelson-nodesc</styleUrl>
        <Point>
          <coordinates>
            41.62312,20.475554,0
          </coordinates>
        </Point>
      </Placemark>
      <Placemark>
        <name>الجلحية</name>
        <styleUrl>#icon-1739-DB4436-labelson-nodesc</styleUrl>
        <Point>
          <coordinates>
            41.566451,19.850492,0
          </coordinates>
        </Point>
      </Placemark>
      <Placemark>
        <name>الجنابين</name>
        <styleUrl>#icon-1739-DB4436-labelson-nodesc</styleUrl>
        <Point>
          <coordinates>
            41.705689,19.958704,0
          </coordinates>
        </Point>
      </Placemark>
      <Placemark>
        <name>الجهامة</name>
        <styleUrl>#icon-1739-DB4436-labelson-nodesc</styleUrl>
        <Point>
          <coordinates>
            41.408265,20.033119,0
          </coordinates>
        </Point>
      </Placemark>
      <Placemark>
        <name>الجوفاء</name>
        <styleUrl>#icon-1739-DB4436-labelson-nodesc</styleUrl>
        <Point>
          <coordinates>
            41.037519,20.01327,0
          </coordinates>
        </Point>
      </Placemark>
      <Placemark>
        <name>الحامر</name>
        <styleUrl>#icon-1739-DB4436-labelson-nodesc</styleUrl>
        <Point>
          <coordinates>
            41.571322,19.94364,0
          </coordinates>
        </Point>
      </Placemark>
      <Placemark>
        <name>الحاوي</name>
        <styleUrl>#icon-1739-DB4436-labelson-nodesc</styleUrl>
        <Point>
          <coordinates>
            41.033335,19.990611,0
          </coordinates>
        </Point>
      </Placemark>
      <Placemark>
        <name>الحبشي</name>
        <styleUrl>#icon-1739-DB4436-labelson-nodesc</styleUrl>
        <Point>
          <coordinates>
            41.465449,20.047174,0
          </coordinates>
        </Point>
      </Placemark>
      <Placemark>
        <name>الحجرة</name>
        <styleUrl>#icon-1739-DB4436-labelson-nodesc</styleUrl>
        <Point>
          <coordinates>
            41.44367,20.086935,0
          </coordinates>
        </Point>
      </Placemark>
      <Placemark>
        <name>الحدب</name>
        <styleUrl>#icon-1739-DB4436-labelson-nodesc</styleUrl>
        <Point>
          <coordinates>
            41.553876,19.949734,0
          </coordinates>
        </Point>
      </Placemark>
      <Placemark>
        <name>الحدب</name>
        <styleUrl>#icon-1739-DB4436-labelson-nodesc</styleUrl>
        <Point>
          <coordinates>
            41.599989,19.839571,0
          </coordinates>
        </Point>
      </Placemark>
      <Placemark>
        <name>الحريقة</name>
        <styleUrl>#icon-1739-DB4436-labelson-nodesc</styleUrl>
        <Point>
          <coordinates>
            40.913258,20.108414,0
          </coordinates>
        </Point>
      </Placemark>
      <Placemark>
        <name>الحسمة</name>
        <styleUrl>#icon-1739-DB4436-labelson-nodesc</styleUrl>
        <Point>
          <coordinates>
            41.33312,20.298936,0
          </coordinates>
        </Point>
      </Placemark>
      <Placemark>
        <name>الحسن</name>
        <styleUrl>#icon-1739-DB4436-labelson-nodesc</styleUrl>
        <Point>
          <coordinates>
            41.348698,20.300353,0
          </coordinates>
        </Point>
      </Placemark>
      <Placemark>
        <name>الحشرج</name>
        <styleUrl>#icon-1739-DB4436-labelson-nodesc</styleUrl>
        <Point>
          <coordinates>
            41.581192,20.408263,0
          </coordinates>
        </Point>
      </Placemark>
      <Placemark>
        <name>الحصياء</name>
        <styleUrl>#icon-1739-DB4436-labelson-nodesc</styleUrl>
        <Point>
          <coordinates>
            41.025975,19.941623,0
          </coordinates>
        </Point>
      </Placemark>
      <Placemark>
        <name>الحضن</name>
        <styleUrl>#icon-1739-DB4436-labelson-nodesc</styleUrl>
        <Point>
          <coordinates>
            41.047389,19.88946,0
          </coordinates>
        </Point>
      </Placemark>
      <Placemark>
        <name>الحضيري</name>
        <styleUrl>#icon-1739-DB4436-labelson-nodesc</styleUrl>
        <Point>
          <coordinates>
            41.406312,20.28029,0
          </coordinates>
        </Point>
      </Placemark>
      <Placemark>
        <name>الحكمان</name>
        <styleUrl>#icon-1739-DB4436-labelson-nodesc</styleUrl>
        <Point>
          <coordinates>
            41.355565,20.207012,0
          </coordinates>
        </Point>
      </Placemark>
      <Placemark>
        <name>الحمران</name>
        <styleUrl>#icon-1739-DB4436-labelson-nodesc</styleUrl>
        <Point>
          <coordinates>
            41.587543,19.828219,0
          </coordinates>
        </Point>
      </Placemark>
      <Placemark>
        <name>الحمضة</name>
        <styleUrl>#icon-1739-DB4436-labelson-nodesc</styleUrl>
        <Point>
          <coordinates>
            41.567802,20.283959,0
          </coordinates>
        </Point>
      </Placemark>
      <Placemark>
        <name>الحنكه</name>
        <styleUrl>#icon-1739-DB4436-labelson-nodesc</styleUrl>
        <Point>
          <coordinates>
            41.198795,20.139656,0
          </coordinates>
        </Point>
      </Placemark>
      <Placemark>
        <name>الخليف</name>
        <styleUrl>#icon-1739-DB4436-labelson-nodesc</styleUrl>
        <Point>
          <coordinates>
            41.225638,19.962008,0
          </coordinates>
        </Point>
      </Placemark>
      <Placemark>
        <name>الدارين</name>
        <styleUrl>#icon-1739-DB4436-labelson-nodesc</styleUrl>
        <Point>
          <coordinates>
            41.410818,20.028226,0
          </coordinates>
        </Point>
      </Placemark>
      <Placemark>
        <name>الدعابة</name>
        <styleUrl>#icon-1739-DB4436-labelson-nodesc</styleUrl>
        <Point>
          <coordinates>
            41.299174,20.258467,0
          </coordinates>
        </Point>
      </Placemark>
      <Placemark>
        <name>الدهامشة</name>
        <styleUrl>#icon-1739-DB4436-labelson-nodesc</styleUrl>
        <Point>
          <coordinates>
            41.565485,19.943941,0
          </coordinates>
        </Point>
      </Placemark>
      <Placemark>
        <name>الربحة</name>
        <styleUrl>#icon-1739-DB4436-labelson-nodesc</styleUrl>
        <Point>
          <coordinates>
            41.333914,20.286877,0
          </coordinates>
        </Point>
      </Placemark>
      <Placemark>
        <name>الربض</name>
        <styleUrl>#icon-1739-DB4436-labelson-nodesc</styleUrl>
        <Point>
          <coordinates>
            41.581771,20.385196,0
          </coordinates>
        </Point>
      </Placemark>
      <Placemark>
        <name>الربوة</name>
        <styleUrl>#icon-1739-DB4436-labelson-nodesc</styleUrl>
        <Point>
          <coordinates>
            41.66522,20.51862,0
          </coordinates>
        </Point>
      </Placemark>
      <Placemark>
        <name>الرسن</name>
        <styleUrl>#icon-1739-DB4436-labelson-nodesc</styleUrl>
        <Point>
          <coordinates>
            41.436224,20.06288,0
          </coordinates>
        </Point>
      </Placemark>
      <Placemark>
        <name>الرطمة</name>
        <styleUrl>#icon-1739-DB4436-labelson-nodesc</styleUrl>
        <Point>
          <coordinates>
            41.267867,20.016897,0
          </coordinates>
        </Point>
      </Placemark>
      <Placemark>
        <name>الرهوان</name>
        <styleUrl>#icon-1739-DB4436-labelson-nodesc</styleUrl>
        <Point>
          <coordinates>
            41.174741,20.224457,0
          </coordinates>
        </Point>
      </Placemark>
      <Placemark>
        <name>الرهوه</name>
        <styleUrl>#icon-1739-DB4436-labelson-nodesc</styleUrl>
        <Point>
          <coordinates>
            41.713865,19.957995,0
          </coordinates>
        </Point>
      </Placemark>
      <Placemark>
        <name>الزرقاء</name>
        <styleUrl>#icon-1739-DB4436-labelson-nodesc</styleUrl>
        <Point>
          <coordinates>
            41.288767,20.10129,0
          </coordinates>
        </Point>
      </Placemark>
      <Placemark>
        <name>السحيمة</name>
        <styleUrl>#icon-1739-DB4436-labelson-nodesc</styleUrl>
        <Point>
          <coordinates>
            41.703265,19.964218,0
          </coordinates>
        </Point>
      </Placemark>
      <Placemark>
        <name>السحينات</name>
        <styleUrl>#icon-1739-DB4436-labelson-nodesc</styleUrl>
        <Point>
          <coordinates>
            41.269112,19.93319,0
          </coordinates>
        </Point>
      </Placemark>
      <Placemark>
        <name>السد</name>
        <styleUrl>#icon-1739-DB4436-labelson-nodesc</styleUrl>
        <Point>
          <coordinates>
            41.622477,19.867938,0
          </coordinates>
        </Point>
      </Placemark>
      <Placemark>
        <name>السيار</name>
        <styleUrl>#icon-1739-DB4436-labelson-nodesc</styleUrl>
        <Point>
          <coordinates>
            41.580398,19.93907,0
          </coordinates>
        </Point>
      </Placemark>
      <Placemark>
        <name>الشطيبة</name>
        <styleUrl>#icon-1739-DB4436-labelson-nodesc</styleUrl>
        <Point>
          <coordinates>
            41.599023,19.853218,0
          </coordinates>
        </Point>
      </Placemark>
      <Placemark>
        <name>الشعثي</name>
        <styleUrl>#icon-1739-DB4436-labelson-nodesc</styleUrl>
        <Point>
          <coordinates>
            41.412191,20.104229,0
          </coordinates>
        </Point>
      </Placemark>
      <Placemark>
        <name>الشلاوا</name>
        <styleUrl>#icon-1739-DB4436-labelson-nodesc</styleUrl>
        <Point>
          <coordinates>
            41.290891,20.619514,0
          </coordinates>
        </Point>
      </Placemark>
      <Placemark>
        <name>الشوال</name>
        <styleUrl>#icon-1739-DB4436-labelson-nodesc</styleUrl>
        <Point>
          <coordinates>
            41.29117,19.806676,0
          </coordinates>
        </Point>
      </Placemark>
      <Placemark>
        <name>الشوق</name>
        <styleUrl>#icon-1739-DB4436-labelson-nodesc</styleUrl>
        <Point>
          <coordinates>
            41.384704,19.705782,0
          </coordinates>
        </Point>
      </Placemark>
      <Placemark>
        <name>الشوق</name>
        <styleUrl>#icon-1739-DB4436-labelson-nodesc</styleUrl>
        <Point>
          <coordinates>
            41.413994,19.724236,0
          </coordinates>
        </Point>
      </Placemark>
      <Placemark>
        <name>الصعدان</name>
        <styleUrl>#icon-1739-DB4436-labelson-nodesc</styleUrl>
        <Point>
          <coordinates>
            41.294131,20.306876,0
          </coordinates>
        </Point>
      </Placemark>
      <Placemark>
        <name>الصفح</name>
        <styleUrl>#icon-1739-DB4436-labelson-nodesc</styleUrl>
        <Point>
          <coordinates>
            41.312542,20.081463,0
          </coordinates>
        </Point>
      </Placemark>
      <Placemark>
        <name>الصقاع</name>
        <styleUrl>#icon-1739-DB4436-labelson-nodesc</styleUrl>
        <Point>
          <coordinates>
            41.554842,19.85384,0
          </coordinates>
        </Point>
      </Placemark>
      <Placemark>
        <name>الصليلة</name>
        <styleUrl>#icon-1739-DB4436-labelson-nodesc</styleUrl>
        <Point>
          <coordinates>
            41.135709,20.250721,0
          </coordinates>
        </Point>
      </Placemark>
      <Placemark>
        <name>الضبيعات</name>
        <styleUrl>#icon-1739-DB4436-labelson-nodesc</styleUrl>
        <Point>
          <coordinates>
            41.397922,20.334985,0
          </coordinates>
        </Point>
      </Placemark>
      <Placemark>
        <name>الضحوات</name>
        <styleUrl>#icon-1739-DB4436-labelson-nodesc</styleUrl>
        <Point>
          <coordinates>
            41.278961,20.365798,0
          </coordinates>
        </Point>
      </Placemark>
      <Placemark>
        <name>الضرس</name>
        <styleUrl>#icon-1739-DB4436-labelson-nodesc</styleUrl>
        <Point>
          <coordinates>
            41.439528,19.85266,0
          </coordinates>
        </Point>
      </Placemark>
      <Placemark>
        <name>الطلقية</name>
        <styleUrl>#icon-1739-DB4436-labelson-nodesc</styleUrl>
        <Point>
          <coordinates>
            41.59544,19.865684,0
          </coordinates>
        </Point>
      </Placemark>
      <Placemark>
        <name>الطولة</name>
        <styleUrl>#icon-1739-DB4436-labelson-nodesc</styleUrl>
        <Point>
          <coordinates>
            41.290998,19.935594,0
          </coordinates>
        </Point>
      </Placemark>
      <Placemark>
        <name>الطيف</name>
        <styleUrl>#icon-1739-DB4436-labelson-nodesc</styleUrl>
        <Point>
          <coordinates>
            41.219158,20.015202,0
          </coordinates>
        </Point>
      </Placemark>
      <Placemark>
        <name>الظفير</name>
        <styleUrl>#icon-1739-DB4436-labelson-nodesc</styleUrl>
        <Point>
          <coordinates>
            41.553962,19.94334,0
          </coordinates>
        </Point>
      </Placemark>
      <Placemark>
        <name>العبادل</name>
        <styleUrl>#icon-1739-DB4436-labelson-nodesc</styleUrl>
        <Point>
          <coordinates>
            41.560056,19.94276,0
          </coordinates>
        </Point>
      </Placemark>
      <Placemark>
        <name>العباس</name>
        <styleUrl>#icon-1739-DB4436-labelson-nodesc</styleUrl>
        <Point>
          <coordinates>
            41.49328,19.965141,0
          </coordinates>
        </Point>
      </Placemark>
      <Placemark>
        <name>العذبة</name>
        <styleUrl>#icon-1739-DB4436-labelson-nodesc</styleUrl>
        <Point>
          <coordinates>
            41.227033,20.30488,0
          </coordinates>
        </Point>
      </Placemark>
      <Placemark>
        <name>العريش</name>
        <styleUrl>#icon-1739-DB4436-labelson-nodesc</styleUrl>
        <Point>
          <coordinates>
            41.355135,19.571757,0
          </coordinates>
        </Point>
      </Placemark>
      <Placemark>
        <name>العسلة</name>
        <styleUrl>#icon-1739-DB4436-labelson-nodesc</styleUrl>
        <Point>
          <coordinates>
            41.579454,19.883795,0
          </coordinates>
        </Point>
      </Placemark>
      <Placemark>
        <name>العشيرة</name>
        <styleUrl>#icon-1739-DB4436-labelson-nodesc</styleUrl>
        <Point>
          <coordinates>
            41.335394,19.508736,0
          </coordinates>
        </Point>
      </Placemark>
      <Placemark>
        <name>العصفرة</name>
        <styleUrl>#icon-1739-DB4436-labelson-nodesc</styleUrl>
        <Point>
          <coordinates>
            41.65138,19.973273,0
          </coordinates>
        </Point>
      </Placemark>
      <Placemark>
        <name>العفوص</name>
        <styleUrl>#icon-1739-DB4436-labelson-nodesc</styleUrl>
        <Point>
          <coordinates>
            41.366079,20.060177,0
          </coordinates>
        </Point>
      </Placemark>
      <Placemark>
        <name>العقب</name>
        <styleUrl>#icon-1739-DB4436-labelson-nodesc</styleUrl>
        <Point>
          <coordinates>
            41.202078,20.2039,0
          </coordinates>
        </Point>
      </Placemark>
      <Placemark>
        <name>العقيق</name>
        <styleUrl>#icon-1739-DB4436-labelson-nodesc</styleUrl>
        <Point>
          <coordinates>
            41.660714,20.271814,0
          </coordinates>
        </Point>
      </Placemark>
      <Placemark>
        <name>العمارة</name>
        <styleUrl>#icon-1739-DB4436-labelson-nodesc</styleUrl>
        <Point>
          <coordinates>
            41.279368,19.861543,0
          </coordinates>
        </Point>
      </Placemark>
      <Placemark>
        <name>العواصية</name>
        <styleUrl>#icon-1739-DB4436-labelson-nodesc</styleUrl>
        <Point>
          <coordinates>
            41.177938,19.607077,0
          </coordinates>
        </Point>
      </Placemark>
      <Placemark>
        <name>العودة</name>
        <styleUrl>#icon-1739-DB4436-labelson-nodesc</styleUrl>
        <Point>
          <coordinates>
            41.160858,19.531267,0
          </coordinates>
        </Point>
      </Placemark>
      <Placemark>
        <name>الغرباء</name>
        <styleUrl>#icon-1739-DB4436-labelson-nodesc</styleUrl>
        <Point>
          <coordinates>
            41.35505,20.132275,0
          </coordinates>
        </Point>
      </Placemark>
      <Placemark>
        <name>الغصنة</name>
        <styleUrl>#icon-1739-DB4436-labelson-nodesc</styleUrl>
        <Point>
          <coordinates>
            41.380627,19.890554,0
          </coordinates>
        </Point>
      </Placemark>
      <Placemark>
        <name>الفاتحة</name>
        <styleUrl>#icon-1739-DB4436-labelson-nodesc</styleUrl>
        <Point>
          <coordinates>
            41.038034,19.964883,0
          </coordinates>
        </Point>
      </Placemark>
      <Placemark>
        <name>الفراع</name>
        <styleUrl>#icon-1739-DB4436-labelson-nodesc</styleUrl>
        <Point>
          <coordinates>
            41.22287,20.390818,0
          </coordinates>
        </Point>
      </Placemark>
      <Placemark>
        <name>الفرشة</name>
        <styleUrl>#icon-1739-DB4436-labelson-nodesc</styleUrl>
        <Point>
          <coordinates>
            41.617971,19.874375,0
          </coordinates>
        </Point>
      </Placemark>
      <Placemark>
        <name>القرن</name>
        <styleUrl>#icon-1739-DB4436-labelson-nodesc</styleUrl>
        <Point>
          <coordinates>
            41.207979,20.213749,0
          </coordinates>
        </Point>
      </Placemark>
      <Placemark>
        <name>القرن</name>
        <styleUrl>#icon-1739-DB4436-labelson-nodesc</styleUrl>
        <Point>
          <coordinates>
            41.424594,20.110967,0
          </coordinates>
        </Point>
      </Placemark>
      <Placemark>
        <name>القرى</name>
        <styleUrl>#icon-1739-DB4436-labelson-nodesc</styleUrl>
        <Point>
          <coordinates>
            41.36183,20.243661,0
          </coordinates>
        </Point>
      </Placemark>
      <Placemark>
        <name>القرى</name>
        <styleUrl>#icon-1739-DB4436-labelson-nodesc</styleUrl>
        <Point>
          <coordinates>
            41.583767,19.887614,0
          </coordinates>
        </Point>
      </Placemark>
      <Placemark>
        <name>القرية الوسطى</name>
        <styleUrl>#icon-1739-DB4436-labelson-nodesc</styleUrl>
        <Point>
          <coordinates>
            41.423285,19.837124,0
          </coordinates>
        </Point>
      </Placemark>
      <Placemark>
        <name>القرين</name>
        <styleUrl>#icon-1739-DB4436-labelson-nodesc</styleUrl>
        <Point>
          <coordinates>
            41.277051,20.01209,0
          </coordinates>
        </Point>
      </Placemark>
      <Placemark>
        <name>القزه</name>
        <styleUrl>#icon-1739-DB4436-labelson-nodesc</styleUrl>
        <Point>
          <coordinates>
            41.434894,19.768202,0
          </coordinates>
        </Point>
      </Placemark>
      <Placemark>
        <name>القصباء</name>
        <styleUrl>#icon-1739-DB4436-labelson-nodesc</styleUrl>
        <Point>
          <coordinates>
            41.347582,20.036573,0
          </coordinates>
        </Point>
      </Placemark>
      <Placemark>
        <name>القصيباء</name>
        <styleUrl>#icon-1739-DB4436-labelson-nodesc</styleUrl>
        <Point>
          <coordinates>
            41.350243,19.544077,0
          </coordinates>
        </Point>
      </Placemark>
      <Placemark>
        <name>القفيل</name>
        <styleUrl>#icon-1739-DB4436-labelson-nodesc</styleUrl>
        <Point>
          <coordinates>
            41.426396,19.798222,0
          </coordinates>
        </Point>
      </Placemark>
      <Placemark>
        <name>القليتة</name>
        <styleUrl>#icon-1739-DB4436-labelson-nodesc</styleUrl>
        <Point>
          <coordinates>
            41.567008,19.941387,0
          </coordinates>
        </Point>
      </Placemark>
      <Placemark>
        <name>الكدا</name>
        <styleUrl>#icon-1739-DB4436-labelson-nodesc</styleUrl>
        <Point>
          <coordinates>
            41.295698,19.794681,0
          </coordinates>
        </Point>
      </Placemark>
      <Placemark>
        <name>الكدفة</name>
        <styleUrl>#icon-1739-DB4436-labelson-nodesc</styleUrl>
        <Point>
          <coordinates>
            41.575205,19.94276,0
          </coordinates>
        </Point>
      </Placemark>
      <Placemark>
        <name>الكرا</name>
        <styleUrl>#icon-1739-DB4436-labelson-nodesc</styleUrl>
        <Point>
          <coordinates>
            41.506391,20.065026,0
          </coordinates>
        </Point>
      </Placemark>
      <Placemark>
        <name>الكيله</name>
        <styleUrl>#icon-1739-DB4436-labelson-nodesc</styleUrl>
        <Point>
          <coordinates>
            41.364856,19.817576,0
          </coordinates>
        </Point>
      </Placemark>
      <Placemark>
        <name>المحاويه</name>
        <styleUrl>#icon-1739-DB4436-labelson-nodesc</styleUrl>
        <Point>
          <coordinates>
            41.32606,20.319707,0
          </coordinates>
        </Point>
      </Placemark>
      <Placemark>
        <name>المخواة</name>
        <styleUrl>#icon-1739-DB4436-labelson-nodesc</styleUrl>
        <Point>
          <coordinates>
            41.437533,19.7505,0
          </coordinates>
        </Point>
      </Placemark>
      <Placemark>
        <name>المدان</name>
        <styleUrl>#icon-1739-DB4436-labelson-nodesc</styleUrl>
        <Point>
          <coordinates>
            41.547053,19.857037,0
          </coordinates>
        </Point>
      </Placemark>
      <Placemark>
        <name>المرباة</name>
        <styleUrl>#icon-1739-DB4436-labelson-nodesc</styleUrl>
        <Point>
          <coordinates>
            41.679275,19.846394,0
          </coordinates>
        </Point>
      </Placemark>
      <Placemark>
        <name>المزرع</name>
        <styleUrl>#icon-1739-DB4436-labelson-nodesc</styleUrl>
        <Point>
          <coordinates>
            41.54877,20.09305,0
          </coordinates>
        </Point>
      </Placemark>
      <Placemark>
        <name>المزرع</name>
        <styleUrl>#icon-1739-DB4436-labelson-nodesc</styleUrl>
        <Point>
          <coordinates>
            41.572888,20.085604,0
          </coordinates>
        </Point>
      </Placemark>
      <Placemark>
        <name>المطرية</name>
        <styleUrl>#icon-1739-DB4436-labelson-nodesc</styleUrl>
        <Point>
          <coordinates>
            41.4026,20.49669,0
          </coordinates>
        </Point>
      </Placemark>
      <Placemark>
        <name>المليج</name>
        <styleUrl>#icon-1739-DB4436-labelson-nodesc</styleUrl>
        <Point>
          <coordinates>
            41.02531,20.011189,0
          </coordinates>
        </Point>
      </Placemark>
      <Placemark>
        <name>المندحة</name>
        <styleUrl>#icon-1739-DB4436-labelson-nodesc</styleUrl>
        <Point>
          <coordinates>
            41.315117,20.315373,0
          </coordinates>
        </Point>
      </Placemark>
      <Placemark>
        <name>المندق</name>
        <styleUrl>#icon-1739-DB4436-labelson-nodesc</styleUrl>
        <Point>
          <coordinates>
            41.283531,20.157852,0
          </coordinates>
        </Point>
      </Placemark>
      <Placemark>
        <name>النطاف</name>
        <styleUrl>#icon-1739-DB4436-labelson-nodesc</styleUrl>
        <Point>
          <coordinates>
            41.573939,19.951279,0
          </coordinates>
        </Point>
      </Placemark>
      <Placemark>
        <name>النعامة</name>
        <styleUrl>#icon-1739-DB4436-labelson-nodesc</styleUrl>
        <Point>
          <coordinates>
            41.248383,20.188494,0
          </coordinates>
        </Point>
      </Placemark>
      <Placemark>
        <name>النعرة</name>
        <styleUrl>#icon-1739-DB4436-labelson-nodesc</styleUrl>
        <Point>
          <coordinates>
            41.474977,20.573981,0
          </coordinates>
        </Point>
      </Placemark>
      <Placemark>
        <name>الهسر</name>
        <styleUrl>#icon-1739-DB4436-labelson-nodesc</styleUrl>
        <Point>
          <coordinates>
            41.365178,20.297821,0
          </coordinates>
        </Point>
      </Placemark>
      <Placemark>
        <name>الوحشة</name>
        <styleUrl>#icon-1739-DB4436-labelson-nodesc</styleUrl>
        <Point>
          <coordinates>
            41.33239,20.018077,0
          </coordinates>
        </Point>
      </Placemark>
      <Placemark>
        <name>ام غيث</name>
        <styleUrl>#icon-1739-DB4436-labelson-nodesc</styleUrl>
        <Point>
          <coordinates>
            41.54877,19.88313,0
          </coordinates>
        </Point>
      </Placemark>
      <Placemark>
        <name>بالحكم</name>
        <styleUrl>#icon-1739-DB4436-labelson-nodesc</styleUrl>
        <Point>
          <coordinates>
            41.282866,20.10807,0
          </coordinates>
        </Point>
      </Placemark>
      <Placemark>
        <name>بطحان</name>
        <styleUrl>#icon-1739-DB4436-labelson-nodesc</styleUrl>
        <Point>
          <coordinates>
            41.401119,20.23701,0
          </coordinates>
        </Point>
      </Placemark>
      <Placemark>
        <name>بلجرشي</name>
        <styleUrl>#icon-1739-DB4436-labelson-nodesc</styleUrl>
        <Point>
          <coordinates>
            41.572094,19.866414,0
          </coordinates>
        </Point>
      </Placemark>
      <Placemark>
        <name>بني سار</name>
        <styleUrl>#icon-1739-DB4436-labelson-nodesc</styleUrl>
        <Point>
          <coordinates>
            41.443112,20.097406,0
          </coordinates>
        </Point>
      </Placemark>
      <Placemark>
        <name>بني سليم</name>
        <styleUrl>#icon-1739-DB4436-labelson-nodesc</styleUrl>
        <Point>
          <coordinates>
            41.172187,20.065584,0
          </coordinates>
        </Point>
      </Placemark>
      <Placemark>
        <name>بني شرفاء</name>
        <styleUrl>#icon-1739-DB4436-labelson-nodesc</styleUrl>
        <Point>
          <coordinates>
            41.431332,19.729493,0
          </coordinates>
        </Point>
      </Placemark>
      <Placemark>
        <name>بني عامر</name>
        <styleUrl>#icon-1739-DB4436-labelson-nodesc</styleUrl>
        <Point>
          <coordinates>
            41.559091,19.873216,0
          </coordinates>
        </Point>
      </Placemark>
      <Placemark>
        <name>بني عبيد</name>
        <styleUrl>#icon-1739-DB4436-labelson-nodesc</styleUrl>
        <Point>
          <coordinates>
            41.542847,19.86753,0
          </coordinates>
        </Point>
      </Placemark>
      <Placemark>
        <name>بني كبير</name>
        <styleUrl>#icon-1739-DB4436-labelson-nodesc</styleUrl>
        <Point>
          <coordinates>
            41.654427,19.99604,0
          </coordinates>
        </Point>
      </Placemark>
      <Placemark>
        <name>بني محمد</name>
        <styleUrl>#icon-1739-DB4436-labelson-nodesc</styleUrl>
        <Point>
          <coordinates>
            41.356852,20.255356,0
          </coordinates>
        </Point>
      </Placemark>
      <Placemark>
        <name>بني هريرة</name>
        <styleUrl>#icon-1739-DB4436-labelson-nodesc</styleUrl>
        <Point>
          <coordinates>
            41.400411,20.018055,0
          </coordinates>
        </Point>
      </Placemark>
      <Placemark>
        <name>بني والية</name>
        <styleUrl>#icon-1739-DB4436-labelson-nodesc</styleUrl>
        <Point>
          <coordinates>
            41.560893,19.949091,0
          </coordinates>
        </Point>
      </Placemark>
      <Placemark>
        <name>بوا</name>
        <styleUrl>#icon-1739-DB4436-labelson-nodesc</styleUrl>
        <Point>
          <coordinates>
            41.240959,20.748603,0
          </coordinates>
        </Point>
      </Placemark>
      <Placemark>
        <name>بيضان</name>
        <styleUrl>#icon-1739-DB4436-labelson-nodesc</styleUrl>
        <Point>
          <coordinates>
            41.408522,20.025737,0
          </coordinates>
        </Point>
      </Placemark>
      <Placemark>
        <name>جدارة</name>
        <styleUrl>#icon-1739-DB4436-labelson-nodesc</styleUrl>
        <Point>
          <coordinates>
            41.475985,20.069125,0
          </coordinates>
        </Point>
      </Placemark>
      <Placemark>
        <name>جرب</name>
        <styleUrl>#icon-1739-DB4436-labelson-nodesc</styleUrl>
        <Point>
          <coordinates>
            41.928957,20.440857,0
          </coordinates>
        </Point>
      </Placemark>
      <Placemark>
        <name>جرداء بن علي</name>
        <styleUrl>#icon-1739-DB4436-labelson-nodesc</styleUrl>
        <Point>
          <coordinates>
            41.144421,20.245614,0
          </coordinates>
        </Point>
      </Placemark>
      <Placemark>
        <name>جفن</name>
        <styleUrl>#icon-1739-DB4436-labelson-nodesc</styleUrl>
        <Point>
          <coordinates>
            41.6243,20.249605,0
          </coordinates>
        </Point>
      </Placemark>
      <Placemark>
        <name>حداب صياح</name>
        <styleUrl>#icon-1739-DB4436-labelson-nodesc</styleUrl>
        <Point>
          <coordinates>
            41.063204,20.239992,0
          </coordinates>
        </Point>
      </Placemark>
      <Placemark>
        <name>حزنة</name>
        <styleUrl>#icon-1739-DB4436-labelson-nodesc</styleUrl>
        <Point>
          <coordinates>
            41.551366,19.840729,0
          </coordinates>
        </Point>
      </Placemark>
      <Placemark>
        <name>حصن الحبس</name>
        <styleUrl>#icon-1739-DB4436-labelson-nodesc</styleUrl>
        <Point>
          <coordinates>
            41.354234,19.96866,0
          </coordinates>
        </Point>
      </Placemark>
      <Placemark>
        <name>حضرم</name>
        <styleUrl>#icon-1739-DB4436-labelson-nodesc</styleUrl>
        <Point>
          <coordinates>
            41.214888,20.211625,0
          </coordinates>
        </Point>
      </Placemark>
      <Placemark>
        <name>حناك الرين</name>
        <styleUrl>#icon-1739-DB4436-labelson-nodesc</styleUrl>
        <Point>
          <coordinates>
            41.140215,20.003593,0
          </coordinates>
        </Point>
      </Placemark>
      <Placemark>
        <name>حوالة</name>
        <styleUrl>#icon-1739-DB4436-labelson-nodesc</styleUrl>
        <Point>
          <coordinates>
            41.732426,19.791527,0
          </coordinates>
        </Point>
      </Placemark>
      <Placemark>
        <name>دقة الثانية</name>
        <styleUrl>#icon-1739-DB4436-labelson-nodesc</styleUrl>
        <Point>
          <coordinates>
            40.957074,19.645979,0
          </coordinates>
        </Point>
      </Placemark>
      <Placemark>
        <name>رسبة</name>
        <styleUrl>#icon-1739-DB4436-labelson-nodesc</styleUrl>
        <Point>
          <coordinates>
            41.32164,20.123734,0
          </coordinates>
        </Point>
      </Placemark>
      <Placemark>
        <name>رغدان</name>
        <styleUrl>#icon-1739-DB4436-labelson-nodesc</styleUrl>
        <Point>
          <coordinates>
            41.449699,20.033784,0
          </coordinates>
        </Point>
      </Placemark>
      <Placemark>
        <name>رهوة البر</name>
        <styleUrl>#icon-1739-DB4436-labelson-nodesc</styleUrl>
        <Point>
          <coordinates>
            41.447403,20.052688,0
          </coordinates>
        </Point>
      </Placemark>
      <Placemark>
        <name>سعدي</name>
        <styleUrl>#icon-1739-DB4436-labelson-nodesc</styleUrl>
        <Point>
          <coordinates>
            41.147897,20.106418,0
          </coordinates>
        </Point>
      </Placemark>
      <Placemark>
        <name>سيال</name>
        <styleUrl>#icon-1739-DB4436-labelson-nodesc</styleUrl>
        <Point>
          <coordinates>
            41.4344,19.791741,0
          </coordinates>
        </Point>
      </Placemark>
      <Placemark>
        <name>شبرقة</name>
        <styleUrl>#icon-1739-DB4436-labelson-nodesc</styleUrl>
        <Point>
          <coordinates>
            41.393094,20.120859,0
          </coordinates>
        </Point>
      </Placemark>
      <Placemark>
        <name>صبياء</name>
        <styleUrl>#icon-1739-DB4436-labelson-nodesc</styleUrl>
        <Point>
          <coordinates>
            41.162724,19.40001,0
          </coordinates>
        </Point>
      </Placemark>
      <Placemark>
        <name>صخوان</name>
        <styleUrl>#icon-1739-DB4436-labelson-nodesc</styleUrl>
        <Point>
          <coordinates>
            41.683717,20.024557,0
          </coordinates>
        </Point>
      </Placemark>
      <Placemark>
        <name>صدعا الاثرية</name>
        <styleUrl>#icon-1739-DB4436-labelson-nodesc</styleUrl>
        <Point>
          <coordinates>
            41.454742,19.951773,0
          </coordinates>
        </Point>
      </Placemark>
      <Placemark>
        <name>عالقة</name>
        <styleUrl>#icon-1739-DB4436-labelson-nodesc</styleUrl>
        <Point>
          <coordinates>
            41.581085,19.912548,0
          </coordinates>
        </Point>
      </Placemark>
      <Placemark>
        <name>عرفة</name>
        <styleUrl>#icon-1739-DB4436-labelson-nodesc</styleUrl>
        <Point>
          <coordinates>
            41.448133,20.101418,0
          </coordinates>
        </Point>
      </Placemark>
      <Placemark>
        <name>عشره</name>
        <styleUrl>#icon-1739-DB4436-labelson-nodesc</styleUrl>
        <Point>
          <coordinates>
            41.075478,19.878366,0
          </coordinates>
        </Point>
      </Placemark>
      <Placemark>
        <name>عليب</name>
        <styleUrl>#icon-1739-DB4436-labelson-nodesc</styleUrl>
        <Point>
          <coordinates>
            40.906069,20.112834,0
          </coordinates>
        </Point>
      </Placemark>
      <Placemark>
        <name>عويره</name>
        <styleUrl>#icon-1739-DB4436-labelson-nodesc</styleUrl>
        <Point>
          <coordinates>
            41.257889,20.185576,0
          </coordinates>
        </Point>
      </Placemark>
      <Placemark>
        <name>فرية النمره</name>
        <styleUrl>#icon-1739-DB4436-labelson-nodesc</styleUrl>
        <Point>
          <coordinates>
            41.363397,19.731038,0
          </coordinates>
        </Point>
      </Placemark>
      <Placemark>
        <name>فلح</name>
        <styleUrl>#icon-1739-DB4436-labelson-nodesc</styleUrl>
        <Point>
          <coordinates>
            41.016984,19.957438,0
          </coordinates>
        </Point>
      </Placemark>
      <Placemark>
        <name>قر ية ال نعمان</name>
        <styleUrl>#icon-1739-DB4436-labelson-nodesc</styleUrl>
        <Point>
          <coordinates>
            41.18017,20.333655,0
          </coordinates>
        </Point>
      </Placemark>
      <Placemark>
        <name>قراما</name>
        <styleUrl>#icon-1739-DB4436-labelson-nodesc</styleUrl>
        <Point>
          <coordinates>
            41.304088,19.771078,0
          </coordinates>
        </Point>
      </Placemark>
      <Placemark>
        <name>قراما</name>
        <styleUrl>#icon-1739-DB4436-labelson-nodesc</styleUrl>
        <Point>
          <coordinates>
            41.294217,19.80232,0
          </coordinates>
        </Point>
      </Placemark>
      <Placemark>
        <name>قرن البانة</name>
        <styleUrl>#icon-1739-DB4436-labelson-nodesc</styleUrl>
        <Point>
          <coordinates>
            41.365736,19.439492,0
          </coordinates>
        </Point>
      </Placemark>
      <Placemark>
        <name>قرى وادي نابر</name>
        <styleUrl>#icon-1739-DB4436-labelson-nodesc</styleUrl>
        <Point>
          <coordinates>
            41.066658,20.131094,0
          </coordinates>
        </Point>
      </Placemark>
      <Placemark>
        <name>قرية ابو غرف</name>
        <styleUrl>#icon-1739-DB4436-labelson-nodesc</styleUrl>
        <Point>
          <coordinates>
            40.930338,20.113735,0
          </coordinates>
        </Point>
      </Placemark>
      <Placemark>
        <name>قرية اثره</name>
        <styleUrl>#icon-1739-DB4436-labelson-nodesc</styleUrl>
        <Point>
          <coordinates>
            41.201262,19.983251,0
          </coordinates>
        </Point>
      </Placemark>
      <Placemark>
        <name>قرية ال دوس</name>
        <styleUrl>#icon-1739-DB4436-labelson-nodesc</styleUrl>
        <Point>
          <coordinates>
            41.20755,20.221024,0
          </coordinates>
        </Point>
      </Placemark>
      <Placemark>
        <name>قرية ال سالم</name>
        <styleUrl>#icon-1739-DB4436-labelson-nodesc</styleUrl>
        <Point>
          <coordinates>
            41.589003,19.927161,0
          </coordinates>
        </Point>
      </Placemark>
      <Placemark>
        <name>قرية ال سرور</name>
        <styleUrl>#icon-1739-DB4436-labelson-nodesc</styleUrl>
        <Point>
          <coordinates>
            41.594667,19.926603,0
          </coordinates>
        </Point>
      </Placemark>
      <Placemark>
        <name>قرية ال سعد</name>
        <styleUrl>#icon-1739-DB4436-labelson-nodesc</styleUrl>
        <Point>
          <coordinates>
            41.152124,20.339234,0
          </coordinates>
        </Point>
      </Placemark>
      <Placemark>
        <name>قرية ال سعيدان</name>
        <styleUrl>#icon-1739-DB4436-labelson-nodesc</styleUrl>
        <Point>
          <coordinates>
            40.851202,20.113521,0
          </coordinates>
        </Point>
      </Placemark>
      <Placemark>
        <name>قرية ال سكران</name>
        <styleUrl>#icon-1739-DB4436-labelson-nodesc</styleUrl>
        <Point>
          <coordinates>
            41.456609,19.853733,0
          </coordinates>
        </Point>
      </Placemark>
      <Placemark>
        <name>قرية ال شيبان</name>
        <styleUrl>#icon-1739-DB4436-labelson-nodesc</styleUrl>
        <Point>
          <coordinates>
            41.338634,19.963167,0
          </coordinates>
        </Point>
      </Placemark>
      <Placemark>
        <name>قرية ال عيفة</name>
        <styleUrl>#icon-1739-DB4436-labelson-nodesc</styleUrl>
        <Point>
          <coordinates>
            41.200082,20.211411,0
          </coordinates>
        </Point>
      </Placemark>
      <Placemark>
        <name>قرية ال نعمة</name>
        <styleUrl>#icon-1739-DB4436-labelson-nodesc</styleUrl>
        <Point>
          <coordinates>
            41.226926,20.23643,0
          </coordinates>
        </Point>
      </Placemark>
      <Placemark>
        <name>قرية الأحلاف</name>
        <styleUrl>#icon-1739-DB4436-labelson-nodesc</styleUrl>
        <Point>
          <coordinates>
            41.154914,20.354319,0
          </coordinates>
        </Point>
      </Placemark>
      <Placemark>
        <name>قرية الاجاعدة</name>
        <styleUrl>#icon-1739-DB4436-labelson-nodesc</styleUrl>
        <Point>
          <coordinates>
            41.554155,19.925423,0
          </coordinates>
        </Point>
      </Placemark>
      <Placemark>
        <name>قرية الاجاويد</name>
        <styleUrl>#icon-1739-DB4436-labelson-nodesc</styleUrl>
        <Point>
          <coordinates>
            41.280441,19.827619,0
          </coordinates>
        </Point>
      </Placemark>
      <Placemark>
        <name>قرية البحير</name>
        <styleUrl>#icon-1739-DB4436-labelson-nodesc</styleUrl>
        <Point>
          <coordinates>
            41.334794,19.430287,0
          </coordinates>
        </Point>
      </Placemark>
      <Placemark>
        <name>قرية البشير</name>
        <styleUrl>#icon-1739-DB4436-labelson-nodesc</styleUrl>
        <Point>
          <coordinates>
            41.486392,20.034921,0
          </coordinates>
        </Point>
      </Placemark>
      <Placemark>
        <name>قرية البعلا</name>
        <styleUrl>#icon-1739-DB4436-labelson-nodesc</styleUrl>
        <Point>
          <coordinates>
            41.456502,20.06685,0
          </coordinates>
        </Point>
      </Placemark>
      <Placemark>
        <name>قرية البقاقير</name>
        <styleUrl>#icon-1739-DB4436-labelson-nodesc</styleUrl>
        <Point>
          <coordinates>
            41.134207,19.578452,0
          </coordinates>
        </Point>
      </Placemark>
      <Placemark>
        <name>قرية البو</name>
        <styleUrl>#icon-1739-DB4436-labelson-nodesc</styleUrl>
        <Point>
          <coordinates>
            41.154506,20.380454,0
          </coordinates>
        </Point>
      </Placemark>
      <Placemark>
        <name>قرية البيضاني</name>
        <styleUrl>#icon-1739-DB4436-labelson-nodesc</styleUrl>
        <Point>
          <coordinates>
            41.25701,20.240099,0
          </coordinates>
        </Point>
      </Placemark>
      <Placemark>
        <name>قرية الثراوين</name>
        <styleUrl>#icon-1739-DB4436-labelson-nodesc</styleUrl>
        <Point>
          <coordinates>
            41.326811,20.27117,0
          </coordinates>
        </Point>
      </Placemark>
      <Placemark>
        <name>قرية الثعبان</name>
        <styleUrl>#icon-1739-DB4436-labelson-nodesc</styleUrl>
        <Point>
          <coordinates>
            41.21978,19.735973,0
          </coordinates>
        </Point>
      </Placemark>
      <Placemark>
        <name>قرية الثعبان</name>
        <styleUrl>#icon-1739-DB4436-labelson-nodesc</styleUrl>
        <Point>
          <coordinates>
            41.373332,20.055821,0
          </coordinates>
        </Point>
      </Placemark>
      <Placemark>
        <name>قرية الثوابتة</name>
        <styleUrl>#icon-1739-DB4436-labelson-nodesc</styleUrl>
        <Point>
          <coordinates>
            41.155622,19.434278,0
          </coordinates>
        </Point>
      </Placemark>
      <Placemark>
        <name>قرية الجبور</name>
        <styleUrl>#icon-1739-DB4436-labelson-nodesc</styleUrl>
        <Point>
          <coordinates>
            41.242161,20.302391,0
          </coordinates>
        </Point>
      </Placemark>
      <Placemark>
        <name>قرية الجنابين</name>
        <styleUrl>#icon-1739-DB4436-labelson-nodesc</styleUrl>
        <Point>
          <coordinates>
            41.334558,19.845471,0
          </coordinates>
        </Point>
      </Placemark>
      <Placemark>
        <name>قرية الجوة</name>
        <styleUrl>#icon-1739-DB4436-labelson-nodesc</styleUrl>
        <Point>
          <coordinates>
            41.441503,19.892142,0
          </coordinates>
        </Point>
      </Placemark>
      <Placemark>
        <name>قرية الحادية</name>
        <styleUrl>#icon-1739-DB4436-labelson-nodesc</styleUrl>
        <Point>
          <coordinates>
            41.423929,19.830108,0
          </coordinates>
        </Point>
      </Placemark>
      <Placemark>
        <name>قرية الحبشي</name>
        <styleUrl>#icon-1739-DB4436-labelson-nodesc</styleUrl>
        <Point>
          <coordinates>
            41.474183,20.059619,0
          </coordinates>
        </Point>
      </Placemark>
      <Placemark>
        <name>قرية الحبواء</name>
        <styleUrl>#icon-1739-DB4436-labelson-nodesc</styleUrl>
        <Point>
          <coordinates>
            41.212721,20.306983,0
          </coordinates>
        </Point>
      </Placemark>
      <Placemark>
        <name>قرية الحبيس</name>
        <styleUrl>#icon-1739-DB4436-labelson-nodesc</styleUrl>
        <Point>
          <coordinates>
            41.539714,19.951258,0
          </coordinates>
        </Point>
      </Placemark>
      <Placemark>
        <name>قرية الحجة</name>
        <styleUrl>#icon-1739-DB4436-labelson-nodesc</styleUrl>
        <Point>
          <coordinates>
            41.360049,19.95997,0
          </coordinates>
        </Point>
      </Placemark>
      <Placemark>
        <name>قرية الحجران</name>
        <styleUrl>#icon-1739-DB4436-labelson-nodesc</styleUrl>
        <Point>
          <coordinates>
            41.352625,20.072322,0
          </coordinates>
        </Point>
      </Placemark>
      <Placemark>
        <name>قرية الحجره</name>
        <styleUrl>#icon-1739-DB4436-labelson-nodesc</styleUrl>
        <Point>
          <coordinates>
            41.074791,20.200489,0
          </coordinates>
        </Point>
      </Placemark>
      <Placemark>
        <name>قرية الحدبان</name>
        <styleUrl>#icon-1739-DB4436-labelson-nodesc</styleUrl>
        <Point>
          <coordinates>
            41.223321,20.279689,0
          </coordinates>
        </Point>
      </Placemark>
      <Placemark>
        <name>قرية الحدبة</name>
        <styleUrl>#icon-1739-DB4436-labelson-nodesc</styleUrl>
        <Point>
          <coordinates>
            40.813994,20.115709,0
          </coordinates>
        </Point>
      </Placemark>
      <Placemark>
        <name>قرية الحدبة</name>
        <styleUrl>#icon-1739-DB4436-labelson-nodesc</styleUrl>
        <Point>
          <coordinates>
            41.107149,19.588645,0
          </coordinates>
        </Point>
      </Placemark>
      <Placemark>
        <name>قرية الحدبة</name>
        <styleUrl>#icon-1739-DB4436-labelson-nodesc</styleUrl>
        <Point>
          <coordinates>
            41.142426,20.240357,0
          </coordinates>
        </Point>
      </Placemark>
      <Placemark>
        <name>قرية الحدة</name>
        <styleUrl>#icon-1739-DB4436-labelson-nodesc</styleUrl>
        <Point>
          <coordinates>
            41.189418,20.386999,0
          </coordinates>
        </Point>
      </Placemark>
      <Placemark>
        <name>قرية الحصحص</name>
        <styleUrl>#icon-1739-DB4436-labelson-nodesc</styleUrl>
        <Point>
          <coordinates>
            41.231475,19.796805,0
          </coordinates>
        </Point>
      </Placemark>
      <Placemark>
        <name>قرية الحصنين</name>
        <styleUrl>#icon-1739-DB4436-labelson-nodesc</styleUrl>
        <Point>
          <coordinates>
            41.402493,20.02136,0
          </coordinates>
        </Point>
      </Placemark>
      <Placemark>
        <name>قرية الحصون</name>
        <styleUrl>#icon-1739-DB4436-labelson-nodesc</styleUrl>
        <Point>
          <coordinates>
            41.399896,19.93289,0
          </coordinates>
        </Point>
      </Placemark>
      <Placemark>
        <name>قرية الحفنه</name>
        <styleUrl>#icon-1739-DB4436-labelson-nodesc</styleUrl>
        <Point>
          <coordinates>
            41.28175,19.811826,0
          </coordinates>
        </Point>
      </Placemark>
      <Placemark>
        <name>قرية الحقوين</name>
        <styleUrl>#icon-1739-DB4436-labelson-nodesc</styleUrl>
        <Point>
          <coordinates>
            41.394575,19.942052,0
          </coordinates>
        </Point>
      </Placemark>
      <Placemark>
        <name>قرية الحلاة</name>
        <styleUrl>#icon-1739-DB4436-labelson-nodesc</styleUrl>
        <Point>
          <coordinates>
            41.394811,20.031273,0
          </coordinates>
        </Point>
      </Placemark>
      <Placemark>
        <name>قرية الحليفة</name>
        <styleUrl>#icon-1739-DB4436-labelson-nodesc</styleUrl>
        <Point>
          <coordinates>
            41.290956,19.378037,0
          </coordinates>
        </Point>
      </Placemark>
      <Placemark>
        <name>قرية الحمده</name>
        <styleUrl>#icon-1739-DB4436-labelson-nodesc</styleUrl>
        <Point>
          <coordinates>
            41.370049,19.836631,0
          </coordinates>
        </Point>
      </Placemark>
      <Placemark>
        <name>قرية الحمراء</name>
        <styleUrl>#icon-1739-DB4436-labelson-nodesc</styleUrl>
        <Point>
          <coordinates>
            41.337497,19.415503,0
          </coordinates>
        </Point>
      </Placemark>
      <Placemark>
        <name>قرية نعاش</name>
        <styleUrl>#icon-1739-DB4436-labelson-nodesc</styleUrl>
        <Point>
          <coordinates>
            41.375241,20.046895,0
          </coordinates>
        </Point>
      </Placemark>
      <Placemark>
        <name>قرية الحنكه</name>
        <styleUrl>#icon-1739-DB4436-labelson-nodesc</styleUrl>
        <Point>
          <coordinates>
            41.151738,20.257759,0
          </coordinates>
        </Point>
      </Placemark>
      <Placemark>
        <name>قرية الحوشه</name>
        <styleUrl>#icon-1739-DB4436-labelson-nodesc</styleUrl>
        <Point>
          <coordinates>
            41.137812,20.15811,0
          </coordinates>
        </Point>
      </Placemark>
      <Placemark>
        <name>قرية الحوشية</name>
        <styleUrl>#icon-1739-DB4436-labelson-nodesc</styleUrl>
        <Point>
          <coordinates>
            41.239071,20.239027,0
          </coordinates>
        </Point>
      </Placemark>
      <Placemark>
        <name>قرية الحوى</name>
        <styleUrl>#icon-1739-DB4436-labelson-nodesc</styleUrl>
        <Point>
          <coordinates>
            41.411462,19.763482,0
          </coordinates>
        </Point>
      </Placemark>
      <Placemark>
        <name>قرية الحوية</name>
        <styleUrl>#icon-1739-DB4436-labelson-nodesc</styleUrl>
        <Point>
          <coordinates>
            41.218085,20.292113,0
          </coordinates>
        </Point>
      </Placemark>
      <Placemark>
        <name>قرية الخربان</name>
        <styleUrl>#icon-1739-DB4436-labelson-nodesc</styleUrl>
        <Point>
          <coordinates>
            41.425538,19.787493,0
          </coordinates>
        </Point>
      </Placemark>
      <Placemark>
        <name>قرية الخربه</name>
        <styleUrl>#icon-1739-DB4436-labelson-nodesc</styleUrl>
        <Point>
          <coordinates>
            41.356423,20.058267,0
          </coordinates>
        </Point>
      </Placemark>
      <Placemark>
        <name>قرية الخيمه</name>
        <styleUrl>#icon-1739-DB4436-labelson-nodesc</styleUrl>
        <Point>
          <coordinates>
            41.017756,20.095003,0
          </coordinates>
        </Point>
      </Placemark>
      <Placemark>
        <name>قرية الدار البضاء</name>
        <styleUrl>#icon-1739-DB4436-labelson-nodesc</styleUrl>
        <Point>
          <coordinates>
            41.366529,19.843969,0
          </coordinates>
        </Point>
      </Placemark>
      <Placemark>
        <name>قرية الراسين</name>
        <styleUrl>#icon-1739-DB4436-labelson-nodesc</styleUrl>
        <Point>
          <coordinates>
            41.287844,19.81601,0
          </coordinates>
        </Point>
      </Placemark>
      <Placemark>
        <name>قرية الربيان</name>
        <styleUrl>#icon-1739-DB4436-labelson-nodesc</styleUrl>
        <Point>
          <coordinates>
            41.429722,20.070927,0
          </coordinates>
        </Point>
      </Placemark>
      <Placemark>
        <name>قرية الرميضة</name>
        <styleUrl>#icon-1739-DB4436-labelson-nodesc</styleUrl>
        <Point>
          <coordinates>
            41.067796,19.90551,0
          </coordinates>
        </Point>
      </Placemark>
      <Placemark>
        <name>قرية الرهوة</name>
        <styleUrl>#icon-1739-DB4436-labelson-nodesc</styleUrl>
        <Point>
          <coordinates>
            41.259112,19.975591,0
          </coordinates>
        </Point>
      </Placemark>
      <Placemark>
        <name>قرية الرونة</name>
        <styleUrl>#icon-1739-DB4436-labelson-nodesc</styleUrl>
        <Point>
          <coordinates>
            41.443369,19.820366,0
          </coordinates>
        </Point>
      </Placemark>
      <Placemark>
        <name>قرية الريحان</name>
        <styleUrl>#icon-1739-DB4436-labelson-nodesc</styleUrl>
        <Point>
          <coordinates>
            41.206348,20.225422,0
          </coordinates>
        </Point>
      </Placemark>
      <Placemark>
        <name>قرية الريعة</name>
        <styleUrl>#icon-1739-DB4436-labelson-nodesc</styleUrl>
        <Point>
          <coordinates>
            41.319988,20.293894,0
          </coordinates>
        </Point>
      </Placemark>
      <Placemark>
        <name>قرية الزاهرية</name>
        <styleUrl>#icon-1739-DB4436-labelson-nodesc</styleUrl>
        <Point>
          <coordinates>
            41.086314,19.570663,0
          </coordinates>
        </Point>
      </Placemark>
      <Placemark>
        <name>قرية الزرقاء</name>
        <styleUrl>#icon-1739-DB4436-labelson-nodesc</styleUrl>
        <Point>
          <coordinates>
            41.45575,20.023677,0
          </coordinates>
        </Point>
      </Placemark>
      <Placemark>
        <name>قرية الزيالعة</name>
        <styleUrl>#icon-1739-DB4436-labelson-nodesc</styleUrl>
        <Point>
          <coordinates>
            41.25643,19.448311,0
          </coordinates>
        </Point>
      </Placemark>
      <Placemark>
        <name>قرية السرفة</name>
        <styleUrl>#icon-1739-DB4436-labelson-nodesc</styleUrl>
        <Point>
          <coordinates>
            41.234908,20.044169,0
          </coordinates>
        </Point>
      </Placemark>
      <Placemark>
        <name>قرية السعبره</name>
        <styleUrl>#icon-1739-DB4436-labelson-nodesc</styleUrl>
        <Point>
          <coordinates>
            41.172638,20.257416,0
          </coordinates>
        </Point>
      </Placemark>
      <Placemark>
        <name>قرية السعده</name>
        <styleUrl>#icon-1739-DB4436-labelson-nodesc</styleUrl>
        <Point>
          <coordinates>
            41.163819,20.367429,0
          </coordinates>
        </Point>
      </Placemark>
      <Placemark>
        <name>قرية السقيفه</name>
        <styleUrl>#icon-1739-DB4436-labelson-nodesc</styleUrl>
        <Point>
          <coordinates>
            41.330845,19.843004,0
          </coordinates>
        </Point>
      </Placemark>
      <Placemark>
        <name>قرية السمحه</name>
        <styleUrl>#icon-1739-DB4436-labelson-nodesc</styleUrl>
        <Point>
          <coordinates>
            41.05475,20.132039,0
          </coordinates>
        </Point>
      </Placemark>
      <Placemark>
        <name>قرية السمعة</name>
        <styleUrl>#icon-1739-DB4436-labelson-nodesc</styleUrl>
        <Point>
          <coordinates>
            41.15442,20.01812,0
          </coordinates>
        </Point>
      </Placemark>
      <Placemark>
        <name>قرية السند</name>
        <styleUrl>#icon-1739-DB4436-labelson-nodesc</styleUrl>
        <Point>
          <coordinates>
            41.411269,19.800088,0
          </coordinates>
        </Point>
      </Placemark>
      <Placemark>
        <name>قرية السنه</name>
        <styleUrl>#icon-1739-DB4436-labelson-nodesc</styleUrl>
        <Point>
          <coordinates>
            41.193945,20.358889,0
          </coordinates>
        </Point>
      </Placemark>
      <Placemark>
        <name>قرية السهله</name>
        <styleUrl>#icon-1739-DB4436-labelson-nodesc</styleUrl>
        <Point>
          <coordinates>
            41.334236,20.065348,0
          </coordinates>
        </Point>
      </Placemark>
      <Placemark>
        <name>قرية السواد</name>
        <styleUrl>#icon-1739-DB4436-labelson-nodesc</styleUrl>
        <Point>
          <coordinates>
            41.475878,20.022519,0
          </coordinates>
        </Point>
      </Placemark>
      <Placemark>
        <name>قرية الشراحين</name>
        <styleUrl>#icon-1739-DB4436-labelson-nodesc</styleUrl>
        <Point>
          <coordinates>
            41.36286,19.847381,0
          </coordinates>
        </Point>
      </Placemark>
      <Placemark>
        <name>قرية الشريج</name>
        <styleUrl>#icon-1739-DB4436-labelson-nodesc</styleUrl>
        <Point>
          <coordinates>
            41.02031,20.124378,0
          </coordinates>
        </Point>
      </Placemark>
      <Placemark>
        <name>قرية الشعبه</name>
        <styleUrl>#icon-1739-DB4436-labelson-nodesc</styleUrl>
        <Point>
          <coordinates>
            41.231647,20.392342,0
          </coordinates>
        </Point>
      </Placemark>
      <Placemark>
        <name>قرية الشعراء</name>
        <styleUrl>#icon-1739-DB4436-labelson-nodesc</styleUrl>
        <Point>
          <coordinates>
            41.1871,20.067816,0
          </coordinates>
        </Point>
      </Placemark>
      <Placemark>
        <name>قرية الشغز</name>
        <styleUrl>#icon-1739-DB4436-labelson-nodesc</styleUrl>
        <Point>
          <coordinates>
            41.090863,19.487579,0
          </coordinates>
        </Point>
      </Placemark>
      <Placemark>
        <name>قرية الشقرة</name>
        <styleUrl>#icon-1739-DB4436-labelson-nodesc</styleUrl>
        <Point>
          <coordinates>
            41.342669,19.991899,0
          </coordinates>
        </Point>
      </Placemark>
      <Placemark>
        <name>قرية الشقرة</name>
        <styleUrl>#icon-1739-DB4436-labelson-nodesc</styleUrl>
        <Point>
          <coordinates>
            41.321962,19.995396,0
          </coordinates>
        </Point>
      </Placemark>
      <Placemark>
        <name>قرية الشقيقة</name>
        <styleUrl>#icon-1739-DB4436-labelson-nodesc</styleUrl>
        <Point>
          <coordinates>
            41.464977,19.955335,0
          </coordinates>
        </Point>
      </Placemark>
      <Placemark>
        <name>قرية الشيخي</name>
        <styleUrl>#icon-1739-DB4436-labelson-nodesc</styleUrl>
        <Point>
          <coordinates>
            41.239929,19.36482,0
          </coordinates>
        </Point>
      </Placemark>
      <Placemark>
        <name>قرية الصافح</name>
        <styleUrl>#icon-1739-DB4436-labelson-nodesc</styleUrl>
        <Point>
          <coordinates>
            41.163454,20.057967,0
          </coordinates>
        </Point>
      </Placemark>
      <Placemark>
        <name>قرية الصخرة</name>
        <styleUrl>#icon-1739-DB4436-labelson-nodesc</styleUrl>
        <Point>
          <coordinates>
            41.437662,20.001147,0
          </coordinates>
        </Point>
      </Placemark>
      <Placemark>
        <name>قرية الصخره</name>
        <styleUrl>#icon-1739-DB4436-labelson-nodesc</styleUrl>
        <Point>
          <coordinates>
            41.498494,20.047989,0
          </coordinates>
        </Point>
      </Placemark>
      <Placemark>
        <name>قرية الصغره</name>
        <styleUrl>#icon-1739-DB4436-labelson-nodesc</styleUrl>
        <Point>
          <coordinates>
            41.360629,20.053031,0
          </coordinates>
        </Point>
      </Placemark>
      <Placemark>
        <name>قرية الصفاردة</name>
        <styleUrl>#icon-1739-DB4436-labelson-nodesc</styleUrl>
        <Point>
          <coordinates>
            41.124873,19.750478,0
          </coordinates>
        </Point>
      </Placemark>
      <Placemark>
        <name>قرية الصنقه</name>
        <styleUrl>#icon-1739-DB4436-labelson-nodesc</styleUrl>
        <Point>
          <coordinates>
            41.143155,20.063803,0
          </coordinates>
        </Point>
      </Placemark>
      <Placemark>
        <name>قرية الصور</name>
        <styleUrl>#icon-1739-DB4436-labelson-nodesc</styleUrl>
        <Point>
          <coordinates>
            41.275399,19.857917,0
          </coordinates>
        </Point>
      </Placemark>
      <Placemark>
        <name>قرية الضلع</name>
        <styleUrl>#icon-1739-DB4436-labelson-nodesc</styleUrl>
        <Point>
          <coordinates>
            41.342282,19.781485,0
          </coordinates>
        </Point>
      </Placemark>
      <Placemark>
        <name>قرية الضمو</name>
        <styleUrl>#icon-1739-DB4436-labelson-nodesc</styleUrl>
        <Point>
          <coordinates>
            41.107192,20.109637,0
          </coordinates>
        </Point>
      </Placemark>
      <Placemark>
        <name>قرية الطرف</name>
        <styleUrl>#icon-1739-DB4436-labelson-nodesc</styleUrl>
        <Point>
          <coordinates>
            41.215317,19.995825,0
          </coordinates>
        </Point>
      </Placemark>
      <Placemark>
        <name>قرية الطرفة</name>
        <styleUrl>#icon-1739-DB4436-labelson-nodesc</styleUrl>
        <Point>
          <coordinates>
            41.388416,19.979775,0
          </coordinates>
        </Point>
      </Placemark>
      <Placemark>
        <name>قرية الطيبة</name>
        <styleUrl>#icon-1739-DB4436-labelson-nodesc</styleUrl>
        <Point>
          <coordinates>
            40.966494,20.067945,0
          </coordinates>
        </Point>
      </Placemark>
      <Placemark>
        <name>قرية الطينة</name>
        <styleUrl>#icon-1739-DB4436-labelson-nodesc</styleUrl>
        <Point>
          <coordinates>
            40.995247,19.715717,0
          </coordinates>
        </Point>
      </Placemark>
      <Placemark>
        <name>قرية الظباية</name>
        <styleUrl>#icon-1739-DB4436-labelson-nodesc</styleUrl>
        <Point>
          <coordinates>
            41.100519,19.489682,0
          </coordinates>
        </Point>
      </Placemark>
      <Placemark>
        <name>قرية العربا</name>
        <styleUrl>#icon-1739-DB4436-labelson-nodesc</styleUrl>
        <Point>
          <coordinates>
            41.30383,19.82897,0
          </coordinates>
        </Point>
      </Placemark>
      <Placemark>
        <name>قرية العريفة</name>
        <styleUrl>#icon-1739-DB4436-labelson-nodesc</styleUrl>
        <Point>
          <coordinates>
            41.312735,19.959862,0
          </coordinates>
        </Point>
      </Placemark>
      <Placemark>
        <name>قرية العسله</name>
        <styleUrl>#icon-1739-DB4436-labelson-nodesc</styleUrl>
        <Point>
          <coordinates>
            41.361058,20.062194,0
          </coordinates>
        </Point>
      </Placemark>
      <Placemark>
        <name>قرية العسيلة</name>
        <styleUrl>#icon-1739-DB4436-labelson-nodesc</styleUrl>
        <Point>
          <coordinates>
            41.20373,20.373952,0
          </coordinates>
        </Point>
      </Placemark>
      <Placemark>
        <name>قرية العشوه</name>
        <styleUrl>#icon-1739-DB4436-labelson-nodesc</styleUrl>
        <Point>
          <coordinates>
            41.19946,20.296769,0
          </coordinates>
        </Point>
      </Placemark>
      <Placemark>
        <name>قرية العشيرة</name>
        <styleUrl>#icon-1739-DB4436-labelson-nodesc</styleUrl>
        <Point>
          <coordinates>
            41.454613,19.843991,0
          </coordinates>
        </Point>
      </Placemark>
      <Placemark>
        <name>قرية العصه</name>
        <styleUrl>#icon-1739-DB4436-labelson-nodesc</styleUrl>
        <Point>
          <coordinates>
            41.394918,19.819121,0
          </coordinates>
        </Point>
      </Placemark>
      <Placemark>
        <name>قرية العصير</name>
        <styleUrl>#icon-1739-DB4436-labelson-nodesc</styleUrl>
        <Point>
          <coordinates>
            41.266944,19.925272,0
          </coordinates>
        </Point>
      </Placemark>
      <Placemark>
        <name>قرية العقشان</name>
        <styleUrl>#icon-1739-DB4436-labelson-nodesc</styleUrl>
        <Point>
          <coordinates>
            41.515467,19.981191,0
          </coordinates>
        </Point>
      </Placemark>
      <Placemark>
        <name>قرية العكبره</name>
        <styleUrl>#icon-1739-DB4436-labelson-nodesc</styleUrl>
        <Point>
          <coordinates>
            41.158884,20.106676,0
          </coordinates>
        </Point>
      </Placemark>
      <Placemark>
        <name>قرية العوفة</name>
        <styleUrl>#icon-1739-DB4436-labelson-nodesc</styleUrl>
        <Point>
          <coordinates>
            41.449635,19.837039,0
          </coordinates>
        </Point>
      </Placemark>
      <Placemark>
        <name>قرية العيينه</name>
        <styleUrl>#icon-1739-DB4436-labelson-nodesc</styleUrl>
        <Point>
          <coordinates>
            41.372323,20.064898,0
          </coordinates>
        </Point>
      </Placemark>
      <Placemark>
        <name>قرية الغبر</name>
        <styleUrl>#icon-1739-DB4436-labelson-nodesc</styleUrl>
        <Point>
          <coordinates>
            41.537912,19.942911,0
          </coordinates>
        </Point>
      </Placemark>
      <Placemark>
        <name>قرية الغبشة</name>
        <styleUrl>#icon-1739-DB4436-labelson-nodesc</styleUrl>
        <Point>
          <coordinates>
            41.308229,19.95806,0
          </coordinates>
        </Point>
      </Placemark>
      <Placemark>
        <name>قرية الغشامرة</name>
        <styleUrl>#icon-1739-DB4436-labelson-nodesc</styleUrl>
        <Point>
          <coordinates>
            41.513515,19.97396,0
          </coordinates>
        </Point>
      </Placemark>
      <Placemark>
        <name>قرية الغمدة</name>
        <styleUrl>#icon-1739-DB4436-labelson-nodesc</styleUrl>
        <Point>
          <coordinates>
            41.473303,19.982908,0
          </coordinates>
        </Point>
      </Placemark>
      <Placemark>
        <name>قرية الفرع</name>
        <styleUrl>#icon-1739-DB4436-labelson-nodesc</styleUrl>
        <Point>
          <coordinates>
            41.372774,19.73666,0
          </coordinates>
        </Point>
      </Placemark>
      <Placemark>
        <name>قرية الفروه</name>
        <styleUrl>#icon-1739-DB4436-labelson-nodesc</styleUrl>
        <Point>
          <coordinates>
            41.177766,20.021188,0
          </coordinates>
        </Point>
      </Placemark>
      <Placemark>
        <name>قرية الفزار</name>
        <styleUrl>#icon-1739-DB4436-labelson-nodesc</styleUrl>
        <Point>
          <coordinates>
            41.272438,19.453869,0
          </coordinates>
        </Point>
      </Placemark>
      <Placemark>
        <name>قرية الفقيه</name>
        <styleUrl>#icon-1739-DB4436-labelson-nodesc</styleUrl>
        <Point>
          <coordinates>
            41.348677,19.78524,0
          </coordinates>
        </Point>
      </Placemark>
      <Placemark>
        <name>قرية الفلاح</name>
        <styleUrl>#icon-1739-DB4436-labelson-nodesc</styleUrl>
        <Point>
          <coordinates>
            41.582222,19.932525,0
          </coordinates>
        </Point>
      </Placemark>
      <Placemark>
        <name>قرية القبل</name>
        <styleUrl>#icon-1739-DB4436-labelson-nodesc</styleUrl>
        <Point>
          <coordinates>
            41.333334,20.071957,0
          </coordinates>
        </Point>
      </Placemark>
      <Placemark>
        <name>قرية القرن</name>
        <styleUrl>#icon-1739-DB4436-labelson-nodesc</styleUrl>
        <Point>
          <coordinates>
            41.553018,19.920766,0
          </coordinates>
        </Point>
      </Placemark>
      <Placemark>
        <name>قرية القري</name>
        <styleUrl>#icon-1739-DB4436-labelson-nodesc</styleUrl>
        <Point>
          <coordinates>
            41.150558,20.265441,0
          </coordinates>
        </Point>
      </Placemark>
      <Placemark>
        <name>قرية القريع</name>
        <styleUrl>#icon-1739-DB4436-labelson-nodesc</styleUrl>
        <Point>
          <coordinates>
            41.312091,19.838498,0
          </coordinates>
        </Point>
      </Placemark>
      <Placemark>
        <name>قرية القريِه</name>
        <styleUrl>#icon-1739-DB4436-labelson-nodesc</styleUrl>
        <Point>
          <coordinates>
            41.136954,20.212805,0
          </coordinates>
        </Point>
      </Placemark>
      <Placemark>
        <name>قرية القزعه</name>
        <styleUrl>#icon-1739-DB4436-labelson-nodesc</styleUrl>
        <Point>
          <coordinates>
            41.145945,20.248661,0
          </coordinates>
        </Point>
      </Placemark>
      <Placemark>
        <name>قرية القشعة</name>
        <styleUrl>#icon-1739-DB4436-labelson-nodesc</styleUrl>
        <Point>
          <coordinates>
            41.062646,19.579847,0
          </coordinates>
        </Point>
      </Placemark>
      <Placemark>
        <name>قرية القصيله</name>
        <styleUrl>#icon-1739-DB4436-labelson-nodesc</styleUrl>
        <Point>
          <coordinates>
            41.218407,20.285161,0
          </coordinates>
        </Point>
      </Placemark>
      <Placemark>
        <name>قرية القعره</name>
        <styleUrl>#icon-1739-DB4436-labelson-nodesc</styleUrl>
        <Point>
          <coordinates>
            41.196735,20.317197,0
          </coordinates>
        </Point>
      </Placemark>
      <Placemark>
        <name>قرية القنعه</name>
        <styleUrl>#icon-1739-DB4436-labelson-nodesc</styleUrl>
        <Point>
          <coordinates>
            41.334322,19.783523,0
          </coordinates>
        </Point>
      </Placemark>
      <Placemark>
        <name>قرية القهب</name>
        <styleUrl>#icon-1739-DB4436-labelson-nodesc</styleUrl>
        <Point>
          <coordinates>
            41.284497,19.831953,0
          </coordinates>
        </Point>
      </Placemark>
      <Placemark>
        <name>قرية القياس</name>
        <styleUrl>#icon-1739-DB4436-labelson-nodesc</styleUrl>
        <Point>
          <coordinates>
            41.283746,19.839206,0
          </coordinates>
        </Point>
      </Placemark>
      <Placemark>
        <name>قرية الكاحدين</name>
        <styleUrl>#icon-1739-DB4436-labelson-nodesc</styleUrl>
        <Point>
          <coordinates>
            41.208301,20.326853,0
          </coordinates>
        </Point>
      </Placemark>
      <Placemark>
        <name>قرية الكاحلة</name>
        <styleUrl>#icon-1739-DB4436-labelson-nodesc</styleUrl>
        <Point>
          <coordinates>
            41.224673,20.268338,0
          </coordinates>
        </Point>
      </Placemark>
      <Placemark>
        <name>قرية الكبسه</name>
        <styleUrl>#icon-1739-DB4436-labelson-nodesc</styleUrl>
        <Point>
          <coordinates>
            41.306362,19.846458,0
          </coordinates>
        </Point>
      </Placemark>
      <Placemark>
        <name>قرية الكدرة</name>
        <styleUrl>#icon-1739-DB4436-labelson-nodesc</styleUrl>
        <Point>
          <coordinates>
            40.883002,20.123842,0
          </coordinates>
        </Point>
      </Placemark>
      <Placemark>
        <name>قرية الكرادسة</name>
        <styleUrl>#icon-1739-DB4436-labelson-nodesc</styleUrl>
        <Point>
          <coordinates>
            41.276343,20.37303,0
          </coordinates>
        </Point>
      </Placemark>
      <Placemark>
        <name>قرية الكعتة</name>
        <styleUrl>#icon-1739-DB4436-labelson-nodesc</styleUrl>
        <Point>
          <coordinates>
            41.27939,19.934371,0
          </coordinates>
        </Point>
      </Placemark>
      <Placemark>
        <name>قرية المحاطبة</name>
        <styleUrl>#icon-1739-DB4436-labelson-nodesc</styleUrl>
        <Point>
          <coordinates>
            41.316619,20.298636,0
          </coordinates>
        </Point>
      </Placemark>
      <Placemark>
        <name>قرية المحجاة</name>
        <styleUrl>#icon-1739-DB4436-labelson-nodesc</styleUrl>
        <Point>
          <coordinates>
            40.99999,20.095561,0
          </coordinates>
        </Point>
      </Placemark>
      <Placemark>
        <name>قرية المحضرة</name>
        <styleUrl>#icon-1739-DB4436-labelson-nodesc</styleUrl>
        <Point>
          <coordinates>
            40.889483,20.114293,0
          </coordinates>
        </Point>
      </Placemark>
      <Placemark>
        <name>قرية المدق</name>
        <styleUrl>#icon-1739-DB4436-labelson-nodesc</styleUrl>
        <Point>
          <coordinates>
            41.42395,19.757452,0
          </coordinates>
        </Point>
      </Placemark>
      <Placemark>
        <name>قرية المراصعه</name>
        <styleUrl>#icon-1739-DB4436-labelson-nodesc</styleUrl>
        <Point>
          <coordinates>
            41.536045,19.998314,0
          </coordinates>
        </Point>
      </Placemark>
      <Placemark>
        <name>قرية المربى</name>
        <styleUrl>#icon-1739-DB4436-labelson-nodesc</styleUrl>
        <Point>
          <coordinates>
            40.990055,20.136867,0
          </coordinates>
        </Point>
      </Placemark>
      <Placemark>
        <name>قرية المرتبا</name>
        <styleUrl>#icon-1739-DB4436-labelson-nodesc</styleUrl>
        <Point>
          <coordinates>
            41.298809,19.796097,0
          </coordinates>
        </Point>
      </Placemark>
      <Placemark>
        <name>قرية المرزوق</name>
        <styleUrl>#icon-1739-DB4436-labelson-nodesc</styleUrl>
        <Point>
          <coordinates>
            41.614795,19.926517,0
          </coordinates>
        </Point>
      </Placemark>
      <Placemark>
        <name>قرية المروة</name>
        <styleUrl>#icon-1739-DB4436-labelson-nodesc</styleUrl>
        <Point>
          <coordinates>
            41.447661,19.827662,0
          </coordinates>
        </Point>
      </Placemark>
      <Placemark>
        <name>قرية المريبي</name>
        <styleUrl>#icon-1739-DB4436-labelson-nodesc</styleUrl>
        <Point>
          <coordinates>
            41.148927,20.007563,0
          </coordinates>
        </Point>
      </Placemark>
      <Placemark>
        <name>قرية المزرعة</name>
        <styleUrl>#icon-1739-DB4436-labelson-nodesc</styleUrl>
        <Point>
          <coordinates>
            41.572909,19.985418,0
          </coordinates>
        </Point>
      </Placemark>
      <Placemark>
        <name>قرية المسالمه</name>
        <styleUrl>#icon-1739-DB4436-labelson-nodesc</styleUrl>
        <Point>
          <coordinates>
            41.159248,20.344276,0
          </coordinates>
        </Point>
      </Placemark>
      <Placemark>
        <name>قرية المسعد</name>
        <styleUrl>#icon-1739-DB4436-labelson-nodesc</styleUrl>
        <Point>
          <coordinates>
            41.297929,19.938233,0
          </coordinates>
        </Point>
      </Placemark>
      <Placemark>
        <name>قرية المسيليم</name>
        <styleUrl>#icon-1739-DB4436-labelson-nodesc</styleUrl>
        <Point>
          <coordinates>
            40.966515,19.652288,0
          </coordinates>
        </Point>
      </Placemark>
      <Placemark>
        <name>قرية المصاعبه</name>
        <styleUrl>#icon-1739-DB4436-labelson-nodesc</styleUrl>
        <Point>
          <coordinates>
            41.389124,20.038333,0
          </coordinates>
        </Point>
      </Placemark>
      <Placemark>
        <name>قرية المضحاة</name>
        <styleUrl>#icon-1739-DB4436-labelson-nodesc</styleUrl>
        <Point>
          <coordinates>
            41.107149,20.091119,0
          </coordinates>
        </Point>
      </Placemark>
      <Placemark>
        <name>قرية المضحاة</name>
        <styleUrl>#icon-1739-DB4436-labelson-nodesc</styleUrl>
        <Point>
          <coordinates>
            41.297393,19.956236,0
          </coordinates>
        </Point>
      </Placemark>
      <Placemark>
        <name>قرية المظاهره</name>
        <styleUrl>#icon-1739-DB4436-labelson-nodesc</styleUrl>
        <Point>
          <coordinates>
            41.182745,19.416382,0
          </coordinates>
        </Point>
      </Placemark>
      <Placemark>
        <name>قرية المظيلف</name>
        <styleUrl>#icon-1739-DB4436-labelson-nodesc</styleUrl>
        <Point>
          <coordinates>
            41.047046,19.537425,0
          </coordinates>
        </Point>
      </Placemark>
      <Placemark>
        <name>قرية المغرة</name>
        <styleUrl>#icon-1739-DB4436-labelson-nodesc</styleUrl>
        <Point>
          <coordinates>
            41.413071,19.91272,0
          </coordinates>
        </Point>
      </Placemark>
      <Placemark>
        <name>قرية المغميق</name>
        <styleUrl>#icon-1739-DB4436-labelson-nodesc</styleUrl>
        <Point>
          <coordinates>
            41.278446,19.766378,0
          </coordinates>
        </Point>
      </Placemark>
      <Placemark>
        <name>قرية المفارجه</name>
        <styleUrl>#icon-1739-DB4436-labelson-nodesc</styleUrl>
        <Point>
          <coordinates>
            41.504309,19.999731,0
          </coordinates>
        </Point>
      </Placemark>
      <Placemark>
        <name>قرية المقارنه</name>
        <styleUrl>#icon-1739-DB4436-labelson-nodesc</styleUrl>
        <Point>
          <coordinates>
            41.198216,20.306039,0
          </coordinates>
        </Point>
      </Placemark>
      <Placemark>
        <name>قرية الملح</name>
        <styleUrl>#icon-1739-DB4436-labelson-nodesc</styleUrl>
        <Point>
          <coordinates>
            41.457274,19.76831,0
          </coordinates>
        </Point>
      </Placemark>
      <Placemark>
        <name>قرية الملد</name>
        <styleUrl>#icon-1739-DB4436-labelson-nodesc</styleUrl>
        <Point>
          <coordinates>
            41.497099,20.010867,0
          </coordinates>
        </Point>
      </Placemark>
      <Placemark>
        <name>قرية المندسة</name>
        <styleUrl>#icon-1739-DB4436-labelson-nodesc</styleUrl>
        <Point>
          <coordinates>
            41.318572,19.410975,0
          </coordinates>
        </Point>
      </Placemark>
      <Placemark>
        <name>قرية النبعه</name>
        <styleUrl>#icon-1739-DB4436-labelson-nodesc</styleUrl>
        <Point>
          <coordinates>
            41.127405,20.234993,0
          </coordinates>
        </Point>
      </Placemark>
      <Placemark>
        <name>قرية النجيل</name>
        <styleUrl>#icon-1739-DB4436-labelson-nodesc</styleUrl>
        <Point>
          <coordinates>
            41.12968,20.083888,0
          </coordinates>
        </Point>
      </Placemark>
      <Placemark>
        <name>قرية النعيم</name>
        <styleUrl>#icon-1739-DB4436-labelson-nodesc</styleUrl>
        <Point>
          <coordinates>
            41.60089,19.923277,0
          </coordinates>
        </Point>
      </Placemark>
      <Placemark>
        <name>قرية النقعه</name>
        <styleUrl>#icon-1739-DB4436-labelson-nodesc</styleUrl>
        <Point>
          <coordinates>
            41.259949,19.455736,0
          </coordinates>
        </Point>
      </Placemark>
      <Placemark>
        <name>قرية النور</name>
        <styleUrl>#icon-1739-DB4436-labelson-nodesc</styleUrl>
        <Point>
          <coordinates>
            41.079705,20.133326,0
          </coordinates>
        </Point>
      </Placemark>
      <Placemark>
        <name>قرية النوزة</name>
        <styleUrl>#icon-1739-DB4436-labelson-nodesc</styleUrl>
        <Point>
          <coordinates>
            41.326811,19.962888,0
          </coordinates>
        </Point>
      </Placemark>
      <Placemark>
        <name>قرية الهبير</name>
        <styleUrl>#icon-1739-DB4436-labelson-nodesc</styleUrl>
        <Point>
          <coordinates>
            40.94759,20.102105,0
          </coordinates>
        </Point>
      </Placemark>
      <Placemark>
        <name>قرية الهده</name>
        <styleUrl>#icon-1739-DB4436-labelson-nodesc</styleUrl>
        <Point>
          <coordinates>
            41.235273,20.182786,0
          </coordinates>
        </Point>
      </Placemark>
      <Placemark>
        <name>قرية الهره</name>
        <styleUrl>#icon-1739-DB4436-labelson-nodesc</styleUrl>
        <Point>
          <coordinates>
            41.191349,20.331273,0
          </coordinates>
        </Point>
      </Placemark>
      <Placemark>
        <name>قرية الوسطه</name>
        <styleUrl>#icon-1739-DB4436-labelson-nodesc</styleUrl>
        <Point>
          <coordinates>
            41.287501,19.825001,0
          </coordinates>
        </Point>
      </Placemark>
      <Placemark>
        <name>قرية الولجة</name>
        <styleUrl>#icon-1739-DB4436-labelson-nodesc</styleUrl>
        <Point>
          <coordinates>
            41.17208,20.053182,0
          </coordinates>
        </Point>
      </Placemark>
      <Placemark>
        <name>قرية الوهسة</name>
        <styleUrl>#icon-1739-DB4436-labelson-nodesc</styleUrl>
        <Point>
          <coordinates>
            41.211669,20.299859,0
          </coordinates>
        </Point>
      </Placemark>
      <Placemark>
        <name>قرية ام الحمام</name>
        <styleUrl>#icon-1739-DB4436-labelson-nodesc</styleUrl>
        <Point>
          <coordinates>
            41.314259,19.77994,0
          </coordinates>
        </Point>
      </Placemark>
      <Placemark>
        <name>قرية ام الخشب</name>
        <styleUrl>#icon-1739-DB4436-labelson-nodesc</styleUrl>
        <Point>
          <coordinates>
            41.164334,19.434686,0
          </coordinates>
        </Point>
      </Placemark>
      <Placemark>
        <name>قرية ام عمرو</name>
        <styleUrl>#icon-1739-DB4436-labelson-nodesc</styleUrl>
        <Point>
          <coordinates>
            41.266966,20.21744,0
          </coordinates>
        </Point>
      </Placemark>
      <Placemark>
        <name>قرية بالنعمان</name>
        <styleUrl>#icon-1739-DB4436-labelson-nodesc</styleUrl>
        <Point>
          <coordinates>
            41.271837,19.853067,0
          </coordinates>
        </Point>
      </Placemark>
      <Placemark>
        <name>قرية بحره</name>
        <styleUrl>#icon-1739-DB4436-labelson-nodesc</styleUrl>
        <Point>
          <coordinates>
            41.274948,20.159075,0
          </coordinates>
        </Point>
      </Placemark>
      <Placemark>
        <name>قرية بران</name>
        <styleUrl>#icon-1739-DB4436-labelson-nodesc</styleUrl>
        <Point>
          <coordinates>
            41.381078,19.955485,0
          </coordinates>
        </Point>
      </Placemark>
      <Placemark>
        <name>قرية بعقه</name>
        <styleUrl>#icon-1739-DB4436-labelson-nodesc</styleUrl>
        <Point>
          <coordinates>
            41.174097,20.088072,0
          </coordinates>
        </Point>
      </Placemark>
      <Placemark>
        <name>قرية بلعلاء</name>
        <styleUrl>#icon-1739-DB4436-labelson-nodesc</styleUrl>
        <Point>
          <coordinates>
            41.45324,20.057473,0
          </coordinates>
        </Point>
      </Placemark>
      <Placemark>
        <name>قرية بني جرة</name>
        <styleUrl>#icon-1739-DB4436-labelson-nodesc</styleUrl>
        <Point>
          <coordinates>
            41.553769,19.908171,0
          </coordinates>
        </Point>
      </Placemark>
      <Placemark>
        <name>قرية بني حدة</name>
        <styleUrl>#icon-1739-DB4436-labelson-nodesc</styleUrl>
        <Point>
          <coordinates>
            41.512485,19.940701,0
          </coordinates>
        </Point>
      </Placemark>
      <Placemark>
        <name>قرية بني سعد</name>
        <styleUrl>#icon-1739-DB4436-labelson-nodesc</styleUrl>
        <Point>
          <coordinates>
            41.434057,20.03063,0
          </coordinates>
        </Point>
      </Placemark>
      <Placemark>
        <name>قرية بني سعد</name>
        <styleUrl>#icon-1739-DB4436-labelson-nodesc</styleUrl>
        <Point>
          <coordinates>
            41.541924,19.926002,0
          </coordinates>
        </Point>
      </Placemark>
      <Placemark>
        <name>قرية بني شهاب</name>
        <styleUrl>#icon-1739-DB4436-labelson-nodesc</styleUrl>
        <Point>
          <coordinates>
            40.961087,19.681792,0
          </coordinates>
        </Point>
      </Placemark>
      <Placemark>
        <name>قرية بني عاصم</name>
        <styleUrl>#icon-1739-DB4436-labelson-nodesc</styleUrl>
        <Point>
          <coordinates>
            41.411505,19.80571,0
          </coordinates>
        </Point>
      </Placemark>
      <Placemark>
        <name>قرية بني عمر</name>
        <styleUrl>#icon-1739-DB4436-labelson-nodesc</styleUrl>
        <Point>
          <coordinates>
            41.27969,20.154076,0
          </coordinates>
        </Point>
      </Placemark>
      <Placemark>
        <name>قرية بني يزيد</name>
        <styleUrl>#icon-1739-DB4436-labelson-nodesc</styleUrl>
        <Point>
          <coordinates>
            41.222742,20.257695,0
          </coordinates>
        </Point>
      </Placemark>
      <Placemark>
        <name>قرية تمن</name>
        <styleUrl>#icon-1739-DB4436-labelson-nodesc</styleUrl>
        <Point>
          <coordinates>
            40.965314,20.139678,0
          </coordinates>
        </Point>
      </Placemark>
      <Placemark>
        <name>قرية حدبة</name>
        <styleUrl>#icon-1739-DB4436-labelson-nodesc</styleUrl>
        <Point>
          <coordinates>
            40.97276,19.684839,0
          </coordinates>
        </Point>
      </Placemark>
      <Placemark>
        <name>قرية حصن قرعة</name>
        <styleUrl>#icon-1739-DB4436-labelson-nodesc</styleUrl>
        <Point>
          <coordinates>
            41.420925,19.901776,0
          </coordinates>
        </Point>
      </Placemark>
      <Placemark>
        <name>قرية حضي</name>
        <styleUrl>#icon-1739-DB4436-labelson-nodesc</styleUrl>
        <Point>
          <coordinates>
            41.28896,20.315287,0
          </coordinates>
        </Point>
      </Placemark>
      <Placemark>
        <name>قرية حلق مدع</name>
        <styleUrl>#icon-1739-DB4436-labelson-nodesc</styleUrl>
        <Point>
          <coordinates>
            40.97585,20.043139,0
          </coordinates>
        </Point>
      </Placemark>
      <Placemark>
        <name>قرية حميم</name>
        <styleUrl>#icon-1739-DB4436-labelson-nodesc</styleUrl>
        <Point>
          <coordinates>
            41.493666,20.018249,0
          </coordinates>
        </Point>
      </Placemark>
      <Placemark>
        <name>قرية خفة</name>
        <styleUrl>#icon-1739-DB4436-labelson-nodesc</styleUrl>
        <Point>
          <coordinates>
            41.518643,19.941537,0
          </coordinates>
        </Point>
      </Placemark>
      <Placemark>
        <name>قرية دار الجبل</name>
        <styleUrl>#icon-1739-DB4436-labelson-nodesc</styleUrl>
        <Point>
          <coordinates>
            41.482916,19.943469,0
          </coordinates>
        </Point>
      </Placemark>
      <Placemark>
        <name>قرية دار الركبه</name>
        <styleUrl>#icon-1739-DB4436-labelson-nodesc</styleUrl>
        <Point>
          <coordinates>
            41.368096,20.057087,0
          </coordinates>
        </Point>
      </Placemark>
      <Placemark>
        <name>قرية دار السادة</name>
        <styleUrl>#icon-1739-DB4436-labelson-nodesc</styleUrl>
        <Point>
          <coordinates>
            41.424251,19.816504,0
          </coordinates>
        </Point>
      </Placemark>
      <Placemark>
        <name>قرية دار الشتفة</name>
        <styleUrl>#icon-1739-DB4436-labelson-nodesc</styleUrl>
        <Point>
          <coordinates>
            41.299753,19.806054,0
          </coordinates>
        </Point>
      </Placemark>
      <Placemark>
        <name>قرية دار الكفته</name>
        <styleUrl>#icon-1739-DB4436-labelson-nodesc</styleUrl>
        <Point>
          <coordinates>
            41.40672,19.925079,0
          </coordinates>
        </Point>
      </Placemark>
      <Placemark>
        <name>قرية دغونه</name>
        <styleUrl>#icon-1739-DB4436-labelson-nodesc</styleUrl>
        <Point>
          <coordinates>
            41.159377,20.40041,0
          </coordinates>
        </Point>
      </Placemark>
      <Placemark>
        <name>قرية ذاكر</name>
        <styleUrl>#icon-1739-DB4436-labelson-nodesc</styleUrl>
        <Point>
          <coordinates>
            41.048312,19.802427,0
          </coordinates>
        </Point>
      </Placemark>
      <Placemark>
        <name>قرية ذي عين</name>
        <styleUrl>#icon-1739-DB4436-labelson-nodesc</styleUrl>
        <Point>
          <coordinates>
            41.439378,19.928169,0
          </coordinates>
        </Point>
      </Placemark>
      <Placemark>
        <name>قرية رايه</name>
        <styleUrl>#icon-1739-DB4436-labelson-nodesc</styleUrl>
        <Point>
          <coordinates>
            41.082773,20.048332,0
          </coordinates>
        </Point>
      </Placemark>
      <Placemark>
        <name>قرية رباع</name>
        <styleUrl>#icon-1739-DB4436-labelson-nodesc</styleUrl>
        <Point>
          <coordinates>
            41.340115,20.05713,0
          </coordinates>
        </Point>
      </Placemark>
      <Placemark>
        <name>قرية رحبان</name>
        <styleUrl>#icon-1739-DB4436-labelson-nodesc</styleUrl>
        <Point>
          <coordinates>
            41.367602,19.731724,0
          </coordinates>
        </Point>
      </Placemark>
      <Placemark>
        <name>قرية رخام</name>
        <styleUrl>#icon-1739-DB4436-labelson-nodesc</styleUrl>
        <Point>
          <coordinates>
            41.351295,20.002091,0
          </coordinates>
        </Point>
      </Placemark>
      <Placemark>
        <name>قرية زبيده</name>
        <styleUrl>#icon-1739-DB4436-labelson-nodesc</styleUrl>
        <Point>
          <coordinates>
            41.467059,20.053482,0
          </coordinates>
        </Point>
      </Placemark>
      <Placemark>
        <name>قرية سبيحة</name>
        <styleUrl>#icon-1739-DB4436-labelson-nodesc</styleUrl>
        <Point>
          <coordinates>
            41.313593,20.344963,0
          </coordinates>
        </Point>
      </Placemark>
      <Placemark>
        <name>قرية سعدان العلياء</name>
        <styleUrl>#icon-1739-DB4436-labelson-nodesc</styleUrl>
        <Point>
          <coordinates>
            41.277223,19.853604,0
          </coordinates>
        </Point>
      </Placemark>
      <Placemark>
        <name>قرية سيالة</name>
        <styleUrl>#icon-1739-DB4436-labelson-nodesc</styleUrl>
        <Point>
          <coordinates>
            41.361101,19.946837,0
          </coordinates>
        </Point>
      </Placemark>
      <Placemark>
        <name>قرية صدر</name>
        <styleUrl>#icon-1739-DB4436-labelson-nodesc</styleUrl>
        <Point>
          <coordinates>
            41.386163,20.011103,0
          </coordinates>
        </Point>
      </Placemark>
      <Placemark>
        <name>قرية ضبيعة</name>
        <styleUrl>#icon-1739-DB4436-labelson-nodesc</styleUrl>
        <Point>
          <coordinates>
            41.256666,19.929028,0
          </coordinates>
        </Point>
      </Placemark>
      <Placemark>
        <name>قرية ظيورق</name>
        <styleUrl>#icon-1739-DB4436-labelson-nodesc</styleUrl>
        <Point>
          <coordinates>
            41.022735,19.901562,0
          </coordinates>
        </Point>
      </Placemark>
      <Placemark>
        <name>قرية عراء</name>
        <styleUrl>#icon-1739-DB4436-labelson-nodesc</styleUrl>
        <Point>
          <coordinates>
            41.495426,19.951644,0
          </coordinates>
        </Point>
      </Placemark>
      <Placemark>
        <name>قرية عسيلة</name>
        <styleUrl>#icon-1739-DB4436-labelson-nodesc</styleUrl>
        <Point>
          <coordinates>
            40.915425,19.685805,0
          </coordinates>
        </Point>
      </Placemark>
      <Placemark>
        <name>قرية عصيبه</name>
        <styleUrl>#icon-1739-DB4436-labelson-nodesc</styleUrl>
        <Point>
          <coordinates>
            41.31074,19.788694,0
          </coordinates>
        </Point>
      </Placemark>
      <Placemark>
        <name>قرية عضداء</name>
        <styleUrl>#icon-1739-DB4436-labelson-nodesc</styleUrl>
        <Point>
          <coordinates>
            41.188667,20.343912,0
          </coordinates>
        </Point>
      </Placemark>
      <Placemark>
        <name>قرية غليله</name>
        <styleUrl>#icon-1739-DB4436-labelson-nodesc</styleUrl>
        <Point>
          <coordinates>
            41.204588,20.127125,0
          </coordinates>
        </Point>
      </Placemark>
      <Placemark>
        <name>قرية غويبي</name>
        <styleUrl>#icon-1739-DB4436-labelson-nodesc</styleUrl>
        <Point>
          <coordinates>
            41.070027,19.98323,0
          </coordinates>
        </Point>
      </Placemark>
      <Placemark>
        <name>قرية فاجة</name>
        <styleUrl>#icon-1739-DB4436-labelson-nodesc</styleUrl>
        <Point>
          <coordinates>
            40.927827,20.096419,0
          </coordinates>
        </Point>
      </Placemark>
      <Placemark>
        <name>قرية فاجه</name>
        <styleUrl>#icon-1739-DB4436-labelson-nodesc</styleUrl>
        <Point>
          <coordinates>
            41.134186,20.067387,0
          </coordinates>
        </Point>
      </Placemark>
      <Placemark>
        <name>قرية فاطش</name>
        <styleUrl>#icon-1739-DB4436-labelson-nodesc</styleUrl>
        <Point>
          <coordinates>
            41.062582,20.248532,0
          </coordinates>
        </Point>
      </Placemark>
      <Placemark>
        <name>قرية فضالة</name>
        <styleUrl>#icon-1739-DB4436-labelson-nodesc</styleUrl>
        <Point>
          <coordinates>
            41.142168,20.208149,0
          </coordinates>
        </Point>
      </Placemark>
      <Placemark>
        <name>قرية قدران</name>
        <styleUrl>#icon-1739-DB4436-labelson-nodesc</styleUrl>
        <Point>
          <coordinates>
            41.372516,19.824142,0
          </coordinates>
        </Point>
      </Placemark>
      <Placemark>
        <name>قرية قرا</name>
        <styleUrl>#icon-1739-DB4436-labelson-nodesc</styleUrl>
        <Point>
          <coordinates>
            41.412728,20.019708,0
          </coordinates>
        </Point>
      </Placemark>
      <Placemark>
        <name>قرية قرعة</name>
        <styleUrl>#icon-1739-DB4436-labelson-nodesc</styleUrl>
        <Point>
          <coordinates>
            41.300032,19.943619,0
          </coordinates>
        </Point>
      </Placemark>
      <Placemark>
        <name>قرية قرن القبه</name>
        <styleUrl>#icon-1739-DB4436-labelson-nodesc</styleUrl>
        <Point>
          <coordinates>
            41.290441,19.456358,0
          </coordinates>
        </Point>
      </Placemark>
      <Placemark>
        <name>قرية قرن ظبي</name>
        <styleUrl>#icon-1739-DB4436-labelson-nodesc</styleUrl>
        <Point>
          <coordinates>
            41.418843,20.046058,0
          </coordinates>
        </Point>
      </Placemark>
      <Placemark>
        <name>قرية كرش</name>
        <styleUrl>#icon-1739-DB4436-labelson-nodesc</styleUrl>
        <Point>
          <coordinates>
            40.977502,20.173473,0
          </coordinates>
        </Point>
      </Placemark>
      <Placemark>
        <name>قرية كفاله</name>
        <styleUrl>#icon-1739-DB4436-labelson-nodesc</styleUrl>
        <Point>
          <coordinates>
            40.923707,20.107319,0
          </coordinates>
        </Point>
      </Placemark>
      <Placemark>
        <name>قرية لهب</name>
        <styleUrl>#icon-1739-DB4436-labelson-nodesc</styleUrl>
        <Point>
          <coordinates>
            41.175213,19.436724,0
          </coordinates>
        </Point>
      </Placemark>
      <Placemark>
        <name>قرية محضرة</name>
        <styleUrl>#icon-1739-DB4436-labelson-nodesc</styleUrl>
        <Point>
          <coordinates>
            41.488409,19.996769,0
          </coordinates>
        </Point>
      </Placemark>
      <Placemark>
        <name>قرية مسب</name>
        <styleUrl>#icon-1739-DB4436-labelson-nodesc</styleUrl>
        <Point>
          <coordinates>
            41.466522,20.030801,0
          </coordinates>
        </Point>
      </Placemark>
      <Placemark>
        <name>قرية مشنيه</name>
        <styleUrl>#icon-1739-DB4436-labelson-nodesc</styleUrl>
        <Point>
          <coordinates>
            41.303701,20.1771,0
          </coordinates>
        </Point>
      </Placemark>
      <Placemark>
        <name>قرية معصوم</name>
        <styleUrl>#icon-1739-DB4436-labelson-nodesc</styleUrl>
        <Point>
          <coordinates>
            41.194289,20.079961,0
          </coordinates>
        </Point>
      </Placemark>
      <Placemark>
        <name>قرية ملحتين</name>
        <styleUrl>#icon-1739-DB4436-labelson-nodesc</styleUrl>
        <Point>
          <coordinates>
            40.942783,20.135171,0
          </coordinates>
        </Point>
      </Placemark>
      <Placemark>
        <name>قرية منارة</name>
        <styleUrl>#icon-1739-DB4436-labelson-nodesc</styleUrl>
        <Point>
          <coordinates>
            41.295676,19.81513,0
          </coordinates>
        </Point>
      </Placemark>
      <Placemark>
        <name>قرية ناوان</name>
        <styleUrl>#icon-1739-DB4436-labelson-nodesc</styleUrl>
        <Point>
          <coordinates>
            41.154506,19.543605,0
          </coordinates>
        </Point>
      </Placemark>
      <Placemark>
        <name>قرية نيرا</name>
        <styleUrl>#icon-1739-DB4436-labelson-nodesc</styleUrl>
        <Point>
          <coordinates>
            41.276042,19.84545,0
          </coordinates>
        </Point>
      </Placemark>
      <Placemark>
        <name>قرية يبس</name>
        <styleUrl>#icon-1739-DB4436-labelson-nodesc</styleUrl>
        <Point>
          <coordinates>
            41.253362,19.443913,0
          </coordinates>
        </Point>
      </Placemark>
      <Placemark>
        <name>قريةالجعدة</name>
        <styleUrl>#icon-1739-DB4436-labelson-nodesc</styleUrl>
        <Point>
          <coordinates>
            41.253212,19.970698,0
          </coordinates>
        </Point>
      </Placemark>
      <Placemark>
        <name>قريه</name>
        <styleUrl>#icon-1739-DB4436-labelson-nodesc</styleUrl>
        <Point>
          <coordinates>
            41.423929,19.735973,0
          </coordinates>
        </Point>
      </Placemark>
      <Placemark>
        <name>قريه المليح</name>
        <styleUrl>#icon-1739-DB4436-labelson-nodesc</styleUrl>
        <Point>
          <coordinates>
            40.967224,20.084445,0
          </coordinates>
        </Point>
      </Placemark>
      <Placemark>
        <name>قريه المهدمه</name>
        <styleUrl>#icon-1739-DB4436-labelson-nodesc</styleUrl>
        <Point>
          <coordinates>
            40.949435,20.089424,0
          </coordinates>
        </Point>
      </Placemark>
      <Placemark>
        <name>قريه ذات جليل</name>
        <styleUrl>#icon-1739-DB4436-labelson-nodesc</styleUrl>
        <Point>
          <coordinates>
            40.977781,20.113328,0
          </coordinates>
        </Point>
      </Placemark>
      <Placemark>
        <name>قريه قويبع</name>
        <styleUrl>#icon-1739-DB4436-labelson-nodesc</styleUrl>
        <Point>
          <coordinates>
            40.958276,20.107942,0
          </coordinates>
        </Point>
      </Placemark>
      <Placemark>
        <name>قريية العمار</name>
        <styleUrl>#icon-1739-DB4436-labelson-nodesc</styleUrl>
        <Point>
          <coordinates>
            41.188281,19.448462,0
          </coordinates>
        </Point>
      </Placemark>
      <Placemark>
        <name>قزعة البير</name>
        <styleUrl>#icon-1739-DB4436-labelson-nodesc</styleUrl>
        <Point>
          <coordinates>
            41.179204,20.033805,0
          </coordinates>
        </Point>
      </Placemark>
      <Placemark>
        <name>قلوة</name>
        <styleUrl>#icon-1739-DB4436-labelson-nodesc</styleUrl>
        <Point>
          <coordinates>
            41.243105,19.948297,0
          </coordinates>
        </Point>
      </Placemark>
      <Placemark>
        <name>كحله</name>
        <styleUrl>#icon-1739-DB4436-labelson-nodesc</styleUrl>
        <Point>
          <coordinates>
            41.812849,20.047474,0
          </coordinates>
        </Point>
      </Placemark>
      <Placemark>
        <name>كرا الحائط</name>
        <styleUrl>#icon-1739-DB4436-labelson-nodesc</styleUrl>
        <Point>
          <coordinates>
            41.59853,20.414679,0
          </coordinates>
        </Point>
      </Placemark>
      <Placemark>
        <name>كروان زهران</name>
        <styleUrl>#icon-1739-DB4436-labelson-nodesc</styleUrl>
        <Point>
          <coordinates>
            41.065114,20.03299,0
          </coordinates>
        </Point>
      </Placemark>
      <Placemark>
        <name>كروان عبادي</name>
        <styleUrl>#icon-1739-DB4436-labelson-nodesc</styleUrl>
        <Point>
          <coordinates>
            41.089382,20.026295,0
          </coordinates>
        </Point>
      </Placemark>
      <Placemark>
        <name>مرازيق</name>
        <styleUrl>#icon-1739-DB4436-labelson-nodesc</styleUrl>
        <Point>
          <coordinates>
            42.104309,20.374897,0
          </coordinates>
        </Point>
      </Placemark>
      <Placemark>
        <name>مرمى الذيب</name>
        <styleUrl>#icon-1739-DB4436-labelson-nodesc</styleUrl>
        <Point>
          <coordinates>
            41.034193,19.976985,0
          </coordinates>
        </Point>
      </Placemark>
      <Placemark>
        <name>مروح</name>
        <styleUrl>#icon-1739-DB4436-labelson-nodesc</styleUrl>
        <Point>
          <coordinates>
            41.269305,20.005503,0
          </coordinates>
        </Point>
      </Placemark>
      <Placemark>
        <name>مزحلة</name>
        <styleUrl>#icon-1739-DB4436-labelson-nodesc</styleUrl>
        <Point>
          <coordinates>
            41.588595,19.930401,0
          </coordinates>
        </Point>
      </Placemark>
      <Placemark>
        <name>مسفر</name>
        <styleUrl>#icon-1739-DB4436-labelson-nodesc</styleUrl>
        <Point>
          <coordinates>
            41.41144,20.090368,0
          </coordinates>
        </Point>
      </Placemark>
      <Placemark>
        <name>مسيلة</name>
        <styleUrl>#icon-1739-DB4436-labelson-nodesc</styleUrl>
        <Point>
          <coordinates>
            41.26894,20.158024,0
          </coordinates>
        </Point>
      </Placemark>
      <Placemark>
        <name>مشرفة</name>
        <styleUrl>#icon-1739-DB4436-labelson-nodesc</styleUrl>
        <Point>
          <coordinates>
            41.296964,20.098929,0
          </coordinates>
        </Point>
      </Placemark>
      <Placemark>
        <name>مشرفة</name>
        <styleUrl>#icon-1739-DB4436-labelson-nodesc</styleUrl>
        <Point>
          <coordinates>
            41.380327,20.021102,0
          </coordinates>
        </Point>
      </Placemark>
      <Placemark>
        <name>معشوقة</name>
        <styleUrl>#icon-1739-DB4436-labelson-nodesc</styleUrl>
        <Point>
          <coordinates>
            41.399918,20.458946,0
          </coordinates>
        </Point>
      </Placemark>
      <Placemark>
        <name>معشوقة</name>
        <styleUrl>#icon-1739-DB4436-labelson-nodesc</styleUrl>
        <Point>
          <coordinates>
            41.337733,20.477958,0
          </coordinates>
        </Point>
      </Placemark>
      <Placemark>
        <name>مليكة</name>
        <styleUrl>#icon-1739-DB4436-labelson-nodesc</styleUrl>
        <Point>
          <coordinates>
            41.425302,20.088994,0
          </coordinates>
        </Point>
      </Placemark>
      <Placemark>
        <name>منطقة  الحجرة</name>
        <styleUrl>#icon-1739-DB4436-labelson-nodesc</styleUrl>
        <Point>
          <coordinates>
            41.058848,20.230057,0
          </coordinates>
        </Point>
      </Placemark>
      <Placemark>
        <name>منطقة الاغصان</name>
        <styleUrl>#icon-1739-DB4436-labelson-nodesc</styleUrl>
        <Point>
          <coordinates>
            40.872338,20.103049,0
          </coordinates>
        </Point>
      </Placemark>
      <Placemark>
        <name>منطقة الكلبة</name>
        <styleUrl>#icon-1739-DB4436-labelson-nodesc</styleUrl>
        <Point>
          <coordinates>
            41.275871,20.330565,0
          </coordinates>
        </Point>
      </Placemark>
      <Placemark>
        <name>منطقة المنبوش</name>
        <styleUrl>#icon-1739-DB4436-labelson-nodesc</styleUrl>
        <Point>
          <coordinates>
            41.360543,20.07097,0
          </coordinates>
        </Point>
      </Placemark>
      <Placemark>
        <name>منطقة برحرح</name>
        <styleUrl>#icon-1739-DB4436-labelson-nodesc</styleUrl>
        <Point>
          <coordinates>
            41.197958,20.336552,0
          </coordinates>
        </Point>
      </Placemark>
      <Placemark>
        <name>منطقة وادي الصدر</name>
        <styleUrl>#icon-1739-DB4436-labelson-nodesc</styleUrl>
        <Point>
          <coordinates>
            41.346316,20.130258,0
          </coordinates>
        </Point>
      </Placemark>
      <Placemark>
        <name>هجرة السويسية</name>
        <styleUrl>#icon-1739-DB4436-labelson-nodesc</styleUrl>
        <Point>
          <coordinates>
            41.423049,20.685067,0
          </coordinates>
        </Point>
      </Placemark>
      <Placemark>
        <name>وراخ</name>
        <styleUrl>#icon-1739-DB4436-labelson-nodesc</styleUrl>
        <Point>
          <coordinates>
            41.507936,20.577586,0
          </coordinates>
        </Point>
      </Placemark>
      <Placemark>
        <name>قرية الحناديد</name>
        <styleUrl>#icon-1739-DB4436-labelson-nodesc</styleUrl>
        <Point>
          <coordinates>
            41.3832325999999,20.043202,0
          </coordinates>
        </Point>
      </Placemark>
      <Placemark>
        <name>قرية المصاقير</name>
        <styleUrl>#icon-1739-DB4436-labelson-nodesc</styleUrl>
        <Point>
          <coordinates>
            41.4063125,20.0780625,0
          </coordinates>
        </Point>
      </Placemark>
      <Placemark>
        <name>الابناء</name>
        <styleUrl>#icon-1739-DB4436-labelson-nodesc</styleUrl>
        <Point>
          <coordinates>
            41.6085405,19.8237598,0
          </coordinates>
        </Point>
      </Placemark>
    </Folder>
  </Document>
</kml>
