<?xml version="1.0" encoding="UTF-8"?>
<kml xmlns="http://www.opengis.net/kml/2.2">
  <Document>
    <name>خريطة الحدود الشمالية البرية</name>
    <description><![CDATA[نتمنى ترك المتنزهات والبراري نظيفة بعد مغادرتها ليصبح المكان أكثر جمالاً.<br>توضيح الوان النقاط في الخريطة :<br>الاحمر : أسماء مدن - محافظات - قرى - هجر<br>الرمادي : أسماء محلية - أسماء أماكن متعارف عليه<br>البني : جبال - هضاب - حزوم - كهوف<br>الازرق : وديان - شعبان - قيعان - سدود - خباري<br>الاخضر : آبار - عيون - ثمايل - موارد ماء<br>الاصفر : طعوس - عروق - نوازي - خبوب<br>الاسود : طرق صحراوية - ردميات - دروب غير معبدة<br>شعار القلعة : آثار - مواقع تاريخية - برك قديمة - نقوش<br>بيئتنا .. مسؤوليتنا <br>ـــــــــــ<br>إذا كان هناك مكان خاطئ أو موقع ناقص آمل التواصل تويتر ( الخرائط البرية maps_ksa@ ) <br>أو على الإميل wild.maps.sa@gmail.com<br>وسيتم التواصل معك بإذن الله<br>]]></description>
    <Style id="icon-1598-BDBDBD-labelson-nodesc">
      <IconStyle>
        <color>ffbdbdbd</color>
        <scale>1</scale>
        <Icon>
          <href>https://www.gstatic.com/mapspro/images/stock/503-wht-blank_maps.png</href>
        </Icon>
      </IconStyle>
      <BalloonStyle>
        <text><![CDATA[<h3>$[name]</h3>]]></text>
      </BalloonStyle>
    </Style>
    <Style id="icon-1739-000000-labelson-nodesc">
      <IconStyle>
        <color>ff000000</color>
        <scale>1</scale>
        <Icon>
          <href>https://www.gstatic.com/mapspro/images/stock/503-wht-blank_maps.png</href>
        </Icon>
      </IconStyle>
      <BalloonStyle>
        <text><![CDATA[<h3>$[name]</h3>]]></text>
      </BalloonStyle>
    </Style>
    <Style id="icon-1739-0288D1-labelson">
      <IconStyle>
        <color>ffd18802</color>
        <scale>1</scale>
        <Icon>
          <href>https://www.gstatic.com/mapspro/images/stock/503-wht-blank_maps.png</href>
        </Icon>
      </IconStyle>
    </Style>
    <Style id="icon-1739-0288D1-labelson-nodesc">
      <IconStyle>
        <color>ffd18802</color>
        <scale>1</scale>
        <Icon>
          <href>https://www.gstatic.com/mapspro/images/stock/503-wht-blank_maps.png</href>
        </Icon>
      </IconStyle>
      <BalloonStyle>
        <text><![CDATA[<h3>$[name]</h3>]]></text>
      </BalloonStyle>
    </Style>
    <Style id="icon-1739-0F9D58-labelson-nodesc">
      <IconStyle>
        <color>ff589d0f</color>
        <scale>1</scale>
        <Icon>
          <href>https://www.gstatic.com/mapspro/images/stock/503-wht-blank_maps.png</href>
        </Icon>
      </IconStyle>
      <BalloonStyle>
        <text><![CDATA[<h3>$[name]</h3>]]></text>
      </BalloonStyle>
    </Style>
    <Style id="icon-1739-757575-labelson-nodesc">
      <IconStyle>
        <color>ff757575</color>
        <scale>1</scale>
        <Icon>
          <href>https://www.gstatic.com/mapspro/images/stock/503-wht-blank_maps.png</href>
        </Icon>
      </IconStyle>
      <BalloonStyle>
        <text><![CDATA[<h3>$[name]</h3>]]></text>
      </BalloonStyle>
    </Style>
    <Style id="icon-1739-DB4436-labelson-nodesc">
      <IconStyle>
        <color>ff3644db</color>
        <scale>1</scale>
        <Icon>
          <href>https://www.gstatic.com/mapspro/images/stock/503-wht-blank_maps.png</href>
        </Icon>
      </IconStyle>
      <BalloonStyle>
        <text><![CDATA[<h3>$[name]</h3>]]></text>
      </BalloonStyle>
    </Style>
    <Style id="icon-1739-FBC02D-labelson-nodesc">
      <IconStyle>
        <color>ff2dc0fb</color>
        <scale>1</scale>
        <Icon>
          <href>https://www.gstatic.com/mapspro/images/stock/503-wht-blank_maps.png</href>
        </Icon>
      </IconStyle>
      <BalloonStyle>
        <text><![CDATA[<h3>$[name]</h3>]]></text>
      </BalloonStyle>
    </Style>
    <Style id="line-000000-1200-nodesc-normal">
      <LineStyle>
        <color>ff000000</color>
        <width>1.2</width>
      </LineStyle>
      <BalloonStyle>
        <text><![CDATA[<h3>$[name]</h3>]]></text>
      </BalloonStyle>
    </Style>
    <Style id="line-000000-1200-nodesc-highlight">
      <LineStyle>
        <color>ff000000</color>
        <width>1.8</width>
      </LineStyle>
      <BalloonStyle>
        <text><![CDATA[<h3>$[name]</h3>]]></text>
      </BalloonStyle>
    </Style>
    <StyleMap id="line-000000-1200-nodesc">
      <Pair>
        <key>normal</key>
        <styleUrl>#line-000000-1200-nodesc-normal</styleUrl>
      </Pair>
      <Pair>
        <key>highlight</key>
        <styleUrl>#line-000000-1200-nodesc-highlight</styleUrl>
      </Pair>
    </StyleMap>
    <Style id="line-006064-1200-nodesc-normal">
      <LineStyle>
        <color>ff646000</color>
        <width>1.2</width>
      </LineStyle>
      <BalloonStyle>
        <text><![CDATA[<h3>$[name]</h3>]]></text>
      </BalloonStyle>
    </Style>
    <Style id="line-006064-1200-nodesc-highlight">
      <LineStyle>
        <color>ff646000</color>
        <width>1.8</width>
      </LineStyle>
      <BalloonStyle>
        <text><![CDATA[<h3>$[name]</h3>]]></text>
      </BalloonStyle>
    </Style>
    <StyleMap id="line-006064-1200-nodesc">
      <Pair>
        <key>normal</key>
        <styleUrl>#line-006064-1200-nodesc-normal</styleUrl>
      </Pair>
      <Pair>
        <key>highlight</key>
        <styleUrl>#line-006064-1200-nodesc-highlight</styleUrl>
      </Pair>
    </StyleMap>
    <Folder>
      <name>رسم حدود</name>
      <Placemark>
        <name>العقم</name>
        <styleUrl>#line-006064-1200-nodesc</styleUrl>
        <LineString>
          <tessellate>1</tessellate>
          <coordinates>
            38.086188,31.658199,0
            38.084128,31.657212,0
            38.078184,31.655002,0
            38.075566,31.654358,0
            38.072605,31.653972,0
            38.068442,31.653821,0
            38.063185,31.653457,0
            38.061511,31.653092,0
            38.058422,31.652169,0
            38.049796,31.650324,0
            38.048315,31.650152,0
            38.047113,31.649852,0
            38.045526,31.649423,0
            38.044775,31.649058,0
            38.044324,31.648757,0
            38.043723,31.648521,0
            38.042049,31.648135,0
            38.038359,31.647406,0
            38.032608,31.647105,0
            38.030226,31.646869,0
            38.028188,31.646354,0
            38.027093,31.646225,0
            38.022308,31.645539,0
            38.019412,31.645195,0
            38.017802,31.644831,0
            38.015592,31.644616,0
            38.014026,31.644509,0
            38.012824,31.644552,0
            38.011129,31.644402,0
            38.008876,31.644766,0
            38.006902,31.644509,0
            38.005679,31.64408,0
            38.001409,31.641741,0
            38.000443,31.641655,0
            37.999606,31.641912,0
            37.998362,31.642449,0
          </coordinates>
        </LineString>
      </Placemark>
      <Placemark>
        <name>العقم</name>
        <styleUrl>#line-006064-1200-nodesc</styleUrl>
        <LineString>
          <tessellate>1</tessellate>
          <coordinates>
            38.175774,31.664314,0
            38.172448,31.664078,0
            38.115241,31.665602,0
            38.10756,31.664593,0
            38.099878,31.662791,0
            38.094985,31.65998,0
            38.086188,31.658199,0
          </coordinates>
        </LineString>
      </Placemark>
      <Placemark>
        <name>العقم</name>
        <styleUrl>#line-006064-1200-nodesc</styleUrl>
        <LineString>
          <tessellate>1</tessellate>
          <coordinates>
            38.26566,31.725082,0
            38.203325,31.708281,0
            38.198025,31.70047,0
            38.175774,31.664314,0
          </coordinates>
        </LineString>
      </Placemark>
      <Placemark>
        <name>العقم</name>
        <styleUrl>#line-006064-1200-nodesc</styleUrl>
        <LineString>
          <tessellate>1</tessellate>
          <coordinates>
            38.297224,31.73285,0
            38.26566,31.725082,0
          </coordinates>
        </LineString>
      </Placemark>
      <Placemark>
        <name>العقم</name>
        <styleUrl>#line-006064-1200-nodesc</styleUrl>
        <LineString>
          <tessellate>1</tessellate>
          <coordinates>
            38.376939,31.752698,0
            38.365846,31.749523,0
            38.297224,31.73285,0
          </coordinates>
        </LineString>
      </Placemark>
      <Placemark>
        <name>العقم</name>
        <styleUrl>#line-006064-1200-nodesc</styleUrl>
        <LineString>
          <tessellate>1</tessellate>
          <coordinates>
            38.459895,31.773663,0
            38.406036,31.760445,0
            38.376939,31.752698,0
          </coordinates>
        </LineString>
      </Placemark>
      <Placemark>
        <name>العقم</name>
        <styleUrl>#line-006064-1200-nodesc</styleUrl>
        <LineString>
          <tessellate>1</tessellate>
          <coordinates>
            38.604262,31.808681,0
            38.584328,31.803489,0
            38.54358,31.79306,0
          </coordinates>
        </LineString>
      </Placemark>
      <Placemark>
        <name>العقم</name>
        <styleUrl>#line-006064-1200-nodesc</styleUrl>
        <LineString>
          <tessellate>1</tessellate>
          <coordinates>
            38.54358,31.79306,0
            38.496523,31.782289,0
            38.472984,31.777031,0
            38.459895,31.773663,0
          </coordinates>
        </LineString>
      </Placemark>
      <Placemark>
        <name>العقم</name>
        <styleUrl>#line-006064-1200-nodesc</styleUrl>
        <LineString>
          <tessellate>1</tessellate>
          <coordinates>
            38.689985,31.830268,0
            38.675115,31.827779,0
            38.656061,31.8225,0
            38.630655,31.815698,0
            38.604262,31.808681,0
          </coordinates>
        </LineString>
      </Placemark>
      <Placemark>
        <name>العقم</name>
        <styleUrl>#line-006064-1200-nodesc</styleUrl>
        <LineString>
          <tessellate>1</tessellate>
          <coordinates>
            38.77425,31.85076,0
            38.736269,31.841576,0
            38.719254,31.837349,0
            38.7005,31.832628,0
            38.689985,31.830268,0
          </coordinates>
        </LineString>
      </Placemark>
      <Placemark>
        <name>العقم</name>
        <styleUrl>#line-006064-1200-nodesc</styleUrl>
        <LineString>
          <tessellate>1</tessellate>
          <coordinates>
            38.853514,31.870093,0
            38.813689,31.860394,0
            38.782489,31.852863,0
            38.77425,31.85076,0
          </coordinates>
        </LineString>
      </Placemark>
      <Placemark>
        <name>العقم</name>
        <styleUrl>#line-006064-1200-nodesc</styleUrl>
        <LineString>
          <tessellate>1</tessellate>
          <coordinates>
            38.93338,31.887903,0
            38.898597,31.880543,0
            38.853514,31.870093,0
          </coordinates>
        </LineString>
      </Placemark>
      <Placemark>
        <name>العقم</name>
        <styleUrl>#line-006064-1200-nodesc</styleUrl>
        <LineString>
          <tessellate>1</tessellate>
          <coordinates>
            39.074936,31.924381,0
            39.049101,31.917772,0
            39.036076,31.914425,0
            39.020391,31.910219,0
            39.006679,31.9067,0
          </coordinates>
        </LineString>
      </Placemark>
      <Placemark>
        <name>العقم</name>
        <styleUrl>#line-006064-1200-nodesc</styleUrl>
        <LineString>
          <tessellate>1</tessellate>
          <coordinates>
            39.006679,31.9067,0
            38.978848,31.899533,0
            38.968699,31.896873,0
            38.93338,31.887903,0
          </coordinates>
        </LineString>
      </Placemark>
      <Placemark>
        <name>العقم</name>
        <styleUrl>#line-006064-1200-nodesc</styleUrl>
        <LineString>
          <tessellate>1</tessellate>
          <coordinates>
            39.150724,31.967382,0
            39.135189,31.958349,0
            39.12813,31.954637,0
            39.121885,31.950796,0
            39.117744,31.94865,0
            39.114997,31.947319,0
            39.106607,31.932707,0
            39.074936,31.924381,0
          </coordinates>
        </LineString>
      </Placemark>
      <Placemark>
        <name>العقم</name>
        <styleUrl>#line-006064-1200-nodesc</styleUrl>
        <LineString>
          <tessellate>1</tessellate>
          <coordinates>
            39.32687,32.011092,0
            39.317493,32.0118,0
            39.307151,32.013345,0
            39.297259,32.014396,0
            39.292495,32.014847,0
            39.290972,32.014568,0
            39.27475,32.009547,0
            39.252734,32.002702,0
            39.245267,32.000642,0
            39.241555,31.999805,0
          </coordinates>
        </LineString>
      </Placemark>
      <Placemark>
        <name>العقم</name>
        <styleUrl>#line-006064-1200-nodesc</styleUrl>
        <LineString>
          <tessellate>1</tessellate>
          <coordinates>
            39.241555,31.999805,0
            39.234066,31.997595,0
            39.192352,31.986716,0
            39.188576,31.986029,0
            39.184027,31.98487,0
            39.180658,31.984141,0
            39.178576,31.983562,0
            39.175529,31.98281,0
            39.172118,31.98118,0
            39.167011,31.978669,0
            39.160531,31.973863,0
            39.156346,31.970816,0
            39.150724,31.967382,0
          </coordinates>
        </LineString>
      </Placemark>
      <Placemark>
        <name>العقم</name>
        <styleUrl>#line-006064-1200-nodesc</styleUrl>
        <LineString>
          <tessellate>1</tessellate>
          <coordinates>
            39.415061,32.002659,0
            39.398925,32.004354,0
            39.366009,32.008882,0
            39.360709,32.009375,0
            39.32687,32.011092,0
          </coordinates>
        </LineString>
      </Placemark>
      <Placemark>
        <name>العقم</name>
        <styleUrl>#line-006064-1200-nodesc</styleUrl>
        <LineString>
          <tessellate>1</tessellate>
          <coordinates>
            39.50218,31.992638,0
            39.456646,31.998367,0
            39.439244,32.000234,0
            39.415061,32.002659,0
          </coordinates>
        </LineString>
      </Placemark>
      <Placemark>
        <name>العقم</name>
        <styleUrl>#line-006064-1200-nodesc</styleUrl>
        <LineString>
          <tessellate>1</tessellate>
          <coordinates>
            39.5643,31.981072,0
            39.548893,31.98384,0
            39.53177,31.987338,0
            39.505248,31.992488,0
            39.504218,31.992617,0
            39.503617,31.99266,0
            39.50218,31.992638,0
          </coordinates>
        </LineString>
      </Placemark>
      <Placemark>
        <name>العقم</name>
        <styleUrl>#line-006064-1200-nodesc</styleUrl>
        <LineString>
          <tessellate>1</tessellate>
          <coordinates>
            39.652619,31.967232,0
            39.638886,31.969271,0
            39.620497,31.972232,0
            39.605155,31.974807,0
            39.59228,31.976545,0
            39.5643,31.981072,0
          </coordinates>
        </LineString>
      </Placemark>
      <Placemark>
        <name>العقم</name>
        <styleUrl>#line-006064-1200-nodesc</styleUrl>
        <LineString>
          <tessellate>1</tessellate>
          <coordinates>
            39.652619,31.967232,0
            39.68354,31.96264,0
            39.694333,31.960945,0
          </coordinates>
        </LineString>
      </Placemark>
      <Placemark>
        <name>العقم</name>
        <styleUrl>#line-006064-1200-nodesc</styleUrl>
        <LineString>
          <tessellate>1</tessellate>
          <coordinates>
            39.694333,31.960945,0
            39.744265,31.954186,0
          </coordinates>
        </LineString>
      </Placemark>
      <Placemark>
        <name>العقم</name>
        <styleUrl>#line-006064-1200-nodesc</styleUrl>
        <LineString>
          <tessellate>1</tessellate>
          <coordinates>
            39.744265,31.954186,0
            39.826727,31.954036,0
          </coordinates>
        </LineString>
      </Placemark>
      <Placemark>
        <name>العقم</name>
        <styleUrl>#line-006064-1200-nodesc</styleUrl>
        <LineString>
          <tessellate>1</tessellate>
          <coordinates>
            39.857562,31.947319,0
            39.837713,31.951718,0
            39.834173,31.952362,0
            39.826727,31.954036,0
          </coordinates>
        </LineString>
      </Placemark>
      <Placemark>
        <name>العقم</name>
        <styleUrl>#line-006064-1200-nodesc</styleUrl>
        <LineString>
          <tessellate>1</tessellate>
          <coordinates>
            39.991157,31.927986,0
            39.983304,31.929574,0
            39.978089,31.930196,0
            39.971802,31.931312,0
            39.944379,31.93511,0
            39.936719,31.936054,0
          </coordinates>
        </LineString>
      </Placemark>
      <Placemark>
        <name>العقم</name>
        <styleUrl>#line-006064-1200-nodesc</styleUrl>
        <LineString>
          <tessellate>1</tessellate>
          <coordinates>
            39.936719,31.936054,0
            39.899576,31.941333,0
            39.884148,31.9435,0
            39.862068,31.94644,0
            39.857562,31.947319,0
          </coordinates>
        </LineString>
      </Placemark>
      <Placemark>
        <name>العقم</name>
        <styleUrl>#line-006064-1200-nodesc</styleUrl>
        <LineString>
          <tessellate>1</tessellate>
          <coordinates>
            40.081902,31.912537,0
            40.046732,31.918459,0
            40.034437,31.920562,0
            40.015683,31.923738,0
            40.007443,31.925561,0
            39.991157,31.927986,0
          </coordinates>
        </LineString>
      </Placemark>
      <Placemark>
        <name>العقم</name>
        <styleUrl>#line-006064-1200-nodesc</styleUrl>
        <LineString>
          <tessellate>1</tessellate>
          <coordinates>
            40.231569,31.886981,0
            40.218501,31.889298,0
            40.196679,31.892881,0
            40.188074,31.894319,0
            40.161059,31.898997,0
          </coordinates>
        </LineString>
      </Placemark>
      <Placemark>
        <name>العقم</name>
        <styleUrl>#line-006064-1200-nodesc</styleUrl>
        <LineString>
          <tessellate>1</tessellate>
          <coordinates>
            40.161059,31.898997,0
            40.081902,31.912537,0
          </coordinates>
        </LineString>
      </Placemark>
      <Placemark>
        <name>العقم</name>
        <styleUrl>#line-006064-1200-nodesc</styleUrl>
        <LineString>
          <tessellate>1</tessellate>
          <coordinates>
            40.393832,31.852562,0
            40.382566,31.854622,0
            40.377116,31.855459,0
            40.364971,31.857369,0
            40.358019,31.858571,0
            40.348363,31.860394,0
            40.342333,31.861875,0
            40.331283,31.865008,0
            40.329094,31.865673,0
            40.320425,31.868634,0
            40.314438,31.870694,0
            40.303152,31.874514,0
          </coordinates>
        </LineString>
      </Placemark>
      <Placemark>
        <name>العقم</name>
        <styleUrl>#line-006064-1200-nodesc</styleUrl>
        <LineString>
          <tessellate>1</tessellate>
          <coordinates>
            40.303152,31.874514,0
            40.299718,31.875608,0
            40.296864,31.876166,0
            40.287337,31.877711,0
            40.276051,31.879578,0
            40.265172,31.881444,0
            40.245495,31.88462,0
            40.231569,31.886981,0
          </coordinates>
        </LineString>
      </Placemark>
      <Placemark>
        <name>العقم</name>
        <styleUrl>#line-006064-1200-nodesc</styleUrl>
        <LineString>
          <tessellate>1</tessellate>
          <coordinates>
            40.479834,31.80145,0
            40.468805,31.806686,0
            40.46505,31.808703,0
            40.452046,31.816728,0
            40.440803,31.82353,0
            40.430203,31.83001,0
            40.401986,31.847498,0
            40.401235,31.84782,0
            40.400612,31.848185,0
            40.397351,31.850331,0
            40.393832,31.852562,0
          </coordinates>
        </LineString>
      </Placemark>
      <Placemark>
        <name>العقم</name>
        <styleUrl>#line-006064-1200-nodesc</styleUrl>
        <LineString>
          <tessellate>1</tessellate>
          <coordinates>
            40.563004,31.755853,0
            40.521998,31.778233,0
            40.508759,31.785293,0
            40.496314,31.792159,0
            40.479834,31.80145,0
          </coordinates>
        </LineString>
      </Placemark>
      <Placemark>
        <name>العقم</name>
        <styleUrl>#line-006064-1200-nodesc</styleUrl>
        <LineString>
          <tessellate>1</tessellate>
          <coordinates>
            40.629501,31.719589,0
            40.563004,31.755853,0
          </coordinates>
        </LineString>
      </Placemark>
      <Placemark>
        <name>العقم</name>
        <styleUrl>#line-006064-1200-nodesc</styleUrl>
        <LineString>
          <tessellate>1</tessellate>
          <coordinates>
            40.69351,31.684549,0
            40.66083,31.70238,0
            40.629501,31.719589,0
          </coordinates>
        </LineString>
      </Placemark>
      <Placemark>
        <name>العقم</name>
        <styleUrl>#line-006064-1200-nodesc</styleUrl>
        <LineString>
          <tessellate>1</tessellate>
          <coordinates>
            40.805798,31.618459,0
            40.796893,31.62406,0
            40.790606,31.627514,0
            40.77683,31.635518,0
            40.75387,31.64923,0
          </coordinates>
        </LineString>
      </Placemark>
      <Placemark>
        <name>العقم</name>
        <styleUrl>#line-006064-1200-nodesc</styleUrl>
        <LineString>
          <tessellate>1</tessellate>
          <coordinates>
            40.75387,31.64923,0
            40.704346,31.678305,0
            40.69351,31.684549,0
          </coordinates>
        </LineString>
      </Placemark>
      <Placemark>
        <name>العقم</name>
        <styleUrl>#line-006064-1200-nodesc</styleUrl>
        <LineString>
          <tessellate>1</tessellate>
          <coordinates>
            40.888238,31.57342,0
            40.885513,31.5749,0
            40.879891,31.57799,0
            40.876501,31.579685,0
            40.871179,31.581917,0
            40.86766,31.583354,0
            40.863819,31.584942,0
            40.857854,31.587367,0
            40.853198,31.589363,0
            40.850816,31.590564,0
            40.841718,31.59683,0
            40.838757,31.598954,0
            40.835624,31.60095,0
            40.831225,31.603632,0
            40.825453,31.607366,0
            40.815883,31.613116,0
            40.80966,31.616378,0
            40.805798,31.618459,0
          </coordinates>
        </LineString>
      </Placemark>
      <Placemark>
        <name>العقم</name>
        <styleUrl>#line-006064-1200-nodesc</styleUrl>
        <LineString>
          <tessellate>1</tessellate>
          <coordinates>
            40.979154,31.525784,0
            40.976923,31.526899,0
            40.976172,31.527243,0
            40.974648,31.527843,0
            40.973403,31.528788,0
            40.971344,31.529968,0
            40.969563,31.531169,0
            40.965571,31.533294,0
            40.957654,31.537993,0
            40.954049,31.540053,0
            40.951624,31.541254,0
            40.948319,31.543164,0
            40.944479,31.545117,0
            40.940895,31.546984,0
            40.937204,31.549022,0
            40.935295,31.550159,0
            40.933363,31.551168,0
            40.929866,31.552927,0
            40.926132,31.554666,0
            40.921841,31.557219,0
            40.918257,31.559086,0
            40.907314,31.564407,0
            40.90167,31.567068,0
            40.8971,31.569128,0
            40.891993,31.57166,0
            40.888238,31.57342,0
          </coordinates>
        </LineString>
      </Placemark>
      <Placemark>
        <name>العقم</name>
        <styleUrl>#line-006064-1200-nodesc</styleUrl>
        <LineString>
          <tessellate>1</tessellate>
          <coordinates>
            41.068997,31.477718,0
            41.058097,31.485679,0
            41.053569,31.488318,0
            41.030374,31.499519,0
            41.016533,31.507072,0
            41.007242,31.512115,0
            40.998681,31.517093,0
            40.995827,31.518381,0
            40.993509,31.519926,0
            40.992393,31.520398,0
            40.98954,31.521471,0
            40.986493,31.522779,0
            40.983231,31.524239,0
            40.981429,31.524796,0
            40.979154,31.525784,0
          </coordinates>
        </LineString>
      </Placemark>
      <Placemark>
        <name>العقم</name>
        <styleUrl>#line-006064-1200-nodesc</styleUrl>
        <LineString>
          <tessellate>1</tessellate>
          <coordinates>
            41.15191,31.42504,0
            41.134915,31.436112,0
            41.123929,31.443193,0
            41.11614,31.447549,0
            41.105561,31.453686,0
            41.096399,31.459479,0
            41.09082,31.463106,0
            41.082194,31.468921,0
            41.077387,31.47229,0
            41.068997,31.477718,0
          </coordinates>
        </LineString>
      </Placemark>
      <Placemark>
        <name>العقم</name>
        <styleUrl>#line-006064-1200-nodesc</styleUrl>
        <LineString>
          <tessellate>1</tessellate>
          <coordinates>
            41.22669,31.379228,0
            41.207185,31.390171,0
            41.182508,31.406479,0
            41.167316,31.415856,0
            41.162918,31.418946,0
            41.15191,31.42504,0
          </coordinates>
        </LineString>
      </Placemark>
      <Placemark>
        <name>العقم</name>
        <styleUrl>#line-006064-1200-nodesc</styleUrl>
        <LineString>
          <tessellate>1</tessellate>
          <coordinates>
            41.301899,31.334231,0
            41.298766,31.33569,0
            41.293037,31.33893,0
            41.290204,31.341398,0
            41.284282,31.344573,0
            41.273618,31.351161,0
            41.258082,31.361032,0
            41.248856,31.367319,0
            41.243706,31.370451,0
            41.22669,31.379228,0
          </coordinates>
        </LineString>
      </Placemark>
      <Placemark>
        <name>العقم</name>
        <styleUrl>#line-006064-1200-nodesc</styleUrl>
        <LineString>
          <tessellate>1</tessellate>
          <coordinates>
            41.401248,31.281767,0
            41.392837,31.28329,0
            41.387944,31.28387,0
            41.381185,31.285973,0
            41.378953,31.28726,0
            41.37758,31.288226,0
            41.373417,31.293526,0
            41.368461,31.299384,0
            41.365178,31.30331,0
            41.364019,31.306014,0
            41.363525,31.307473,0
            41.361551,31.308374,0
            41.357582,31.311421,0
            41.353869,31.314168,0
            41.351252,31.315906,0
            41.34623,31.319168,0
            41.343334,31.320498,0
            41.341682,31.32112,0
            41.337883,31.321871,0
            41.330566,31.324618,0
          </coordinates>
        </LineString>
      </Placemark>
      <Placemark>
        <name>العقم</name>
        <styleUrl>#line-006064-1200-nodesc</styleUrl>
        <LineString>
          <tessellate>1</tessellate>
          <coordinates>
            41.330566,31.324618,0
            41.326726,31.325519,0
            41.324923,31.32597,0
            41.323528,31.326184,0
            41.32194,31.326764,0
            41.32149,31.327021,0
            41.32031,31.327279,0
            41.31973,31.3276,0
            41.318336,31.328158,0
            41.315095,31.329103,0
            41.309366,31.331313,0
            41.3081,31.331999,0
            41.30722,31.332128,0
            41.306319,31.332428,0
            41.305161,31.333115,0
            41.303358,31.333866,0
            41.301899,31.334231,0
          </coordinates>
        </LineString>
      </Placemark>
      <Placemark>
        <name>العقم</name>
        <styleUrl>#line-006064-1200-nodesc</styleUrl>
        <LineString>
          <tessellate>1</tessellate>
          <coordinates>
            41.490877,31.251791,0
            41.470685,31.260631,0
            41.438198,31.27387,0
            41.433885,31.275952,0
            41.429894,31.276853,0
            41.420603,31.278377,0
            41.409767,31.280801,0
            41.401248,31.281767,0
          </coordinates>
        </LineString>
      </Placemark>
      <Placemark>
        <name>العقم</name>
        <styleUrl>#line-006064-1200-nodesc</styleUrl>
        <LineString>
          <tessellate>1</tessellate>
          <coordinates>
            41.620159,31.19791,0
            41.600053,31.206193,0
            41.593595,31.209326,0
            41.575892,31.216557,0
          </coordinates>
        </LineString>
      </Placemark>
      <Placemark>
        <name>العقم</name>
        <styleUrl>#line-006064-1200-nodesc</styleUrl>
        <LineString>
          <tessellate>1</tessellate>
          <coordinates>
            41.575892,31.216557,0
            41.525831,31.236813,0
            41.509008,31.243787,0
            41.490877,31.251791,0
          </coordinates>
        </LineString>
      </Placemark>
      <Placemark>
        <name>العقم</name>
        <styleUrl>#line-006064-1200-nodesc</styleUrl>
        <LineString>
          <tessellate>1</tessellate>
          <coordinates>
            41.688523,31.170208,0
            41.655221,31.184006,0
            41.64093,31.190035,0
            41.620159,31.19791,0
          </coordinates>
        </LineString>
      </Placemark>
      <Placemark>
        <name>العقم</name>
        <styleUrl>#line-006064-1200-nodesc</styleUrl>
        <LineString>
          <tessellate>1</tessellate>
          <coordinates>
            41.774354,31.132808,0
            41.760299,31.138086,0
            41.754763,31.140125,0
            41.752532,31.141219,0
            41.744292,31.144974,0
            41.740537,31.148644,0
            41.722341,31.15624,0
            41.704295,31.163621,0
            41.688523,31.170208,0
          </coordinates>
        </LineString>
      </Placemark>
      <Placemark>
        <name>العقم</name>
        <styleUrl>#line-006064-1200-nodesc</styleUrl>
        <LineString>
          <tessellate>1</tessellate>
          <coordinates>
            41.864948,31.093776,0
            41.856301,31.100364,0
            41.84407,31.107144,0
            41.823599,31.117766,0
            41.820295,31.119161,0
            41.811369,31.122079,0
            41.797292,31.125534,0
            41.784053,31.12946,0
            41.774354,31.132808,0
          </coordinates>
        </LineString>
      </Placemark>
      <Placemark>
        <name>العقم</name>
        <styleUrl>#line-006064-1200-nodesc</styleUrl>
        <LineString>
          <tessellate>1</tessellate>
          <coordinates>
            41.955371,31.064894,0
            41.936316,31.070173,0
            41.931145,31.071675,0
            41.920781,31.074486,0
            41.903143,31.079228,0
            41.888788,31.083326,0
            41.878424,31.086888,0
            41.872544,31.088541,0
            41.864948,31.093776,0
          </coordinates>
        </LineString>
      </Placemark>
      <Placemark>
        <name>العقم</name>
        <styleUrl>#line-006064-1200-nodesc</styleUrl>
        <LineString>
          <tessellate>1</tessellate>
          <coordinates>
            42.030902,31.01434,0
            42.02116,31.020477,0
            42.005217,31.030712,0
            41.997192,31.035948,0
            41.986141,31.045754,0
            41.979082,31.050818,0
            41.968846,31.057127,0
            41.959791,31.062834,0
            41.955371,31.064894,0
          </coordinates>
        </LineString>
      </Placemark>
      <Placemark>
        <name>العقم</name>
        <styleUrl>#line-006064-1200-nodesc</styleUrl>
        <LineString>
          <tessellate>1</tessellate>
          <coordinates>
            42.117569,30.968421,0
            42.102849,30.976982,0
            42.086155,30.986316,0
            42.063861,30.998118,0
            42.055149,31.002045,0
            42.045794,31.006143,0
            42.030902,31.01434,0
          </coordinates>
        </LineString>
      </Placemark>
      <Placemark>
        <name>العقم</name>
        <styleUrl>#line-006064-1200-nodesc</styleUrl>
        <LineString>
          <tessellate>1</tessellate>
          <coordinates>
            42.200696,30.906794,0
            42.173746,30.928209,0
            42.154219,30.9428,0
            42.133405,30.958014,0
            42.117569,30.968421,0
          </coordinates>
        </LineString>
      </Placemark>
      <Placemark>
        <name>العقم</name>
        <styleUrl>#line-006064-1200-nodesc</styleUrl>
        <LineString>
          <tessellate>1</tessellate>
          <coordinates>
            42.286527,30.844932,0
            42.273116,30.85403,0
            42.268717,30.857763,0
            42.248633,30.871668,0
            42.238054,30.879157,0
            42.224643,30.889564,0
            42.200696,30.906794,0
          </coordinates>
        </LineString>
      </Placemark>
      <Placemark>
        <name>العقم</name>
        <styleUrl>#line-006064-1200-nodesc</styleUrl>
        <LineString>
          <tessellate>1</tessellate>
          <coordinates>
            42.371135,30.786138,0
            42.351716,30.801265,0
            42.330601,30.816693,0
            42.31395,30.829783,0
            42.308178,30.832593,0
            42.303243,30.834804,0
            42.286527,30.844932,0
          </coordinates>
        </LineString>
      </Placemark>
      <Placemark>
        <name>العقم</name>
        <styleUrl>#line-006064-1200-nodesc</styleUrl>
        <LineString>
          <tessellate>1</tessellate>
          <coordinates>
            42.446966,30.724576,0
            42.432675,30.73642,0
            42.418728,30.747857,0
            42.407656,30.755839,0
            42.394609,30.766997,0
            42.371135,30.786138,0
          </coordinates>
        </LineString>
      </Placemark>
      <Placemark>
        <name>العقم</name>
        <styleUrl>#line-006064-1200-nodesc</styleUrl>
        <LineString>
          <tessellate>1</tessellate>
          <coordinates>
            42.535844,30.662262,0
            42.521725,30.671425,0
            42.511961,30.677562,0
            42.500138,30.684428,0
            42.49074,30.689964,0
            42.467372,30.708997,0
            42.459326,30.71492,0
            42.454841,30.718761,0
            42.446966,30.724576,0
          </coordinates>
        </LineString>
      </Placemark>
      <Placemark>
        <name>العقم</name>
        <styleUrl>#line-006064-1200-nodesc</styleUrl>
        <LineString>
          <tessellate>1</tessellate>
          <coordinates>
            42.698042,30.535126,0
            42.68446,30.545061,0
            42.667916,30.55948,0
            42.662144,30.565467,0
            42.644978,30.586753,0
            42.638691,30.594563,0
            42.630451,30.601473,0
            42.631502,30.602975,0
            42.619572,30.614026,0
            42.613928,30.616515,0
          </coordinates>
        </LineString>
      </Placemark>
      <Placemark>
        <name>العقم</name>
        <styleUrl>#line-006064-1200-nodesc</styleUrl>
        <LineString>
          <tessellate>1</tessellate>
          <coordinates>
            42.613928,30.616515,0
            42.600796,30.622973,0
            42.572987,30.63941,0
            42.544856,30.655417,0
            42.535844,30.662262,0
          </coordinates>
        </LineString>
      </Placemark>
      <Placemark>
        <name>العقم</name>
        <styleUrl>#line-006064-1200-nodesc</styleUrl>
        <LineString>
          <tessellate>1</tessellate>
          <coordinates>
            42.784324,30.481546,0
            42.777114,30.48867,0
            42.77323,30.491846,0
            42.760227,30.499806,0
            42.745163,30.508389,0
            42.738233,30.511887,0
            42.720637,30.52268,0
            42.698042,30.535126,0
          </coordinates>
        </LineString>
      </Placemark>
      <Placemark>
        <name>العقم</name>
        <styleUrl>#line-006064-1200-nodesc</styleUrl>
        <LineString>
          <tessellate>1</tessellate>
          <coordinates>
            42.871957,30.422967,0
            42.849362,30.426807,0
            42.8408,30.428288,0
            42.837968,30.42876,0
            42.819965,30.442901,0
            42.800846,30.464079,0
            42.784324,30.481546,0
          </coordinates>
        </LineString>
      </Placemark>
      <Placemark>
        <name>العقم</name>
        <styleUrl>#line-006064-1200-nodesc</styleUrl>
        <LineString>
          <tessellate>1</tessellate>
          <coordinates>
            42.957358,30.375438,0
            42.944462,30.38475,0
            42.938755,30.388441,0
            42.920516,30.403676,0
            42.907126,30.41286,0
            42.902727,30.41743,0
            42.894659,30.419061,0
            42.871957,30.422967,0
          </coordinates>
        </LineString>
      </Placemark>
      <Placemark>
        <name>العقم</name>
        <styleUrl>#line-006064-1200-nodesc</styleUrl>
        <LineString>
          <tessellate>1</tessellate>
          <coordinates>
            43.036988,30.322115,0
            43.025658,30.329089,0
            43.012333,30.337822,0
            43.007462,30.340655,0
            43.000124,30.345311,0
            42.993879,30.350332,0
            42.987893,30.354302,0
            42.972529,30.363851,0
            42.968066,30.367069,0
            42.957358,30.375438,0
          </coordinates>
        </LineString>
      </Placemark>
      <Placemark>
        <name>العقم</name>
        <styleUrl>#line-006064-1200-nodesc</styleUrl>
        <LineString>
          <tessellate>1</tessellate>
          <coordinates>
            43.118441,30.253065,0
            43.108098,30.258987,0
            43.102584,30.263,0
            43.094215,30.268793,0
            43.087499,30.275509,0
            43.082285,30.280101,0
            43.081791,30.281367,0
            43.078702,30.285015,0
            43.071492,30.291409,0
            43.066771,30.293684,0
            43.06396,30.295508,0
            43.061621,30.298727,0
            43.058531,30.304069,0
            43.054004,30.30967,0
            43.043361,30.31909,0
            43.036988,30.322115,0
          </coordinates>
        </LineString>
      </Placemark>
      <Placemark>
        <name>العقم</name>
        <styleUrl>#line-006064-1200-nodesc</styleUrl>
        <LineString>
          <tessellate>1</tessellate>
          <coordinates>
            43.28948,30.119576,0
            43.28433,30.126357,0
            43.280082,30.131829,0
            43.277679,30.134468,0
            43.276091,30.135927,0
            43.271563,30.139189,0
            43.269868,30.140519,0
            43.267035,30.143523,0
            43.259568,30.148802,0
            43.251393,30.15466,0
            43.246522,30.157428,0
            43.244183,30.158629,0
            43.242617,30.159059,0
            43.235536,30.160625,0
            43.228948,30.163586,0
            43.219142,30.1688,0
            43.214614,30.172191,0
            43.213928,30.174015,0
            43.21337,30.178864,0
            43.211653,30.181632,0
            43.209808,30.182512,0
            43.204036,30.185773,0
          </coordinates>
        </LineString>
      </Placemark>
      <Placemark>
        <name>العقم</name>
        <styleUrl>#line-006064-1200-nodesc</styleUrl>
        <LineString>
          <tessellate>1</tessellate>
          <coordinates>
            43.204036,30.185773,0
            43.196611,30.191438,0
            43.184681,30.202253,0
            43.176377,30.210171,0
            43.16539,30.220428,0
            43.158889,30.225964,0
            43.154833,30.22929,0
            43.145285,30.237336,0
            43.1358,30.245018,0
            43.133075,30.247529,0
            43.128397,30.250103,0
            43.125372,30.251627,0
            43.118441,30.253065,0
          </coordinates>
        </LineString>
      </Placemark>
      <Placemark>
        <name>العقم</name>
        <styleUrl>#line-006064-1200-nodesc</styleUrl>
        <LineString>
          <tessellate>1</tessellate>
          <coordinates>
            43.37604,30.042286,0
            43.36911,30.047135,0
            43.362994,30.052221,0
            43.356128,30.057693,0
            43.352351,30.060396,0
            43.342953,30.067627,0
            43.32937,30.079451,0
            43.324821,30.08327,0
            43.31598,30.089514,0
            43.307741,30.098119,0
            43.302119,30.104299,0
            43.293064,30.114105,0
            43.28948,30.119576,0
          </coordinates>
        </LineString>
      </Placemark>
      <Placemark>
        <name>العقم</name>
        <styleUrl>#line-006064-1200-nodesc</styleUrl>
        <LineString>
          <tessellate>1</tessellate>
          <coordinates>
            43.463759,29.979286,0
            43.462043,29.979973,0
            43.450928,29.988642,0
            43.440907,29.995637,0
            43.435543,29.997761,0
            43.431144,30.000529,0
            43.428955,30.005121,0
            43.424835,30.009456,0
            43.417904,30.014498,0
            43.415501,30.015678,0
            43.413506,30.016623,0
            43.408914,30.019519,0
            43.4043,30.024047,0
            43.400266,30.025613,0
            43.393335,30.03027,0
            43.37604,30.042286,0
          </coordinates>
        </LineString>
      </Placemark>
      <Placemark>
        <name>العقم</name>
        <styleUrl>#line-006064-1200-nodesc</styleUrl>
        <LineString>
          <tessellate>1</tessellate>
          <coordinates>
            43.554203,29.933496,0
            43.547552,29.933066,0
            43.540556,29.932487,0
            43.5356,29.933174,0
            43.534098,29.932551,0
            43.533282,29.932487,0
            43.530192,29.933367,0
            43.528883,29.933817,0
            43.525257,29.933946,0
            43.519549,29.935513,0
            43.517361,29.93695,0
            43.512061,29.937701,0
            43.506653,29.939783,0
            43.502748,29.940984,0
            43.496976,29.94431,0
            43.4938,29.946263,0
            43.490582,29.947851,0
            43.488736,29.949718,0
            43.485174,29.954824,0
            43.482621,29.956584,0
            43.475625,29.96506,0
            43.473845,29.967527,0
            43.473694,29.968708,0
            43.4726,29.96978,0
            43.470411,29.970725,0
            43.469317,29.972227,0
            43.466849,29.975746,0
            43.463759,29.979286,0
          </coordinates>
        </LineString>
      </Placemark>
      <Placemark>
        <name>العقم</name>
        <styleUrl>#line-006064-1200-nodesc</styleUrl>
        <LineString>
          <tessellate>1</tessellate>
          <coordinates>
            43.641043,29.906909,0
            43.62731,29.911931,0
            43.621066,29.913883,0
            43.614542,29.915578,0
            43.602526,29.920428,0
            43.596282,29.923003,0
            43.582635,29.928775,0
            43.572464,29.93017,0
            43.565941,29.931929,0
            43.55813,29.933496,0
            43.554203,29.933496,0
          </coordinates>
        </LineString>
      </Placemark>
      <Placemark>
        <name>العقم</name>
        <styleUrl>#line-006064-1200-nodesc</styleUrl>
        <LineString>
          <tessellate>1</tessellate>
          <coordinates>
            43.71299,29.816079,0
            43.70003,29.841378,0
            43.693635,29.854639,0
            43.689516,29.861119,0
            43.683357,29.870367,0
            43.681469,29.8735,0
            43.674603,29.882877,0
            43.671641,29.887598,0
            43.668015,29.890044,0
            43.657243,29.897082,0
            43.64542,29.904635,0
            43.641043,29.906909,0
          </coordinates>
        </LineString>
      </Placemark>
      <Placemark>
        <name>العقم</name>
        <styleUrl>#line-006064-1200-nodesc</styleUrl>
        <LineString>
          <tessellate>1</tessellate>
          <coordinates>
            43.799529,29.749324,0
            43.78305,29.753809,0
            43.763759,29.759238,0
            43.748288,29.763336,0
            43.742452,29.764581,0
            43.73904,29.766297,0
            43.735693,29.769001,0
            43.733289,29.772027,0
            43.729277,29.780867,0
            43.72417,29.793248,0
            43.71299,29.816079,0
          </coordinates>
        </LineString>
      </Placemark>
      <Placemark>
        <name>العقم</name>
        <styleUrl>#line-006064-1200-nodesc</styleUrl>
        <LineString>
          <tessellate>1</tessellate>
          <coordinates>
            43.88006,29.696989,0
            43.844998,29.723661,0
            43.83575,29.73057,0
            43.829227,29.734926,0
            43.823111,29.738488,0
            43.815172,29.742908,0
            43.80882,29.746578,0
            43.799529,29.749324,0
          </coordinates>
        </LineString>
      </Placemark>
      <Placemark>
        <name>العقم</name>
        <styleUrl>#line-006064-1200-nodesc</styleUrl>
        <LineString>
          <tessellate>1</tessellate>
          <coordinates>
            43.948252,29.645834,0
            43.91289,29.672205,0
            43.893707,29.686861,0
            43.88006,29.696989,0
          </coordinates>
        </LineString>
      </Placemark>
      <Placemark>
        <name>العقم</name>
        <styleUrl>#line-006064-1200-nodesc</styleUrl>
        <LineString>
          <tessellate>1</tessellate>
          <coordinates>
            44.01638,29.594314,0
            43.994021,29.611673,0
            43.97001,29.629354,0
            43.958659,29.638131,0
            43.948252,29.645834,0
          </coordinates>
        </LineString>
      </Placemark>
      <Placemark>
        <name>العقم</name>
        <styleUrl>#line-006064-1200-nodesc</styleUrl>
        <LineString>
          <tessellate>1</tessellate>
          <coordinates>
            44.099979,29.530821,0
            44.077256,29.548008,0
            44.065197,29.557343,0
            44.01638,29.594314,0
          </coordinates>
        </LineString>
      </Placemark>
      <Placemark>
        <name>العقم</name>
        <styleUrl>#line-006064-1200-nodesc</styleUrl>
        <LineString>
          <tessellate>1</tessellate>
          <coordinates>
            44.254754,29.413426,0
            44.245634,29.420593,0
            44.237459,29.426858,0
            44.228575,29.433532,0
            44.215443,29.443617,0
            44.208169,29.44911,0
            44.199157,29.45574,0
            44.19023,29.4628,0
            44.18757,29.464796,0
          </coordinates>
        </LineString>
      </Placemark>
      <Placemark>
        <name>العقم</name>
        <styleUrl>#line-006064-1200-nodesc</styleUrl>
        <LineString>
          <tessellate>1</tessellate>
          <coordinates>
            44.18757,29.464796,0
            44.159396,29.486361,0
            44.146264,29.496059,0
            44.099979,29.530821,0
          </coordinates>
        </LineString>
      </Placemark>
      <Placemark>
        <name>العقم</name>
        <styleUrl>#line-006064-1200-nodesc</styleUrl>
        <LineString>
          <tessellate>1</tessellate>
          <coordinates>
            44.429011,29.283049,0
            44.409292,29.297018,0
            44.39852,29.304936,0
            44.385066,29.314785,0
            44.358051,29.33517,0
            44.350412,29.341478,0
            44.341292,29.348109,0
          </coordinates>
        </LineString>
      </Placemark>
      <Placemark>
        <name>العقم</name>
        <styleUrl>#line-006064-1200-nodesc</styleUrl>
        <LineString>
          <tessellate>1</tessellate>
          <coordinates>
            44.506259,29.222946,0
            44.498491,29.228504,0
            44.47624,29.245799,0
            44.45255,29.264553,0
            44.441135,29.274316,0
            44.429011,29.283049,0
          </coordinates>
        </LineString>
      </Placemark>
      <Placemark>
        <name>العقم</name>
        <styleUrl>#line-006064-1200-nodesc</styleUrl>
        <LineString>
          <tessellate>1</tessellate>
          <coordinates>
            44.596446,29.154496,0
            44.58415,29.163766,0
            44.570739,29.173465,0
            44.556556,29.184301,0
            44.529197,29.205265,0
            44.506259,29.222946,0
          </coordinates>
        </LineString>
      </Placemark>
      <Placemark>
        <name>العقم</name>
        <styleUrl>#line-006064-1200-nodesc</styleUrl>
        <LineString>
          <tessellate>1</tessellate>
          <coordinates>
            44.685688,29.112139,0
            44.670989,29.113791,0
            44.65363,29.115314,0
            44.651914,29.115529,0
            44.643438,29.118555,0
            44.641807,29.11967,0
            44.634039,29.12555,0
            44.609492,29.144411,0
            44.604964,29.147801,0
            44.596446,29.154496,0
          </coordinates>
        </LineString>
      </Placemark>
      <Placemark>
        <name>العقم</name>
        <styleUrl>#line-006064-1200-nodesc</styleUrl>
        <LineString>
          <tessellate>1</tessellate>
          <coordinates>
            44.341292,29.348109,0
            44.3314,29.35549,0
            44.326937,29.35873,0
            44.32065,29.363451,0
            44.311359,29.370575,0
            44.296875,29.381368,0
            44.284236,29.391496,0
            44.275589,29.398706,0
            44.272692,29.400702,0
            44.26765,29.403899,0
            44.254754,29.413426,0
          </coordinates>
        </LineString>
      </Placemark>
      <Placemark>
        <name>العقم</name>
        <styleUrl>#line-006064-1200-nodesc</styleUrl>
        <LineString>
          <tessellate>1</tessellate>
          <coordinates>
            44.762528,29.107976,0
            44.746821,29.107912,0
            44.74092,29.108191,0
            44.7265,29.108748,0
            44.722981,29.108255,0
            44.702683,29.110572,0
            44.685688,29.112139,0
          </coordinates>
        </LineString>
      </Placemark>
      <Placemark>
        <name>العقم</name>
        <styleUrl>#line-006064-1200-nodesc</styleUrl>
        <LineString>
          <tessellate>1</tessellate>
          <coordinates>
            44.844003,29.109864,0
            44.824927,29.111495,0
            44.809349,29.112568,0
            44.803298,29.112933,0
            44.79759,29.11274,0
            44.782805,29.110358,0
            44.771991,29.10922,0
            44.762528,29.107976,0
          </coordinates>
        </LineString>
      </Placemark>
      <Placemark>
        <name>العقم</name>
        <styleUrl>#line-006064-1200-nodesc</styleUrl>
        <LineString>
          <tessellate>1</tessellate>
          <coordinates>
            45.002189,29.063451,0
            44.982727,29.065833,0
            44.947364,29.070575,0
            44.944489,29.07197,0
            44.930177,29.080124,0
            44.91919,29.086261,0
          </coordinates>
        </LineString>
      </Placemark>
      <Placemark>
        <name>العقم</name>
        <styleUrl>#line-006064-1200-nodesc</styleUrl>
        <LineString>
          <tessellate>1</tessellate>
          <coordinates>
            44.91919,29.086261,0
            44.905887,29.093814,0
            44.896359,29.09656,0
            44.878871,29.101839,0
            44.869173,29.104693,0
            44.853466,29.10862,0
            44.844003,29.109864,0
          </coordinates>
        </LineString>
      </Placemark>
      <Placemark>
        <name>العقم</name>
        <styleUrl>#line-006064-1200-nodesc</styleUrl>
        <LineString>
          <tessellate>1</tessellate>
          <coordinates>
            45.088427,29.05858,0
            45.06742,29.059353,0
            45.040898,29.060168,0
            45.007789,29.062915,0
            45.002189,29.063451,0
          </coordinates>
        </LineString>
      </Placemark>
      <Placemark>
        <name>العقم</name>
        <styleUrl>#line-006064-1200-nodesc</styleUrl>
        <LineString>
          <tessellate>1</tessellate>
          <coordinates>
            45.247622,29.050899,0
            45.208569,29.05298,0
            45.172262,29.054825,0
            45.16355,29.05504,0
          </coordinates>
        </LineString>
      </Placemark>
      <Placemark>
        <name>العقم</name>
        <styleUrl>#line-006064-1200-nodesc</styleUrl>
        <LineString>
          <tessellate>1</tessellate>
          <coordinates>
            45.16355,29.05504,0
            45.148616,29.055684,0
            45.13778,29.056499,0
            45.12939,29.056799,0
            45.117094,29.057143,0
            45.11025,29.057572,0
            45.088427,29.05858,0
          </coordinates>
        </LineString>
      </Placemark>
      <Placemark>
        <name>العقم</name>
        <styleUrl>#line-006064-1200-nodesc</styleUrl>
        <LineString>
          <tessellate>1</tessellate>
          <coordinates>
            45.41806,29.052143,0
            45.405099,29.050298,0
            45.395916,29.048882,0
            45.384672,29.047379,0
            45.377376,29.047272,0
            45.367141,29.04635,0
            45.355489,29.04592,0
            45.344481,29.045706,0
            45.329332,29.046843,0
          </coordinates>
        </LineString>
      </Placemark>
      <Placemark>
        <name>العقم</name>
        <styleUrl>#line-006064-1200-nodesc</styleUrl>
        <LineString>
          <tessellate>1</tessellate>
          <coordinates>
            45.329332,29.046843,0
            45.302103,29.048302,0
            45.293627,29.048882,0
            45.247622,29.050899,0
          </coordinates>
        </LineString>
      </Placemark>
      <Placemark>
        <name>العقم</name>
        <styleUrl>#line-006064-1200-nodesc</styleUrl>
        <LineString>
          <tessellate>1</tessellate>
          <coordinates>
            45.566075,29.034891,0
            45.551376,29.042873,0
            45.531786,29.043088,0
            45.49535,29.043689,0
            45.484128,29.044054,0
          </coordinates>
        </LineString>
      </Placemark>
      <Placemark>
        <name>العقم</name>
        <styleUrl>#line-006064-1200-nodesc</styleUrl>
        <LineString>
          <tessellate>1</tessellate>
          <coordinates>
            45.484128,29.044054,0
            45.470309,29.04444,0
            45.461705,29.046156,0
            45.426772,29.053216,0
            45.424411,29.053216,0
            45.41806,29.052143,0
          </coordinates>
        </LineString>
      </Placemark>
      <Placemark>
        <name>العقم</name>
        <styleUrl>#line-006064-1200-nodesc</styleUrl>
        <LineString>
          <tessellate>1</tessellate>
          <coordinates>
            45.73868,29.029934,0
            45.732393,29.031222,0
            45.728917,29.031458,0
            45.716922,29.02957,0
            45.708747,29.028261,0
            45.702975,29.027123,0
            45.695615,29.025579,0
            45.68244,29.021523,0
            45.677097,29.019699,0
            45.674844,29.019206,0
            45.673556,29.019313,0
            45.659738,29.021587,0
            45.654845,29.022381,0
            45.652506,29.02266,0
          </coordinates>
        </LineString>
      </Placemark>
      <Placemark>
        <name>العقم</name>
        <styleUrl>#line-006064-1200-nodesc</styleUrl>
        <LineString>
          <tessellate>1</tessellate>
          <coordinates>
            45.652506,29.02266,0
            45.64019,29.023626,0
            45.619075,29.024913,0
            45.60502,29.026051,0
            45.593905,29.027939,0
            45.588369,29.02869,0
            45.583842,29.029505,0
            45.579207,29.031007,0
            45.576675,29.032209,0
            45.573306,29.032316,0
            45.570259,29.032853,0
            45.566075,29.034891,0
          </coordinates>
        </LineString>
      </Placemark>
      <Placemark>
        <name>العقم</name>
        <styleUrl>#line-006064-1200-nodesc</styleUrl>
        <LineString>
          <tessellate>1</tessellate>
          <coordinates>
            45.82582,29.007146,0
            45.810993,29.01058,0
            45.799105,29.013283,0
            45.795157,29.014206,0
            45.790865,29.014635,0
            45.787754,29.01485,0
            45.779514,29.016566,0
            45.76915,29.019849,0
            45.756168,29.02427,0
            45.743809,29.028261,0
            45.73868,29.029934,0
          </coordinates>
        </LineString>
      </Placemark>
      <Placemark>
        <name>العقم</name>
        <styleUrl>#line-006064-1200-nodesc</styleUrl>
        <LineString>
          <tessellate>1</tessellate>
          <coordinates>
            45.905235,28.991611,0
            45.879571,28.99543,0
            45.864937,28.998306,0
            45.859702,28.99895,0
            45.844982,29.00234,0
            45.82582,29.007146,0
          </coordinates>
        </LineString>
      </Placemark>
      <Placemark>
        <name>العقم</name>
        <styleUrl>#line-006064-1200-nodesc</styleUrl>
        <LineString>
          <tessellate>1</tessellate>
          <coordinates>
            45.976238,28.995817,0
            45.948644,28.993886,0
            45.935812,28.993113,0
            45.912809,28.99204,0
            45.905235,28.991611,0
          </coordinates>
        </LineString>
      </Placemark>
      <Placemark>
        <name>محمية س. جنوب شرق</name>
        <styleUrl>#line-006064-1200-nodesc</styleUrl>
        <LineString>
          <tessellate>1</tessellate>
          <coordinates>
            45.19578,27.883022,0
            45.179815,27.87446,0
            45.165224,27.866864,0
          </coordinates>
        </LineString>
      </Placemark>
      <Placemark>
        <name>محمية سلطان</name>
        <styleUrl>#line-006064-1200-nodesc</styleUrl>
        <LineString>
          <tessellate>1</tessellate>
          <coordinates>
            44.981461,27.940593,0
            44.973285,27.943919,0
            44.9102,27.969732,0
          </coordinates>
        </LineString>
      </Placemark>
      <Placemark>
        <name>محمية سلطان</name>
        <styleUrl>#line-006064-1200-nodesc</styleUrl>
        <LineString>
          <tessellate>1</tessellate>
          <coordinates>
            45.182605,28.140492,0
            45.18312,28.130193,0
          </coordinates>
        </LineString>
      </Placemark>
      <Placemark>
        <name>محمية سلطان جنوب</name>
        <styleUrl>#line-006064-1200-nodesc</styleUrl>
        <LineString>
          <tessellate>1</tessellate>
          <coordinates>
            44.666762,28.068309,0
            44.616144,28.088694,0
          </coordinates>
        </LineString>
      </Placemark>
      <Placemark>
        <name>محمية سلطان جنوب</name>
        <styleUrl>#line-006064-1200-nodesc</styleUrl>
        <LineString>
          <tessellate>1</tessellate>
          <coordinates>
            44.720321,28.046336,0
            44.666762,28.068309,0
          </coordinates>
        </LineString>
      </Placemark>
      <Placemark>
        <name>محمية سلطان جنوب</name>
        <styleUrl>#line-006064-1200-nodesc</styleUrl>
        <LineString>
          <tessellate>1</tessellate>
          <coordinates>
            44.819005,28.006682,0
            44.813962,28.008678,0
            44.808705,28.010845,0
            44.805465,28.012218,0
            44.757957,28.03138,0
          </coordinates>
        </LineString>
      </Placemark>
      <Placemark>
        <name>محمية سلطان جنوب</name>
        <styleUrl>#line-006064-1200-nodesc</styleUrl>
        <LineString>
          <tessellate>1</tessellate>
          <coordinates>
            44.757957,28.03138,0
            44.720321,28.046336,0
          </coordinates>
        </LineString>
      </Placemark>
      <Placemark>
        <name>محمية سلطان جنوب</name>
        <styleUrl>#line-006064-1200-nodesc</styleUrl>
        <LineString>
          <tessellate>1</tessellate>
          <coordinates>
            44.890029,27.977779,0
            44.819005,28.006682,0
          </coordinates>
        </LineString>
      </Placemark>
      <Placemark>
        <name>محمية سلطان جنوب</name>
        <styleUrl>#line-006064-1200-nodesc</styleUrl>
        <LineString>
          <tessellate>1</tessellate>
          <coordinates>
            44.991374,27.936537,0
            44.981461,27.940593,0
          </coordinates>
        </LineString>
      </Placemark>
      <Placemark>
        <name>محمية سلطان جنوب</name>
        <styleUrl>#line-006064-1200-nodesc</styleUrl>
        <LineString>
          <tessellate>1</tessellate>
          <coordinates>
            44.9102,27.969732,0
            44.890029,27.977779,0
          </coordinates>
        </LineString>
      </Placemark>
      <Placemark>
        <name>محمية سلطان جنوب</name>
        <styleUrl>#line-006064-1200-nodesc</styleUrl>
        <LineString>
          <tessellate>1</tessellate>
          <coordinates>
            45.072741,27.903922,0
            45.009892,27.929027,0
            44.991374,27.936537,0
          </coordinates>
        </LineString>
      </Placemark>
      <Placemark>
        <name>محمية سلطان جنوب</name>
        <styleUrl>#line-006064-1200-nodesc</styleUrl>
        <LineString>
          <tessellate>1</tessellate>
          <coordinates>
            45.074029,27.903407,0
            45.072741,27.903922,0
          </coordinates>
        </LineString>
      </Placemark>
      <Placemark>
        <name>محمية سلطان جنوب</name>
        <styleUrl>#line-006064-1200-nodesc</styleUrl>
        <LineString>
          <tessellate>1</tessellate>
          <coordinates>
            45.165224,27.866864,0
            45.074029,27.903407,0
          </coordinates>
        </LineString>
      </Placemark>
      <Placemark>
        <name>محمية سلطان شرق</name>
        <styleUrl>#line-006064-1200-nodesc</styleUrl>
        <LineString>
          <tessellate>1</tessellate>
          <coordinates>
            45.187561,28.038998,0
            45.190544,27.977951,0
          </coordinates>
        </LineString>
      </Placemark>
      <Placemark>
        <name>محمية سلطان شرق</name>
        <styleUrl>#line-006064-1200-nodesc</styleUrl>
        <LineString>
          <tessellate>1</tessellate>
          <coordinates>
            45.167799,28.433948,0
            45.172691,28.343482,0
          </coordinates>
        </LineString>
      </Placemark>
      <Placemark>
        <name>محمية سلطان شرق</name>
        <styleUrl>#line-006064-1200-nodesc</styleUrl>
        <LineString>
          <tessellate>1</tessellate>
          <coordinates>
            45.18312,28.130193,0
            45.187561,28.038998,0
          </coordinates>
        </LineString>
      </Placemark>
      <Placemark>
        <name>محمية سلطان شرق</name>
        <styleUrl>#line-006064-1200-nodesc</styleUrl>
        <LineString>
          <tessellate>1</tessellate>
          <coordinates>
            45.195608,27.886906,0
            45.19578,27.883022,0
          </coordinates>
        </LineString>
      </Placemark>
      <Placemark>
        <name>محمية سلطان شرق</name>
        <styleUrl>#line-006064-1200-nodesc</styleUrl>
        <LineString>
          <tessellate>1</tessellate>
          <coordinates>
            45.190544,27.977951,0
            45.195608,27.886906,0
          </coordinates>
        </LineString>
      </Placemark>
      <Placemark>
        <name>محمية سلطان شرق</name>
        <styleUrl>#line-006064-1200-nodesc</styleUrl>
        <LineString>
          <tessellate>1</tessellate>
          <coordinates>
            45.172691,28.343482,0
            45.177133,28.252287,0
          </coordinates>
        </LineString>
      </Placemark>
      <Placemark>
        <name>محمية سلطان شرق</name>
        <styleUrl>#line-006064-1200-nodesc</styleUrl>
        <LineString>
          <tessellate>1</tessellate>
          <coordinates>
            45.178142,28.231688,0
            45.182605,28.140492,0
          </coordinates>
        </LineString>
      </Placemark>
      <Placemark>
        <name>محمية سلطان شرق</name>
        <styleUrl>#line-006064-1200-nodesc</styleUrl>
        <LineString>
          <tessellate>1</tessellate>
          <coordinates>
            45.177133,28.252287,0
            45.178142,28.231688,0
          </coordinates>
        </LineString>
      </Placemark>
      <Placemark>
        <name>محمية سلطان شمال</name>
        <styleUrl>#line-006064-1200-nodesc</styleUrl>
        <LineString>
          <tessellate>1</tessellate>
          <coordinates>
            44.70382,28.618333,0
            44.71972,28.612282,0
            44.742486,28.603442,0
            44.758236,28.59724,0
            44.793663,28.583336,0
          </coordinates>
        </LineString>
      </Placemark>
      <Placemark>
        <name>محمية سلطان شمال</name>
        <styleUrl>#line-006064-1200-nodesc</styleUrl>
        <LineString>
          <tessellate>1</tessellate>
          <coordinates>
            44.793663,28.583336,0
            44.862413,28.556449,0
          </coordinates>
        </LineString>
      </Placemark>
      <Placemark>
        <name>محمية سلطان شمال</name>
        <styleUrl>#line-006064-1200-nodesc</styleUrl>
        <LineString>
          <tessellate>1</tessellate>
          <coordinates>
            44.862413,28.556449,0
            44.886854,28.546879,0
            44.928954,28.530293,0
          </coordinates>
        </LineString>
      </Placemark>
      <Placemark>
        <name>محمية سلطان شمال</name>
        <styleUrl>#line-006064-1200-nodesc</styleUrl>
        <LineString>
          <tessellate>1</tessellate>
          <coordinates>
            44.928954,28.530293,0
            44.958372,28.518298,0
            45.007446,28.498471,0
          </coordinates>
        </LineString>
      </Placemark>
      <Placemark>
        <name>محمية سلطان شمال</name>
        <styleUrl>#line-006064-1200-nodesc</styleUrl>
        <LineString>
          <tessellate>1</tessellate>
          <coordinates>
            45.007446,28.498471,0
            45.058172,28.478193,0
          </coordinates>
        </LineString>
      </Placemark>
      <Placemark>
        <name>محمية سلطان شمال</name>
        <styleUrl>#line-006064-1200-nodesc</styleUrl>
        <LineString>
          <tessellate>1</tessellate>
          <coordinates>
            45.058172,28.478193,0
            45.103726,28.459761,0
            45.118103,28.454053,0
            45.133574,28.447766,0
            45.142457,28.444226,0
          </coordinates>
        </LineString>
      </Placemark>
      <Placemark>
        <name>محمية سلطان شمال</name>
        <styleUrl>#line-006064-1200-nodesc</styleUrl>
        <LineString>
          <tessellate>1</tessellate>
          <coordinates>
            45.142457,28.444226,0
            45.150805,28.440857,0
            45.167799,28.433948,0
          </coordinates>
        </LineString>
      </Placemark>
      <Placemark>
        <name>محمية سلطان غرب</name>
        <styleUrl>#line-006064-1200-nodesc</styleUrl>
        <LineString>
          <tessellate>1</tessellate>
          <coordinates>
            44.625134,28.143904,0
            44.639618,28.235099,0
          </coordinates>
        </LineString>
      </Placemark>
      <Placemark>
        <name>محمية سلطان غرب</name>
        <styleUrl>#line-006064-1200-nodesc</styleUrl>
        <LineString>
          <tessellate>1</tessellate>
          <coordinates>
            44.616144,28.088694,0
            44.625134,28.143904,0
          </coordinates>
        </LineString>
      </Placemark>
      <Placemark>
        <name>محمية سلطان غرب</name>
        <styleUrl>#line-006064-1200-nodesc</styleUrl>
        <LineString>
          <tessellate>1</tessellate>
          <coordinates>
            44.651871,28.312218,0
            44.659874,28.356185,0
            44.66157,28.368824,0
            44.662621,28.375862,0
          </coordinates>
        </LineString>
      </Placemark>
      <Placemark>
        <name>محمية سلطان غرب</name>
        <styleUrl>#line-006064-1200-nodesc</styleUrl>
        <LineString>
          <tessellate>1</tessellate>
          <coordinates>
            44.639618,28.235099,0
            44.651871,28.312218,0
          </coordinates>
        </LineString>
      </Placemark>
      <Placemark>
        <name>محمية سلطان غرب</name>
        <styleUrl>#line-006064-1200-nodesc</styleUrl>
        <LineString>
          <tessellate>1</tessellate>
          <coordinates>
            44.674788,28.452637,0
            44.6894,28.543832,0
          </coordinates>
        </LineString>
      </Placemark>
      <Placemark>
        <name>محمية سلطان غرب</name>
        <styleUrl>#line-006064-1200-nodesc</styleUrl>
        <LineString>
          <tessellate>1</tessellate>
          <coordinates>
            44.6894,28.543832,0
            44.689422,28.543961,0
          </coordinates>
        </LineString>
      </Placemark>
      <Placemark>
        <name>محمية سلطان غرب</name>
        <styleUrl>#line-006064-1200-nodesc</styleUrl>
        <LineString>
          <tessellate>1</tessellate>
          <coordinates>
            44.662621,28.375862,0
            44.664595,28.388221,0
            44.674788,28.452637,0
          </coordinates>
        </LineString>
      </Placemark>
      <Placemark>
        <name>محمية سلطان غرب</name>
        <styleUrl>#line-006064-1200-nodesc</styleUrl>
        <LineString>
          <tessellate>1</tessellate>
          <coordinates>
            44.689422,28.543961,0
            44.695408,28.582757,0
            44.697061,28.590932,0
            44.698219,28.595803,0
            44.699614,28.602412,0
            44.701524,28.6096,0
            44.702446,28.613162,0
            44.703133,28.615909,0
            44.70382,28.618333,0
          </coordinates>
        </LineString>
      </Placemark>
      <Placemark>
        <name>ميدان رماية القاعده</name>
        <styleUrl>#line-006064-1200-nodesc</styleUrl>
        <LineString>
          <tessellate>1</tessellate>
          <coordinates>
            45.084672,27.666321,0
            45.083771,27.666321,0
          </coordinates>
        </LineString>
      </Placemark>
    </Folder>
    <Folder>
      <name>مواقع اثرية</name>
      <Placemark>
        <name>اثار بيوت خنيفس</name>
        <styleUrl>#icon-1598-BDBDBD-labelson-nodesc</styleUrl>
        <Point>
          <coordinates>
            43.399451,29.064567,0
          </coordinates>
        </Point>
      </Placemark>
      <Placemark>
        <name>اثار زبالا</name>
        <styleUrl>#icon-1598-BDBDBD-labelson-nodesc</styleUrl>
        <Point>
          <coordinates>
            43.563108,29.39435,0
          </coordinates>
        </Point>
      </Placemark>
    </Folder>
    <Folder>
      <name>طرق صحراوية</name>
      <Placemark>
        <name/>
        <styleUrl>#line-000000-1200-nodesc</styleUrl>
        <LineString>
          <tessellate>1</tessellate>
          <coordinates>
            43.948917,28.320501,0
            43.948982,28.320823,0
            43.94896,28.321102,0
            43.94881,28.321359,0
            43.948445,28.321617,0
            43.948081,28.321788,0
            43.94778,28.322089,0
            43.94778,28.322325,0
            43.948081,28.322668,0
            43.948252,28.323162,0
            43.94851,28.323784,0
            43.948488,28.324213,0
            43.948209,28.324707,0
            43.947544,28.32505,0
            43.947287,28.325243,0
            43.947136,28.3255,0
            43.947051,28.325908,0
            43.947179,28.32638,0
            43.948123,28.327024,0
            43.948445,28.327281,0
            43.948467,28.327582,0
            43.94836,28.327839,0
            43.947866,28.328247,0
            43.947458,28.32844,0
            43.946986,28.328848,0
            43.9469,28.32902,0
            43.946943,28.329234,0
            43.947008,28.329341,0
            43.948209,28.329749,0
            43.948553,28.330221,0
            43.948531,28.330543,0
            43.948295,28.330843,0
            43.948102,28.331401,0
            43.948081,28.33183,0
            43.948166,28.33226,0
            43.948746,28.332882,0
            43.949347,28.333504,0
            43.94999,28.334148,0
            43.950634,28.334877,0
            43.950784,28.335264,0
            43.951364,28.336229,0
            43.952007,28.33683,0
            43.953037,28.337667,0
          </coordinates>
        </LineString>
      </Placemark>
      <Placemark>
        <name/>
        <styleUrl>#line-000000-1200-nodesc</styleUrl>
        <LineString>
          <tessellate>1</tessellate>
          <coordinates>
            44.926872,28.80435,0
            44.928846,28.795874,0
            44.933588,28.781819,0
            44.935219,28.767936,0
            44.944232,28.726416,0
          </coordinates>
        </LineString>
      </Placemark>
      <Placemark>
        <name/>
        <styleUrl>#line-000000-1200-nodesc</styleUrl>
        <LineString>
          <tessellate>1</tessellate>
          <coordinates>
            44.944232,28.726416,0
            44.94406,28.695259,0
            44.94494,28.690109,0
            44.945111,28.68541,0
          </coordinates>
        </LineString>
      </Placemark>
      <Placemark>
        <name>دباية العاذرية</name>
        <styleUrl>#line-000000-1200-nodesc</styleUrl>
        <LineString>
          <tessellate>1</tessellate>
          <coordinates>
            45.642958,28.9573,0
            45.638945,28.958309,0
            45.63652,28.958931,0
            45.634546,28.959553,0
            45.633967,28.959832,0
            45.633688,28.960047,0
            45.633388,28.960304,0
            45.632229,28.960648,0
            45.630856,28.960884,0
            45.628624,28.960991,0
            45.626864,28.961248,0
            45.624054,28.961849,0
            45.606201,28.965518,0
            45.601523,28.966527,0
            45.592511,28.968694,0
            45.589721,28.969402,0
            45.580537,28.970625,0
            45.577812,28.97114,0
            45.564573,28.971441,0
            45.560517,28.971376,0
          </coordinates>
        </LineString>
      </Placemark>
      <Placemark>
        <name>دباية العاذرية</name>
        <styleUrl>#line-000000-1200-nodesc</styleUrl>
        <LineString>
          <tessellate>1</tessellate>
          <coordinates>
            45.732243,28.93404,0
            45.727651,28.936358,0
            45.724754,28.937924,0
            45.712287,28.944404,0
            45.708361,28.945327,0
            45.702031,28.946421,0
            45.698254,28.947151,0
            45.694757,28.947644,0
            45.689285,28.949018,0
            45.684564,28.950455,0
            45.68229,28.951013,0
            45.681131,28.951271,0
            45.678577,28.952129,0
            45.67626,28.952794,0
            45.675681,28.952944,0
            45.671067,28.953695,0
            45.670188,28.953867,0
            45.660596,28.95539,0
            45.659888,28.955541,0
            45.655811,28.955884,0
            45.646434,28.956785,0
            45.642958,28.9573,0
          </coordinates>
        </LineString>
      </Placemark>
      <Placemark>
        <name>درب ابن لغيصم</name>
        <styleUrl>#line-000000-1200-nodesc</styleUrl>
        <LineString>
          <tessellate>1</tessellate>
          <coordinates>
            45.237193,28.236923,0
            45.240047,28.238339,0
            45.24421,28.24085,0
            45.253201,28.245292,0
            45.262749,28.249841,0
            45.266676,28.251514,0
            45.273929,28.255119,0
            45.281181,28.258681,0
            45.285301,28.260591,0
            45.289142,28.262458,0
            45.292404,28.264003,0
            45.292897,28.264196,0
            45.294507,28.26499,0
            45.298004,28.266427,0
            45.301931,28.2675,0
            45.307767,28.268852,0
            45.310149,28.269646,0
            45.313797,28.270912,0
            45.323303,28.27529,0
            45.326607,28.275805,0
          </coordinates>
        </LineString>
      </Placemark>
      <Placemark>
        <name>درب ابن لغيصم</name>
        <styleUrl>#line-000000-1200-nodesc</styleUrl>
        <LineString>
          <tessellate>1</tessellate>
          <coordinates>
            45.292897,28.264196,0
            45.292618,28.266685,0
            45.291824,28.268874,0
            45.291545,28.271341,0
            45.29176,28.272715,0
            45.292039,28.276598,0
            45.291953,28.278165,0
            45.290408,28.286469,0
            45.287125,28.305223,0
            45.285709,28.313141,0
            45.282168,28.33432,0
            45.280795,28.340971,0
            45.280688,28.342173,0
            45.280688,28.343332,0
            45.280881,28.344147,0
            45.281074,28.344576,0
            45.281138,28.344834,0
            45.281138,28.345113,0
            45.28101,28.34537,0
            45.280516,28.346014,0
            45.27998,28.346658,0
            45.279636,28.347173,0
            45.279443,28.347945,0
            45.278993,28.350563,0
            45.278413,28.354104,0
          </coordinates>
        </LineString>
      </Placemark>
      <Placemark>
        <name>درب ابن لغيصم</name>
        <styleUrl>#line-000000-1200-nodesc</styleUrl>
        <LineString>
          <tessellate>1</tessellate>
          <coordinates>
            45.278413,28.354104,0
            45.277705,28.358223,0
            45.277083,28.361356,0
            45.276804,28.363287,0
            45.276353,28.365862,0
            45.275559,28.370218,0
            45.274465,28.37554,0
            45.273628,28.381355,0
            45.273006,28.386076,0
            45.272727,28.394079,0
            45.27262,28.402212,0
            45.27247,28.410473,0
            45.272319,28.415987,0
            45.272105,28.427124,0
            45.271826,28.44444,0
          </coordinates>
        </LineString>
      </Placemark>
      <Placemark>
        <name>درب الجلعوديه</name>
        <styleUrl>#icon-1739-000000-labelson-nodesc</styleUrl>
        <Point>
          <coordinates>
            43.90729,28.804629,0
          </coordinates>
        </Point>
      </Placemark>
      <Placemark>
        <name>درب الحفيره</name>
        <styleUrl>#icon-1739-000000-labelson-nodesc</styleUrl>
        <Point>
          <coordinates>
            43.983335,29.333324,0
          </coordinates>
        </Point>
      </Placemark>
      <Placemark>
        <name>درب الصفيري مركز سماح</name>
        <styleUrl>#line-000000-1200-nodesc</styleUrl>
        <LineString>
          <tessellate>1</tessellate>
          <coordinates>
            45.531764,29.042723,0
            45.529683,29.082141,0
            45.521336,29.11864,0
            45.519769,29.130013,0
          </coordinates>
        </LineString>
      </Placemark>
      <Placemark>
        <name>درب الصفيري مركز سماح</name>
        <styleUrl>#line-000000-1200-nodesc</styleUrl>
        <LineString>
          <tessellate>1</tessellate>
          <coordinates>
            45.562685,28.965991,0
            45.561011,28.970261,0
            45.560517,28.971376,0
            45.559509,28.974187,0
            45.558157,28.97893,0
            45.55496,28.98453,0
            45.552943,28.988135,0
            45.552127,28.989766,0
            45.549853,28.99204,0
            45.544488,28.99734,0
            45.53951,29.002619,0
            45.535412,29.00646,0
            45.534704,29.007447,0
            45.533459,29.008498,0
            45.531399,29.009807,0
            45.53009,29.010816,0
            45.529532,29.011331,0
            45.529168,29.01191,0
            45.529039,29.012361,0
            45.52906,29.012876,0
            45.529447,29.013991,0
            45.52979,29.014699,0
            45.529683,29.016716,0
            45.529962,29.018176,0
            45.531528,29.023197,0
            45.531871,29.024463,0
            45.531936,29.027338,0
            45.531764,29.030042,0
            45.532,29.037123,0
            45.531764,29.042723,0
          </coordinates>
        </LineString>
      </Placemark>
      <Placemark>
        <name>درب الصفيري مركز سماح</name>
        <styleUrl>#line-000000-1200-nodesc</styleUrl>
        <LineString>
          <tessellate>1</tessellate>
          <coordinates>
            45.609162,28.788557,0
            45.608239,28.79081,0
            45.607209,28.792763,0
            45.603819,28.798449,0
            45.602574,28.800938,0
            45.599334,28.805637,0
            45.597553,28.808641,0
            45.59633,28.810358,0
            45.596116,28.81083,0
            45.595965,28.81156,0
            45.595579,28.812912,0
            45.594571,28.814585,0
            45.59191,28.818233,0
            45.590215,28.820701,0
            45.589442,28.822396,0
            45.588648,28.825121,0
            45.58764,28.82791,0
            45.586438,28.83055,0
            45.584786,28.833876,0
            45.583434,28.835828,0
            45.582769,28.837094,0
            45.581031,28.840163,0
            45.579507,28.842115,0
            45.578413,28.844562,0
            45.577512,28.846214,0
            45.575688,28.850269,0
            45.574079,28.853574,0
            45.573778,28.854454,0
            45.573606,28.855977,0
            45.573328,28.856943,0
            45.572941,28.857629,0
            45.572126,28.858681,0
            45.571804,28.859174,0
            45.571568,28.859732,0
            45.571439,28.860376,0
            45.571482,28.861127,0
            45.571697,28.862329,0
            45.571568,28.86368,0
            45.570967,28.86662,0
            45.570517,28.868186,0
            45.568607,28.8731,0
            45.567362,28.876834,0
          </coordinates>
        </LineString>
      </Placemark>
      <Placemark>
        <name>درب الصفيري مركز سماح</name>
        <styleUrl>#line-000000-1200-nodesc</styleUrl>
        <LineString>
          <tessellate>1</tessellate>
          <coordinates>
            45.567362,28.876834,0
            45.565817,28.880138,0
            45.565646,28.880804,0
            45.565646,28.88252,0
            45.565388,28.886511,0
            45.565045,28.888335,0
            45.564165,28.890266,0
            45.563886,28.89106,0
            45.5638,28.892176,0
            45.5638,28.893785,0
            45.563328,28.896382,0
            45.563264,28.897476,0
            45.563199,28.897712,0
            45.562663,28.898399,0
            45.561998,28.900352,0
            45.561655,28.901618,0
            45.560732,28.903677,0
            45.560195,28.905308,0
            45.559638,28.905952,0
            45.557621,28.907754,0
            45.556827,28.908162,0
            45.555518,28.908269,0
            45.553415,28.908269,0
            45.552664,28.908334,0
            45.551548,28.90887,0
            45.550389,28.909643,0
            45.549681,28.909922,0
            45.549467,28.910136,0
            45.54893,28.910823,0
            45.548394,28.911424,0
            45.547321,28.91211,0
            45.545969,28.912539,0
            45.543673,28.91314,0
            45.543287,28.913312,0
            45.542579,28.913891,0
            45.539618,28.916552,0
            45.53848,28.917754,0
            45.538137,28.918312,0
            45.538094,28.918633,0
            45.538266,28.919063,0
            45.544081,28.926444,0
            45.549274,28.934598,0
            45.552084,28.938546,0
            45.554037,28.940628,0
            45.55496,28.9417,0
            45.555475,28.942816,0
            45.557213,28.94522,0
            45.557599,28.945992,0
            45.558178,28.946464,0
            45.558672,28.947065,0
            45.558994,28.947902,0
            45.560045,28.950262,0
            45.560818,28.951657,0
            45.560861,28.952386,0
            45.560796,28.953481,0
            45.560968,28.954575,0
            45.561504,28.955669,0
            45.562406,28.958631,0
            45.56277,28.963029,0
            45.562685,28.965991,0
          </coordinates>
        </LineString>
      </Placemark>
      <Placemark>
        <name>درب الصفيري مركز سماح</name>
        <styleUrl>#line-000000-1200-nodesc</styleUrl>
        <LineString>
          <tessellate>1</tessellate>
          <coordinates>
            45.653729,28.698027,0
            45.649953,28.709249,0
            45.643859,28.720665,0
            45.635834,28.735106,0
            45.629761,28.750319,0
            45.627637,28.753324,0
            45.624354,28.758087,0
            45.622637,28.761842,0
            45.621285,28.764246,0
            45.620341,28.765125,0
            45.619075,28.766906,0
            45.618603,28.769009,0
            45.61693,28.77197,0
            45.61635,28.774803,0
            45.615492,28.777549,0
            45.612423,28.782828,0
            45.610449,28.786047,0
            45.609162,28.788557,0
          </coordinates>
        </LineString>
      </Placemark>
      <Placemark>
        <name>درب النايفية</name>
        <styleUrl>#line-000000-1200-nodesc</styleUrl>
        <LineString>
          <tessellate>1</tessellate>
          <coordinates>
            45.301845,28.129978,0
            45.298541,28.137703,0
            45.296266,28.143947,0
            45.293713,28.152595,0
            45.292618,28.156414,0
            45.292618,28.157229,0
            45.29294,28.160834,0
            45.293155,28.164933,0
            45.292597,28.169482,0
            45.29161,28.1721,0
            45.289485,28.176734,0
            45.286546,28.182592,0
            45.28264,28.190811,0
            45.282619,28.192184,0
            45.283284,28.198063,0
            45.28352,28.19993,0
            45.283091,28.202806,0
            45.281439,28.21347,0
          </coordinates>
        </LineString>
      </Placemark>
      <Placemark>
        <name>درب النايفية</name>
        <styleUrl>#line-000000-1200-nodesc</styleUrl>
        <LineString>
          <tessellate>1</tessellate>
          <coordinates>
            45.281439,28.21347,0
            45.280817,28.22201,0
            45.280881,28.223727,0
            45.281932,28.227954,0
            45.283864,28.234069,0
            45.28543,28.239927,0
            45.286632,28.243489,0
            45.288992,28.251235,0
            45.291138,28.258059,0
            45.29206,28.260741,0
            45.292897,28.264196,0
          </coordinates>
        </LineString>
      </Placemark>
      <Placemark>
        <name>درب شعيب الارطاوي</name>
        <styleUrl>#line-000000-1200-nodesc</styleUrl>
        <LineString>
          <tessellate>1</tessellate>
          <coordinates>
            43.84959,28.166714,0
            43.858345,28.168173,0
            43.864181,28.16946,0
            43.873022,28.170683,0
            43.878772,28.171005,0
            43.885102,28.17122,0
            43.888514,28.172143,0
            43.890359,28.173366,0
            43.89184,28.175426,0
            43.892183,28.178408,0
            43.892527,28.181605,0
            43.892097,28.18491,0
          </coordinates>
        </LineString>
      </Placemark>
      <Placemark>
        <name>درب شعيب كريم</name>
        <styleUrl>#line-000000-1200-nodesc</styleUrl>
        <LineString>
          <tessellate>1</tessellate>
          <coordinates>
            45.014398,28.636808,0
            45.017016,28.63683,0
            45.019677,28.637001,0
            45.024033,28.637667,0
            45.028796,28.63801,0
            45.033109,28.638353,0
            45.035126,28.638353,0
            45.045533,28.637602,0
            45.047443,28.637559,0
            45.051327,28.638461,0
            45.052228,28.638504,0
            45.054803,28.638461,0
            45.056369,28.638461,0
            45.05815,28.638375,0
            45.060403,28.638053,0
            45.065789,28.637559,0
            45.06978,28.637259,0
            45.077612,28.636787,0
            45.084736,28.637109,0
            45.091195,28.637023,0
            45.100701,28.636336,0
          </coordinates>
        </LineString>
      </Placemark>
      <Placemark>
        <name>ردمية اشيقر الشمالية</name>
        <styleUrl>#icon-1739-000000-labelson-nodesc</styleUrl>
        <Point>
          <coordinates>
            42.196255,29.050899,0
          </coordinates>
        </Point>
      </Placemark>
      <Placemark>
        <name>ردمية اشيقرالجنوبية</name>
        <styleUrl>#icon-1739-000000-labelson-nodesc</styleUrl>
        <Point>
          <coordinates>
            42.358754,28.790767,0
          </coordinates>
        </Point>
      </Placemark>
      <Placemark>
        <name>ردمية الجبيلي</name>
        <styleUrl>#icon-1739-000000-labelson-nodesc</styleUrl>
        <Point>
          <coordinates>
            42.17675,29.160397,0
          </coordinates>
        </Point>
      </Placemark>
      <Placemark>
        <name>ردمية الشرق الاوسط</name>
        <styleUrl>#icon-1739-000000-labelson-nodesc</styleUrl>
        <Point>
          <coordinates>
            44.015479,28.374724,0
          </coordinates>
        </Point>
      </Placemark>
      <Placemark>
        <name>ردمية الشرق الاوسط - التيسية</name>
        <styleUrl>#line-000000-1200-nodesc</styleUrl>
        <LineString>
          <tessellate>1</tessellate>
          <coordinates>
            44.015479,28.374724,0
            44.016745,28.376098,0
            44.018633,28.378201,0
            44.022925,28.382685,0
            44.024684,28.384402,0
            44.025929,28.385475,0
            44.027195,28.386548,0
            44.02786,28.38717,0
            44.028804,28.388414,0
            44.029319,28.389058,0
            44.029791,28.389401,0
            44.030607,28.390045,0
            44.03183,28.390903,0
            44.032517,28.391547,0
            44.033418,28.392406,0
            44.034319,28.393435,0
            44.034898,28.394208,0
            44.035649,28.395002,0
            44.038439,28.397126,0
            44.041185,28.398993,0
            44.041679,28.399744,0
            44.043031,28.401675,0
            44.043653,28.402383,0
            44.043825,28.402748,0
            44.044597,28.405452,0
            44.0464,28.411202,0
            44.04861,28.41867,0
            44.048696,28.419313,0
            44.048223,28.42397,0
            44.048288,28.424335,0
            44.048438,28.424828,0
            44.048717,28.425343,0
            44.050605,28.42824,0
            44.052279,28.431222,0
            44.05333,28.432789,0
            44.053953,28.434033,0
            44.054146,28.434634,0
            44.05479,28.442638,0
            44.05494,28.443089,0
            44.056313,28.445406,0
            44.056957,28.446629,0
            44.059124,28.449354,0
            44.061141,28.451929,0
            44.063115,28.453581,0
            44.065497,28.45607,0
            44.065905,28.458495,0
            44.067149,28.464825,0
          </coordinates>
        </LineString>
      </Placemark>
      <Placemark>
        <name>ردمية الشرق الاوسط - التيسية</name>
        <styleUrl>#line-000000-1200-nodesc</styleUrl>
        <LineString>
          <tessellate>1</tessellate>
          <coordinates>
            44.067149,28.464825,0
            44.068093,28.471091,0
            44.069274,28.476434,0
            44.07069,28.482335,0
            44.07187,28.486283,0
            44.073737,28.492248,0
          </coordinates>
        </LineString>
      </Placemark>
      <Placemark>
        <name>ردمية الشرق الاوسط - التيسية</name>
        <styleUrl>#icon-1739-000000-labelson-nodesc</styleUrl>
        <Point>
          <coordinates>
            44.073737,28.492248,0
          </coordinates>
        </Point>
      </Placemark>
      <Placemark>
        <name>ردمية المديد</name>
        <styleUrl>#line-000000-1200-nodesc</styleUrl>
        <LineString>
          <tessellate>1</tessellate>
          <coordinates>
            44.295502,28.203106,0
            44.295073,28.202076,0
            44.294558,28.200445,0
            44.294386,28.199415,0
            44.293871,28.19521,0
            44.293613,28.193665,0
            44.293442,28.193064,0
            44.293613,28.191862,0
            44.293442,28.19066,0
            44.293356,28.189459,0
            44.293098,28.188429,0
            44.292583,28.187141,0
            44.292068,28.186283,0
            44.29121,28.18491,0
            44.290352,28.18388,0
            44.289579,28.182764,0
            44.288549,28.181047,0
            44.287434,28.179417,0
            44.286489,28.177872,0
            44.285545,28.176241,0
            44.285202,28.175125,0
            44.284773,28.173666,0
            44.284344,28.171864,0
            44.284086,28.170147,0
            44.284,28.169031,0
            44.283657,28.167315,0
            44.283314,28.165083,0
            44.283142,28.163795,0
            44.283056,28.163023,0
            44.282713,28.161821,0
            44.282284,28.161049,0
            44.282026,28.160191,0
            44.281941,28.159161,0
            44.281769,28.157787,0
            44.281683,28.156929,0
            44.28134,28.155727,0
            44.281168,28.154268,0
            44.281254,28.153582,0
            44.280996,28.152637,0
            44.280653,28.151178,0
            44.280138,28.150063,0
            44.279451,28.148689,0
            44.278936,28.147917,0
            44.278679,28.147573,0
            44.277649,28.146629,0
            44.276962,28.145771,0
            44.276447,28.144655,0
            44.275761,28.143368,0
            44.274902,28.141994,0
            44.274559,28.141565,0
            44.273872,28.140879,0
            44.272842,28.140278,0
            44.272499,28.139935,0
            44.271383,28.138218,0
            44.270611,28.13693,0
            44.269624,28.135343,0
            44.269066,28.134699,0
            44.268229,28.134463,0
            44.266491,28.134184,0
            44.264431,28.133669,0
            44.262629,28.133326,0
            44.259968,28.132896,0
            44.25765,28.132553,0
            44.255998,28.132188,0
          </coordinates>
        </LineString>
      </Placemark>
      <Placemark>
        <name>ردمية المديد</name>
        <styleUrl>#line-000000-1200-nodesc</styleUrl>
        <LineString>
          <tessellate>1</tessellate>
          <coordinates>
            44.347,28.293614,0
            44.346743,28.292885,0
            44.346678,28.292434,0
            44.34597,28.288679,0
            44.345627,28.286018,0
            44.345455,28.284302,0
            44.345026,28.282156,0
            44.344769,28.279924,0
            44.344425,28.277264,0
            44.344168,28.275118,0
            44.34391,28.273144,0
            44.343567,28.271341,0
            44.343309,28.269796,0
            44.342279,28.264475,0
            44.341936,28.262072,0
            44.341421,28.259583,0
            44.34082,28.257265,0
            44.340219,28.254519,0
            44.339533,28.253059,0
            44.338331,28.251171,0
            44.337387,28.249712,0
            44.337301,28.249626,0
            44.336786,28.249283,0
            44.33507,28.248768,0
            44.334898,28.248682,0
            44.333696,28.247824,0
            44.332409,28.247137,0
            44.331465,28.246365,0
            44.330263,28.244991,0
            44.330006,28.244734,0
            44.329491,28.243618,0
            44.329147,28.242931,0
            44.328547,28.241901,0
            44.327688,28.240356,0
            44.326744,28.238811,0
            44.325886,28.237267,0
            44.325199,28.236237,0
            44.324427,28.235292,0
            44.32374,28.23452,0
            44.322796,28.233576,0
            44.321508,28.232374,0
            44.320736,28.231602,0
            44.319534,28.230743,0
            44.318418,28.229799,0
            44.318333,28.229713,0
            44.315758,28.228426,0
            44.314728,28.227568,0
            44.313183,28.225851,0
            44.312754,28.225422,0
            44.311552,28.224649,0
            44.310093,28.223791,0
            44.30872,28.222847,0
            44.308291,28.222246,0
            44.30769,28.221302,0
            44.306917,28.220186,0
            44.306059,28.21907,0
            44.30563,28.21847,0
            44.305286,28.217268,0
            44.305115,28.21641,0
            44.304514,28.215466,0
            44.303999,28.214779,0
            44.303055,28.213577,0
            44.30254,28.212976,0
            44.301424,28.212032,0
            44.300566,28.21126,0
            44.299364,28.209972,0
            44.298592,28.208771,0
            44.298248,28.207998,0
            44.297733,28.206882,0
            44.297304,28.206196,0
            44.296618,28.205166,0
            44.295845,28.203707,0
            44.295502,28.203106,0
          </coordinates>
        </LineString>
      </Placemark>
      <Placemark>
        <name>ردمية المديد</name>
        <styleUrl>#icon-1739-000000-labelson-nodesc</styleUrl>
        <Point>
          <coordinates>
            44.255998,28.132188,0
          </coordinates>
        </Point>
      </Placemark>
      <Placemark>
        <name>ردمية المديد</name>
        <styleUrl>#icon-1739-000000-labelson-nodesc</styleUrl>
        <Point>
          <coordinates>
            44.347,28.293614,0
          </coordinates>
        </Point>
      </Placemark>
      <Placemark>
        <name>مفرق اعيوج لينه</name>
        <styleUrl>#icon-1739-000000-labelson-nodesc</styleUrl>
        <Point>
          <coordinates>
            44.295802,29.158552,0
          </coordinates>
        </Point>
      </Placemark>
      <Placemark>
        <name>مفرق الحدقة</name>
        <styleUrl>#icon-1739-000000-labelson-nodesc</styleUrl>
        <Point>
          <coordinates>
            44.711266,28.684917,0
          </coordinates>
        </Point>
      </Placemark>
      <Placemark>
        <name>مفرق ردمية فيضة الذيابة</name>
        <styleUrl>#icon-1739-000000-labelson-nodesc</styleUrl>
        <Point>
          <coordinates>
            44.725685,27.995224,0
          </coordinates>
        </Point>
      </Placemark>
      <Placemark>
        <name>مفرق عقارب</name>
        <styleUrl>#icon-1739-000000-labelson-nodesc</styleUrl>
        <Point>
          <coordinates>
            42.936072,29.165375,0
          </coordinates>
        </Point>
      </Placemark>
    </Folder>
    <Folder>
      <name>نفود</name>
      <Placemark>
        <name>الطعيس</name>
        <styleUrl>#icon-1739-FBC02D-labelson-nodesc</styleUrl>
        <Point>
          <coordinates>
            43.717303,28.553231,0
          </coordinates>
        </Point>
      </Placemark>
      <Placemark>
        <name>طعس الاثالي</name>
        <styleUrl>#icon-1739-FBC02D-labelson-nodesc</styleUrl>
        <Point>
          <coordinates>
            41.599216,29.109135,0
          </coordinates>
        </Point>
      </Placemark>
      <Placemark>
        <name>طعس الضلل</name>
        <styleUrl>#icon-1739-FBC02D-labelson-nodesc</styleUrl>
        <Point>
          <coordinates>
            41.843147,28.824177,0
          </coordinates>
        </Point>
      </Placemark>
      <Placemark>
        <name>طعس المزيني</name>
        <styleUrl>#icon-1739-FBC02D-labelson-nodesc</styleUrl>
        <Point>
          <coordinates>
            42.279854,28.924084,0
          </coordinates>
        </Point>
      </Placemark>
      <Placemark>
        <name>طعس عميرة</name>
        <styleUrl>#icon-1739-FBC02D-labelson-nodesc</styleUrl>
        <Point>
          <coordinates>
            41.620846,28.925629,0
          </coordinates>
        </Point>
      </Placemark>
      <Placemark>
        <name>طعس منظور</name>
        <styleUrl>#icon-1739-FBC02D-labelson-nodesc</styleUrl>
        <Point>
          <coordinates>
            42.110832,28.952429,0
          </coordinates>
        </Point>
      </Placemark>
      <Placemark>
        <name>طعوس الاشياخ</name>
        <styleUrl>#icon-1739-FBC02D-labelson-nodesc</styleUrl>
        <Point>
          <coordinates>
            42.480955,28.751221,0
          </coordinates>
        </Point>
      </Placemark>
      <Placemark>
        <name>طعوس الحناتين</name>
        <styleUrl>#icon-1739-FBC02D-labelson-nodesc</styleUrl>
        <Point>
          <coordinates>
            42.787306,28.650606,0
          </coordinates>
        </Point>
      </Placemark>
      <Placemark>
        <name>طعوس الرماديات</name>
        <styleUrl>#icon-1739-FBC02D-labelson-nodesc</styleUrl>
        <Point>
          <coordinates>
            42.991819,28.696911,0
          </coordinates>
        </Point>
      </Placemark>
      <Placemark>
        <name>طعوس الزريبا</name>
        <styleUrl>#icon-1739-FBC02D-labelson-nodesc</styleUrl>
        <Point>
          <coordinates>
            43.86888,28.660648,0
          </coordinates>
        </Point>
      </Placemark>
      <Placemark>
        <name>طعوس الضلة</name>
        <styleUrl>#icon-1739-FBC02D-labelson-nodesc</styleUrl>
        <Point>
          <coordinates>
            41.775341,28.885803,0
          </coordinates>
        </Point>
      </Placemark>
      <Placemark>
        <name>طعيس المظهور</name>
        <styleUrl>#icon-1739-FBC02D-labelson-nodesc</styleUrl>
        <Point>
          <coordinates>
            43.067908,28.79817,0
          </coordinates>
        </Point>
      </Placemark>
      <Placemark>
        <name>عرق الابيتر</name>
        <styleUrl>#icon-1739-FBC02D-labelson-nodesc</styleUrl>
        <Point>
          <coordinates>
            41.873853,29.54155,0
          </coordinates>
        </Point>
      </Placemark>
      <Placemark>
        <name>عرق الاشياخ</name>
        <styleUrl>#icon-1739-FBC02D-labelson-nodesc</styleUrl>
        <Point>
          <coordinates>
            42.776277,28.784266,0
          </coordinates>
        </Point>
      </Placemark>
      <Placemark>
        <name>عرق الدخول</name>
        <styleUrl>#icon-1739-FBC02D-labelson-nodesc</styleUrl>
        <Point>
          <coordinates>
            44.293249,27.946622,0
          </coordinates>
        </Point>
      </Placemark>
      <Placemark>
        <name>عرق الدخول</name>
        <styleUrl>#icon-1739-FBC02D-labelson-nodesc</styleUrl>
        <Point>
          <coordinates>
            44.377985,27.835815,0
          </coordinates>
        </Point>
      </Placemark>
      <Placemark>
        <name>عرق الشبة</name>
        <styleUrl>#icon-1739-FBC02D-labelson-nodesc</styleUrl>
        <Point>
          <coordinates>
            43.275189,28.730342,0
          </coordinates>
        </Point>
      </Placemark>
      <Placemark>
        <name>عرق العاقر</name>
        <styleUrl>#icon-1739-FBC02D-labelson-nodesc</styleUrl>
        <Point>
          <coordinates>
            43.097949,28.765275,0
          </coordinates>
        </Point>
      </Placemark>
      <Placemark>
        <name>عرق اللبيد</name>
        <styleUrl>#icon-1739-FBC02D-labelson-nodesc</styleUrl>
        <Point>
          <coordinates>
            43.123913,28.592241,0
          </coordinates>
        </Point>
      </Placemark>
      <Placemark>
        <name>عرق اللبيد</name>
        <styleUrl>#icon-1739-FBC02D-labelson-nodesc</styleUrl>
        <Point>
          <coordinates>
            43.352072,28.518362,0
          </coordinates>
        </Point>
      </Placemark>
      <Placemark>
        <name>عرق اللبيد</name>
        <styleUrl>#icon-1739-FBC02D-labelson-nodesc</styleUrl>
        <Point>
          <coordinates>
            43.444684,28.484309,0
          </coordinates>
        </Point>
      </Placemark>
      <Placemark>
        <name>عرق ام اذن</name>
        <styleUrl>#icon-1739-FBC02D-labelson-nodesc</styleUrl>
        <Point>
          <coordinates>
            43.420458,28.63934,0
          </coordinates>
        </Point>
      </Placemark>
      <Placemark>
        <name>عرق ام اذن</name>
        <styleUrl>#icon-1739-FBC02D-labelson-nodesc</styleUrl>
        <Point>
          <coordinates>
            43.489337,28.624964,0
          </coordinates>
        </Point>
      </Placemark>
      <Placemark>
        <name>عرق ام نقي</name>
        <styleUrl>#icon-1739-FBC02D-labelson-nodesc</styleUrl>
        <Point>
          <coordinates>
            44.217396,28.107147,0
          </coordinates>
        </Point>
      </Placemark>
      <Placemark>
        <name>عرق سادة الخر</name>
        <styleUrl>#icon-1739-FBC02D-labelson-nodesc</styleUrl>
        <Point>
          <coordinates>
            42.143211,29.478014,0
          </coordinates>
        </Point>
      </Placemark>
      <Placemark>
        <name>عرق عرفان</name>
        <styleUrl>#icon-1739-FBC02D-labelson-nodesc</styleUrl>
        <Point>
          <coordinates>
            44.940219,27.592936,0
          </coordinates>
        </Point>
      </Placemark>
      <Placemark>
        <name>عرق لبيدين</name>
        <styleUrl>#icon-1739-FBC02D-labelson-nodesc</styleUrl>
        <Point>
          <coordinates>
            43.218241,28.682899,0
          </coordinates>
        </Point>
      </Placemark>
      <Placemark>
        <name>عرق مريط</name>
        <styleUrl>#icon-1739-FBC02D-labelson-nodesc</styleUrl>
        <Point>
          <coordinates>
            42.907619,28.987041,0
          </coordinates>
        </Point>
      </Placemark>
      <Placemark>
        <name>نازية الدويرة</name>
        <styleUrl>#icon-1739-FBC02D-labelson-nodesc</styleUrl>
        <Point>
          <coordinates>
            41.603937,28.837631,0
          </coordinates>
        </Point>
      </Placemark>
      <Placemark>
        <name>نازية الضبطا</name>
        <styleUrl>#icon-1739-FBC02D-labelson-nodesc</styleUrl>
        <Point>
          <coordinates>
            44.168043,28.375089,0
          </coordinates>
        </Point>
      </Placemark>
      <Placemark>
        <name>نازية الطلوع</name>
        <styleUrl>#icon-1739-FBC02D-labelson-nodesc</styleUrl>
        <Point>
          <coordinates>
            43.741314,28.67687,0
          </coordinates>
        </Point>
      </Placemark>
      <Placemark>
        <name>نازية الغضاة</name>
        <styleUrl>#icon-1739-FBC02D-labelson-nodesc</styleUrl>
        <Point>
          <coordinates>
            41.529694,28.906939,0
          </coordinates>
        </Point>
      </Placemark>
      <Placemark>
        <name>نازية الغضاة</name>
        <styleUrl>#icon-1739-FBC02D-labelson-nodesc</styleUrl>
        <Point>
          <coordinates>
            41.529694,28.906918,0
          </coordinates>
        </Point>
      </Placemark>
      <Placemark>
        <name>نازية المتك</name>
        <styleUrl>#icon-1739-FBC02D-labelson-nodesc</styleUrl>
        <Point>
          <coordinates>
            41.638012,29.175568,0
          </coordinates>
        </Point>
      </Placemark>
      <Placemark>
        <name>نازية المزموم</name>
        <styleUrl>#icon-1739-FBC02D-labelson-nodesc</styleUrl>
        <Point>
          <coordinates>
            42.392528,28.796883,0
          </coordinates>
        </Point>
      </Placemark>
      <Placemark>
        <name>نازية المعيزيلة</name>
        <styleUrl>#icon-1739-FBC02D-labelson-nodesc</styleUrl>
        <Point>
          <coordinates>
            43.380761,28.873122,0
          </coordinates>
        </Point>
      </Placemark>
      <Placemark>
        <name>نازية المكاحة</name>
        <styleUrl>#icon-1739-FBC02D-labelson-nodesc</styleUrl>
        <Point>
          <coordinates>
            41.494503,28.83894,0
          </coordinates>
        </Point>
      </Placemark>
      <Placemark>
        <name>نازية النهود</name>
        <styleUrl>#icon-1739-FBC02D-labelson-nodesc</styleUrl>
        <Point>
          <coordinates>
            41.450901,28.951035,0
          </coordinates>
        </Point>
      </Placemark>
      <Placemark>
        <name>نازية النويطة</name>
        <styleUrl>#icon-1739-FBC02D-labelson-nodesc</styleUrl>
        <Point>
          <coordinates>
            42.39624,29.05607,0
          </coordinates>
        </Point>
      </Placemark>
      <Placemark>
        <name>نازية النويطة البيضاء</name>
        <styleUrl>#icon-1739-FBC02D-labelson-nodesc</styleUrl>
        <Point>
          <coordinates>
            41.608658,29.03944,0
          </coordinates>
        </Point>
      </Placemark>
      <Placemark>
        <name>نازية النويطة الدهماء</name>
        <styleUrl>#icon-1739-FBC02D-labelson-nodesc</styleUrl>
        <Point>
          <coordinates>
            41.57587,29.061756,0
          </coordinates>
        </Point>
      </Placemark>
      <Placemark>
        <name>نازية الهويمي</name>
        <styleUrl>#icon-1739-FBC02D-labelson-nodesc</styleUrl>
        <Point>
          <coordinates>
            44.300051,28.166649,0
          </coordinates>
        </Point>
      </Placemark>
      <Placemark>
        <name>نازية اليتيمة</name>
        <styleUrl>#icon-1739-FBC02D-labelson-nodesc</styleUrl>
        <Point>
          <coordinates>
            43.465047,28.765383,0
          </coordinates>
        </Point>
      </Placemark>
      <Placemark>
        <name>نازية ام رقيبة</name>
        <styleUrl>#icon-1739-FBC02D-labelson-nodesc</styleUrl>
        <Point>
          <coordinates>
            44.604063,28.042281,0
          </coordinates>
        </Point>
      </Placemark>
      <Placemark>
        <name>نازية ام رماح</name>
        <styleUrl>#icon-1739-FBC02D-labelson-nodesc</styleUrl>
        <Point>
          <coordinates>
            43.105996,28.968801,0
          </coordinates>
        </Point>
      </Placemark>
      <Placemark>
        <name>نازية انبط</name>
        <styleUrl>#icon-1739-FBC02D-labelson-nodesc</styleUrl>
        <Point>
          <coordinates>
            41.705282,29.5573,0
          </coordinates>
        </Point>
      </Placemark>
      <Placemark>
        <name>نازية دهيرب</name>
        <styleUrl>#icon-1739-FBC02D-labelson-nodesc</styleUrl>
        <Point>
          <coordinates>
            41.608829,28.8937,0
          </coordinates>
        </Point>
      </Placemark>
      <Placemark>
        <name>نازية ربداء</name>
        <styleUrl>#icon-1739-FBC02D-labelson-nodesc</styleUrl>
        <Point>
          <coordinates>
            42.436581,28.96642,0
          </coordinates>
        </Point>
      </Placemark>
      <Placemark>
        <name>نازية رجعان</name>
        <styleUrl>#icon-1739-FBC02D-labelson-nodesc</styleUrl>
        <Point>
          <coordinates>
            41.600075,29.077034,0
          </coordinates>
        </Point>
      </Placemark>
      <Placemark>
        <name>نازية سعدي</name>
        <styleUrl>#icon-1739-FBC02D-labelson-nodesc</styleUrl>
        <Point>
          <coordinates>
            41.4818,29.089222,0
          </coordinates>
        </Point>
      </Placemark>
      <Placemark>
        <name>نازية شقيراء</name>
        <styleUrl>#icon-1739-FBC02D-labelson-nodesc</styleUrl>
        <Point>
          <coordinates>
            41.992836,28.876362,0
          </coordinates>
        </Point>
      </Placemark>
      <Placemark>
        <name>نازية صالح</name>
        <styleUrl>#icon-1739-FBC02D-labelson-nodesc</styleUrl>
        <Point>
          <coordinates>
            41.678352,28.929405,0
          </coordinates>
        </Point>
      </Placemark>
      <Placemark>
        <name>نازية عبيدان</name>
        <styleUrl>#icon-1739-FBC02D-labelson-nodesc</styleUrl>
        <Point>
          <coordinates>
            41.672001,28.843575,0
          </coordinates>
        </Point>
      </Placemark>
      <Placemark>
        <name>نازية عتيق</name>
        <styleUrl>#icon-1739-FBC02D-labelson-nodesc</styleUrl>
        <Point>
          <coordinates>
            41.639214,28.994122,0
          </coordinates>
        </Point>
      </Placemark>
      <Placemark>
        <name>نازية عذيفاء</name>
        <styleUrl>#icon-1739-FBC02D-labelson-nodesc</styleUrl>
        <Point>
          <coordinates>
            41.514416,29.16441,0
          </coordinates>
        </Point>
      </Placemark>
      <Placemark>
        <name>نازية عضيات حمد</name>
        <styleUrl>#icon-1739-FBC02D-labelson-nodesc</styleUrl>
        <Point>
          <coordinates>
            41.71114,29.02914,0
          </coordinates>
        </Point>
      </Placemark>
      <Placemark>
        <name>نازية عميليده</name>
        <styleUrl>#icon-1739-FBC02D-labelson-nodesc</styleUrl>
        <Point>
          <coordinates>
            43.206503,28.80332,0
          </coordinates>
        </Point>
      </Placemark>
      <Placemark>
        <name>نازية فهد</name>
        <styleUrl>#icon-1739-FBC02D-labelson-nodesc</styleUrl>
        <Point>
          <coordinates>
            41.703415,28.955841,0
          </coordinates>
        </Point>
      </Placemark>
      <Placemark>
        <name>نازية مشرفة</name>
        <styleUrl>#icon-1739-FBC02D-labelson-nodesc</styleUrl>
        <Point>
          <coordinates>
            41.852074,29.042873,0
          </coordinates>
        </Point>
      </Placemark>
      <Placemark>
        <name>نازية ملوح</name>
        <styleUrl>#icon-1739-FBC02D-labelson-nodesc</styleUrl>
        <Point>
          <coordinates>
            41.693652,28.979144,0
          </coordinates>
        </Point>
      </Placemark>
      <Placemark>
        <name>نازية نعجة</name>
        <styleUrl>#icon-1739-FBC02D-labelson-nodesc</styleUrl>
        <Point>
          <coordinates>
            43.892119,28.680089,0
          </coordinates>
        </Point>
      </Placemark>
      <Placemark>
        <name>نفود ابو عمار</name>
        <styleUrl>#icon-1739-FBC02D-labelson-nodesc</styleUrl>
        <Point>
          <coordinates>
            42.664289,28.972149,0
          </coordinates>
        </Point>
      </Placemark>
      <Placemark>
        <name>نفود الجرعاء</name>
        <styleUrl>#icon-1739-FBC02D-labelson-nodesc</styleUrl>
        <Point>
          <coordinates>
            45.033324,27.633297,0
          </coordinates>
        </Point>
      </Placemark>
      <Placemark>
        <name>نفود ربداء</name>
        <styleUrl>#icon-1739-FBC02D-labelson-nodesc</styleUrl>
        <Point>
          <coordinates>
            42.355042,28.932002,0
          </coordinates>
        </Point>
      </Placemark>
      <Placemark>
        <name>نفود سعيد</name>
        <styleUrl>#icon-1739-FBC02D-labelson-nodesc</styleUrl>
        <Point>
          <coordinates>
            41.827462,28.964961,0
          </coordinates>
        </Point>
      </Placemark>
      <Placemark>
        <name>نفود عقارب</name>
        <styleUrl>#icon-1739-FBC02D-labelson-nodesc</styleUrl>
        <Point>
          <coordinates>
            42.687442,29.330642,0
          </coordinates>
        </Point>
      </Placemark>
      <Placemark>
        <name>نوازي الحتيفه</name>
        <styleUrl>#icon-1739-FBC02D-labelson-nodesc</styleUrl>
        <Point>
          <coordinates>
            44.533339,28.083329,0
          </coordinates>
        </Point>
      </Placemark>
      <Placemark>
        <name>نوازي الدغم</name>
        <styleUrl>#icon-1739-FBC02D-labelson-nodesc</styleUrl>
        <Point>
          <coordinates>
            42.370341,29.104521,0
          </coordinates>
        </Point>
      </Placemark>
      <Placemark>
        <name>نوازي الغر</name>
        <styleUrl>#icon-1739-FBC02D-labelson-nodesc</styleUrl>
        <Point>
          <coordinates>
            41.496906,28.954468,0
          </coordinates>
        </Point>
      </Placemark>
      <Placemark>
        <name>نوازي الغر</name>
        <styleUrl>#icon-1739-FBC02D-labelson-nodesc</styleUrl>
        <Point>
          <coordinates>
            41.627348,28.962901,0
          </coordinates>
        </Point>
      </Placemark>
      <Placemark>
        <name>نوازي القرائن</name>
        <styleUrl>#icon-1739-FBC02D-labelson-nodesc</styleUrl>
        <Point>
          <coordinates>
            41.478088,29.050641,0
          </coordinates>
        </Point>
      </Placemark>
      <Placemark>
        <name>نوازي المنصرمات</name>
        <styleUrl>#icon-1739-FBC02D-labelson-nodesc</styleUrl>
        <Point>
          <coordinates>
            41.733069,29.166877,0
          </coordinates>
        </Point>
      </Placemark>
    </Folder>
    <Folder>
      <name>موارد مياه</name>
      <Placemark>
        <name>ابار اخضر الماء</name>
        <styleUrl>#icon-1739-0F9D58-labelson-nodesc</styleUrl>
        <Point>
          <coordinates>
            42.255135,30.814419,0
          </coordinates>
        </Point>
      </Placemark>
      <Placemark>
        <name>ابار الجواري</name>
        <styleUrl>#icon-1739-0F9D58-labelson-nodesc</styleUrl>
        <Point>
          <coordinates>
            41.74751,29.991753,0
          </coordinates>
        </Point>
      </Placemark>
      <Placemark>
        <name>ابار الجوزلي</name>
        <styleUrl>#icon-1739-0F9D58-labelson-nodesc</styleUrl>
        <Point>
          <coordinates>
            42.064762,30.621986,0
          </coordinates>
        </Point>
      </Placemark>
      <Placemark>
        <name>ابار الخرش</name>
        <styleUrl>#icon-1739-0F9D58-labelson-nodesc</styleUrl>
        <Point>
          <coordinates>
            42.942381,28.930371,0
          </coordinates>
        </Point>
      </Placemark>
      <Placemark>
        <name>ابار الخواضة</name>
        <styleUrl>#icon-1739-0F9D58-labelson-nodesc</styleUrl>
        <Point>
          <coordinates>
            42.20192,30.850296,0
          </coordinates>
        </Point>
      </Placemark>
      <Placemark>
        <name>ابار السائح</name>
        <styleUrl>#icon-1739-0F9D58-labelson-nodesc</styleUrl>
        <Point>
          <coordinates>
            40.884719,31.224883,0
          </coordinates>
        </Point>
      </Placemark>
      <Placemark>
        <name>ابار الشويغرات</name>
        <styleUrl>#icon-1739-0F9D58-labelson-nodesc</styleUrl>
        <Point>
          <coordinates>
            43.741014,28.771884,0
          </coordinates>
        </Point>
      </Placemark>
      <Placemark>
        <name>ابار العويصي</name>
        <styleUrl>#icon-1739-0F9D58-labelson-nodesc</styleUrl>
        <Point>
          <coordinates>
            41.110518,31.155725,0
          </coordinates>
        </Point>
      </Placemark>
      <Placemark>
        <name>ابار الفقيعية</name>
        <styleUrl>#icon-1739-0F9D58-labelson-nodesc</styleUrl>
        <Point>
          <coordinates>
            45.670252,28.909042,0
          </coordinates>
        </Point>
      </Placemark>
      <Placemark>
        <name>ابار القطعية</name>
        <styleUrl>#icon-1739-0F9D58-labelson-nodesc</styleUrl>
        <Point>
          <coordinates>
            41.382065,31.294727,0
          </coordinates>
        </Point>
      </Placemark>
      <Placemark>
        <name>ابار اللويزية</name>
        <styleUrl>#icon-1739-0F9D58-labelson-nodesc</styleUrl>
        <Point>
          <coordinates>
            41.341832,31.258056,0
          </coordinates>
        </Point>
      </Placemark>
      <Placemark>
        <name>ابار المساوري</name>
        <styleUrl>#icon-1739-0F9D58-labelson-nodesc</styleUrl>
        <Point>
          <coordinates>
            41.75796,29.875753,0
          </coordinates>
        </Point>
      </Placemark>
      <Placemark>
        <name>ابار المنقوري</name>
        <styleUrl>#icon-1739-0F9D58-labelson-nodesc</styleUrl>
        <Point>
          <coordinates>
            41.570485,30.372412,0
          </coordinates>
        </Point>
      </Placemark>
      <Placemark>
        <name>ابار المنكصم</name>
        <styleUrl>#icon-1739-0F9D58-labelson-nodesc</styleUrl>
        <Point>
          <coordinates>
            41.767273,29.863415,0
          </coordinates>
        </Point>
      </Placemark>
      <Placemark>
        <name>ابار المهينيه</name>
        <styleUrl>#icon-1739-0F9D58-labelson-nodesc</styleUrl>
        <Point>
          <coordinates>
            44.269044,28.481948,0
          </coordinates>
        </Point>
      </Placemark>
      <Placemark>
        <name>ابار الهبكة</name>
        <styleUrl>#icon-1739-0F9D58-labelson-nodesc</styleUrl>
        <Point>
          <coordinates>
            42.29393,29.829083,0
          </coordinates>
        </Point>
      </Placemark>
      <Placemark>
        <name>ابار الوقبي</name>
        <styleUrl>#icon-1739-0F9D58-labelson-nodesc</styleUrl>
        <Point>
          <coordinates>
            45.512517,28.769975,0
          </coordinates>
        </Point>
      </Placemark>
      <Placemark>
        <name>ابار ام سبعه</name>
        <styleUrl>#icon-1739-0F9D58-labelson-nodesc</styleUrl>
        <Point>
          <coordinates>
            43.878622,28.555913,0
          </coordinates>
        </Point>
      </Placemark>
      <Placemark>
        <name>ابار ام عماره</name>
        <styleUrl>#icon-1739-0F9D58-labelson-nodesc</styleUrl>
        <Point>
          <coordinates>
            44.966505,28.03344,0
          </coordinates>
        </Point>
      </Placemark>
      <Placemark>
        <name>ابار ثمايل نعجه</name>
        <styleUrl>#icon-1739-0F9D58-labelson-nodesc</styleUrl>
        <Point>
          <coordinates>
            43.90435,28.682964,0
          </coordinates>
        </Point>
      </Placemark>
      <Placemark>
        <name>ابار خضراء</name>
        <styleUrl>#icon-1739-0F9D58-labelson-nodesc</styleUrl>
        <Point>
          <coordinates>
            43.194873,28.289924,0
          </coordinates>
        </Point>
      </Placemark>
      <Placemark>
        <name>ابار زقم</name>
        <styleUrl>#icon-1739-0F9D58-labelson-nodesc</styleUrl>
        <Point>
          <coordinates>
            44.419076,28.789887,0
          </coordinates>
        </Point>
      </Placemark>
      <Placemark>
        <name>ابار سراب</name>
        <styleUrl>#icon-1739-0F9D58-labelson-nodesc</styleUrl>
        <Point>
          <coordinates>
            44.783471,27.995331,0
          </coordinates>
        </Point>
      </Placemark>
      <Placemark>
        <name>ابار صافي الماء</name>
        <styleUrl>#icon-1739-0F9D58-labelson-nodesc</styleUrl>
        <Point>
          <coordinates>
            41.38876,31.300564,0
          </coordinates>
        </Point>
      </Placemark>
      <Placemark>
        <name>ابار علبان</name>
        <styleUrl>#icon-1739-0F9D58-labelson-nodesc</styleUrl>
        <Point>
          <coordinates>
            41.398201,31.356697,0
          </coordinates>
        </Point>
      </Placemark>
      <Placemark>
        <name>ابار عوافي</name>
        <styleUrl>#icon-1739-0F9D58-labelson-nodesc</styleUrl>
        <Point>
          <coordinates>
            43.723462,28.787634,0
          </coordinates>
        </Point>
      </Placemark>
      <Placemark>
        <name>ابار عوى</name>
        <styleUrl>#icon-1739-0F9D58-labelson-nodesc</styleUrl>
        <Point>
          <coordinates>
            40.867896,31.232672,0
          </coordinates>
        </Point>
      </Placemark>
      <Placemark>
        <name>ابار غبيشان</name>
        <styleUrl>#icon-1739-0F9D58-labelson-nodesc</styleUrl>
        <Point>
          <coordinates>
            45.120742,27.885683,0
          </coordinates>
        </Point>
      </Placemark>
      <Placemark>
        <name>ابار غبيشه</name>
        <styleUrl>#icon-1739-0F9D58-labelson-nodesc</styleUrl>
        <Point>
          <coordinates>
            45.133359,27.932482,0
          </coordinates>
        </Point>
      </Placemark>
      <Placemark>
        <name>ابار قيصومة فيحان</name>
        <styleUrl>#icon-1739-0F9D58-labelson-nodesc</styleUrl>
        <Point>
          <coordinates>
            42.967229,29.171941,0
          </coordinates>
        </Point>
      </Placemark>
      <Placemark>
        <name>ابار مراء</name>
        <styleUrl>#icon-1739-0F9D58-labelson-nodesc</styleUrl>
        <Point>
          <coordinates>
            40.247555,31.74021,0
          </coordinates>
        </Point>
      </Placemark>
      <Placemark>
        <name>ابار مسامة</name>
        <styleUrl>#icon-1739-0F9D58-labelson-nodesc</styleUrl>
        <Point>
          <coordinates>
            42.101562,30.578728,0
          </coordinates>
        </Point>
      </Placemark>
      <Placemark>
        <name>بئر ابا رواث</name>
        <styleUrl>#icon-1739-0F9D58-labelson-nodesc</styleUrl>
        <Point>
          <coordinates>
            41.919923,29.886675,0
          </coordinates>
        </Point>
      </Placemark>
      <Placemark>
        <name>بئر الاميغر</name>
        <styleUrl>#icon-1739-0F9D58-labelson-nodesc</styleUrl>
        <Point>
          <coordinates>
            42.200375,30.963249,0
          </coordinates>
        </Point>
      </Placemark>
      <Placemark>
        <name>بئر الثمامي</name>
        <styleUrl>#icon-1739-0F9D58-labelson-nodesc</styleUrl>
        <Point>
          <coordinates>
            44.938459,27.65969,0
          </coordinates>
        </Point>
      </Placemark>
      <Placemark>
        <name>بئر الجليدة</name>
        <styleUrl>#icon-1739-0F9D58-labelson-nodesc</styleUrl>
        <Point>
          <coordinates>
            45.644932,29.035707,0
          </coordinates>
        </Point>
      </Placemark>
      <Placemark>
        <name>بئر الزبر</name>
        <styleUrl>#icon-1739-0F9D58-labelson-nodesc</styleUrl>
        <Point>
          <coordinates>
            44.890866,28.632967,0
          </coordinates>
        </Point>
      </Placemark>
      <Placemark>
        <name>بئر الزعبلي</name>
        <styleUrl>#icon-1739-0F9D58-labelson-nodesc</styleUrl>
        <Point>
          <coordinates>
            44.340928,29.21917,0
          </coordinates>
        </Point>
      </Placemark>
      <Placemark>
        <name>بئر المعيزيلة</name>
        <styleUrl>#icon-1739-0F9D58-labelson-nodesc</styleUrl>
        <Point>
          <coordinates>
            43.558388,28.919964,0
          </coordinates>
        </Point>
      </Placemark>
      <Placemark>
        <name>بئر ام الشنين</name>
        <styleUrl>#icon-1739-0F9D58-labelson-nodesc</styleUrl>
        <Point>
          <coordinates>
            42.802026,28.432767,0
          </coordinates>
        </Point>
      </Placemark>
      <Placemark>
        <name>بئر جريبعات</name>
        <styleUrl>#icon-1739-0F9D58-labelson-nodesc</styleUrl>
        <Point>
          <coordinates>
            45.458014,29.152436,0
          </coordinates>
        </Point>
      </Placemark>
      <Placemark>
        <name>بئر سويدان</name>
        <styleUrl>#icon-1739-0F9D58-labelson-nodesc</styleUrl>
        <Point>
          <coordinates>
            40.850945,31.218166,0
          </coordinates>
        </Point>
      </Placemark>
      <Placemark>
        <name>بئر عيدهه</name>
        <styleUrl>#icon-1739-0F9D58-labelson-nodesc</styleUrl>
        <Point>
          <coordinates>
            43.908234,29.846828,0
          </coordinates>
        </Point>
      </Placemark>
      <Placemark>
        <name>بير خنيفس</name>
        <styleUrl>#icon-1739-0F9D58-labelson-nodesc</styleUrl>
        <Point>
          <coordinates>
            43.396339,29.071541,0
          </coordinates>
        </Point>
      </Placemark>
      <Placemark>
        <name>ثمائل العلوكية</name>
        <styleUrl>#icon-1739-0F9D58-labelson-nodesc</styleUrl>
        <Point>
          <coordinates>
            43.217876,29.175096,0
          </coordinates>
        </Point>
      </Placemark>
      <Placemark>
        <name>ثمائل اللبدي</name>
        <styleUrl>#icon-1739-0F9D58-labelson-nodesc</styleUrl>
        <Point>
          <coordinates>
            41.892607,29.463401,0
          </coordinates>
        </Point>
      </Placemark>
      <Placemark>
        <name>ثمائل المتك</name>
        <styleUrl>#icon-1739-0F9D58-labelson-nodesc</styleUrl>
        <Point>
          <coordinates>
            44.348803,28.312712,0
          </coordinates>
        </Point>
      </Placemark>
      <Placemark>
        <name>ثمايل ابا القد</name>
        <styleUrl>#icon-1739-0F9D58-labelson-nodesc</styleUrl>
        <Point>
          <coordinates>
            42.884467,29.748917,0
          </coordinates>
        </Point>
      </Placemark>
      <Placemark>
        <name>ثمايل الليفية</name>
        <styleUrl>#icon-1739-0F9D58-labelson-nodesc</styleUrl>
        <Point>
          <coordinates>
            43.021388,30.369816,0
          </coordinates>
        </Point>
      </Placemark>
      <Placemark>
        <name>خزان ابن زويمل</name>
        <styleUrl>#icon-1739-0F9D58-labelson-nodesc</styleUrl>
        <Point>
          <coordinates>
            42.982335,29.374459,0
          </coordinates>
        </Point>
      </Placemark>
      <Placemark>
        <name>خزان البرازي</name>
        <styleUrl>#icon-1739-0F9D58-labelson-nodesc</styleUrl>
        <Point>
          <coordinates>
            45.133123,28.83085,0
          </coordinates>
        </Point>
      </Placemark>
      <Placemark>
        <name>خزان البوشيه</name>
        <styleUrl>#icon-1739-0F9D58-labelson-nodesc</styleUrl>
        <Point>
          <coordinates>
            45.177155,28.935606,0
          </coordinates>
        </Point>
      </Placemark>
      <Placemark>
        <name>خزان خور الفحل</name>
        <styleUrl>#icon-1739-0F9D58-labelson-nodesc</styleUrl>
        <Point>
          <coordinates>
            43.159747,28.72751,0
          </coordinates>
        </Point>
      </Placemark>
      <Placemark>
        <name>قلبان ابو شظاظ</name>
        <styleUrl>#icon-1739-0F9D58-labelson-nodesc</styleUrl>
        <Point>
          <coordinates>
            44.273508,28.809607,0
          </coordinates>
        </Point>
      </Placemark>
      <Placemark>
        <name>قلبان الارطاويه</name>
        <styleUrl>#icon-1739-0F9D58-labelson-nodesc</styleUrl>
        <Point>
          <coordinates>
            44.618933,28.089767,0
          </coordinates>
        </Point>
      </Placemark>
      <Placemark>
        <name>قلبان البطيحي</name>
        <styleUrl>#icon-1739-0F9D58-labelson-nodesc</styleUrl>
        <Point>
          <coordinates>
            41.03312,31.04805,0
          </coordinates>
        </Point>
      </Placemark>
      <Placemark>
        <name>قلبان الحفيرة</name>
        <styleUrl>#icon-1739-0F9D58-labelson-nodesc</styleUrl>
        <Point>
          <coordinates>
            43.779016,28.959274,0
          </coordinates>
        </Point>
      </Placemark>
      <Placemark>
        <name>قلبان الدويد</name>
        <styleUrl>#icon-1739-0F9D58-labelson-nodesc</styleUrl>
        <Point>
          <coordinates>
            42.019057,30.01276,0
          </coordinates>
        </Point>
      </Placemark>
      <Placemark>
        <name>قلبان الركعاء</name>
        <styleUrl>#icon-1739-0F9D58-labelson-nodesc</styleUrl>
        <Point>
          <coordinates>
            42.547538,29.73896,0
          </coordinates>
        </Point>
      </Placemark>
      <Placemark>
        <name>قلبان الرمثيات</name>
        <styleUrl>#icon-1739-0F9D58-labelson-nodesc</styleUrl>
        <Point>
          <coordinates>
            41.929987,29.45456,0
          </coordinates>
        </Point>
      </Placemark>
      <Placemark>
        <name>قلبان الروض</name>
        <styleUrl>#icon-1739-0F9D58-labelson-nodesc</styleUrl>
        <Point>
          <coordinates>
            42.572858,29.79224,0
          </coordinates>
        </Point>
      </Placemark>
      <Placemark>
        <name>قلبان الشاظي</name>
        <styleUrl>#icon-1739-0F9D58-labelson-nodesc</styleUrl>
        <Point>
          <coordinates>
            40.880921,31.23353,0
          </coordinates>
        </Point>
      </Placemark>
      <Placemark>
        <name>قلبان الشلاله</name>
        <styleUrl>#icon-1739-0F9D58-labelson-nodesc</styleUrl>
        <Point>
          <coordinates>
            44.644232,28.126931,0
          </coordinates>
        </Point>
      </Placemark>
      <Placemark>
        <name>قلبان الصنيديق</name>
        <styleUrl>#icon-1739-0F9D58-labelson-nodesc</styleUrl>
        <Point>
          <coordinates>
            43.893084,29.318819,0
          </coordinates>
        </Point>
      </Placemark>
      <Placemark>
        <name>قلبان العود</name>
        <styleUrl>#icon-1739-0F9D58-labelson-nodesc</styleUrl>
        <Point>
          <coordinates>
            44.785423,27.971492,0
          </coordinates>
        </Point>
      </Placemark>
      <Placemark>
        <name>قلبان القراين</name>
        <styleUrl>#icon-1739-0F9D58-labelson-nodesc</styleUrl>
        <Point>
          <coordinates>
            44.19244,28.572929,0
          </coordinates>
        </Point>
      </Placemark>
      <Placemark>
        <name>قلبان المسعري</name>
        <styleUrl>#icon-1739-0F9D58-labelson-nodesc</styleUrl>
        <Point>
          <coordinates>
            44.18993,28.63183,0
          </coordinates>
        </Point>
      </Placemark>
      <Placemark>
        <name>قلبان ام نغرة</name>
        <styleUrl>#icon-1739-0F9D58-labelson-nodesc</styleUrl>
        <Point>
          <coordinates>
            44.302111,28.686461,0
          </coordinates>
        </Point>
      </Placemark>
      <Placemark>
        <name>قلبان خليف</name>
        <styleUrl>#icon-1739-0F9D58-labelson-nodesc</styleUrl>
        <Point>
          <coordinates>
            44.309385,28.621831,0
          </coordinates>
        </Point>
      </Placemark>
      <Placemark>
        <name>قلبان خليف</name>
        <styleUrl>#icon-1739-0F9D58-labelson-nodesc</styleUrl>
        <Point>
          <coordinates>
            44.463279,28.667278,0
          </coordinates>
        </Point>
      </Placemark>
      <Placemark>
        <name>قلبان خليفة</name>
        <styleUrl>#icon-1739-0F9D58-labelson-nodesc</styleUrl>
        <Point>
          <coordinates>
            44.304965,28.639555,0
          </coordinates>
        </Point>
      </Placemark>
      <Placemark>
        <name>قلبان رغوه</name>
        <styleUrl>#icon-1739-0F9D58-labelson-nodesc</styleUrl>
        <Point>
          <coordinates>
            44.091804,28.678308,0
          </coordinates>
        </Point>
      </Placemark>
      <Placemark>
        <name>قلبان سراب</name>
        <styleUrl>#icon-1739-0F9D58-labelson-nodesc</styleUrl>
        <Point>
          <coordinates>
            44.765403,27.995782,0
          </coordinates>
        </Point>
      </Placemark>
      <Placemark>
        <name>قلبان غنيم</name>
        <styleUrl>#icon-1739-0F9D58-labelson-nodesc</styleUrl>
        <Point>
          <coordinates>
            44.236236,28.532031,0
          </coordinates>
        </Point>
      </Placemark>
      <Placemark>
        <name>قلبان مطربه</name>
        <styleUrl>#icon-1739-0F9D58-labelson-nodesc</styleUrl>
        <Point>
          <coordinates>
            44.036357,28.739355,0
          </coordinates>
        </Point>
      </Placemark>
      <Placemark>
        <name>قلبان وسيط</name>
        <styleUrl>#icon-1739-0F9D58-labelson-nodesc</styleUrl>
        <Point>
          <coordinates>
            44.665089,28.101268,0
          </coordinates>
        </Point>
      </Placemark>
      <Placemark>
        <name>قليب ابن شريم</name>
        <styleUrl>#icon-1739-0F9D58-labelson-nodesc</styleUrl>
        <Point>
          <coordinates>
            43.594887,29.888971,0
          </coordinates>
        </Point>
      </Placemark>
      <Placemark>
        <name>قليب الامغر</name>
        <styleUrl>#icon-1739-0F9D58-labelson-nodesc</styleUrl>
        <Point>
          <coordinates>
            42.284489,30.965824,0
          </coordinates>
        </Point>
      </Placemark>
      <Placemark>
        <name>قليب الشميلة</name>
        <styleUrl>#icon-1739-0F9D58-labelson-nodesc</styleUrl>
        <Point>
          <coordinates>
            42.88893,30.315807,0
          </coordinates>
        </Point>
      </Placemark>
      <Placemark>
        <name>قليب المجرور</name>
        <styleUrl>#icon-1739-0F9D58-labelson-nodesc</styleUrl>
        <Point>
          <coordinates>
            44.865053,29.181941,0
          </coordinates>
        </Point>
      </Placemark>
      <Placemark>
        <name>قليب المروب</name>
        <styleUrl>#icon-1739-0F9D58-labelson-nodesc</styleUrl>
        <Point>
          <coordinates>
            44.128261,28.635478,0
          </coordinates>
        </Point>
      </Placemark>
      <Placemark>
        <name>قليب جنوب لينه</name>
        <styleUrl>#icon-1739-0F9D58-labelson-nodesc</styleUrl>
        <Point>
          <coordinates>
            43.738739,28.747895,0
          </coordinates>
        </Point>
      </Placemark>
      <Placemark>
        <name>قليب سيار</name>
        <styleUrl>#icon-1739-0F9D58-labelson-nodesc</styleUrl>
        <Point>
          <coordinates>
            44.676676,28.117983,0
          </coordinates>
        </Point>
      </Placemark>
      <Placemark>
        <name>قليب طلحه</name>
        <styleUrl>#icon-1739-0F9D58-labelson-nodesc</styleUrl>
        <Point>
          <coordinates>
            44.698219,28.076248,0
          </coordinates>
        </Point>
      </Placemark>
      <Placemark>
        <name>قليب عريفج</name>
        <styleUrl>#icon-1739-0F9D58-labelson-nodesc</styleUrl>
        <Point>
          <coordinates>
            44.607003,28.113284,0
          </coordinates>
        </Point>
      </Placemark>
      <Placemark>
        <name>قليب غرابان</name>
        <styleUrl>#icon-1739-0F9D58-labelson-nodesc</styleUrl>
        <Point>
          <coordinates>
            43.939776,28.955519,0
          </coordinates>
        </Point>
      </Placemark>
      <Placemark>
        <name>قليب منجورة</name>
        <styleUrl>#icon-1739-0F9D58-labelson-nodesc</styleUrl>
        <Point>
          <coordinates>
            44.344511,28.917196,0
          </coordinates>
        </Point>
      </Placemark>
      <Placemark>
        <name>مارد ماء</name>
        <styleUrl>#icon-1739-0F9D58-labelson-nodesc</styleUrl>
        <Point>
          <coordinates>
            42.154455,29.9156,0
          </coordinates>
        </Point>
      </Placemark>
      <Placemark>
        <name>مارد ماء</name>
        <styleUrl>#icon-1739-0F9D58-labelson-nodesc</styleUrl>
        <Point>
          <coordinates>
            42.175484,28.812611,0
          </coordinates>
        </Point>
      </Placemark>
      <Placemark>
        <name>مارد ماء المعيزيله</name>
        <styleUrl>#icon-1739-0F9D58-labelson-nodesc</styleUrl>
        <Point>
          <coordinates>
            43.39119,28.920221,0
          </coordinates>
        </Point>
      </Placemark>
      <Placemark>
        <name>مورد ماء</name>
        <styleUrl>#icon-1739-0F9D58-labelson-nodesc</styleUrl>
        <Point>
          <coordinates>
            44.683349,27.623684,0
          </coordinates>
        </Point>
      </Placemark>
    </Folder>
    <Folder>
      <name>تجمع مياه</name>
      <Placemark>
        <name>بركة</name>
        <styleUrl>#icon-1739-0288D1-labelson-nodesc</styleUrl>
        <Point>
          <coordinates>
            43.348317,28.673651,0
          </coordinates>
        </Point>
      </Placemark>
      <Placemark>
        <name>بركة</name>
        <styleUrl>#icon-1739-0288D1-labelson-nodesc</styleUrl>
        <Point>
          <coordinates>
            43.37029,28.677599,0
          </coordinates>
        </Point>
      </Placemark>
      <Placemark>
        <name>بركة (الهتيم) القاع</name>
        <styleUrl>#icon-1739-0288D1-labelson-nodesc</styleUrl>
        <Point>
          <coordinates>
            43.627202,29.757607,0
          </coordinates>
        </Point>
      </Placemark>
      <Placemark>
        <name>بركة الثليماء</name>
        <styleUrl>#icon-1739-0288D1-labelson-nodesc</styleUrl>
        <Point>
          <coordinates>
            43.612289,29.625149,0
          </coordinates>
        </Point>
      </Placemark>
      <Placemark>
        <name>بركة الجميمة</name>
        <styleUrl>#icon-1739-0288D1-labelson-nodesc</styleUrl>
        <Point>
          <coordinates>
            43.603728,29.605579,0
          </coordinates>
        </Point>
      </Placemark>
      <Placemark>
        <name>بركة الخشيبي</name>
        <styleUrl>#icon-1739-0288D1-labelson-nodesc</styleUrl>
        <Point>
          <coordinates>
            43.90317,29.192626,0
          </coordinates>
        </Point>
      </Placemark>
      <Placemark>
        <name>بركة الشيحيات</name>
        <styleUrl>#icon-1739-0288D1-labelson-nodesc</styleUrl>
        <Point>
          <coordinates>
            43.475003,29.095531,0
          </coordinates>
        </Point>
      </Placemark>
      <Placemark>
        <name>بركة الظفيري</name>
        <styleUrl>#icon-1739-0288D1-labelson-nodesc</styleUrl>
        <Point>
          <coordinates>
            43.616753,29.987698,0
          </coordinates>
        </Point>
      </Placemark>
      <Placemark>
        <name>بركة العميا</name>
        <styleUrl>#icon-1739-0288D1-labelson-nodesc</styleUrl>
        <Point>
          <coordinates>
            43.390846,28.977127,0
          </coordinates>
        </Point>
      </Placemark>
      <Placemark>
        <name>بركة العمياء</name>
        <styleUrl>#icon-1739-0288D1-labelson-nodesc</styleUrl>
        <Point>
          <coordinates>
            43.620358,29.883327,0
          </coordinates>
        </Point>
      </Placemark>
      <Placemark>
        <name>بركة الياس</name>
        <styleUrl>#icon-1739-0288D1-labelson-nodesc</styleUrl>
        <Point>
          <coordinates>
            40.800154,31.205399,0
          </coordinates>
        </Point>
      </Placemark>
      <Placemark>
        <name>بركة زبالا</name>
        <styleUrl>#icon-1739-0288D1-labelson-nodesc</styleUrl>
        <Point>
          <coordinates>
            43.562508,29.397869,0
          </coordinates>
        </Point>
      </Placemark>
      <Placemark>
        <name>بركة شريف الجعيب</name>
        <styleUrl>#icon-1739-0288D1-labelson-nodesc</styleUrl>
        <Point>
          <coordinates>
            41.556366,30.758822,0
          </coordinates>
        </Point>
      </Placemark>
      <Placemark>
        <name>بركة غصن</name>
        <styleUrl>#icon-1739-0288D1-labelson-nodesc</styleUrl>
        <Point>
          <coordinates>
            41.490963,31.054401,0
          </coordinates>
        </Point>
      </Placemark>
      <Placemark>
        <name>بركة غصن</name>
        <styleUrl>#icon-1739-0288D1-labelson-nodesc</styleUrl>
        <Point>
          <coordinates>
            41.98612,31.093111,0
          </coordinates>
        </Point>
      </Placemark>
      <Placemark>
        <name>حيراء فيحان</name>
        <styleUrl>#icon-1739-0288D1-labelson-nodesc</styleUrl>
        <Point>
          <coordinates>
            43.381405,29.543095,0
          </coordinates>
        </Point>
      </Placemark>
      <Placemark>
        <name>خب الاشياخ</name>
        <styleUrl>#icon-1739-0288D1-labelson-nodesc</styleUrl>
        <Point>
          <coordinates>
            42.546723,28.718498,0
          </coordinates>
        </Point>
      </Placemark>
      <Placemark>
        <name>خب التمياط</name>
        <styleUrl>#icon-1739-0288D1-labelson-nodesc</styleUrl>
        <Point>
          <coordinates>
            43.786676,28.625779,0
          </coordinates>
        </Point>
      </Placemark>
      <Placemark>
        <name>خب الحيانية</name>
        <styleUrl>#icon-1739-0288D1-labelson-nodesc</styleUrl>
        <Point>
          <coordinates>
            42.422504,28.711417,0
          </coordinates>
        </Point>
      </Placemark>
      <Placemark>
        <name>خب المعدى</name>
        <styleUrl>#icon-1739-0288D1-labelson-nodesc</styleUrl>
        <Point>
          <coordinates>
            44.87606,27.615337,0
          </coordinates>
        </Point>
      </Placemark>
      <Placemark>
        <name>خب المندس</name>
        <styleUrl>#icon-1739-0288D1-labelson-nodesc</styleUrl>
        <Point>
          <coordinates>
            42.134156,28.90887,0
          </coordinates>
        </Point>
      </Placemark>
      <Placemark>
        <name>خب سحا</name>
        <styleUrl>#icon-1739-0288D1-labelson-nodesc</styleUrl>
        <Point>
          <coordinates>
            42.578931,28.800595,0
          </coordinates>
        </Point>
      </Placemark>
      <Placemark>
        <name>خب سحاء</name>
        <styleUrl>#icon-1739-0288D1-labelson-nodesc</styleUrl>
        <Point>
          <coordinates>
            42.08622,28.851342,0
          </coordinates>
        </Point>
      </Placemark>
      <Placemark>
        <name>خب سحيبة</name>
        <styleUrl>#icon-1739-0288D1-labelson-nodesc</styleUrl>
        <Point>
          <coordinates>
            41.57366,28.868272,0
          </coordinates>
        </Point>
      </Placemark>
      <Placemark>
        <name>خباري البريكات</name>
        <styleUrl>#icon-1739-0288D1-labelson-nodesc</styleUrl>
        <Point>
          <coordinates>
            41.916597,29.829791,0
          </coordinates>
        </Point>
      </Placemark>
      <Placemark>
        <name>خباري الرقطان</name>
        <styleUrl>#icon-1739-0288D1-labelson-nodesc</styleUrl>
        <Point>
          <coordinates>
            39.467611,31.928909,0
          </coordinates>
        </Point>
      </Placemark>
      <Placemark>
        <name>خباري السروجيات</name>
        <styleUrl>#icon-1739-0288D1-labelson-nodesc</styleUrl>
        <Point>
          <coordinates>
            39.226427,31.981952,0
          </coordinates>
        </Point>
      </Placemark>
      <Placemark>
        <name>خباري الشبهة</name>
        <styleUrl>#icon-1739-0288D1-labelson-nodesc</styleUrl>
        <Point>
          <coordinates>
            39.763727,31.080902,0
          </coordinates>
        </Point>
      </Placemark>
      <Placemark>
        <name>خباري الشريزة</name>
        <styleUrl>#icon-1739-0288D1-labelson-nodesc</styleUrl>
        <Point>
          <coordinates>
            39.452934,32.078876,0
          </coordinates>
        </Point>
      </Placemark>
      <Placemark>
        <name>خباري الضباعيات</name>
        <styleUrl>#icon-1739-0288D1-labelson-nodesc</styleUrl>
        <Point>
          <coordinates>
            41.522827,30.88583,0
          </coordinates>
        </Point>
      </Placemark>
      <Placemark>
        <name>خباري المباوقيات</name>
        <styleUrl>#icon-1739-0288D1-labelson-nodesc</styleUrl>
        <Point>
          <coordinates>
            41.447296,31.183319,0
          </coordinates>
        </Point>
      </Placemark>
      <Placemark>
        <name>خباري الندوف</name>
        <styleUrl>#icon-1739-0288D1-labelson-nodesc</styleUrl>
        <Point>
          <coordinates>
            39.731026,31.161175,0
          </coordinates>
        </Point>
      </Placemark>
      <Placemark>
        <name>خباري الهوة</name>
        <styleUrl>#icon-1739-0288D1-labelson-nodesc</styleUrl>
        <Point>
          <coordinates>
            39.606807,31.98457,0
          </coordinates>
        </Point>
      </Placemark>
      <Placemark>
        <name>خباري عروس</name>
        <styleUrl>#icon-1739-0288D1-labelson-nodesc</styleUrl>
        <Point>
          <coordinates>
            39.575243,31.143901,0
          </coordinates>
        </Point>
      </Placemark>
      <Placemark>
        <name>خبراء ابن رشيد</name>
        <styleUrl>#icon-1739-0288D1-labelson-nodesc</styleUrl>
        <Point>
          <coordinates>
            45.081646,28.99116,0
          </coordinates>
        </Point>
      </Placemark>
      <Placemark>
        <name>خبراء اخيضر</name>
        <styleUrl>#icon-1739-0288D1-labelson-nodesc</styleUrl>
        <Point>
          <coordinates>
            37.961712,31.353285,0
          </coordinates>
        </Point>
      </Placemark>
      <Placemark>
        <name>خبراء الجلعد</name>
        <styleUrl>#icon-1739-0288D1-labelson-nodesc</styleUrl>
        <Point>
          <coordinates>
            43.305016,29.216595,0
          </coordinates>
        </Point>
      </Placemark>
      <Placemark>
        <name>خبراء الحنو و البرق</name>
        <styleUrl>#icon-1739-0288D1-labelson-nodesc</styleUrl>
        <Point>
          <coordinates>
            38.465795,31.407681,0
          </coordinates>
        </Point>
      </Placemark>
      <Placemark>
        <name>خبراء الروض</name>
        <styleUrl>#icon-1739-0288D1-labelson-nodesc</styleUrl>
        <Point>
          <coordinates>
            42.584531,29.785674,0
          </coordinates>
        </Point>
      </Placemark>
      <Placemark>
        <name>خبراء الشديد</name>
        <styleUrl>#icon-1739-0288D1-labelson-nodesc</styleUrl>
        <Point>
          <coordinates>
            38.823495,31.659529,0
          </coordinates>
        </Point>
      </Placemark>
      <Placemark>
        <name>خبراء الصانع</name>
        <styleUrl>#icon-1739-0288D1-labelson-nodesc</styleUrl>
        <Point>
          <coordinates>
            44.208963,29.010429,0
          </coordinates>
        </Point>
      </Placemark>
      <Placemark>
        <name>خبراء العتيبي</name>
        <styleUrl>#icon-1739-0288D1-labelson-nodesc</styleUrl>
        <Point>
          <coordinates>
            44.2731,28.824434,0
          </coordinates>
        </Point>
      </Placemark>
      <Placemark>
        <name>خبراء القيق</name>
        <styleUrl>#icon-1739-0288D1-labelson-nodesc</styleUrl>
        <Point>
          <coordinates>
            39.287968,30.950031,0
          </coordinates>
        </Point>
      </Placemark>
      <Placemark>
        <name>خبراء الكاسب</name>
        <styleUrl>#icon-1739-0288D1-labelson-nodesc</styleUrl>
        <Point>
          <coordinates>
            41.786156,30.283513,0
          </coordinates>
        </Point>
      </Placemark>
      <Placemark>
        <name>خبراء اللقطة</name>
        <styleUrl>#icon-1739-0288D1-labelson-nodesc</styleUrl>
        <Point>
          <coordinates>
            41.74427,29.900322,0
          </coordinates>
        </Point>
      </Placemark>
      <Placemark>
        <name>خبراء اللميماء ام تليل</name>
        <styleUrl>#icon-1739-0288D1-labelson-nodesc</styleUrl>
        <Point>
          <coordinates>
            42.536767,30.559738,0
          </coordinates>
        </Point>
      </Placemark>
      <Placemark>
        <name>خبراء المزوى</name>
        <styleUrl>#icon-1739-0288D1-labelson-nodesc</styleUrl>
        <Point>
          <coordinates>
            42.488894,29.775009,0
          </coordinates>
        </Point>
      </Placemark>
      <Placemark>
        <name>خبراء المسعري</name>
        <styleUrl>#icon-1739-0288D1-labelson-nodesc</styleUrl>
        <Point>
          <coordinates>
            44.533296,28.731887,0
          </coordinates>
        </Point>
      </Placemark>
      <Placemark>
        <name>خبراء المعيقلي</name>
        <styleUrl>#icon-1739-0288D1-labelson-nodesc</styleUrl>
        <Point>
          <coordinates>
            45.060017,28.080304,0
          </coordinates>
        </Point>
      </Placemark>
      <Placemark>
        <name>خبراء المنجوره</name>
        <styleUrl>#icon-1739-0288D1-labelson-nodesc</styleUrl>
        <Point>
          <coordinates>
            44.451177,28.933289,0
          </coordinates>
        </Point>
      </Placemark>
      <Placemark>
        <name>خبراء النعرة</name>
        <styleUrl>#icon-1739-0288D1-labelson-nodesc</styleUrl>
        <Point>
          <coordinates>
            42.847624,29.58468,0
          </coordinates>
        </Point>
      </Placemark>
      <Placemark>
        <name>خبراء الهجم</name>
        <styleUrl>#icon-1739-0288D1-labelson-nodesc</styleUrl>
        <Point>
          <coordinates>
            39.371223,31.649895,0
          </coordinates>
        </Point>
      </Placemark>
      <Placemark>
        <name>خبراء ام الضيان</name>
        <styleUrl>#icon-1739-0288D1-labelson-nodesc</styleUrl>
        <Point>
          <coordinates>
            41.924772,31.006529,0
          </coordinates>
        </Point>
      </Placemark>
      <Placemark>
        <name>خبراء ام خنصر</name>
        <styleUrl>#icon-1739-0288D1-labelson-nodesc</styleUrl>
        <Point>
          <coordinates>
            41.611512,30.795557,0
          </coordinates>
        </Point>
      </Placemark>
      <Placemark>
        <name>خبراء ام طرفاة</name>
        <styleUrl>#icon-1739-0288D1-labelson-nodesc</styleUrl>
        <Point>
          <coordinates>
            41.771951,30.019155,0
          </coordinates>
        </Point>
      </Placemark>
      <Placemark>
        <name>خبراء ام غماره</name>
        <styleUrl>#icon-1739-0288D1-labelson-nodesc</styleUrl>
        <Point>
          <coordinates>
            38.84654,31.816514,0
          </coordinates>
        </Point>
      </Placemark>
      <Placemark>
        <name>خبراء زلاقة</name>
        <styleUrl>#icon-1739-0288D1-labelson-nodesc</styleUrl>
        <Point>
          <coordinates>
            38.77058,31.278419,0
          </coordinates>
        </Point>
      </Placemark>
      <Placemark>
        <name>خبراء شمر</name>
        <styleUrl>#icon-1739-0288D1-labelson-nodesc</styleUrl>
        <Point>
          <coordinates>
            42.066479,30.093613,0
          </coordinates>
        </Point>
      </Placemark>
      <Placemark>
        <name>خبراء صوير</name>
        <styleUrl>#icon-1739-0288D1-labelson-nodesc</styleUrl>
        <Point>
          <coordinates>
            44.447594,28.998413,0
          </coordinates>
        </Point>
      </Placemark>
      <Placemark>
        <name>خبراء علي</name>
        <styleUrl>#icon-1739-0288D1-labelson-nodesc</styleUrl>
        <Point>
          <coordinates>
            43.341923,28.997555,0
          </coordinates>
        </Point>
      </Placemark>
      <Placemark>
        <name>خبراء فهران</name>
        <styleUrl>#icon-1739-0288D1-labelson-nodesc</styleUrl>
        <Point>
          <coordinates>
            44.513898,28.935156,0
          </coordinates>
        </Point>
      </Placemark>
      <Placemark>
        <name>خبراء مدحلة</name>
        <styleUrl>#icon-1739-0288D1-labelson-nodesc</styleUrl>
        <Point>
          <coordinates>
            39.647427,31.948457,0
          </coordinates>
        </Point>
      </Placemark>
      <Placemark>
        <name>خبراء مرعيد</name>
        <styleUrl>#icon-1739-0288D1-labelson-nodesc</styleUrl>
        <Point>
          <coordinates>
            44.134827,29.568844,0
          </coordinates>
        </Point>
      </Placemark>
      <Placemark>
        <name>خبراء مطربه</name>
        <styleUrl>#icon-1739-0288D1-labelson-nodesc</styleUrl>
        <Point>
          <coordinates>
            44.050713,28.738003,0
          </coordinates>
        </Point>
      </Placemark>
      <Placemark>
        <name>خبراء مقناص</name>
        <styleUrl>#icon-1739-0288D1-labelson-nodesc</styleUrl>
        <Point>
          <coordinates>
            42.743597,29.165096,0
          </coordinates>
        </Point>
      </Placemark>
      <Placemark>
        <name>خبراء منجورة</name>
        <styleUrl>#icon-1739-0288D1-labelson-nodesc</styleUrl>
        <Point>
          <coordinates>
            41.485405,30.919991,0
          </coordinates>
        </Point>
      </Placemark>
      <Placemark>
        <name>خبراء نصلة</name>
        <styleUrl>#icon-1739-0288D1-labelson-nodesc</styleUrl>
        <Point>
          <coordinates>
            39.242048,31.317902,0
          </coordinates>
        </Point>
      </Placemark>
      <Placemark>
        <name>خبراء نواظر</name>
        <styleUrl>#icon-1739-0288D1-labelson-nodesc</styleUrl>
        <Point>
          <coordinates>
            43.125501,29.635384,0
          </coordinates>
        </Point>
      </Placemark>
      <Placemark>
        <name>خبرة البردويل</name>
        <styleUrl>#icon-1739-0288D1-labelson-nodesc</styleUrl>
        <Point>
          <coordinates>
            38.949966,31.883354,0
          </coordinates>
        </Point>
      </Placemark>
      <Placemark>
        <name>خبرة الجريبه</name>
        <styleUrl>#icon-1739-0288D1-labelson-nodesc</styleUrl>
        <Point>
          <coordinates>
            43.683143,29.500158,0
          </coordinates>
        </Point>
      </Placemark>
      <Placemark>
        <name>خبرة المحاني</name>
        <styleUrl>#icon-1739-0288D1-labelson-nodesc</styleUrl>
        <Point>
          <coordinates>
            45.533309,28.83321,0
          </coordinates>
        </Point>
      </Placemark>
      <Placemark>
        <name>روض هزاع الشعلان</name>
        <styleUrl>#icon-1739-0288D1-labelson-nodesc</styleUrl>
        <Point>
          <coordinates>
            41.91473,29.546185,0
          </coordinates>
        </Point>
      </Placemark>
      <Placemark>
        <name>روضة الخميسيه</name>
        <styleUrl>#icon-1739-0288D1-labelson-nodesc</styleUrl>
        <Point>
          <coordinates>
            44.061785,28.691869,0
          </coordinates>
        </Point>
      </Placemark>
      <Placemark>
        <name>روضة ام المهابش</name>
        <styleUrl>#icon-1739-0288D1-labelson-nodesc</styleUrl>
        <Point>
          <coordinates>
            45.179193,27.975247,0
          </coordinates>
        </Point>
      </Placemark>
      <Placemark>
        <name>روضة ام المهابيش</name>
        <styleUrl>#icon-1739-0288D1-labelson-nodesc</styleUrl>
        <Point>
          <coordinates>
            45.112717,27.918835,0
          </coordinates>
        </Point>
      </Placemark>
      <Placemark>
        <name>روضة ام عشر</name>
        <styleUrl>#icon-1739-0288D1-labelson-nodesc</styleUrl>
        <Point>
          <coordinates>
            45.067291,27.749405,0
          </coordinates>
        </Point>
      </Placemark>
      <Placemark>
        <name>روضة عليان</name>
        <styleUrl>#icon-1739-0288D1-labelson-nodesc</styleUrl>
        <Point>
          <coordinates>
            41.397772,31.358328,0
          </coordinates>
        </Point>
      </Placemark>
      <Placemark>
        <name>روضة محارب</name>
        <styleUrl>#icon-1739-0288D1-labelson-nodesc</styleUrl>
        <Point>
          <coordinates>
            45.104692,28.30606,0
          </coordinates>
        </Point>
      </Placemark>
      <Placemark>
        <name>سد العوشزي</name>
        <styleUrl>#icon-1739-0288D1-labelson-nodesc</styleUrl>
        <Point>
          <coordinates>
            40.854013,30.900121,0
          </coordinates>
        </Point>
      </Placemark>
      <Placemark>
        <name>سد الغرابة</name>
        <styleUrl>#icon-1739-0288D1-labelson-nodesc</styleUrl>
        <Point>
          <coordinates>
            40.83395,30.883019,0
          </coordinates>
        </Point>
      </Placemark>
      <Placemark>
        <name>شعبان الارطاويات</name>
        <styleUrl>#icon-1739-0288D1-labelson-nodesc</styleUrl>
        <Point>
          <coordinates>
            43.141015,29.029913,0
          </coordinates>
        </Point>
      </Placemark>
      <Placemark>
        <name>شعبان البضاضيك</name>
        <styleUrl>#icon-1739-0288D1-labelson-nodesc</styleUrl>
        <Point>
          <coordinates>
            44.714913,28.34228,0
          </coordinates>
        </Point>
      </Placemark>
      <Placemark>
        <name>شعبان الخور</name>
        <styleUrl>#icon-1739-0288D1-labelson-nodesc</styleUrl>
        <Point>
          <coordinates>
            39.174671,31.40871,0
          </coordinates>
        </Point>
      </Placemark>
      <Placemark>
        <name>شعبان الخور</name>
        <styleUrl>#icon-1739-0288D1-labelson-nodesc</styleUrl>
        <Point>
          <coordinates>
            39.319918,31.134074,0
          </coordinates>
        </Point>
      </Placemark>
      <Placemark>
        <name>شعبان الروثية الشرقية</name>
        <styleUrl>#icon-1739-0288D1-labelson-nodesc</styleUrl>
        <Point>
          <coordinates>
            38.841476,31.150703,0
          </coordinates>
        </Point>
      </Placemark>
      <Placemark>
        <name>شعبان الروثية الغربية</name>
        <styleUrl>#icon-1739-0288D1-labelson-nodesc</styleUrl>
        <Point>
          <coordinates>
            38.685093,31.206644,0
          </coordinates>
        </Point>
      </Placemark>
      <Placemark>
        <name>شعبان الشبهه</name>
        <styleUrl>#icon-1739-0288D1-labelson-nodesc</styleUrl>
        <Point>
          <coordinates>
            40.375035,31.754994,0
          </coordinates>
        </Point>
      </Placemark>
      <Placemark>
        <name>شعبان الشبهه</name>
        <styleUrl>#icon-1739-0288D1-labelson-nodesc</styleUrl>
        <Point>
          <coordinates>
            40.443785,31.695685,0
          </coordinates>
        </Point>
      </Placemark>
      <Placemark>
        <name>شعبان الشبهه</name>
        <styleUrl>#icon-1739-0288D1-labelson-nodesc</styleUrl>
        <Point>
          <coordinates>
            40.538692,31.838508,0
          </coordinates>
        </Point>
      </Placemark>
      <Placemark>
        <name>شعبان العاذريات</name>
        <styleUrl>#icon-1739-0288D1-labelson-nodesc</styleUrl>
        <Point>
          <coordinates>
            44.938374,27.708077,0
          </coordinates>
        </Point>
      </Placemark>
      <Placemark>
        <name>شعبان العكرشي</name>
        <styleUrl>#icon-1739-0288D1-labelson-nodesc</styleUrl>
        <Point>
          <coordinates>
            43.821888,28.456414,0
          </coordinates>
        </Point>
      </Placemark>
      <Placemark>
        <name>شعبان العوج</name>
        <styleUrl>#icon-1739-0288D1-labelson-nodesc</styleUrl>
        <Point>
          <coordinates>
            42.936587,29.067786,0
          </coordinates>
        </Point>
      </Placemark>
      <Placemark>
        <name>شعبان العوج</name>
        <styleUrl>#icon-1739-0288D1-labelson-nodesc</styleUrl>
        <Point>
          <coordinates>
            42.896354,29.06137,0
          </coordinates>
        </Point>
      </Placemark>
      <Placemark>
        <name>شعبان اللبيدي</name>
        <styleUrl>#icon-1739-0288D1-labelson-nodesc</styleUrl>
        <Point>
          <coordinates>
            41.871514,29.442308,0
          </coordinates>
        </Point>
      </Placemark>
      <Placemark>
        <name>شعبان رجل القلات</name>
        <styleUrl>#icon-1739-0288D1-labelson-nodesc</styleUrl>
        <Point>
          <coordinates>
            42.606869,29.545047,0
          </coordinates>
        </Point>
      </Placemark>
      <Placemark>
        <name>شعبان مديسيسات</name>
        <styleUrl>#icon-1739-0288D1-labelson-nodesc</styleUrl>
        <Point>
          <coordinates>
            43.467085,29.534104,0
          </coordinates>
        </Point>
      </Placemark>
      <Placemark>
        <name>شعيب أم شيح</name>
        <styleUrl>#icon-1739-0288D1-labelson-nodesc</styleUrl>
        <Point>
          <coordinates>
            43.185904,28.474309,0
          </coordinates>
        </Point>
      </Placemark>
      <Placemark>
        <name>شعيب أم طليحة</name>
        <styleUrl>#icon-1739-0288D1-labelson-nodesc</styleUrl>
        <Point>
          <coordinates>
            43.202384,28.390689,0
          </coordinates>
        </Point>
      </Placemark>
      <Placemark>
        <name>شعيب أم قليب</name>
        <styleUrl>#icon-1739-0288D1-labelson-nodesc</styleUrl>
        <Point>
          <coordinates>
            43.150263,28.515551,0
          </coordinates>
        </Point>
      </Placemark>
      <Placemark>
        <name>شعيب أم قليب</name>
        <styleUrl>#icon-1739-0288D1-labelson-nodesc</styleUrl>
        <Point>
          <coordinates>
            43.084517,28.395753,0
          </coordinates>
        </Point>
      </Placemark>
      <Placemark>
        <name>شعيب ابا الجرفان</name>
        <styleUrl>#icon-1739-0288D1-labelson-nodesc</styleUrl>
        <Point>
          <coordinates>
            43.912826,28.101461,0
          </coordinates>
        </Point>
      </Placemark>
      <Placemark>
        <name>شعيب ابا الرمم</name>
        <styleUrl>#icon-1739-0288D1-labelson-nodesc</styleUrl>
        <Point>
          <coordinates>
            43.122518,29.187305,0
          </coordinates>
        </Point>
      </Placemark>
      <Placemark>
        <name>شعيب ابا الرمم</name>
        <styleUrl>#icon-1739-0288D1-labelson-nodesc</styleUrl>
        <Point>
          <coordinates>
            43.467901,29.228439,0
          </coordinates>
        </Point>
      </Placemark>
      <Placemark>
        <name>شعيب ابا الرواث</name>
        <styleUrl>#icon-1739-0288D1-labelson-nodesc</styleUrl>
        <Point>
          <coordinates>
            44.859881,28.773601,0
          </coordinates>
        </Point>
      </Placemark>
      <Placemark>
        <name>شعيب ابا رواث</name>
        <styleUrl>#icon-1739-0288D1-labelson-nodesc</styleUrl>
        <Point>
          <coordinates>
            43.75037,29.393363,0
          </coordinates>
        </Point>
      </Placemark>
      <Placemark>
        <name>شعيب ابو ارطى</name>
        <styleUrl>#icon-1739-0288D1-labelson-nodesc</styleUrl>
        <Point>
          <coordinates>
            44.602089,27.673531,0
          </coordinates>
        </Point>
      </Placemark>
      <Placemark>
        <name>شعيب ابو خشبة</name>
        <styleUrl>#icon-1739-0288D1-labelson-nodesc</styleUrl>
        <Point>
          <coordinates>
            44.108949,28.123348,0
          </coordinates>
        </Point>
      </Placemark>
      <Placemark>
        <name>شعيب ابو خميس</name>
        <styleUrl>#icon-1739-0288D1-labelson-nodesc</styleUrl>
        <Point>
          <coordinates>
            40.489747,31.598117,0
          </coordinates>
        </Point>
      </Placemark>
      <Placemark>
        <name>شعيب ابو رغاب</name>
        <styleUrl>#icon-1739-0288D1-labelson-nodesc</styleUrl>
        <Point>
          <coordinates>
            41.082087,31.112831,0
          </coordinates>
        </Point>
      </Placemark>
      <Placemark>
        <name>شعيب ابو رمث</name>
        <styleUrl>#icon-1739-0288D1-labelson-nodesc</styleUrl>
        <Point>
          <coordinates>
            42.875669,29.320815,0
          </coordinates>
        </Point>
      </Placemark>
      <Placemark>
        <name>شعيب ابو سعرة</name>
        <styleUrl>#icon-1739-0288D1-labelson-nodesc</styleUrl>
        <Point>
          <coordinates>
            43.916194,28.974123,0
          </coordinates>
        </Point>
      </Placemark>
      <Placemark>
        <name>شعيب ابو شظاظ</name>
        <styleUrl>#icon-1739-0288D1-labelson-nodesc</styleUrl>
        <Point>
          <coordinates>
            44.448538,28.975647,0
          </coordinates>
        </Point>
      </Placemark>
      <Placemark>
        <name>شعيب ابو عرجاة</name>
        <styleUrl>#icon-1739-0288D1-labelson-nodesc</styleUrl>
        <Point>
          <coordinates>
            42.41626,29.325449,0
          </coordinates>
        </Point>
      </Placemark>
      <Placemark>
        <name>شعيب ابو عشر</name>
        <styleUrl>#icon-1739-0288D1-labelson-nodesc</styleUrl>
        <Point>
          <coordinates>
            44.585202,27.680182,0
          </coordinates>
        </Point>
      </Placemark>
      <Placemark>
        <name>شعيب ابو عشرة</name>
        <styleUrl>#icon-1739-0288D1-labelson-nodesc</styleUrl>
        <Point>
          <coordinates>
            44.033546,28.287005,0
          </coordinates>
        </Point>
      </Placemark>
      <Placemark>
        <name>شعيب ابو عوشز</name>
        <styleUrl>#icon-1739-0288D1-labelson-nodesc</styleUrl>
        <Point>
          <coordinates>
            43.018062,29.496145,0
          </coordinates>
        </Point>
      </Placemark>
      <Placemark>
        <name>شعيب ابو هذلول</name>
        <styleUrl>#icon-1739-0288D1-labelson-nodesc</styleUrl>
        <Point>
          <coordinates>
            44.026186,28.244348,0
          </coordinates>
        </Point>
      </Placemark>
      <Placemark>
        <name>شعيب ارقط</name>
        <styleUrl>#icon-1739-0288D1-labelson-nodesc</styleUrl>
        <Point>
          <coordinates>
            39.416735,31.834688,0
          </coordinates>
        </Point>
      </Placemark>
      <Placemark>
        <name>شعيب ارقط</name>
        <styleUrl>#icon-1739-0288D1-labelson-nodesc</styleUrl>
        <Point>
          <coordinates>
            39.57447,31.551189,0
          </coordinates>
        </Point>
      </Placemark>
      <Placemark>
        <name>شعيب اعيوج</name>
        <styleUrl>#icon-1739-0288D1-labelson-nodesc</styleUrl>
        <Point>
          <coordinates>
            44.099293,28.869302,0
          </coordinates>
        </Point>
      </Placemark>
      <Placemark>
        <name>شعيب الأرطاوي</name>
        <styleUrl>#icon-1739-0288D1-labelson-nodesc</styleUrl>
        <Point>
          <coordinates>
            43.878922,28.201754,0
          </coordinates>
        </Point>
      </Placemark>
      <Placemark>
        <name>شعيب الأرطاوي</name>
        <styleUrl>#icon-1739-0288D1-labelson-nodesc</styleUrl>
        <Point>
          <coordinates>
            43.837852,28.246579,0
          </coordinates>
        </Point>
      </Placemark>
      <Placemark>
        <name>شعيب الأرطاوي</name>
        <styleUrl>#icon-1739-0288D1-labelson-nodesc</styleUrl>
        <Point>
          <coordinates>
            43.39222,28.485661,0
          </coordinates>
        </Point>
      </Placemark>
      <Placemark>
        <name>شعيب الأرطاوي أبو طلحة</name>
        <styleUrl>#icon-1739-0288D1-labelson-nodesc</styleUrl>
        <Point>
          <coordinates>
            43.336515,28.442037,0
          </coordinates>
        </Point>
      </Placemark>
      <Placemark>
        <name>شعيب الأرطاوي أبو طلحة</name>
        <styleUrl>#icon-1739-0288D1-labelson-nodesc</styleUrl>
        <Point>
          <coordinates>
            43.367436,28.373179,0
          </coordinates>
        </Point>
      </Placemark>
      <Placemark>
        <name>شعيب الأسيد</name>
        <styleUrl>#icon-1739-0288D1-labelson-nodesc</styleUrl>
        <Point>
          <coordinates>
            38.176997,31.100192,0
          </coordinates>
        </Point>
      </Placemark>
      <Placemark>
        <name>شعيب الابيتر</name>
        <styleUrl>#icon-1739-0288D1-labelson-nodesc</styleUrl>
        <Point>
          <coordinates>
            39.729953,31.512115,0
          </coordinates>
        </Point>
      </Placemark>
      <Placemark>
        <name>شعيب الارطاوي</name>
        <styleUrl>#icon-1739-0288D1-labelson-nodesc</styleUrl>
        <Point>
          <coordinates>
            42.217026,30.661812,0
          </coordinates>
        </Point>
      </Placemark>
      <Placemark>
        <name>شعيب الارطاوي</name>
        <styleUrl>#icon-1739-0288D1-labelson-nodesc</styleUrl>
        <Point>
          <coordinates>
            41.9502,29.29882,0
          </coordinates>
        </Point>
      </Placemark>
      <Placemark>
        <name>شعيب الارطاوي</name>
        <styleUrl>#icon-1739-0288D1-labelson-nodesc</styleUrl>
        <Point>
          <coordinates>
            42.080662,29.473829,0
          </coordinates>
        </Point>
      </Placemark>
      <Placemark>
        <name>شعيب الارطاوي</name>
        <styleUrl>#icon-1739-0288D1-labelson-nodesc</styleUrl>
        <Point>
          <coordinates>
            42.006183,29.440591,0
          </coordinates>
        </Point>
      </Placemark>
      <Placemark>
        <name>شعيب الافيح</name>
        <styleUrl>#icon-1739-0288D1-labelson-nodesc</styleUrl>
        <Point>
          <coordinates>
            40.600534,31.117702,0
          </coordinates>
        </Point>
      </Placemark>
      <Placemark>
        <name>شعيب الافيح</name>
        <styleUrl>#icon-1739-0288D1-labelson-nodesc</styleUrl>
        <Point>
          <coordinates>
            43.054497,29.277041,0
          </coordinates>
        </Point>
      </Placemark>
      <Placemark>
        <name>شعيب الاويسط</name>
        <styleUrl>#icon-1739-0288D1-labelson-nodesc</styleUrl>
        <Point>
          <coordinates>
            40.896499,31.171989,0
          </coordinates>
        </Point>
      </Placemark>
      <Placemark>
        <name>شعيب البحيرة</name>
        <styleUrl>#icon-1739-0288D1-labelson-nodesc</styleUrl>
        <Point>
          <coordinates>
            40.074348,31.699462,0
          </coordinates>
        </Point>
      </Placemark>
      <Placemark>
        <name>شعيب البدع</name>
        <styleUrl>#icon-1739-0288D1-labelson-nodesc</styleUrl>
        <Point>
          <coordinates>
            43.314242,28.440449,0
          </coordinates>
        </Point>
      </Placemark>
      <Placemark>
        <name>شعيب البردويل</name>
        <styleUrl>#icon-1739-0288D1-labelson-nodesc</styleUrl>
        <Point>
          <coordinates>
            39.047384,31.882324,0
          </coordinates>
        </Point>
      </Placemark>
      <Placemark>
        <name>شعيب البسيتين</name>
        <styleUrl>#icon-1739-0288D1-labelson-nodesc</styleUrl>
        <Point>
          <coordinates>
            43.640871,28.42869,0
          </coordinates>
        </Point>
      </Placemark>
      <Placemark>
        <name>شعيب البشوك</name>
        <styleUrl>#icon-1739-0288D1-labelson-nodesc</styleUrl>
        <Point>
          <coordinates>
            44.83072,27.904587,0
          </coordinates>
        </Point>
      </Placemark>
      <Placemark>
        <name>شعيب البغدادي</name>
        <styleUrl>#icon-1739-0288D1-labelson-nodesc</styleUrl>
        <Point>
          <coordinates>
            42.480526,30.154016,0
          </coordinates>
        </Point>
      </Placemark>
      <Placemark>
        <name>شعيب البقرة</name>
        <styleUrl>#icon-1739-0288D1-labelson-nodesc</styleUrl>
        <Point>
          <coordinates>
            39.137378,31.762869,0
          </coordinates>
        </Point>
      </Placemark>
      <Placemark>
        <name>شعيب البلادي</name>
        <styleUrl>#icon-1739-0288D1-labelson-nodesc</styleUrl>
        <Point>
          <coordinates>
            44.783428,27.929006,0
          </coordinates>
        </Point>
      </Placemark>
      <Placemark>
        <name>شعيب البويب</name>
        <styleUrl>#icon-1739-0288D1-labelson-nodesc</styleUrl>
        <Point>
          <coordinates>
            42.044678,29.593434,0
          </coordinates>
        </Point>
      </Placemark>
      <Placemark>
        <name>شعيب الثرياء</name>
        <styleUrl>#icon-1739-0288D1-labelson-nodesc</styleUrl>
        <Point>
          <coordinates>
            43.088293,28.64507,0
          </coordinates>
        </Point>
      </Placemark>
      <Placemark>
        <name>شعيب الثميلة</name>
        <styleUrl>#icon-1739-0288D1-labelson-nodesc</styleUrl>
        <Point>
          <coordinates>
            38.062928,31.542177,0
          </coordinates>
        </Point>
      </Placemark>
      <Placemark>
        <name>شعيب الثميلة</name>
        <styleUrl>#icon-1739-0288D1-labelson-nodesc</styleUrl>
        <Point>
          <coordinates>
            43.61347,28.823297,0
          </coordinates>
        </Point>
      </Placemark>
      <Placemark>
        <name>شعيب الثميلة</name>
        <styleUrl>#icon-1739-0288D1-labelson-nodesc</styleUrl>
        <Point>
          <coordinates>
            43.653188,28.821924,0
          </coordinates>
        </Point>
      </Placemark>
      <Placemark>
        <name>شعيب الجبر</name>
        <styleUrl>#icon-1739-0288D1-labelson-nodesc</styleUrl>
        <Point>
          <coordinates>
            38.616128,31.481409,0
          </coordinates>
        </Point>
      </Placemark>
      <Placemark>
        <name>شعيب الجراني</name>
        <styleUrl>#icon-1739-0288D1-labelson-nodesc</styleUrl>
        <Point>
          <coordinates>
            38.481331,31.778984,0
          </coordinates>
        </Point>
      </Placemark>
      <Placemark>
        <name>شعيب الجرداء</name>
        <styleUrl>#icon-1739-0288D1-labelson-nodesc</styleUrl>
        <Point>
          <coordinates>
            43.795903,29.007318,0
          </coordinates>
        </Point>
      </Placemark>
      <Placemark>
        <name>شعيب الحدق</name>
        <styleUrl>#icon-1739-0288D1-labelson-nodesc</styleUrl>
        <Point>
          <coordinates>
            43.361514,29.234169,0
          </coordinates>
        </Point>
      </Placemark>
      <Placemark>
        <name>شعيب الحضير</name>
        <styleUrl>#icon-1739-0288D1-labelson-nodesc</styleUrl>
        <Point>
          <coordinates>
            43.037717,29.112589,0
          </coordinates>
        </Point>
      </Placemark>
      <Placemark>
        <name>شعيب الحضير</name>
        <styleUrl>#icon-1739-0288D1-labelson-nodesc</styleUrl>
        <Point>
          <coordinates>
            43.113785,29.130592,0
          </coordinates>
        </Point>
      </Placemark>
      <Placemark>
        <name>شعيب الحفيرة</name>
        <styleUrl>#icon-1739-0288D1-labelson-nodesc</styleUrl>
        <Point>
          <coordinates>
            43.81397,29.016438,0
          </coordinates>
        </Point>
      </Placemark>
      <Placemark>
        <name>شعيب الحمار</name>
        <styleUrl>#icon-1739-0288D1-labelson-nodesc</styleUrl>
        <Point>
          <coordinates>
            41.751952,30.929153,0
          </coordinates>
        </Point>
      </Placemark>
      <Placemark>
        <name>شعيب الحمرة</name>
        <styleUrl>#icon-1739-0288D1-labelson-nodesc</styleUrl>
        <Point>
          <coordinates>
            43.477921,29.769967,0
          </coordinates>
        </Point>
      </Placemark>
      <Placemark>
        <name>شعيب الحنظلية ام رضمة</name>
        <styleUrl>#icon-1739-0288D1-labelson-nodesc</styleUrl>
        <Point>
          <coordinates>
            40.39675,30.849073,0
          </coordinates>
        </Point>
      </Placemark>
      <Placemark>
        <name>شعيب الحنظلية ام رضمة</name>
        <styleUrl>#icon-1739-0288D1-labelson-nodesc</styleUrl>
        <Point>
          <coordinates>
            40.56663,30.788026,0
          </coordinates>
        </Point>
      </Placemark>
      <Placemark>
        <name>شعيب الحنظلية ام غدران</name>
        <styleUrl>#icon-1739-0288D1-labelson-nodesc</styleUrl>
        <Point>
          <coordinates>
            40.445137,30.796909,0
          </coordinates>
        </Point>
      </Placemark>
      <Placemark>
        <name>شعيب الحوايا</name>
        <styleUrl>#icon-1739-0288D1-labelson-nodesc</styleUrl>
        <Point>
          <coordinates>
            44.075625,28.116889,0
          </coordinates>
        </Point>
      </Placemark>
      <Placemark>
        <name>شعيب الخد</name>
        <styleUrl>#icon-1739-0288D1-labelson-nodesc</styleUrl>
        <Point>
          <coordinates>
            40.54028,31.741583,0
          </coordinates>
        </Point>
      </Placemark>
      <Placemark>
        <name>شعيب الخديد</name>
        <styleUrl>#icon-1739-0288D1-labelson-nodesc</styleUrl>
        <Point>
          <coordinates>
            42.690296,29.710121,0
          </coordinates>
        </Point>
      </Placemark>
      <Placemark>
        <name>شعيب الخديد</name>
        <styleUrl>#icon-1739-0288D1-labelson-nodesc</styleUrl>
        <Point>
          <coordinates>
            42.677228,29.723661,0
          </coordinates>
        </Point>
      </Placemark>
      <Placemark>
        <name>شعيب الخرش</name>
        <styleUrl>#icon-1739-0288D1-labelson-nodesc</styleUrl>
        <Point>
          <coordinates>
            43.238389,28.604858,0
          </coordinates>
        </Point>
      </Placemark>
      <Placemark>
        <name>شعيب الخسائر</name>
        <styleUrl>#icon-1739-0288D1-labelson-nodesc</styleUrl>
        <Point>
          <coordinates>
            44.477613,28.856599,0
          </coordinates>
        </Point>
      </Placemark>
      <Placemark>
        <name>شعيب الخشيبي</name>
        <styleUrl>#icon-1739-0288D1-labelson-nodesc</styleUrl>
        <Point>
          <coordinates>
            43.776484,29.095767,0
          </coordinates>
        </Point>
      </Placemark>
      <Placemark>
        <name>شعيب الخشيبي</name>
        <styleUrl>#icon-1739-0288D1-labelson-nodesc</styleUrl>
        <Point>
          <coordinates>
            43.984773,29.255798,0
          </coordinates>
        </Point>
      </Placemark>
      <Placemark>
        <name>شعيب الخشيبية</name>
        <styleUrl>#icon-1739-0288D1-labelson-nodesc</styleUrl>
        <Point>
          <coordinates>
            44.09322,28.536043,0
          </coordinates>
        </Point>
      </Placemark>
      <Placemark>
        <name>شعيب الخشيبية</name>
        <styleUrl>#icon-1739-0288D1-labelson-nodesc</styleUrl>
        <Point>
          <coordinates>
            44.340348,28.57883,0
          </coordinates>
        </Point>
      </Placemark>
      <Placemark>
        <name>شعيب الخفس</name>
        <styleUrl>#icon-1739-0288D1-labelson-nodesc</styleUrl>
        <Point>
          <coordinates>
            41.213,31.078284,0
          </coordinates>
        </Point>
      </Placemark>
      <Placemark>
        <name>شعيب الخليقة</name>
        <styleUrl>#icon-1739-0288D1-labelson-nodesc</styleUrl>
        <Point>
          <coordinates>
            40.742261,31.452119,0
          </coordinates>
        </Point>
      </Placemark>
      <Placemark>
        <name>شعيب الخميسية</name>
        <styleUrl>#icon-1739-0288D1-labelson-nodesc</styleUrl>
        <Point>
          <coordinates>
            44.136114,28.80435,0
          </coordinates>
        </Point>
      </Placemark>
      <Placemark>
        <name>شعيب الخميسيه</name>
        <styleUrl>#icon-1739-0288D1-labelson-nodesc</styleUrl>
        <Point>
          <coordinates>
            44.011853,28.63625,0
          </coordinates>
        </Point>
      </Placemark>
      <Placemark>
        <name>شعيب الخنبش</name>
        <styleUrl>#icon-1739-0288D1-labelson-nodesc</styleUrl>
        <Point>
          <coordinates>
            44.921765,27.814872,0
          </coordinates>
        </Point>
      </Placemark>
      <Placemark>
        <name>شعيب الخويش</name>
        <styleUrl>#icon-1739-0288D1-labelson-nodesc</styleUrl>
        <Point>
          <coordinates>
            44.370239,28.482356,0
          </coordinates>
        </Point>
      </Placemark>
      <Placemark>
        <name>شعيب الخويش</name>
        <styleUrl>#icon-1739-0288D1-labelson-nodesc</styleUrl>
        <Point>
          <coordinates>
            44.612861,28.478172,0
          </coordinates>
        </Point>
      </Placemark>
      <Placemark>
        <name>شعيب الخيسة</name>
        <styleUrl>#icon-1739-0288D1-labelson-nodesc</styleUrl>
        <Point>
          <coordinates>
            43.344176,28.575289,0
          </coordinates>
        </Point>
      </Placemark>
      <Placemark>
        <name>شعيب الدغيمية</name>
        <styleUrl>#icon-1739-0288D1-labelson-nodesc</styleUrl>
        <Point>
          <coordinates>
            43.044648,28.487506,0
          </coordinates>
        </Point>
      </Placemark>
      <Placemark>
        <name>شعيب الدمثي</name>
        <styleUrl>#icon-1739-0288D1-labelson-nodesc</styleUrl>
        <Point>
          <coordinates>
            43.256414,29.287748,0
          </coordinates>
        </Point>
      </Placemark>
      <Placemark>
        <name>شعيب الدميثة</name>
        <styleUrl>#icon-1739-0288D1-labelson-nodesc</styleUrl>
        <Point>
          <coordinates>
            38.649173,31.85827,0
          </coordinates>
        </Point>
      </Placemark>
      <Placemark>
        <name>شعيب الدميثة</name>
        <styleUrl>#icon-1739-0288D1-labelson-nodesc</styleUrl>
        <Point>
          <coordinates>
            41.854692,29.727416,0
          </coordinates>
        </Point>
      </Placemark>
      <Placemark>
        <name>شعيب الدهان</name>
        <styleUrl>#icon-1739-0288D1-labelson-nodesc</styleUrl>
        <Point>
          <coordinates>
            44.001038,28.797054,0
          </coordinates>
        </Point>
      </Placemark>
      <Placemark>
        <name>شعيب الدويرة</name>
        <styleUrl>#icon-1739-0288D1-labelson-nodesc</styleUrl>
        <Point>
          <coordinates>
            42.930129,29.414477,0
          </coordinates>
        </Point>
      </Placemark>
      <Placemark>
        <name>شعيب الذيبة</name>
        <styleUrl>#icon-1739-0288D1-labelson-nodesc</styleUrl>
        <Point>
          <coordinates>
            44.038911,27.99634,0
          </coordinates>
        </Point>
      </Placemark>
      <Placemark>
        <name>شعيب الرصيف</name>
        <styleUrl>#icon-1739-0288D1-labelson-nodesc</styleUrl>
        <Point>
          <coordinates>
            43.17215,29.323754,0
          </coordinates>
        </Point>
      </Placemark>
      <Placemark>
        <name>شعيب الرفيعي</name>
        <styleUrl>#icon-1739-0288D1-labelson-nodesc</styleUrl>
        <Point>
          <coordinates>
            40.775907,31.389506,0
          </coordinates>
        </Point>
      </Placemark>
      <Placemark>
        <name>شعيب الرمانة</name>
        <styleUrl>#icon-1739-0288D1-labelson-nodesc</styleUrl>
        <Point>
          <coordinates>
            42.821531,29.058774,0
          </coordinates>
        </Point>
      </Placemark>
      <Placemark>
        <name>شعيب الرمثي</name>
        <styleUrl>#icon-1739-0288D1-labelson-nodesc</styleUrl>
        <Point>
          <coordinates>
            42.068818,29.340234,0
          </coordinates>
        </Point>
      </Placemark>
      <Placemark>
        <name>شعيب الرمثية</name>
        <styleUrl>#icon-1739-0288D1-labelson-nodesc</styleUrl>
        <Point>
          <coordinates>
            42.064784,29.206188,0
          </coordinates>
        </Point>
      </Placemark>
      <Placemark>
        <name>شعيب الرمثية</name>
        <styleUrl>#icon-1739-0288D1-labelson-nodesc</styleUrl>
        <Point>
          <coordinates>
            42.193379,29.298735,0
          </coordinates>
        </Point>
      </Placemark>
      <Placemark>
        <name>شعيب الرمثية</name>
        <styleUrl>#icon-1739-0288D1-labelson-nodesc</styleUrl>
        <Point>
          <coordinates>
            42.966371,29.421215,0
          </coordinates>
        </Point>
      </Placemark>
      <Placemark>
        <name>شعيب الرميلة</name>
        <styleUrl>#icon-1739-0288D1-labelson-nodesc</styleUrl>
        <Point>
          <coordinates>
            43.982112,28.304708,0
          </coordinates>
        </Point>
      </Placemark>
      <Placemark>
        <name>شعيب الروثية</name>
        <styleUrl>#icon-1739-0288D1-labelson-nodesc</styleUrl>
        <Point>
          <coordinates>
            43.022525,29.307597,0
          </coordinates>
        </Point>
      </Placemark>
      <Placemark>
        <name>شعيب الروثية</name>
        <styleUrl>#icon-1739-0288D1-labelson-nodesc</styleUrl>
        <Point>
          <coordinates>
            43.431616,29.089265,0
          </coordinates>
        </Point>
      </Placemark>
      <Placemark>
        <name>شعيب الرويثية</name>
        <styleUrl>#icon-1739-0288D1-labelson-nodesc</styleUrl>
        <Point>
          <coordinates>
            41.099854,31.078541,0
          </coordinates>
        </Point>
      </Placemark>
      <Placemark>
        <name>شعيب الرويحلي</name>
        <styleUrl>#icon-1739-0288D1-labelson-nodesc</styleUrl>
        <Point>
          <coordinates>
            44.05848,28.603098,0
          </coordinates>
        </Point>
      </Placemark>
      <Placemark>
        <name>شعيب الرويحلي</name>
        <styleUrl>#icon-1739-0288D1-labelson-nodesc</styleUrl>
        <Point>
          <coordinates>
            44.317152,28.69204,0
          </coordinates>
        </Point>
      </Placemark>
      <Placemark>
        <name>شعيب الزعتري</name>
        <styleUrl>#icon-1739-0288D1-labelson-nodesc</styleUrl>
        <Point>
          <coordinates>
            42.235651,30.118332,0
          </coordinates>
        </Point>
      </Placemark>
      <Placemark>
        <name>شعيب السبطاة</name>
        <styleUrl>#icon-1739-0288D1-labelson-nodesc</styleUrl>
        <Point>
          <coordinates>
            43.324242,28.370476,0
          </coordinates>
        </Point>
      </Placemark>
      <Placemark>
        <name>شعيب السليمانية</name>
        <styleUrl>#icon-1739-0288D1-labelson-nodesc</styleUrl>
        <Point>
          <coordinates>
            41.139014,30.548601,0
          </coordinates>
        </Point>
      </Placemark>
      <Placemark>
        <name>شعيب السويلمية</name>
        <styleUrl>#icon-1739-0288D1-labelson-nodesc</styleUrl>
        <Point>
          <coordinates>
            43.471527,28.370304,0
          </coordinates>
        </Point>
      </Placemark>
      <Placemark>
        <name>شعيب السياري</name>
        <styleUrl>#icon-1739-0288D1-labelson-nodesc</styleUrl>
        <Point>
          <coordinates>
            43.57991,29.340878,0
          </coordinates>
        </Point>
      </Placemark>
      <Placemark>
        <name>شعيب الشاحوف</name>
        <styleUrl>#icon-1739-0288D1-labelson-nodesc</styleUrl>
        <Point>
          <coordinates>
            43.532531,29.25981,0
          </coordinates>
        </Point>
      </Placemark>
      <Placemark>
        <name>شعيب الشوكي</name>
        <styleUrl>#icon-1739-0288D1-labelson-nodesc</styleUrl>
        <Point>
          <coordinates>
            43.956063,28.010545,0
          </coordinates>
        </Point>
      </Placemark>
      <Placemark>
        <name>شعيب الشويكي</name>
        <styleUrl>#icon-1739-0288D1-labelson-nodesc</styleUrl>
        <Point>
          <coordinates>
            43.938596,28.050714,0
          </coordinates>
        </Point>
      </Placemark>
      <Placemark>
        <name>شعيب الشويمة</name>
        <styleUrl>#icon-1739-0288D1-labelson-nodesc</styleUrl>
        <Point>
          <coordinates>
            41.785705,29.759195,0
          </coordinates>
        </Point>
      </Placemark>
      <Placemark>
        <name>شعيب الشيحية</name>
        <styleUrl>#icon-1739-0288D1-labelson-nodesc</styleUrl>
        <Point>
          <coordinates>
            38.91381,31.111436,0
          </coordinates>
        </Point>
      </Placemark>
      <Placemark>
        <name>شعيب الشيحية</name>
        <styleUrl>#icon-1739-0288D1-labelson-nodesc</styleUrl>
        <Point>
          <coordinates>
            39.041762,31.143215,0
          </coordinates>
        </Point>
      </Placemark>
      <Placemark>
        <name>شعيب الصور</name>
        <styleUrl>#icon-1739-0288D1-labelson-nodesc</styleUrl>
        <Point>
          <coordinates>
            44.07968,28.776798,0
          </coordinates>
        </Point>
      </Placemark>
      <Placemark>
        <name>شعيب الصور</name>
        <styleUrl>#icon-1739-0288D1-labelson-nodesc</styleUrl>
        <Point>
          <coordinates>
            43.609736,28.513427,0
          </coordinates>
        </Point>
      </Placemark>
      <Placemark>
        <name>شعيب الصور</name>
        <styleUrl>#icon-1739-0288D1-labelson-nodesc</styleUrl>
        <Point>
          <coordinates>
            44.35951,29.014142,0
          </coordinates>
        </Point>
      </Placemark>
      <Placemark>
        <name>شعيب الضباعية</name>
        <styleUrl>#icon-1739-0288D1-labelson-nodesc</styleUrl>
        <Point>
          <coordinates>
            41.328356,30.799034,0
          </coordinates>
        </Point>
      </Placemark>
      <Placemark>
        <name>شعيب الضباعية</name>
        <styleUrl>#icon-1739-0288D1-labelson-nodesc</styleUrl>
        <Point>
          <coordinates>
            41.503451,30.859437,0
          </coordinates>
        </Point>
      </Placemark>
      <Placemark>
        <name>شعيب الضبعة</name>
        <styleUrl>#icon-1739-0288D1-labelson-nodesc</styleUrl>
        <Point>
          <coordinates>
            43.70754,28.382921,0
          </coordinates>
        </Point>
      </Placemark>
      <Placemark>
        <name>شعيب الطريفاوي</name>
        <styleUrl>#icon-1739-0288D1-labelson-nodesc</styleUrl>
        <Point>
          <coordinates>
            39.311829,31.800764,0
          </coordinates>
        </Point>
      </Placemark>
      <Placemark>
        <name>شعيب الطعيس</name>
        <styleUrl>#icon-1739-0288D1-labelson-nodesc</styleUrl>
        <Point>
          <coordinates>
            43.709021,28.499522,0
          </coordinates>
        </Point>
      </Placemark>
      <Placemark>
        <name>شعيب الطلح</name>
        <styleUrl>#icon-1739-0288D1-labelson-nodesc</styleUrl>
        <Point>
          <coordinates>
            43.463287,29.373837,0
          </coordinates>
        </Point>
      </Placemark>
      <Placemark>
        <name>شعيب الطوق</name>
        <styleUrl>#icon-1739-0288D1-labelson-nodesc</styleUrl>
        <Point>
          <coordinates>
            43.681426,28.837073,0
          </coordinates>
        </Point>
      </Placemark>
      <Placemark>
        <name>شعيب الظفيرية</name>
        <styleUrl>#icon-1739-0288D1-labelson-nodesc</styleUrl>
        <Point>
          <coordinates>
            42.805502,29.068987,0
          </coordinates>
        </Point>
      </Placemark>
      <Placemark>
        <name>شعيب العاذرية</name>
        <styleUrl>#icon-1739-0288D1-labelson-nodesc</styleUrl>
        <Point>
          <coordinates>
            42.991583,30.171397,0
          </coordinates>
        </Point>
      </Placemark>
      <Placemark>
        <name>شعيب العبد</name>
        <styleUrl>#icon-1739-0288D1-labelson-nodesc</styleUrl>
        <Point>
          <coordinates>
            38.302202,30.918059,0
          </coordinates>
        </Point>
      </Placemark>
      <Placemark>
        <name>شعيب العبودي</name>
        <styleUrl>#icon-1739-0288D1-labelson-nodesc</styleUrl>
        <Point>
          <coordinates>
            44.099786,28.231537,0
          </coordinates>
        </Point>
      </Placemark>
      <Placemark>
        <name>شعيب العرادية</name>
        <styleUrl>#icon-1739-0288D1-labelson-nodesc</styleUrl>
        <Point>
          <coordinates>
            41.227312,31.161239,0
          </coordinates>
        </Point>
      </Placemark>
      <Placemark>
        <name>شعيب العطيعط</name>
        <styleUrl>#icon-1739-0288D1-labelson-nodesc</styleUrl>
        <Point>
          <coordinates>
            44.105322,28.199008,0
          </coordinates>
        </Point>
      </Placemark>
      <Placemark>
        <name>شعيب العلوكية</name>
        <styleUrl>#icon-1739-0288D1-labelson-nodesc</styleUrl>
        <Point>
          <coordinates>
            43.187234,29.194708,0
          </coordinates>
        </Point>
      </Placemark>
      <Placemark>
        <name>شعيب العوجاء</name>
        <styleUrl>#icon-1739-0288D1-labelson-nodesc</styleUrl>
        <Point>
          <coordinates>
            44.047472,27.912097,0
          </coordinates>
        </Point>
      </Placemark>
      <Placemark>
        <name>شعيب العوشزي</name>
        <styleUrl>#icon-1739-0288D1-labelson-nodesc</styleUrl>
        <Point>
          <coordinates>
            40.871716,30.886581,0
          </coordinates>
        </Point>
      </Placemark>
      <Placemark>
        <name>شعيب العويصي</name>
        <styleUrl>#icon-1739-0288D1-labelson-nodesc</styleUrl>
        <Point>
          <coordinates>
            40.956624,31.204197,0
          </coordinates>
        </Point>
      </Placemark>
      <Placemark>
        <name>شعيب العويصي</name>
        <styleUrl>#icon-1739-0288D1-labelson-nodesc</styleUrl>
        <Point>
          <coordinates>
            41.094339,31.168792,0
          </coordinates>
        </Point>
      </Placemark>
      <Placemark>
        <name>شعيب العويصي الجنوبي</name>
        <styleUrl>#icon-1739-0288D1-labelson-nodesc</styleUrl>
        <Point>
          <coordinates>
            40.993166,31.160703,0
          </coordinates>
        </Point>
      </Placemark>
      <Placemark>
        <name>شعيب الغرابي الشرقي</name>
        <styleUrl>#icon-1739-0288D1-labelson-nodesc</styleUrl>
        <Point>
          <coordinates>
            44.098048,29.000237,0
          </coordinates>
        </Point>
      </Placemark>
      <Placemark>
        <name>شعيب الغرابي الغربي</name>
        <styleUrl>#icon-1739-0288D1-labelson-nodesc</styleUrl>
        <Point>
          <coordinates>
            44.025199,28.997383,0
          </coordinates>
        </Point>
      </Placemark>
      <Placemark>
        <name>شعيب الفاو</name>
        <styleUrl>#icon-1739-0288D1-labelson-nodesc</styleUrl>
        <Point>
          <coordinates>
            42.387528,30.478992,0
          </coordinates>
        </Point>
      </Placemark>
      <Placemark>
        <name>شعيب الفويلق</name>
        <styleUrl>#icon-1739-0288D1-labelson-nodesc</styleUrl>
        <Point>
          <coordinates>
            44.247544,28.051143,0
          </coordinates>
        </Point>
      </Placemark>
      <Placemark>
        <name>شعيب القاصرة</name>
        <styleUrl>#icon-1739-0288D1-labelson-nodesc</styleUrl>
        <Point>
          <coordinates>
            43.073444,28.570247,0
          </coordinates>
        </Point>
      </Placemark>
      <Placemark>
        <name>شعيب القاصرة</name>
        <styleUrl>#icon-1739-0288D1-labelson-nodesc</styleUrl>
        <Point>
          <coordinates>
            42.930729,29.459925,0
          </coordinates>
        </Point>
      </Placemark>
      <Placemark>
        <name>شعيب القرائن</name>
        <styleUrl>#icon-1739-0288D1-labelson-nodesc</styleUrl>
        <Point>
          <coordinates>
            44.162185,28.558981,0
          </coordinates>
        </Point>
      </Placemark>
      <Placemark>
        <name>شعيب القرائن</name>
        <styleUrl>#icon-1739-0288D1-labelson-nodesc</styleUrl>
        <Point>
          <coordinates>
            44.377642,28.652236,0
          </coordinates>
        </Point>
      </Placemark>
      <Placemark>
        <name>شعيب القريري</name>
        <styleUrl>#icon-1739-0288D1-labelson-nodesc</styleUrl>
        <Point>
          <coordinates>
            40.984025,31.349359,0
          </coordinates>
        </Point>
      </Placemark>
      <Placemark>
        <name>شعيب القريري الشمالي</name>
        <styleUrl>#icon-1739-0288D1-labelson-nodesc</styleUrl>
        <Point>
          <coordinates>
            40.565193,31.412337,0
          </coordinates>
        </Point>
      </Placemark>
      <Placemark>
        <name>شعيب القسمي</name>
        <styleUrl>#icon-1739-0288D1-labelson-nodesc</styleUrl>
        <Point>
          <coordinates>
            45.061197,27.782493,0
          </coordinates>
        </Point>
      </Placemark>
      <Placemark>
        <name>شعيب القسومي</name>
        <styleUrl>#icon-1739-0288D1-labelson-nodesc</styleUrl>
        <Point>
          <coordinates>
            45.092525,27.826824,0
          </coordinates>
        </Point>
      </Placemark>
      <Placemark>
        <name>شعيب القطبة</name>
        <styleUrl>#icon-1739-0288D1-labelson-nodesc</styleUrl>
        <Point>
          <coordinates>
            42.0768,30.156934,0
          </coordinates>
        </Point>
      </Placemark>
      <Placemark>
        <name>شعيب القليلة</name>
        <styleUrl>#icon-1739-0288D1-labelson-nodesc</styleUrl>
        <Point>
          <coordinates>
            40.583904,31.617301,0
          </coordinates>
        </Point>
      </Placemark>
      <Placemark>
        <name>شعيب اللويبد</name>
        <styleUrl>#icon-1739-0288D1-labelson-nodesc</styleUrl>
        <Point>
          <coordinates>
            43.969409,27.967608,0
          </coordinates>
        </Point>
      </Placemark>
      <Placemark>
        <name>شعيب اللويزية</name>
        <styleUrl>#icon-1739-0288D1-labelson-nodesc</styleUrl>
        <Point>
          <coordinates>
            40.996127,31.101415,0
          </coordinates>
        </Point>
      </Placemark>
      <Placemark>
        <name>شعيب اللويزية</name>
        <styleUrl>#icon-1739-0288D1-labelson-nodesc</styleUrl>
        <Point>
          <coordinates>
            41.268833,31.280909,0
          </coordinates>
        </Point>
      </Placemark>
      <Placemark>
        <name>شعيب المتياهة</name>
        <styleUrl>#icon-1739-0288D1-labelson-nodesc</styleUrl>
        <Point>
          <coordinates>
            40.601521,31.481752,0
          </coordinates>
        </Point>
      </Placemark>
      <Placemark>
        <name>شعيب المحولة</name>
        <styleUrl>#icon-1739-0288D1-labelson-nodesc</styleUrl>
        <Point>
          <coordinates>
            42.921181,29.238567,0
          </coordinates>
        </Point>
      </Placemark>
      <Placemark>
        <name>شعيب المري</name>
        <styleUrl>#icon-1739-0288D1-labelson-nodesc</styleUrl>
        <Point>
          <coordinates>
            42.244921,29.631436,0
          </coordinates>
        </Point>
      </Placemark>
      <Placemark>
        <name>شعيب المري</name>
        <styleUrl>#icon-1739-0288D1-labelson-nodesc</styleUrl>
        <Point>
          <coordinates>
            42.278309,29.805844,0
          </coordinates>
        </Point>
      </Placemark>
      <Placemark>
        <name>شعيب المساجدي</name>
        <styleUrl>#icon-1739-0288D1-labelson-nodesc</styleUrl>
        <Point>
          <coordinates>
            44.418991,28.630285,0
          </coordinates>
        </Point>
      </Placemark>
      <Placemark>
        <name>شعيب المسعري</name>
        <styleUrl>#icon-1739-0288D1-labelson-nodesc</styleUrl>
        <Point>
          <coordinates>
            44.093027,28.572586,0
          </coordinates>
        </Point>
      </Placemark>
      <Placemark>
        <name>شعيب المسعري</name>
        <styleUrl>#icon-1739-0288D1-labelson-nodesc</styleUrl>
        <Point>
          <coordinates>
            44.332044,28.675046,0
          </coordinates>
        </Point>
      </Placemark>
      <Placemark>
        <name>شعيب المسعري</name>
        <styleUrl>#icon-1739-0288D1-labelson-nodesc</styleUrl>
        <Point>
          <coordinates>
            44.555848,28.843982,0
          </coordinates>
        </Point>
      </Placemark>
      <Placemark>
        <name>شعيب المصندق</name>
        <styleUrl>#icon-1739-0288D1-labelson-nodesc</styleUrl>
        <Point>
          <coordinates>
            43.87167,29.398856,0
          </coordinates>
        </Point>
      </Placemark>
      <Placemark>
        <name>شعيب المعداء</name>
        <styleUrl>#icon-1739-0288D1-labelson-nodesc</styleUrl>
        <Point>
          <coordinates>
            39.231834,31.658821,0
          </coordinates>
        </Point>
      </Placemark>
      <Placemark>
        <name>شعيب المعدى</name>
        <styleUrl>#icon-1739-0288D1-labelson-nodesc</styleUrl>
        <Point>
          <coordinates>
            43.668745,28.701224,0
          </coordinates>
        </Point>
      </Placemark>
      <Placemark>
        <name>شعيب المعدى</name>
        <styleUrl>#icon-1739-0288D1-labelson-nodesc</styleUrl>
        <Point>
          <coordinates>
            43.857186,28.685131,0
          </coordinates>
        </Point>
      </Placemark>
      <Placemark>
        <name>شعيب المعيد</name>
        <styleUrl>#icon-1739-0288D1-labelson-nodesc</styleUrl>
        <Point>
          <coordinates>
            40.792451,31.061332,0
          </coordinates>
        </Point>
      </Placemark>
      <Placemark>
        <name>شعيب المفرق</name>
        <styleUrl>#icon-1739-0288D1-labelson-nodesc</styleUrl>
        <Point>
          <coordinates>
            43.520021,29.080253,0
          </coordinates>
        </Point>
      </Placemark>
      <Placemark>
        <name>شعيب المندسة</name>
        <styleUrl>#icon-1739-0288D1-labelson-nodesc</styleUrl>
        <Point>
          <coordinates>
            40.4075,31.25149,0
          </coordinates>
        </Point>
      </Placemark>
      <Placemark>
        <name>شعيب الموارد</name>
        <styleUrl>#icon-1739-0288D1-labelson-nodesc</styleUrl>
        <Point>
          <coordinates>
            42.631845,29.708662,0
          </coordinates>
        </Point>
      </Placemark>
      <Placemark>
        <name>شعيب الموردة</name>
        <styleUrl>#icon-1739-0288D1-labelson-nodesc</styleUrl>
        <Point>
          <coordinates>
            43.175883,29.228611,0
          </coordinates>
        </Point>
      </Placemark>
      <Placemark>
        <name>شعيب الميخية</name>
        <styleUrl>#icon-1739-0288D1-labelson-nodesc</styleUrl>
        <Point>
          <coordinates>
            43.261864,28.462701,0
          </coordinates>
        </Point>
      </Placemark>
      <Placemark>
        <name>شعيب الناشبي</name>
        <styleUrl>#icon-1739-0288D1-labelson-nodesc</styleUrl>
        <Point>
          <coordinates>
            43.406811,29.287963,0
          </coordinates>
        </Point>
      </Placemark>
      <Placemark>
        <name>شعيب الناشبي</name>
        <styleUrl>#icon-1739-0288D1-labelson-nodesc</styleUrl>
        <Point>
          <coordinates>
            43.553324,29.39965,0
          </coordinates>
        </Point>
      </Placemark>
      <Placemark>
        <name>شعيب النخيريرات</name>
        <styleUrl>#icon-1739-0288D1-labelson-nodesc</styleUrl>
        <Point>
          <coordinates>
            43.41121,29.575453,0
          </coordinates>
        </Point>
      </Placemark>
      <Placemark>
        <name>شعيب النظيم</name>
        <styleUrl>#icon-1739-0288D1-labelson-nodesc</styleUrl>
        <Point>
          <coordinates>
            45.139646,28.707919,0
          </coordinates>
        </Point>
      </Placemark>
      <Placemark>
        <name>شعيب النغوري</name>
        <styleUrl>#icon-1739-0288D1-labelson-nodesc</styleUrl>
        <Point>
          <coordinates>
            40.535324,31.28269,0
          </coordinates>
        </Point>
      </Placemark>
      <Placemark>
        <name>شعيب النقدية</name>
        <styleUrl>#icon-1739-0288D1-labelson-nodesc</styleUrl>
        <Point>
          <coordinates>
            41.293466,30.913725,0
          </coordinates>
        </Point>
      </Placemark>
      <Placemark>
        <name>شعيب النقدية</name>
        <styleUrl>#icon-1739-0288D1-labelson-nodesc</styleUrl>
        <Point>
          <coordinates>
            41.558704,31.025219,0
          </coordinates>
        </Point>
      </Placemark>
      <Placemark>
        <name>شعيب النهيدين</name>
        <styleUrl>#icon-1739-0288D1-labelson-nodesc</styleUrl>
        <Point>
          <coordinates>
            42.720895,29.03899,0
          </coordinates>
        </Point>
      </Placemark>
      <Placemark>
        <name>شعيب النوق</name>
        <styleUrl>#icon-1739-0288D1-labelson-nodesc</styleUrl>
        <Point>
          <coordinates>
            39.101071,31.958864,0
          </coordinates>
        </Point>
      </Placemark>
      <Placemark>
        <name>شعيب الهمل</name>
        <styleUrl>#icon-1739-0288D1-labelson-nodesc</styleUrl>
        <Point>
          <coordinates>
            44.091396,29.28365,0
          </coordinates>
        </Point>
      </Placemark>
      <Placemark>
        <name>شعيب الوجاج</name>
        <styleUrl>#icon-1739-0288D1-labelson-nodesc</styleUrl>
        <Point>
          <coordinates>
            44.09483,28.12706,0
          </coordinates>
        </Point>
      </Placemark>
      <Placemark>
        <name>شعيب الوريبات</name>
        <styleUrl>#icon-1739-0288D1-labelson-nodesc</styleUrl>
        <Point>
          <coordinates>
            41.825981,29.742866,0
          </coordinates>
        </Point>
      </Placemark>
      <Placemark>
        <name>شعيب اليدية</name>
        <styleUrl>#icon-1739-0288D1-labelson-nodesc</styleUrl>
        <Point>
          <coordinates>
            42.272322,29.210973,0
          </coordinates>
        </Point>
      </Placemark>
      <Placemark>
        <name>شعيب ام الجذعان</name>
        <styleUrl>#icon-1739-0288D1-labelson-nodesc</styleUrl>
        <Point>
          <coordinates>
            40.903108,30.974407,0
          </coordinates>
        </Point>
      </Placemark>
      <Placemark>
        <name>شعيب ام الحشو</name>
        <styleUrl>#icon-1739-0288D1-labelson-nodesc</styleUrl>
        <Point>
          <coordinates>
            40.592079,31.789176,0
          </coordinates>
        </Point>
      </Placemark>
      <Placemark>
        <name>شعيب ام الحمير</name>
        <styleUrl>#icon-1739-0288D1-labelson-nodesc</styleUrl>
        <Point>
          <coordinates>
            41.464441,31.358757,0
          </coordinates>
        </Point>
      </Placemark>
      <Placemark>
        <name>شعيب ام الريلان</name>
        <styleUrl>#icon-1739-0288D1-labelson-nodesc</styleUrl>
        <Point>
          <coordinates>
            41.260958,31.208146,0
          </coordinates>
        </Point>
      </Placemark>
      <Placemark>
        <name>شعيب ام الشطن</name>
        <styleUrl>#icon-1739-0288D1-labelson-nodesc</styleUrl>
        <Point>
          <coordinates>
            45.037658,27.73226,0
          </coordinates>
        </Point>
      </Placemark>
      <Placemark>
        <name>شعيب ام خبر</name>
        <styleUrl>#icon-1739-0288D1-labelson-nodesc</styleUrl>
        <Point>
          <coordinates>
            43.860619,28.985775,0
          </coordinates>
        </Point>
      </Placemark>
      <Placemark>
        <name>شعيب ام شيح</name>
        <styleUrl>#icon-1739-0288D1-labelson-nodesc</styleUrl>
        <Point>
          <coordinates>
            42.976477,29.099951,0
          </coordinates>
        </Point>
      </Placemark>
      <Placemark>
        <name>شعيب ام صور</name>
        <styleUrl>#icon-1739-0288D1-labelson-nodesc</styleUrl>
        <Point>
          <coordinates>
            42.813849,29.084244,0
          </coordinates>
        </Point>
      </Placemark>
      <Placemark>
        <name>شعيب ام عمارة</name>
        <styleUrl>#icon-1739-0288D1-labelson-nodesc</styleUrl>
        <Point>
          <coordinates>
            44.061441,28.905437,0
          </coordinates>
        </Point>
      </Placemark>
      <Placemark>
        <name>شعيب ام عمارة</name>
        <styleUrl>#icon-1739-0288D1-labelson-nodesc</styleUrl>
        <Point>
          <coordinates>
            43.955956,28.834326,0
          </coordinates>
        </Point>
      </Placemark>
      <Placemark>
        <name>شعيب ام قرضي</name>
        <styleUrl>#icon-1739-0288D1-labelson-nodesc</styleUrl>
        <Point>
          <coordinates>
            42.904186,29.13542,0
          </coordinates>
        </Point>
      </Placemark>
      <Placemark>
        <name>شعيب ام لويزة</name>
        <styleUrl>#icon-1739-0288D1-labelson-nodesc</styleUrl>
        <Point>
          <coordinates>
            38.945761,30.928681,0
          </coordinates>
        </Point>
      </Placemark>
      <Placemark>
        <name>شعيب ام نويطير</name>
        <styleUrl>#icon-1739-0288D1-labelson-nodesc</styleUrl>
        <Point>
          <coordinates>
            43.918748,29.068408,0
          </coordinates>
        </Point>
      </Placemark>
      <Placemark>
        <name>شعيب ام نويطير</name>
        <styleUrl>#icon-1739-0288D1-labelson-nodesc</styleUrl>
        <Point>
          <coordinates>
            43.978636,29.242387,0
          </coordinates>
        </Point>
      </Placemark>
      <Placemark>
        <name>شعيب بناق</name>
        <styleUrl>#icon-1739-0288D1-labelson-nodesc</styleUrl>
        <Point>
          <coordinates>
            41.15176,30.680115,0
          </coordinates>
        </Point>
      </Placemark>
      <Placemark>
        <name>شعيب بناق</name>
        <styleUrl>#icon-1739-0288D1-labelson-nodesc</styleUrl>
        <Point>
          <coordinates>
            41.31222,30.80708,0
          </coordinates>
        </Point>
      </Placemark>
      <Placemark>
        <name>شعيب جبلة</name>
        <styleUrl>#icon-1739-0288D1-labelson-nodesc</styleUrl>
        <Point>
          <coordinates>
            42.683473,28.657622,0
          </coordinates>
        </Point>
      </Placemark>
      <Placemark>
        <name>شعيب جدلاء</name>
        <styleUrl>#icon-1739-0288D1-labelson-nodesc</styleUrl>
        <Point>
          <coordinates>
            41.783066,29.455633,0
          </coordinates>
        </Point>
      </Placemark>
      <Placemark>
        <name>شعيب جدلاء الجبو</name>
        <styleUrl>#icon-1739-0288D1-labelson-nodesc</styleUrl>
        <Point>
          <coordinates>
            41.810124,29.273479,0
          </coordinates>
        </Point>
      </Placemark>
      <Placemark>
        <name>شعيب جدلاء الجبو</name>
        <styleUrl>#icon-1739-0288D1-labelson-nodesc</styleUrl>
        <Point>
          <coordinates>
            41.790447,29.314356,0
          </coordinates>
        </Point>
      </Placemark>
      <Placemark>
        <name>شعيب جدلاء الضبيعي</name>
        <styleUrl>#icon-1739-0288D1-labelson-nodesc</styleUrl>
        <Point>
          <coordinates>
            41.739721,29.283371,0
          </coordinates>
        </Point>
      </Placemark>
      <Placemark>
        <name>شعيب جدلاء الضبيعي</name>
        <styleUrl>#icon-1739-0288D1-labelson-nodesc</styleUrl>
        <Point>
          <coordinates>
            41.758432,29.309034,0
          </coordinates>
        </Point>
      </Placemark>
      <Placemark>
        <name>شعيب جراني ابو عاذر</name>
        <styleUrl>#icon-1739-0288D1-labelson-nodesc</styleUrl>
        <Point>
          <coordinates>
            38.372004,31.690214,0
          </coordinates>
        </Point>
      </Placemark>
      <Placemark>
        <name>شعيب جراني ابو عجرم</name>
        <styleUrl>#icon-1739-0288D1-labelson-nodesc</styleUrl>
        <Point>
          <coordinates>
            38.42155,31.604834,0
          </coordinates>
        </Point>
      </Placemark>
      <Placemark>
        <name>شعيب جراني ابو غدير</name>
        <styleUrl>#icon-1739-0288D1-labelson-nodesc</styleUrl>
        <Point>
          <coordinates>
            38.320398,31.738772,0
          </coordinates>
        </Point>
      </Placemark>
      <Placemark>
        <name>شعيب جراني ابو غدير</name>
        <styleUrl>#icon-1739-0288D1-labelson-nodesc</styleUrl>
        <Point>
          <coordinates>
            38.317201,31.692102,0
          </coordinates>
        </Point>
      </Placemark>
      <Placemark>
        <name>شعيب جرباء النغورية</name>
        <styleUrl>#icon-1739-0288D1-labelson-nodesc</styleUrl>
        <Point>
          <coordinates>
            40.596821,31.669207,0
          </coordinates>
        </Point>
      </Placemark>
      <Placemark>
        <name>شعيب جويان</name>
        <styleUrl>#icon-1739-0288D1-labelson-nodesc</styleUrl>
        <Point>
          <coordinates>
            40.180264,31.61921,0
          </coordinates>
        </Point>
      </Placemark>
      <Placemark>
        <name>شعيب حسن</name>
        <styleUrl>#icon-1739-0288D1-labelson-nodesc</styleUrl>
        <Point>
          <coordinates>
            40.614953,30.793755,0
          </coordinates>
        </Point>
      </Placemark>
      <Placemark>
        <name>شعيب حضراء</name>
        <styleUrl>#icon-1739-0288D1-labelson-nodesc</styleUrl>
        <Point>
          <coordinates>
            43.20792,28.318162,0
          </coordinates>
        </Point>
      </Placemark>
      <Placemark>
        <name>شعيب خالد</name>
        <styleUrl>#icon-1739-0288D1-labelson-nodesc</styleUrl>
        <Point>
          <coordinates>
            40.79037,31.337149,0
          </coordinates>
        </Point>
      </Placemark>
      <Placemark>
        <name>شعيب خب بطين</name>
        <styleUrl>#icon-1739-0288D1-labelson-nodesc</styleUrl>
        <Point>
          <coordinates>
            39.61215,31.652448,0
          </coordinates>
        </Point>
      </Placemark>
      <Placemark>
        <name>شعيب خضراء</name>
        <styleUrl>#icon-1739-0288D1-labelson-nodesc</styleUrl>
        <Point>
          <coordinates>
            43.261027,28.373244,0
          </coordinates>
        </Point>
      </Placemark>
      <Placemark>
        <name>شعيب خنيفس</name>
        <styleUrl>#icon-1739-0288D1-labelson-nodesc</styleUrl>
        <Point>
          <coordinates>
            43.422604,29.057765,0
          </coordinates>
        </Point>
      </Placemark>
      <Placemark>
        <name>شعيب خويمات</name>
        <styleUrl>#icon-1739-0288D1-labelson-nodesc</styleUrl>
        <Point>
          <coordinates>
            43.214378,30.259094,0
          </coordinates>
        </Point>
      </Placemark>
      <Placemark>
        <name>شعيب دلح</name>
        <styleUrl>#icon-1739-0288D1-labelson-nodesc</styleUrl>
        <Point>
          <coordinates>
            40.55573,31.358564,0
          </coordinates>
        </Point>
      </Placemark>
      <Placemark>
        <name>شعيب ذريعن</name>
        <styleUrl>#icon-1739-0288D1-labelson-nodesc</styleUrl>
        <Point>
          <coordinates>
            40.926518,31.628137,0
          </coordinates>
        </Point>
      </Placemark>
      <Placemark>
        <name>شعيب رغوه</name>
        <styleUrl>#icon-1739-0288D1-labelson-nodesc</styleUrl>
        <Point>
          <coordinates>
            44.038374,28.617132,0
          </coordinates>
        </Point>
      </Placemark>
      <Placemark>
        <name>شعيب رميلان</name>
        <styleUrl>#icon-1739-0288D1-labelson-nodesc</styleUrl>
        <Point>
          <coordinates>
            42.925816,29.295452,0
          </coordinates>
        </Point>
      </Placemark>
      <Placemark>
        <name>شعيب رميلان</name>
        <styleUrl>#icon-1739-0288D1-labelson-nodesc</styleUrl>
        <Point>
          <coordinates>
            43.130178,29.350255,0
          </coordinates>
        </Point>
      </Placemark>
      <Placemark>
        <name>شعيب رميلان</name>
        <styleUrl>#icon-1739-0288D1-labelson-nodesc</styleUrl>
        <Point>
          <coordinates>
            43.904929,28.340328,0
          </coordinates>
        </Point>
      </Placemark>
      <Placemark>
        <name>شعيب رويثة بدنة</name>
        <styleUrl>#icon-1739-0288D1-labelson-nodesc</styleUrl>
        <Point>
          <coordinates>
            40.361345,31.133409,0
          </coordinates>
        </Point>
      </Placemark>
      <Placemark>
        <name>شعيب رويثية عرعر</name>
        <styleUrl>#icon-1739-0288D1-labelson-nodesc</styleUrl>
        <Point>
          <coordinates>
            41.151373,31.013911,0
          </coordinates>
        </Point>
      </Placemark>
      <Placemark>
        <name>شعيب رويثية عرعر</name>
        <styleUrl>#icon-1739-0288D1-labelson-nodesc</styleUrl>
        <Point>
          <coordinates>
            41.262031,31.143644,0
          </coordinates>
        </Point>
      </Placemark>
      <Placemark>
        <name>شعيب زبالا</name>
        <styleUrl>#icon-1739-0288D1-labelson-nodesc</styleUrl>
        <Point>
          <coordinates>
            43.554504,29.36079,0
          </coordinates>
        </Point>
      </Placemark>
      <Placemark>
        <name>شعيب زبالا</name>
        <styleUrl>#icon-1739-0288D1-labelson-nodesc</styleUrl>
        <Point>
          <coordinates>
            43.562787,29.419713,0
          </coordinates>
        </Point>
      </Placemark>
      <Placemark>
        <name>شعيب سامود</name>
        <styleUrl>#icon-1739-0288D1-labelson-nodesc</styleUrl>
        <Point>
          <coordinates>
            44.882498,27.875919,0
          </coordinates>
        </Point>
      </Placemark>
      <Placemark>
        <name>شعيب سبع الرجل</name>
        <styleUrl>#icon-1739-0288D1-labelson-nodesc</styleUrl>
        <Point>
          <coordinates>
            42.57097,29.717116,0
          </coordinates>
        </Point>
      </Placemark>
      <Placemark>
        <name>شعيب سبع الرجل</name>
        <styleUrl>#icon-1739-0288D1-labelson-nodesc</styleUrl>
        <Point>
          <coordinates>
            42.510138,29.641092,0
          </coordinates>
        </Point>
      </Placemark>
      <Placemark>
        <name>شعيب سراب</name>
        <styleUrl>#icon-1739-0288D1-labelson-nodesc</styleUrl>
        <Point>
          <coordinates>
            44.755919,27.988422,0
          </coordinates>
        </Point>
      </Placemark>
      <Placemark>
        <name>شعيب سعدى</name>
        <styleUrl>#icon-1739-0288D1-labelson-nodesc</styleUrl>
        <Point>
          <coordinates>
            44.413969,28.329663,0
          </coordinates>
        </Point>
      </Placemark>
      <Placemark>
        <name>شعيب سكة الابيض</name>
        <styleUrl>#icon-1739-0288D1-labelson-nodesc</styleUrl>
        <Point>
          <coordinates>
            40.444086,31.457076,0
          </coordinates>
        </Point>
      </Placemark>
      <Placemark>
        <name>شعيب سكة مراء</name>
        <styleUrl>#icon-1739-0288D1-labelson-nodesc</styleUrl>
        <Point>
          <coordinates>
            40.237727,31.626012,0
          </coordinates>
        </Point>
      </Placemark>
      <Placemark>
        <name>شعيب سلوة</name>
        <styleUrl>#icon-1739-0288D1-labelson-nodesc</styleUrl>
        <Point>
          <coordinates>
            43.062866,29.251485,0
          </coordinates>
        </Point>
      </Placemark>
      <Placemark>
        <name>شعيب سلوة</name>
        <styleUrl>#icon-1739-0288D1-labelson-nodesc</styleUrl>
        <Point>
          <coordinates>
            42.977486,29.202926,0
          </coordinates>
        </Point>
      </Placemark>
      <Placemark>
        <name>شعيب سويف</name>
        <styleUrl>#icon-1739-0288D1-labelson-nodesc</styleUrl>
        <Point>
          <coordinates>
            41.390111,31.168063,0
          </coordinates>
        </Point>
      </Placemark>
      <Placemark>
        <name>شعيب سويف</name>
        <styleUrl>#icon-1739-0288D1-labelson-nodesc</styleUrl>
        <Point>
          <coordinates>
            41.44146,31.209905,0
          </coordinates>
        </Point>
      </Placemark>
      <Placemark>
        <name>شعيب سويلم</name>
        <styleUrl>#icon-1739-0288D1-labelson-nodesc</styleUrl>
        <Point>
          <coordinates>
            43.00302,29.182799,0
          </coordinates>
        </Point>
      </Placemark>
      <Placemark>
        <name>شعيب شراوا</name>
        <styleUrl>#icon-1739-0288D1-labelson-nodesc</styleUrl>
        <Point>
          <coordinates>
            39.166002,31.603332,0
          </coordinates>
        </Point>
      </Placemark>
      <Placemark>
        <name>شعيب شهيبون</name>
        <styleUrl>#icon-1739-0288D1-labelson-nodesc</styleUrl>
        <Point>
          <coordinates>
            41.804245,30.936899,0
          </coordinates>
        </Point>
      </Placemark>
      <Placemark>
        <name>شعيب شويغير</name>
        <styleUrl>#icon-1739-0288D1-labelson-nodesc</styleUrl>
        <Point>
          <coordinates>
            43.72093,28.797376,0
          </coordinates>
        </Point>
      </Placemark>
      <Placemark>
        <name>شعيب شيحان</name>
        <styleUrl>#icon-1739-0288D1-labelson-nodesc</styleUrl>
        <Point>
          <coordinates>
            43.321474,28.409679,0
          </coordinates>
        </Point>
      </Placemark>
      <Placemark>
        <name>شعيب طلحة ابا القد</name>
        <styleUrl>#icon-1739-0288D1-labelson-nodesc</styleUrl>
        <Point>
          <coordinates>
            42.661393,29.49445,0
          </coordinates>
        </Point>
      </Placemark>
      <Placemark>
        <name>شعيب عشبة</name>
        <styleUrl>#icon-1739-0288D1-labelson-nodesc</styleUrl>
        <Point>
          <coordinates>
            41.065114,31.012795,0
          </coordinates>
        </Point>
      </Placemark>
      <Placemark>
        <name>شعيب علبان</name>
        <styleUrl>#icon-1739-0288D1-labelson-nodesc</styleUrl>
        <Point>
          <coordinates>
            41.373997,31.35438,0
          </coordinates>
        </Point>
      </Placemark>
      <Placemark>
        <name>شعيب غباص</name>
        <styleUrl>#icon-1739-0288D1-labelson-nodesc</styleUrl>
        <Point>
          <coordinates>
            43.174124,29.149926,0
          </coordinates>
        </Point>
      </Placemark>
      <Placemark>
        <name>شعيب غدير الخيل</name>
        <styleUrl>#icon-1739-0288D1-labelson-nodesc</styleUrl>
        <Point>
          <coordinates>
            42.924914,29.530585,0
          </coordinates>
        </Point>
      </Placemark>
      <Placemark>
        <name>شعيب غنيم</name>
        <styleUrl>#icon-1739-0288D1-labelson-nodesc</styleUrl>
        <Point>
          <coordinates>
            44.162099,28.522246,0
          </coordinates>
        </Point>
      </Placemark>
      <Placemark>
        <name>شعيب غنيم</name>
        <styleUrl>#icon-1739-0288D1-labelson-nodesc</styleUrl>
        <Point>
          <coordinates>
            44.422488,28.557909,0
          </coordinates>
        </Point>
      </Placemark>
      <Placemark>
        <name>شعيب غنيم</name>
        <styleUrl>#icon-1739-0288D1-labelson-nodesc</styleUrl>
        <Point>
          <coordinates>
            44.634769,28.677471,0
          </coordinates>
        </Point>
      </Placemark>
      <Placemark>
        <name>شعيب فراج الاوسط</name>
        <styleUrl>#icon-1739-0288D1-labelson-nodesc</styleUrl>
        <Point>
          <coordinates>
            43.578858,28.876426,0
          </coordinates>
        </Point>
      </Placemark>
      <Placemark>
        <name>شعيب فراج الشرقي</name>
        <styleUrl>#icon-1739-0288D1-labelson-nodesc</styleUrl>
        <Point>
          <coordinates>
            43.64881,28.875418,0
          </coordinates>
        </Point>
      </Placemark>
      <Placemark>
        <name>شعيب فراج الغربي</name>
        <styleUrl>#icon-1739-0288D1-labelson-nodesc</styleUrl>
        <Point>
          <coordinates>
            43.557229,28.925843,0
          </coordinates>
        </Point>
      </Placemark>
      <Placemark>
        <name>شعيب قبعة</name>
        <styleUrl>#icon-1739-0288D1-labelson-nodesc</styleUrl>
        <Point>
          <coordinates>
            42.97946,28.53967,0
          </coordinates>
        </Point>
      </Placemark>
      <Placemark>
        <name>شعيب قبعة</name>
        <styleUrl>#icon-1739-0288D1-labelson-nodesc</styleUrl>
        <Point>
          <coordinates>
            43.211997,28.636894,0
          </coordinates>
        </Point>
      </Placemark>
      <Placemark>
        <name>شعيب كسر السليط</name>
        <styleUrl>#icon-1739-0288D1-labelson-nodesc</styleUrl>
        <Point>
          <coordinates>
            43.485947,28.959789,0
          </coordinates>
        </Point>
      </Placemark>
      <Placemark>
        <name>شعيب لس</name>
        <styleUrl>#icon-1739-0288D1-labelson-nodesc</styleUrl>
        <Point>
          <coordinates>
            38.506801,31.174521,0
          </coordinates>
        </Point>
      </Placemark>
      <Placemark>
        <name>شعيب ليل</name>
        <styleUrl>#icon-1739-0288D1-labelson-nodesc</styleUrl>
        <Point>
          <coordinates>
            41.05829,31.327794,0
          </coordinates>
        </Point>
      </Placemark>
      <Placemark>
        <name>شعيب مجطل</name>
        <styleUrl>#icon-1739-0288D1-labelson-nodesc</styleUrl>
        <Point>
          <coordinates>
            44.059939,29.079287,0
          </coordinates>
        </Point>
      </Placemark>
      <Placemark>
        <name>شعيب محيطة</name>
        <styleUrl>#icon-1739-0288D1-labelson-nodesc</styleUrl>
        <Point>
          <coordinates>
            41.085005,30.861111,0
          </coordinates>
        </Point>
      </Placemark>
      <Placemark>
        <name>شعيب مدحلة</name>
        <styleUrl>#icon-1739-0288D1-labelson-nodesc</styleUrl>
        <Point>
          <coordinates>
            39.934788,31.815376,0
          </coordinates>
        </Point>
      </Placemark>
      <Placemark>
        <name>شعيب مديسيس</name>
        <styleUrl>#icon-1739-0288D1-labelson-nodesc</styleUrl>
        <Point>
          <coordinates>
            41.924794,31.050882,0
          </coordinates>
        </Point>
      </Placemark>
      <Placemark>
        <name>شعيب مديسيس</name>
        <styleUrl>#icon-1739-0288D1-labelson-nodesc</styleUrl>
        <Point>
          <coordinates>
            41.606019,29.758358,0
          </coordinates>
        </Point>
      </Placemark>
      <Placemark>
        <name>شعيب مديسيس</name>
        <styleUrl>#icon-1739-0288D1-labelson-nodesc</styleUrl>
        <Point>
          <coordinates>
            42.846122,29.662507,0
          </coordinates>
        </Point>
      </Placemark>
      <Placemark>
        <name>شعيب مديسيس</name>
        <styleUrl>#icon-1739-0288D1-labelson-nodesc</styleUrl>
        <Point>
          <coordinates>
            43.530579,29.362335,0
          </coordinates>
        </Point>
      </Placemark>
      <Placemark>
        <name>شعيب مديسيس</name>
        <styleUrl>#icon-1739-0288D1-labelson-nodesc</styleUrl>
        <Point>
          <coordinates>
            44.300287,28.468473,0
          </coordinates>
        </Point>
      </Placemark>
      <Placemark>
        <name>شعيب مديسيس</name>
        <styleUrl>#icon-1739-0288D1-labelson-nodesc</styleUrl>
        <Point>
          <coordinates>
            44.670925,28.581362,0
          </coordinates>
        </Point>
      </Placemark>
      <Placemark>
        <name>شعيب مديسيس ابا رواث</name>
        <styleUrl>#icon-1739-0288D1-labelson-nodesc</styleUrl>
        <Point>
          <coordinates>
            43.712883,29.423275,0
          </coordinates>
        </Point>
      </Placemark>
      <Placemark>
        <name>شعيب مري</name>
        <styleUrl>#icon-1739-0288D1-labelson-nodesc</styleUrl>
        <Point>
          <coordinates>
            39.974721,31.31552,0
          </coordinates>
        </Point>
      </Placemark>
      <Placemark>
        <name>شعيب مسعود الضبعي</name>
        <styleUrl>#icon-1739-0288D1-labelson-nodesc</styleUrl>
        <Point>
          <coordinates>
            41.655006,29.345684,0
          </coordinates>
        </Point>
      </Placemark>
      <Placemark>
        <name>شعيب مسيهرية الحسي</name>
        <styleUrl>#icon-1739-0288D1-labelson-nodesc</styleUrl>
        <Point>
          <coordinates>
            41.186821,31.213188,0
          </coordinates>
        </Point>
      </Placemark>
      <Placemark>
        <name>شعيب مطربة</name>
        <styleUrl>#icon-1739-0288D1-labelson-nodesc</styleUrl>
        <Point>
          <coordinates>
            43.950141,28.663158,0
          </coordinates>
        </Point>
      </Placemark>
      <Placemark>
        <name>شعيب مظلة</name>
        <styleUrl>#icon-1739-0288D1-labelson-nodesc</styleUrl>
        <Point>
          <coordinates>
            39.891615,31.84988,0
          </coordinates>
        </Point>
      </Placemark>
      <Placemark>
        <name>شعيب مظلة</name>
        <styleUrl>#icon-1739-0288D1-labelson-nodesc</styleUrl>
        <Point>
          <coordinates>
            40.060315,31.859322,0
          </coordinates>
        </Point>
      </Placemark>
      <Placemark>
        <name>شعيب معيلة الرغلية</name>
        <styleUrl>#icon-1739-0288D1-labelson-nodesc</styleUrl>
        <Point>
          <coordinates>
            40.915854,30.76159,0
          </coordinates>
        </Point>
      </Placemark>
      <Placemark>
        <name>شعيب مغطي</name>
        <styleUrl>#icon-1739-0288D1-labelson-nodesc</styleUrl>
        <Point>
          <coordinates>
            44.353609,28.403606,0
          </coordinates>
        </Point>
      </Placemark>
      <Placemark>
        <name>شعيب مغطي</name>
        <styleUrl>#icon-1739-0288D1-labelson-nodesc</styleUrl>
        <Point>
          <coordinates>
            44.626229,28.464675,0
          </coordinates>
        </Point>
      </Placemark>
      <Placemark>
        <name>شعيب منجوره</name>
        <styleUrl>#icon-1739-0288D1-labelson-nodesc</styleUrl>
        <Point>
          <coordinates>
            44.401653,28.947537,0
          </coordinates>
        </Point>
      </Placemark>
      <Placemark>
        <name>شعيب منقولة</name>
        <styleUrl>#icon-1739-0288D1-labelson-nodesc</styleUrl>
        <Point>
          <coordinates>
            40.070765,31.63069,0
          </coordinates>
        </Point>
      </Placemark>
      <Placemark>
        <name>شعيب نخيرير</name>
        <styleUrl>#icon-1739-0288D1-labelson-nodesc</styleUrl>
        <Point>
          <coordinates>
            43.358359,29.749475,0
          </coordinates>
        </Point>
      </Placemark>
      <Placemark>
        <name>شعيب نخيرير الجنوبي</name>
        <styleUrl>#icon-1739-0288D1-labelson-nodesc</styleUrl>
        <Point>
          <coordinates>
            45.359352,28.345907,0
          </coordinates>
        </Point>
      </Placemark>
      <Placemark>
        <name>شعيب نصاب</name>
        <styleUrl>#icon-1739-0288D1-labelson-nodesc</styleUrl>
        <Point>
          <coordinates>
            44.695902,29.156556,0
          </coordinates>
        </Point>
      </Placemark>
      <Placemark>
        <name>شعيب هبين مخطم حامر</name>
        <styleUrl>#icon-1739-0288D1-labelson-nodesc</styleUrl>
        <Point>
          <coordinates>
            40.725803,31.306443,0
          </coordinates>
        </Point>
      </Placemark>
      <Placemark>
        <name>شعيب هبين مخطم شاظي حامر</name>
        <styleUrl>#icon-1739-0288D1-labelson-nodesc</styleUrl>
        <Point>
          <coordinates>
            40.706727,31.164887,0
          </coordinates>
        </Point>
      </Placemark>
      <Placemark>
        <name>شعيب هتيمي</name>
        <styleUrl>#icon-1739-0288D1-labelson-nodesc</styleUrl>
        <Point>
          <coordinates>
            40.987995,31.067855,0
          </coordinates>
        </Point>
      </Placemark>
      <Placemark>
        <name>شعيب هلال</name>
        <styleUrl>#icon-1739-0288D1-labelson-nodesc</styleUrl>
        <Point>
          <coordinates>
            41.018679,31.044381,0
          </coordinates>
        </Point>
      </Placemark>
      <Placemark>
        <name>شعيب وقيان</name>
        <styleUrl>#icon-1739-0288D1-labelson-nodesc</styleUrl>
        <Point>
          <coordinates>
            43.533154,28.493557,0
          </coordinates>
        </Point>
      </Placemark>
      <Placemark>
        <name>شعيب وقيان أم كسر</name>
        <styleUrl>#icon-1739-0288D1-labelson-nodesc</styleUrl>
        <Point>
          <coordinates>
            43.513219,28.509672,0
          </coordinates>
        </Point>
      </Placemark>
      <Placemark>
        <name>شعيبات الكثي</name>
        <styleUrl>#icon-1739-0288D1-labelson-nodesc</styleUrl>
        <Point>
          <coordinates>
            40.868111,31.049659,0
          </coordinates>
        </Point>
      </Placemark>
      <Placemark>
        <name>شعيبات الكثي</name>
        <styleUrl>#icon-1739-0288D1-labelson-nodesc</styleUrl>
        <Point>
          <coordinates>
            40.883217,31.051483,0
          </coordinates>
        </Point>
      </Placemark>
      <Placemark>
        <name>شغايا</name>
        <styleUrl>#icon-1739-0288D1-labelson-nodesc</styleUrl>
        <Point>
          <coordinates>
            43.007441,28.522825,0
          </coordinates>
        </Point>
      </Placemark>
      <Placemark>
        <name>شغايا العوج</name>
        <styleUrl>#icon-1739-0288D1-labelson-nodesc</styleUrl>
        <Point>
          <coordinates>
            43.012676,29.151964,0
          </coordinates>
        </Point>
      </Placemark>
      <Placemark>
        <name>شغايا سدر</name>
        <styleUrl>#icon-1739-0288D1-labelson-nodesc</styleUrl>
        <Point>
          <coordinates>
            42.693086,29.529533,0
          </coordinates>
        </Point>
      </Placemark>
      <Placemark>
        <name>شغايا عرفج</name>
        <styleUrl>#icon-1739-0288D1-labelson-nodesc</styleUrl>
        <Point>
          <coordinates>
            43.147001,28.357,0
          </coordinates>
        </Point>
      </Placemark>
      <Placemark>
        <name>شغايا عرفج وعلندا</name>
        <styleUrl>#icon-1739-0288D1-labelson-nodesc</styleUrl>
        <Point>
          <coordinates>
            42.569962,29.475632,0
          </coordinates>
        </Point>
      </Placemark>
      <Placemark>
        <name>شغايا علندا</name>
        <styleUrl>#icon-1739-0288D1-labelson-nodesc</styleUrl>
        <Point>
          <coordinates>
            42.673817,29.545412,0
          </coordinates>
        </Point>
      </Placemark>
      <Placemark>
        <name>شغايا عواشز الاعيوج</name>
        <styleUrl>#icon-1739-0288D1-labelson-nodesc</styleUrl>
        <Point>
          <coordinates>
            43.004823,29.427009,0
          </coordinates>
        </Point>
      </Placemark>
      <Placemark>
        <name>شغية ام طلاح</name>
        <styleUrl>#icon-1739-0288D1-labelson-nodesc</styleUrl>
        <Point>
          <coordinates>
            43.957307,28.720708,0
          </coordinates>
        </Point>
      </Placemark>
      <Placemark>
        <name>صفاة الماء بالضباعية</name>
        <styleUrl>#icon-1739-0288D1-labelson-nodesc</styleUrl>
        <Point>
          <coordinates>
            38.255982,31.071396,0
          </coordinates>
        </Point>
      </Placemark>
      <Placemark>
        <name>غدير ابو ساس</name>
        <styleUrl>#icon-1739-0288D1-labelson-nodesc</styleUrl>
        <Point>
          <coordinates>
            40.920768,31.187181,0
          </coordinates>
        </Point>
      </Placemark>
      <Placemark>
        <name>غدير اعوج الصفوانية</name>
        <styleUrl>#icon-1739-0288D1-labelson-nodesc</styleUrl>
        <Point>
          <coordinates>
            40.94156,31.451862,0
          </coordinates>
        </Point>
      </Placemark>
      <Placemark>
        <name>غدير الأعيلي الفوقي</name>
        <styleUrl>#icon-1739-0288D1-labelson-nodesc</styleUrl>
        <Point>
          <coordinates>
            38.774679,30.905786,0
          </coordinates>
        </Point>
      </Placemark>
      <Placemark>
        <name>غدير الاقيرع</name>
        <styleUrl>#icon-1739-0288D1-labelson-nodesc</styleUrl>
        <Point>
          <coordinates>
            40.965421,31.388261,0
          </coordinates>
        </Point>
      </Placemark>
      <Placemark>
        <name>غدير الصفوانية</name>
        <styleUrl>#icon-1739-0288D1-labelson-nodesc</styleUrl>
        <Point>
          <coordinates>
            40.951452,31.45287,0
          </coordinates>
        </Point>
      </Placemark>
      <Placemark>
        <name>غدير زبالا</name>
        <styleUrl>#icon-1739-0288D1-labelson-nodesc</styleUrl>
        <Point>
          <coordinates>
            43.553925,29.3571,0
          </coordinates>
        </Point>
      </Placemark>
      <Placemark>
        <name>غدير سلمى</name>
        <styleUrl>#icon-1739-0288D1-labelson-nodesc</styleUrl>
        <Point>
          <coordinates>
            40.92757,31.240804,0
          </coordinates>
        </Point>
      </Placemark>
      <Placemark>
        <name>غدير صليعاء</name>
        <styleUrl>#icon-1739-0288D1-labelson-nodesc</styleUrl>
        <Point>
          <coordinates>
            40.091515,31.600285,0
          </coordinates>
        </Point>
      </Placemark>
      <Placemark>
        <name>غدير مخطم الشاظي</name>
        <styleUrl>#icon-1739-0288D1-labelson-nodesc</styleUrl>
        <Point>
          <coordinates>
            40.762024,31.186409,0
          </coordinates>
        </Point>
      </Placemark>
      <Placemark>
        <name>غدير مخطم حامر</name>
        <styleUrl>#icon-1739-0288D1-labelson-nodesc</styleUrl>
        <Point>
          <coordinates>
            40.747089,31.358929,0
          </coordinates>
        </Point>
      </Placemark>
      <Placemark>
        <name>فرع الهدري الشرقي</name>
        <styleUrl>#icon-1739-0288D1-labelson-nodesc</styleUrl>
        <Point>
          <coordinates>
            42.936909,29.098663,0
          </coordinates>
        </Point>
      </Placemark>
      <Placemark>
        <name>فرق الاقرع</name>
        <styleUrl>#icon-1739-0288D1-labelson-nodesc</styleUrl>
        <Point>
          <coordinates>
            40.192173,30.943229,0
          </coordinates>
        </Point>
      </Placemark>
      <Placemark>
        <name>فروع ابا القد</name>
        <styleUrl>#icon-1739-0288D1-labelson-nodesc</styleUrl>
        <Point>
          <coordinates>
            42.719178,29.538159,0
          </coordinates>
        </Point>
      </Placemark>
      <Placemark>
        <name>فياض ابا رواث</name>
        <styleUrl>#icon-1739-0288D1-labelson-nodesc</styleUrl>
        <Point>
          <coordinates>
            43.840234,29.469109,0
          </coordinates>
        </Point>
      </Placemark>
      <Placemark>
        <name>فياض الافضخ</name>
        <styleUrl>#icon-1739-0288D1-labelson-nodesc</styleUrl>
        <Point>
          <coordinates>
            42.10109,29.984694,0
          </coordinates>
        </Point>
      </Placemark>
      <Placemark>
        <name>فياض البساتين</name>
        <styleUrl>#icon-1739-0288D1-labelson-nodesc</styleUrl>
        <Point>
          <coordinates>
            44.700322,27.55517,0
          </coordinates>
        </Point>
      </Placemark>
      <Placemark>
        <name>فياض البقرة</name>
        <styleUrl>#icon-1739-0288D1-labelson-nodesc</styleUrl>
        <Point>
          <coordinates>
            39.20042,31.796322,0
          </coordinates>
        </Point>
      </Placemark>
      <Placemark>
        <name>فياض التجار</name>
        <styleUrl>#icon-1739-0288D1-labelson-nodesc</styleUrl>
        <Point>
          <coordinates>
            43.28064,29.627316,0
          </coordinates>
        </Point>
      </Placemark>
      <Placemark>
        <name>فياض الحرير</name>
        <styleUrl>#icon-1739-0288D1-labelson-nodesc</styleUrl>
        <Point>
          <coordinates>
            44.041851,28.271234,0
          </coordinates>
        </Point>
      </Placemark>
      <Placemark>
        <name>فياض الحريقيات</name>
        <styleUrl>#icon-1739-0288D1-labelson-nodesc</styleUrl>
        <Point>
          <coordinates>
            44.12354,29.619913,0
          </coordinates>
        </Point>
      </Placemark>
      <Placemark>
        <name>فياض الدوى</name>
        <styleUrl>#icon-1739-0288D1-labelson-nodesc</styleUrl>
        <Point>
          <coordinates>
            44.502761,28.420043,0
          </coordinates>
        </Point>
      </Placemark>
      <Placemark>
        <name>فياض الرديفة</name>
        <styleUrl>#icon-1739-0288D1-labelson-nodesc</styleUrl>
        <Point>
          <coordinates>
            43.351557,29.078708,0
          </coordinates>
        </Point>
      </Placemark>
      <Placemark>
        <name>فياض الرعيل</name>
        <styleUrl>#icon-1739-0288D1-labelson-nodesc</styleUrl>
        <Point>
          <coordinates>
            43.388314,29.229341,0
          </coordinates>
        </Point>
      </Placemark>
      <Placemark>
        <name>فياض الزمل</name>
        <styleUrl>#icon-1739-0288D1-labelson-nodesc</styleUrl>
        <Point>
          <coordinates>
            43.949261,29.286761,0
          </coordinates>
        </Point>
      </Placemark>
      <Placemark>
        <name>فياض الشفلحية</name>
        <styleUrl>#icon-1739-0288D1-labelson-nodesc</styleUrl>
        <Point>
          <coordinates>
            43.284996,29.905043,0
          </coordinates>
        </Point>
      </Placemark>
      <Placemark>
        <name>فياض القرية</name>
        <styleUrl>#icon-1739-0288D1-labelson-nodesc</styleUrl>
        <Point>
          <coordinates>
            44.609663,28.766177,0
          </coordinates>
        </Point>
      </Placemark>
      <Placemark>
        <name>فياض اللميماء</name>
        <styleUrl>#icon-1739-0288D1-labelson-nodesc</styleUrl>
        <Point>
          <coordinates>
            42.454133,30.451505,0
          </coordinates>
        </Point>
      </Placemark>
      <Placemark>
        <name>فياض المركوز</name>
        <styleUrl>#icon-1739-0288D1-labelson-nodesc</styleUrl>
        <Point>
          <coordinates>
            44.937472,28.947301,0
          </coordinates>
        </Point>
      </Placemark>
      <Placemark>
        <name>فياض المزيوى</name>
        <styleUrl>#icon-1739-0288D1-labelson-nodesc</styleUrl>
        <Point>
          <coordinates>
            44.345627,29.445763,0
          </coordinates>
        </Point>
      </Placemark>
      <Placemark>
        <name>فياض المليحاء</name>
        <styleUrl>#icon-1739-0288D1-labelson-nodesc</styleUrl>
        <Point>
          <coordinates>
            44.149182,29.473808,0
          </coordinates>
        </Point>
      </Placemark>
      <Placemark>
        <name>فياض النغوريات</name>
        <styleUrl>#icon-1739-0288D1-labelson-nodesc</styleUrl>
        <Point>
          <coordinates>
            42.873695,29.82404,0
          </coordinates>
        </Point>
      </Placemark>
      <Placemark>
        <name>فياض الهبن</name>
        <styleUrl>#icon-1739-0288D1-labelson-nodesc</styleUrl>
        <Point>
          <coordinates>
            42.292428,30.426443,0
          </coordinates>
        </Point>
      </Placemark>
      <Placemark>
        <name>فياض الهبن</name>
        <styleUrl>#icon-1739-0288D1-labelson-nodesc</styleUrl>
        <Point>
          <coordinates>
            41.581514,29.676111,0
          </coordinates>
        </Point>
      </Placemark>
      <Placemark>
        <name>فياض الوغدان</name>
        <styleUrl>#icon-1739-0288D1-labelson-nodesc</styleUrl>
        <Point>
          <coordinates>
            44.118047,28.805981,0
          </coordinates>
        </Point>
      </Placemark>
      <Placemark>
        <name>فياض ام اذن</name>
        <styleUrl>#icon-1739-0288D1-labelson-nodesc</styleUrl>
        <Point>
          <coordinates>
            43.144169,29.737415,0
          </coordinates>
        </Point>
      </Placemark>
      <Placemark>
        <name>فياض ام الخسفان</name>
        <styleUrl>#icon-1739-0288D1-labelson-nodesc</styleUrl>
        <Point>
          <coordinates>
            45.072527,28.938889,0
          </coordinates>
        </Point>
      </Placemark>
      <Placemark>
        <name>فياض ام القطا</name>
        <styleUrl>#icon-1739-0288D1-labelson-nodesc</styleUrl>
        <Point>
          <coordinates>
            43.758287,28.751006,0
          </coordinates>
        </Point>
      </Placemark>
      <Placemark>
        <name>فياض ام رضمه</name>
        <styleUrl>#icon-1739-0288D1-labelson-nodesc</styleUrl>
        <Point>
          <coordinates>
            44.697211,28.708692,0
          </coordinates>
        </Point>
      </Placemark>
      <Placemark>
        <name>فياض ام غار</name>
        <styleUrl>#icon-1739-0288D1-labelson-nodesc</styleUrl>
        <Point>
          <coordinates>
            43.051815,29.523611,0
          </coordinates>
        </Point>
      </Placemark>
      <Placemark>
        <name>فياض ام نغور</name>
        <styleUrl>#icon-1739-0288D1-labelson-nodesc</styleUrl>
        <Point>
          <coordinates>
            44.687319,29.040298,0
          </coordinates>
        </Point>
      </Placemark>
      <Placemark>
        <name>فياض امهات رمل</name>
        <styleUrl>#icon-1739-0288D1-labelson-nodesc</styleUrl>
        <Point>
          <coordinates>
            43.658896,29.470997,0
          </coordinates>
        </Point>
      </Placemark>
      <Placemark>
        <name>فياض امهات غربان</name>
        <styleUrl>#icon-1739-0288D1-labelson-nodesc</styleUrl>
        <Point>
          <coordinates>
            43.84253,28.797591,0
          </coordinates>
        </Point>
      </Placemark>
      <Placemark>
        <name>فياض امهات غرس</name>
        <styleUrl>#icon-1739-0288D1-labelson-nodesc</styleUrl>
        <Point>
          <coordinates>
            43.969603,28.884387,0
          </coordinates>
        </Point>
      </Placemark>
      <Placemark>
        <name>فياض امهات قدور</name>
        <styleUrl>#icon-1739-0288D1-labelson-nodesc</styleUrl>
        <Point>
          <coordinates>
            43.95323,28.920028,0
          </coordinates>
        </Point>
      </Placemark>
      <Placemark>
        <name>فياض بيوض</name>
        <styleUrl>#icon-1739-0288D1-labelson-nodesc</styleUrl>
        <Point>
          <coordinates>
            41.510768,30.630205,0
          </coordinates>
        </Point>
      </Placemark>
      <Placemark>
        <name>فياض سالم</name>
        <styleUrl>#icon-1739-0288D1-labelson-nodesc</styleUrl>
        <Point>
          <coordinates>
            44.467571,28.482764,0
          </coordinates>
        </Point>
      </Placemark>
      <Placemark>
        <name>فياض سعدي</name>
        <styleUrl>#icon-1739-0288D1-labelson-nodesc</styleUrl>
        <Point>
          <coordinates>
            44.44901,28.370905,0
          </coordinates>
        </Point>
      </Placemark>
      <Placemark>
        <name>فياض شبه الجلاعدة</name>
        <styleUrl>#icon-1739-0288D1-labelson-nodesc</styleUrl>
        <Point>
          <coordinates>
            43.254483,30.098977,0
          </coordinates>
        </Point>
      </Placemark>
      <Placemark>
        <name>فياض عيده</name>
        <styleUrl>#icon-1739-0288D1-labelson-nodesc</styleUrl>
        <Point>
          <coordinates>
            44.877756,28.223598,0
          </coordinates>
        </Point>
      </Placemark>
      <Placemark>
        <name>فياض قدر</name>
        <styleUrl>#icon-1739-0288D1-labelson-nodesc</styleUrl>
        <Point>
          <coordinates>
            43.447494,29.682677,0
          </coordinates>
        </Point>
      </Placemark>
      <Placemark>
        <name>فياض قصوريات</name>
        <styleUrl>#icon-1739-0288D1-labelson-nodesc</styleUrl>
        <Point>
          <coordinates>
            44.357407,29.022274,0
          </coordinates>
        </Point>
      </Placemark>
      <Placemark>
        <name>فيضة  العماجيه</name>
        <styleUrl>#icon-1739-0288D1-labelson-nodesc</styleUrl>
        <Point>
          <coordinates>
            44.758129,28.429163,0
          </coordinates>
        </Point>
      </Placemark>
      <Placemark>
        <name>فيضة أم هويشر</name>
        <styleUrl>#icon-1739-0288D1-labelson-nodesc</styleUrl>
        <Point>
          <coordinates>
            45.165997,29.150655,0
          </coordinates>
        </Point>
      </Placemark>
      <Placemark>
        <name>فيضة ابا رواث</name>
        <styleUrl>#icon-1739-0288D1-labelson-nodesc</styleUrl>
        <Point>
          <coordinates>
            43.836265,29.451127,0
          </coordinates>
        </Point>
      </Placemark>
      <Placemark>
        <name>فيضة ابن جبرين</name>
        <styleUrl>#icon-1739-0288D1-labelson-nodesc</styleUrl>
        <Point>
          <coordinates>
            43.962479,29.33032,0
          </coordinates>
        </Point>
      </Placemark>
      <Placemark>
        <name>فيضة ابن حجر</name>
        <styleUrl>#icon-1739-0288D1-labelson-nodesc</styleUrl>
        <Point>
          <coordinates>
            41.570656,30.759079,0
          </coordinates>
        </Point>
      </Placemark>
      <Placemark>
        <name>فيضة ابن شامان</name>
        <styleUrl>#icon-1739-0288D1-labelson-nodesc</styleUrl>
        <Point>
          <coordinates>
            41.100476,31.29786,0
          </coordinates>
        </Point>
      </Placemark>
      <Placemark>
        <name>فيضة ابن لغيصم</name>
        <styleUrl>#icon-1739-0288D1-labelson-nodesc</styleUrl>
        <Point>
          <coordinates>
            45.246699,28.22907,0
          </coordinates>
        </Point>
      </Placemark>
      <Placemark>
        <name>فيضة ابو خويمه</name>
        <styleUrl>#icon-1739-0288D1-labelson-nodesc</styleUrl>
        <Point>
          <coordinates>
            44.526215,28.561878,0
          </coordinates>
        </Point>
      </Placemark>
      <Placemark>
        <name>فيضة ابو صور</name>
        <styleUrl>#icon-1739-0288D1-labelson-nodesc</styleUrl>
        <Point>
          <coordinates>
            44.246063,28.930779,0
          </coordinates>
        </Point>
      </Placemark>
      <Placemark>
        <name>فيضة البديوي</name>
        <styleUrl>#icon-1739-0288D1-labelson-nodesc</styleUrl>
        <Point>
          <coordinates>
            41.218987,30.642586,0
          </coordinates>
        </Point>
      </Placemark>
      <Placemark>
        <name>فيضة البطاحية</name>
        <styleUrl>#icon-1739-0288D1-labelson-nodesc</styleUrl>
        <Point>
          <coordinates>
            42.797584,29.160118,0
          </coordinates>
        </Point>
      </Placemark>
      <Placemark>
        <name>فيضة البوشيه</name>
        <styleUrl>#icon-1739-0288D1-labelson-nodesc</styleUrl>
        <Point>
          <coordinates>
            45.10025,28.92168,0
          </coordinates>
        </Point>
      </Placemark>
      <Placemark>
        <name>فيضة البولية</name>
        <styleUrl>#icon-1739-0288D1-labelson-nodesc</styleUrl>
        <Point>
          <coordinates>
            44.474716,28.316231,0
          </coordinates>
        </Point>
      </Placemark>
      <Placemark>
        <name>فيضة الثمايل</name>
        <styleUrl>#icon-1739-0288D1-labelson-nodesc</styleUrl>
        <Point>
          <coordinates>
            41.82332,30.294006,0
          </coordinates>
        </Point>
      </Placemark>
      <Placemark>
        <name>فيضة الجثامي</name>
        <styleUrl>#icon-1739-0288D1-labelson-nodesc</styleUrl>
        <Point>
          <coordinates>
            44.5681,28.918591,0
          </coordinates>
        </Point>
      </Placemark>
      <Placemark>
        <name>فيضة الجرداء</name>
        <styleUrl>#icon-1739-0288D1-labelson-nodesc</styleUrl>
        <Point>
          <coordinates>
            43.766463,28.990173,0
          </coordinates>
        </Point>
      </Placemark>
      <Placemark>
        <name>فيضة الجريبانية</name>
        <styleUrl>#icon-1739-0288D1-labelson-nodesc</styleUrl>
        <Point>
          <coordinates>
            44.535913,28.388071,0
          </coordinates>
        </Point>
      </Placemark>
      <Placemark>
        <name>فيضة الجريبانيه الحدرية</name>
        <styleUrl>#icon-1739-0288D1-labelson-nodesc</styleUrl>
        <Point>
          <coordinates>
            44.686375,28.433197,0
          </coordinates>
        </Point>
      </Placemark>
      <Placemark>
        <name>فيضة الجندلي</name>
        <styleUrl>#icon-1739-0288D1-labelson-nodesc</styleUrl>
        <Point>
          <coordinates>
            41.586685,29.884357,0
          </coordinates>
        </Point>
      </Placemark>
      <Placemark>
        <name>فيضة الجوزلي</name>
        <styleUrl>#icon-1739-0288D1-labelson-nodesc</styleUrl>
        <Point>
          <coordinates>
            42.131817,30.676038,0
          </coordinates>
        </Point>
      </Placemark>
      <Placemark>
        <name>فيضة الجوي</name>
        <styleUrl>#icon-1739-0288D1-labelson-nodesc</styleUrl>
        <Point>
          <coordinates>
            42.321568,30.79073,0
          </coordinates>
        </Point>
      </Placemark>
      <Placemark>
        <name>فيضة الحدرة</name>
        <styleUrl>#icon-1739-0288D1-labelson-nodesc</styleUrl>
        <Point>
          <coordinates>
            44.778557,29.03738,0
          </coordinates>
        </Point>
      </Placemark>
      <Placemark>
        <name>فيضة الحدق</name>
        <styleUrl>#icon-1739-0288D1-labelson-nodesc</styleUrl>
        <Point>
          <coordinates>
            42.312427,29.87792,0
          </coordinates>
        </Point>
      </Placemark>
      <Placemark>
        <name>فيضة الحرير</name>
        <styleUrl>#icon-1739-0288D1-labelson-nodesc</styleUrl>
        <Point>
          <coordinates>
            43.999043,28.282349,0
          </coordinates>
        </Point>
      </Placemark>
      <Placemark>
        <name>فيضة الحصانه</name>
        <styleUrl>#icon-1739-0288D1-labelson-nodesc</styleUrl>
        <Point>
          <coordinates>
            44.867585,28.345456,0
          </coordinates>
        </Point>
      </Placemark>
      <Placemark>
        <name>فيضة الحفيرة</name>
        <styleUrl>#icon-1739-0288D1-labelson-nodesc</styleUrl>
        <Point>
          <coordinates>
            43.783393,28.961248,0
          </coordinates>
        </Point>
      </Placemark>
      <Placemark>
        <name>فيضة الحفيرة</name>
        <styleUrl>#icon-1739-0288D1-labelson-nodesc</styleUrl>
        <Point>
          <coordinates>
            43.761806,29.376068,0
          </coordinates>
        </Point>
      </Placemark>
      <Placemark>
        <name>فيضة الحفيره</name>
        <styleUrl>#icon-1739-0288D1-labelson-nodesc</styleUrl>
        <Point>
          <coordinates>
            43.47436,29.432287,0
          </coordinates>
        </Point>
      </Placemark>
      <Placemark>
        <name>فيضة الحوار</name>
        <styleUrl>#icon-1739-0288D1-labelson-nodesc</styleUrl>
        <Point>
          <coordinates>
            42.633197,29.96227,0
          </coordinates>
        </Point>
      </Placemark>
      <Placemark>
        <name>فيضة الحوايا</name>
        <styleUrl>#icon-1739-0288D1-labelson-nodesc</styleUrl>
        <Point>
          <coordinates>
            44.045906,28.133068,0
          </coordinates>
        </Point>
      </Placemark>
      <Placemark>
        <name>فيضة الخبراء</name>
        <styleUrl>#icon-1739-0288D1-labelson-nodesc</styleUrl>
        <Point>
          <coordinates>
            42.820587,29.829597,0
          </coordinates>
        </Point>
      </Placemark>
      <Placemark>
        <name>فيضة الخرما</name>
        <styleUrl>#icon-1739-0288D1-labelson-nodesc</styleUrl>
        <Point>
          <coordinates>
            45.236635,29.136279,0
          </coordinates>
        </Point>
      </Placemark>
      <Placemark>
        <name>فيضة الخزنة</name>
        <styleUrl>#icon-1739-0288D1-labelson-nodesc</styleUrl>
        <Point>
          <coordinates>
            43.021946,29.729176,0
          </coordinates>
        </Point>
      </Placemark>
      <Placemark>
        <name>فيضة الخسائر</name>
        <styleUrl>#icon-1739-0288D1-labelson-nodesc</styleUrl>
        <Point>
          <coordinates>
            44.298399,28.766241,0
          </coordinates>
        </Point>
      </Placemark>
      <Placemark>
        <name>فيضة الخشيبيه</name>
        <styleUrl>#icon-1739-0288D1-labelson-nodesc</styleUrl>
        <Point>
          <coordinates>
            44.210014,28.556213,0
          </coordinates>
        </Point>
      </Placemark>
      <Placemark>
        <name>فيضة الخلفات</name>
        <styleUrl>#icon-1739-0288D1-labelson-nodesc</styleUrl>
        <Point>
          <coordinates>
            44.235935,28.798084,0
          </coordinates>
        </Point>
      </Placemark>
      <Placemark>
        <name>فيضة الخويضة</name>
        <styleUrl>#icon-1739-0288D1-labelson-nodesc</styleUrl>
        <Point>
          <coordinates>
            42.216511,30.910549,0
          </coordinates>
        </Point>
      </Placemark>
      <Placemark>
        <name>فيضة الدلمة</name>
        <styleUrl>#icon-1739-0288D1-labelson-nodesc</styleUrl>
        <Point>
          <coordinates>
            42.182007,29.905815,0
          </coordinates>
        </Point>
      </Placemark>
      <Placemark>
        <name>فيضة الدميثة</name>
        <styleUrl>#icon-1739-0288D1-labelson-nodesc</styleUrl>
        <Point>
          <coordinates>
            41.834736,29.681969,0
          </coordinates>
        </Point>
      </Placemark>
      <Placemark>
        <name>فيضة الذيابة</name>
        <styleUrl>#icon-1739-0288D1-labelson-nodesc</styleUrl>
        <Point>
          <coordinates>
            44.759846,28.021145,0
          </coordinates>
        </Point>
      </Placemark>
      <Placemark>
        <name>فيضة الراغوث</name>
        <styleUrl>#icon-1739-0288D1-labelson-nodesc</styleUrl>
        <Point>
          <coordinates>
            43.878665,29.785781,0
          </coordinates>
        </Point>
      </Placemark>
      <Placemark>
        <name>فيضة الرجال</name>
        <styleUrl>#icon-1739-0288D1-labelson-nodesc</styleUrl>
        <Point>
          <coordinates>
            44.918268,29.171147,0
          </coordinates>
        </Point>
      </Placemark>
      <Placemark>
        <name>فيضة الرغلية</name>
        <styleUrl>#icon-1739-0288D1-labelson-nodesc</styleUrl>
        <Point>
          <coordinates>
            42.963924,29.923325,0
          </coordinates>
        </Point>
      </Placemark>
      <Placemark>
        <name>فيضة الرغلية</name>
        <styleUrl>#icon-1739-0288D1-labelson-nodesc</styleUrl>
        <Point>
          <coordinates>
            43.047695,29.043903,0
          </coordinates>
        </Point>
      </Placemark>
      <Placemark>
        <name>فيضة الرغليه</name>
        <styleUrl>#icon-1739-0288D1-labelson-nodesc</styleUrl>
        <Point>
          <coordinates>
            44.762099,29.022961,0
          </coordinates>
        </Point>
      </Placemark>
      <Placemark>
        <name>فيضة الركعاء</name>
        <styleUrl>#icon-1739-0288D1-labelson-nodesc</styleUrl>
        <Point>
          <coordinates>
            42.558353,29.733725,0
          </coordinates>
        </Point>
      </Placemark>
      <Placemark>
        <name>فيضة الرميلة</name>
        <styleUrl>#icon-1739-0288D1-labelson-nodesc</styleUrl>
        <Point>
          <coordinates>
            43.993227,28.27426,0
          </coordinates>
        </Point>
      </Placemark>
      <Placemark>
        <name>فيضة الزبنيات</name>
        <styleUrl>#icon-1739-0288D1-labelson-nodesc</styleUrl>
        <Point>
          <coordinates>
            43.427625,29.655383,0
          </coordinates>
        </Point>
      </Placemark>
      <Placemark>
        <name>فيضة الزروعية</name>
        <styleUrl>#icon-1739-0288D1-labelson-nodesc</styleUrl>
        <Point>
          <coordinates>
            42.193508,30.778542,0
          </coordinates>
        </Point>
      </Placemark>
      <Placemark>
        <name>فيضة الزعبيه</name>
        <styleUrl>#icon-1739-0288D1-labelson-nodesc</styleUrl>
        <Point>
          <coordinates>
            44.157229,29.094114,0
          </coordinates>
        </Point>
      </Placemark>
      <Placemark>
        <name>فيضة الزفراوي</name>
        <styleUrl>#icon-1739-0288D1-labelson-nodesc</styleUrl>
        <Point>
          <coordinates>
            44.317474,29.30912,0
          </coordinates>
        </Point>
      </Placemark>
      <Placemark>
        <name>فيضة الزقلا</name>
        <styleUrl>#icon-1739-0288D1-labelson-nodesc</styleUrl>
        <Point>
          <coordinates>
            44.088135,28.905888,0
          </coordinates>
        </Point>
      </Placemark>
      <Placemark>
        <name>فيضة السبتية</name>
        <styleUrl>#icon-1739-0288D1-labelson-nodesc</styleUrl>
        <Point>
          <coordinates>
            43.176441,29.80814,0
          </coordinates>
        </Point>
      </Placemark>
      <Placemark>
        <name>فيضة السبعه</name>
        <styleUrl>#icon-1739-0288D1-labelson-nodesc</styleUrl>
        <Point>
          <coordinates>
            44.270096,28.953609,0
          </coordinates>
        </Point>
      </Placemark>
      <Placemark>
        <name>فيضة السلمانية</name>
        <styleUrl>#icon-1739-0288D1-labelson-nodesc</styleUrl>
        <Point>
          <coordinates>
            42.199173,29.849167,0
          </coordinates>
        </Point>
      </Placemark>
      <Placemark>
        <name>فيضة السهله</name>
        <styleUrl>#icon-1739-0288D1-labelson-nodesc</styleUrl>
        <Point>
          <coordinates>
            43.134234,29.25936,0
          </coordinates>
        </Point>
      </Placemark>
      <Placemark>
        <name>فيضة السويطية</name>
        <styleUrl>#icon-1739-0288D1-labelson-nodesc</styleUrl>
        <Point>
          <coordinates>
            44.928374,27.88667,0
          </coordinates>
        </Point>
      </Placemark>
      <Placemark>
        <name>فيضة السويلميه</name>
        <styleUrl>#icon-1739-0288D1-labelson-nodesc</styleUrl>
        <Point>
          <coordinates>
            44.710236,28.613162,0
          </coordinates>
        </Point>
      </Placemark>
      <Placemark>
        <name>فيضة الشحمة</name>
        <styleUrl>#icon-1739-0288D1-labelson-nodesc</styleUrl>
        <Point>
          <coordinates>
            43.211117,29.380875,0
          </coordinates>
        </Point>
      </Placemark>
      <Placemark>
        <name>فيضة الشعبه</name>
        <styleUrl>#icon-1739-0288D1-labelson-nodesc</styleUrl>
        <Point>
          <coordinates>
            44.696803,28.974123,0
          </coordinates>
        </Point>
      </Placemark>
      <Placemark>
        <name>فيضة الشعلانيه</name>
        <styleUrl>#icon-1739-0288D1-labelson-nodesc</styleUrl>
        <Point>
          <coordinates>
            44.071484,28.708992,0
          </coordinates>
        </Point>
      </Placemark>
      <Placemark>
        <name>فيضة الشفلح</name>
        <styleUrl>#icon-1739-0288D1-labelson-nodesc</styleUrl>
        <Point>
          <coordinates>
            39.945259,31.448879,0
          </coordinates>
        </Point>
      </Placemark>
      <Placemark>
        <name>فيضة الشفلح</name>
        <styleUrl>#icon-1739-0288D1-labelson-nodesc</styleUrl>
        <Point>
          <coordinates>
            43.471699,29.423704,0
          </coordinates>
        </Point>
      </Placemark>
      <Placemark>
        <name>فيضة الشفلحية</name>
        <styleUrl>#icon-1739-0288D1-labelson-nodesc</styleUrl>
        <Point>
          <coordinates>
            41.407278,30.624068,0
          </coordinates>
        </Point>
      </Placemark>
      <Placemark>
        <name>فيضة الشفلحية</name>
        <styleUrl>#icon-1739-0288D1-labelson-nodesc</styleUrl>
        <Point>
          <coordinates>
            41.592007,30.965309,0
          </coordinates>
        </Point>
      </Placemark>
      <Placemark>
        <name>فيضة الشفلحية</name>
        <styleUrl>#icon-1739-0288D1-labelson-nodesc</styleUrl>
        <Point>
          <coordinates>
            42.357101,30.02409,0
          </coordinates>
        </Point>
      </Placemark>
      <Placemark>
        <name>فيضة الشفلحية الجنوبية</name>
        <styleUrl>#icon-1739-0288D1-labelson-nodesc</styleUrl>
        <Point>
          <coordinates>
            41.393909,30.593662,0
          </coordinates>
        </Point>
      </Placemark>
      <Placemark>
        <name>فيضة الشفلحية الشمالية</name>
        <styleUrl>#icon-1739-0288D1-labelson-nodesc</styleUrl>
        <Point>
          <coordinates>
            41.33091,30.688076,0
          </coordinates>
        </Point>
      </Placemark>
      <Placemark>
        <name>فيضة الشيحيه</name>
        <styleUrl>#icon-1739-0288D1-labelson-nodesc</styleUrl>
        <Point>
          <coordinates>
            43.056536,29.234962,0
          </coordinates>
        </Point>
      </Placemark>
      <Placemark>
        <name>فيضة الشيخ</name>
        <styleUrl>#icon-1739-0288D1-labelson-nodesc</styleUrl>
        <Point>
          <coordinates>
            44.638159,28.496089,0
          </coordinates>
        </Point>
      </Placemark>
      <Placemark>
        <name>فيضة الشيخ</name>
        <styleUrl>#icon-1739-0288D1-labelson-nodesc</styleUrl>
        <Point>
          <coordinates>
            44.761906,28.647881,0
          </coordinates>
        </Point>
      </Placemark>
      <Placemark>
        <name>فيضة الشيخة</name>
        <styleUrl>#icon-1739-0288D1-labelson-nodesc</styleUrl>
        <Point>
          <coordinates>
            41.56188,30.770366,0
          </coordinates>
        </Point>
      </Placemark>
      <Placemark>
        <name>فيضة الشيخة</name>
        <styleUrl>#icon-1739-0288D1-labelson-nodesc</styleUrl>
        <Point>
          <coordinates>
            41.994746,30.617867,0
          </coordinates>
        </Point>
      </Placemark>
      <Placemark>
        <name>فيضة الشيوخ</name>
        <styleUrl>#icon-1739-0288D1-labelson-nodesc</styleUrl>
        <Point>
          <coordinates>
            44.069939,28.83276,0
          </coordinates>
        </Point>
      </Placemark>
      <Placemark>
        <name>فيضة الصلبه</name>
        <styleUrl>#icon-1739-0288D1-labelson-nodesc</styleUrl>
        <Point>
          <coordinates>
            44.129419,28.786047,0
          </coordinates>
        </Point>
      </Placemark>
      <Placemark>
        <name>فيضة الصلبي</name>
        <styleUrl>#icon-1739-0288D1-labelson-nodesc</styleUrl>
        <Point>
          <coordinates>
            44.152229,29.040492,0
          </coordinates>
        </Point>
      </Placemark>
      <Placemark>
        <name>فيضة الطفح</name>
        <styleUrl>#icon-1739-0288D1-labelson-nodesc</styleUrl>
        <Point>
          <coordinates>
            44.247093,28.527031,0
          </coordinates>
        </Point>
      </Placemark>
      <Placemark>
        <name>فيضة الطويفة</name>
        <styleUrl>#icon-1739-0288D1-labelson-nodesc</styleUrl>
        <Point>
          <coordinates>
            44.409828,28.484116,0
          </coordinates>
        </Point>
      </Placemark>
      <Placemark>
        <name>فيضة العاقولة</name>
        <styleUrl>#icon-1739-0288D1-labelson-nodesc</styleUrl>
        <Point>
          <coordinates>
            41.647282,29.807453,0
          </coordinates>
        </Point>
      </Placemark>
      <Placemark>
        <name>فيضة العاقولة</name>
        <styleUrl>#icon-1739-0288D1-labelson-nodesc</styleUrl>
        <Point>
          <coordinates>
            43.105202,29.14999,0
          </coordinates>
        </Point>
      </Placemark>
      <Placemark>
        <name>فيضة العامرية</name>
        <styleUrl>#icon-1739-0288D1-labelson-nodesc</styleUrl>
        <Point>
          <coordinates>
            42.406368,29.752007,0
          </coordinates>
        </Point>
      </Placemark>
      <Placemark>
        <name>فيضة العبد</name>
        <styleUrl>#icon-1739-0288D1-labelson-nodesc</styleUrl>
        <Point>
          <coordinates>
            43.845577,28.780403,0
          </coordinates>
        </Point>
      </Placemark>
      <Placemark>
        <name>فيضة العبودي</name>
        <styleUrl>#icon-1739-0288D1-labelson-nodesc</styleUrl>
        <Point>
          <coordinates>
            44.138174,28.24954,0
          </coordinates>
        </Point>
      </Placemark>
      <Placemark>
        <name>فيضة العجرمية</name>
        <styleUrl>#icon-1739-0288D1-labelson-nodesc</styleUrl>
        <Point>
          <coordinates>
            42.963924,29.253674,0
          </coordinates>
        </Point>
      </Placemark>
      <Placemark>
        <name>فيضة العجرمية</name>
        <styleUrl>#icon-1739-0288D1-labelson-nodesc</styleUrl>
        <Point>
          <coordinates>
            43.131123,29.955597,0
          </coordinates>
        </Point>
      </Placemark>
      <Placemark>
        <name>فيضة العجوز</name>
        <styleUrl>#icon-1739-0288D1-labelson-nodesc</styleUrl>
        <Point>
          <coordinates>
            43.43874,30.087948,0
          </coordinates>
        </Point>
      </Placemark>
      <Placemark>
        <name>فيضة العفري</name>
        <styleUrl>#icon-1739-0288D1-labelson-nodesc</styleUrl>
        <Point>
          <coordinates>
            44.220314,28.802719,0
          </coordinates>
        </Point>
      </Placemark>
      <Placemark>
        <name>فيضة العكراوي</name>
        <styleUrl>#icon-1739-0288D1-labelson-nodesc</styleUrl>
        <Point>
          <coordinates>
            44.085217,29.159431,0
          </coordinates>
        </Point>
      </Placemark>
      <Placemark>
        <name>فيضة العكرشي</name>
        <styleUrl>#icon-1739-0288D1-labelson-nodesc</styleUrl>
        <Point>
          <coordinates>
            43.857379,28.806474,0
          </coordinates>
        </Point>
      </Placemark>
      <Placemark>
        <name>فيضة العنينة</name>
        <styleUrl>#icon-1739-0288D1-labelson-nodesc</styleUrl>
        <Point>
          <coordinates>
            44.294987,29.20166,0
          </coordinates>
        </Point>
      </Placemark>
      <Placemark>
        <name>فيضة الغرابي</name>
        <styleUrl>#icon-1739-0288D1-labelson-nodesc</styleUrl>
        <Point>
          <coordinates>
            44.121609,29.033432,0
          </coordinates>
        </Point>
      </Placemark>
      <Placemark>
        <name>فيضة الغرانية</name>
        <styleUrl>#icon-1739-0288D1-labelson-nodesc</styleUrl>
        <Point>
          <coordinates>
            42.13789,29.905643,0
          </coordinates>
        </Point>
      </Placemark>
      <Placemark>
        <name>فيضة الغرب الجنوبية</name>
        <styleUrl>#icon-1739-0288D1-labelson-nodesc</styleUrl>
        <Point>
          <coordinates>
            44.804993,28.695602,0
          </coordinates>
        </Point>
      </Placemark>
      <Placemark>
        <name>فيضة الغرب الشمالية</name>
        <styleUrl>#icon-1739-0288D1-labelson-nodesc</styleUrl>
        <Point>
          <coordinates>
            44.679165,28.755512,0
          </coordinates>
        </Point>
      </Placemark>
      <Placemark>
        <name>فيضة الغرب الوسطى</name>
        <styleUrl>#icon-1739-0288D1-labelson-nodesc</styleUrl>
        <Point>
          <coordinates>
            44.7736,28.717082,0
          </coordinates>
        </Point>
      </Placemark>
      <Placemark>
        <name>فيضة الغزلانية</name>
        <styleUrl>#icon-1739-0288D1-labelson-nodesc</styleUrl>
        <Point>
          <coordinates>
            42.824707,29.952507,0
          </coordinates>
        </Point>
      </Placemark>
      <Placemark>
        <name>فيضة الغماره</name>
        <styleUrl>#icon-1739-0288D1-labelson-nodesc</styleUrl>
        <Point>
          <coordinates>
            45.021865,28.224714,0
          </coordinates>
        </Point>
      </Placemark>
      <Placemark>
        <name>فيضة الغيرانية</name>
        <styleUrl>#icon-1739-0288D1-labelson-nodesc</styleUrl>
        <Point>
          <coordinates>
            41.917477,30.023232,0
          </coordinates>
        </Point>
      </Placemark>
      <Placemark>
        <name>فيضة الفندق</name>
        <styleUrl>#icon-1739-0288D1-labelson-nodesc</styleUrl>
        <Point>
          <coordinates>
            45.25526,28.169804,0
          </coordinates>
        </Point>
      </Placemark>
      <Placemark>
        <name>فيضة القرائن</name>
        <styleUrl>#icon-1739-0288D1-labelson-nodesc</styleUrl>
        <Point>
          <coordinates>
            45.09568,27.767537,0
          </coordinates>
        </Point>
      </Placemark>
      <Placemark>
        <name>فيضة القلتة</name>
        <styleUrl>#icon-1739-0288D1-labelson-nodesc</styleUrl>
        <Point>
          <coordinates>
            43.875961,28.727188,0
          </coordinates>
        </Point>
      </Placemark>
      <Placemark>
        <name>فيضة الكحيل</name>
        <styleUrl>#icon-1739-0288D1-labelson-nodesc</styleUrl>
        <Point>
          <coordinates>
            44.685259,27.615767,0
          </coordinates>
        </Point>
      </Placemark>
      <Placemark>
        <name>فيضة الكسر</name>
        <styleUrl>#icon-1739-0288D1-labelson-nodesc</styleUrl>
        <Point>
          <coordinates>
            44.922924,29.124413,0
          </coordinates>
        </Point>
      </Placemark>
      <Placemark>
        <name>فيضة اللقحات</name>
        <styleUrl>#icon-1739-0288D1-labelson-nodesc</styleUrl>
        <Point>
          <coordinates>
            42.252045,29.814835,0
          </coordinates>
        </Point>
      </Placemark>
      <Placemark>
        <name>فيضة اللقطة</name>
        <styleUrl>#icon-1739-0288D1-labelson-nodesc</styleUrl>
        <Point>
          <coordinates>
            43.276863,29.851913,0
          </coordinates>
        </Point>
      </Placemark>
      <Placemark>
        <name>فيضة المركوز</name>
        <styleUrl>#icon-1739-0288D1-labelson-nodesc</styleUrl>
        <Point>
          <coordinates>
            42.581978,30.165882,0
          </coordinates>
        </Point>
      </Placemark>
      <Placemark>
        <name>فيضة المساجدية</name>
        <styleUrl>#icon-1739-0288D1-labelson-nodesc</styleUrl>
        <Point>
          <coordinates>
            44.460812,28.602562,0
          </coordinates>
        </Point>
      </Placemark>
      <Placemark>
        <name>فيضة المسعرية</name>
        <styleUrl>#icon-1739-0288D1-labelson-nodesc</styleUrl>
        <Point>
          <coordinates>
            44.424806,28.719034,0
          </coordinates>
        </Point>
      </Placemark>
      <Placemark>
        <name>فيضة المصبة</name>
        <styleUrl>#icon-1739-0288D1-labelson-nodesc</styleUrl>
        <Point>
          <coordinates>
            44.098971,28.786411,0
          </coordinates>
        </Point>
      </Placemark>
      <Placemark>
        <name>فيضة المضيق</name>
        <styleUrl>#icon-1739-0288D1-labelson-nodesc</styleUrl>
        <Point>
          <coordinates>
            44.46682,28.501968,0
          </coordinates>
        </Point>
      </Placemark>
      <Placemark>
        <name>فيضة المطار</name>
        <styleUrl>#icon-1739-0288D1-labelson-nodesc</styleUrl>
        <Point>
          <coordinates>
            43.469124,29.617274,0
          </coordinates>
        </Point>
      </Placemark>
      <Placemark>
        <name>فيضة المعبا</name>
        <styleUrl>#icon-1739-0288D1-labelson-nodesc</styleUrl>
        <Point>
          <coordinates>
            44.537544,27.742023,0
          </coordinates>
        </Point>
      </Placemark>
      <Placemark>
        <name>فيضة المعيقلي</name>
        <styleUrl>#icon-1739-0288D1-labelson-nodesc</styleUrl>
        <Point>
          <coordinates>
            44.761691,28.561964,0
          </coordinates>
        </Point>
      </Placemark>
      <Placemark>
        <name>فيضة المغاطيه</name>
        <styleUrl>#icon-1739-0288D1-labelson-nodesc</styleUrl>
        <Point>
          <coordinates>
            43.43359,29.232044,0
          </coordinates>
        </Point>
      </Placemark>
      <Placemark>
        <name>فيضة المغمية</name>
        <styleUrl>#icon-1739-0288D1-labelson-nodesc</styleUrl>
        <Point>
          <coordinates>
            45.002918,27.846737,0
          </coordinates>
        </Point>
      </Placemark>
      <Placemark>
        <name>فيضة المفك</name>
        <styleUrl>#icon-1739-0288D1-labelson-nodesc</styleUrl>
        <Point>
          <coordinates>
            44.283485,29.079437,0
          </coordinates>
        </Point>
      </Placemark>
      <Placemark>
        <name>فيضة المكيمن</name>
        <styleUrl>#icon-1739-0288D1-labelson-nodesc</styleUrl>
        <Point>
          <coordinates>
            41.557331,30.783863,0
          </coordinates>
        </Point>
      </Placemark>
      <Placemark>
        <name>فيضة المكيمن</name>
        <styleUrl>#icon-1739-0288D1-labelson-nodesc</styleUrl>
        <Point>
          <coordinates>
            41.65329,31.278934,0
          </coordinates>
        </Point>
      </Placemark>
      <Placemark>
        <name>فيضة المليساء</name>
        <styleUrl>#icon-1739-0288D1-labelson-nodesc</styleUrl>
        <Point>
          <coordinates>
            44.858379,29.167671,0
          </coordinates>
        </Point>
      </Placemark>
      <Placemark>
        <name>فيضة المناخ</name>
        <styleUrl>#icon-1739-0288D1-labelson-nodesc</styleUrl>
        <Point>
          <coordinates>
            43.332996,29.323883,0
          </coordinates>
        </Point>
      </Placemark>
      <Placemark>
        <name>فيضة المندسة</name>
        <styleUrl>#icon-1739-0288D1-labelson-nodesc</styleUrl>
        <Point>
          <coordinates>
            42.313371,29.854081,0
          </coordinates>
        </Point>
      </Placemark>
      <Placemark>
        <name>فيضة المنفهق</name>
        <styleUrl>#icon-1739-0288D1-labelson-nodesc</styleUrl>
        <Point>
          <coordinates>
            40.395484,31.512587,0
          </coordinates>
        </Point>
      </Placemark>
      <Placemark>
        <name>فيضة الناصفة</name>
        <styleUrl>#icon-1739-0288D1-labelson-nodesc</styleUrl>
        <Point>
          <coordinates>
            42.661972,29.796639,0
          </coordinates>
        </Point>
      </Placemark>
      <Placemark>
        <name>فيضة النسوان</name>
        <styleUrl>#icon-1739-0288D1-labelson-nodesc</styleUrl>
        <Point>
          <coordinates>
            43.857894,28.783836,0
          </coordinates>
        </Point>
      </Placemark>
      <Placemark>
        <name>فيضة النظيم</name>
        <styleUrl>#icon-1739-0288D1-labelson-nodesc</styleUrl>
        <Point>
          <coordinates>
            44.057407,29.651413,0
          </coordinates>
        </Point>
      </Placemark>
      <Placemark>
        <name>فيضة النعام</name>
        <styleUrl>#icon-1739-0288D1-labelson-nodesc</styleUrl>
        <Point>
          <coordinates>
            41.746159,29.794922,0
          </coordinates>
        </Point>
      </Placemark>
      <Placemark>
        <name>فيضة الهرارة</name>
        <styleUrl>#icon-1739-0288D1-labelson-nodesc</styleUrl>
        <Point>
          <coordinates>
            44.621272,28.773794,0
          </coordinates>
        </Point>
      </Placemark>
      <Placemark>
        <name>فيضة ام اشيحية</name>
        <styleUrl>#icon-1739-0288D1-labelson-nodesc</styleUrl>
        <Point>
          <coordinates>
            41.795511,29.781532,0
          </coordinates>
        </Point>
      </Placemark>
      <Placemark>
        <name>فيضة ام الحيران</name>
        <styleUrl>#icon-1739-0288D1-labelson-nodesc</styleUrl>
        <Point>
          <coordinates>
            45.14617,29.122717,0
          </coordinates>
        </Point>
      </Placemark>
      <Placemark>
        <name>فيضة ام الركبان</name>
        <styleUrl>#icon-1739-0288D1-labelson-nodesc</styleUrl>
        <Point>
          <coordinates>
            44.478815,28.272414,0
          </coordinates>
        </Point>
      </Placemark>
      <Placemark>
        <name>فيضة ام السحال</name>
        <styleUrl>#icon-1739-0288D1-labelson-nodesc</styleUrl>
        <Point>
          <coordinates>
            44.633889,28.344083,0
          </coordinates>
        </Point>
      </Placemark>
      <Placemark>
        <name>فيضة ام الشعراء</name>
        <styleUrl>#icon-1739-0288D1-labelson-nodesc</styleUrl>
        <Point>
          <coordinates>
            45.33901,29.079738,0
          </coordinates>
        </Point>
      </Placemark>
      <Placemark>
        <name>فيضة ام الضيان</name>
        <styleUrl>#icon-1739-0288D1-labelson-nodesc</styleUrl>
        <Point>
          <coordinates>
            44.770167,28.284945,0
          </coordinates>
        </Point>
      </Placemark>
      <Placemark>
        <name>فيضة ام العبيد</name>
        <styleUrl>#icon-1739-0288D1-labelson-nodesc</styleUrl>
        <Point>
          <coordinates>
            45.47754,29.056907,0
          </coordinates>
        </Point>
      </Placemark>
      <Placemark>
        <name>فيضة ام العصافير</name>
        <styleUrl>#icon-1739-0288D1-labelson-nodesc</styleUrl>
        <Point>
          <coordinates>
            43.558559,29.193592,0
          </coordinates>
        </Point>
      </Placemark>
      <Placemark>
        <name>فيضة ام الغنم</name>
        <styleUrl>#icon-1739-0288D1-labelson-nodesc</styleUrl>
        <Point>
          <coordinates>
            44.641743,28.602047,0
          </coordinates>
        </Point>
      </Placemark>
      <Placemark>
        <name>فيضة ام القطاء</name>
        <styleUrl>#icon-1739-0288D1-labelson-nodesc</styleUrl>
        <Point>
          <coordinates>
            42.456837,29.599829,0
          </coordinates>
        </Point>
      </Placemark>
      <Placemark>
        <name>فيضة ام المشاهيب</name>
        <styleUrl>#icon-1739-0288D1-labelson-nodesc</styleUrl>
        <Point>
          <coordinates>
            42.931137,29.775352,0
          </coordinates>
        </Point>
      </Placemark>
      <Placemark>
        <name>فيضة ام باب</name>
        <styleUrl>#icon-1739-0288D1-labelson-nodesc</styleUrl>
        <Point>
          <coordinates>
            42.852345,29.879894,0
          </coordinates>
        </Point>
      </Placemark>
      <Placemark>
        <name>فيضة ام بريبك</name>
        <styleUrl>#icon-1739-0288D1-labelson-nodesc</styleUrl>
        <Point>
          <coordinates>
            41.920459,30.197768,0
          </coordinates>
        </Point>
      </Placemark>
      <Placemark>
        <name>فيضة ام بريبك</name>
        <styleUrl>#icon-1739-0288D1-labelson-nodesc</styleUrl>
        <Point>
          <coordinates>
            44.245377,29.037724,0
          </coordinates>
        </Point>
      </Placemark>
      <Placemark>
        <name>فيضة ام ثمائل</name>
        <styleUrl>#icon-1739-0288D1-labelson-nodesc</styleUrl>
        <Point>
          <coordinates>
            42.738361,29.192734,0
          </coordinates>
        </Point>
      </Placemark>
      <Placemark>
        <name>فيضة ام ثمايل</name>
        <styleUrl>#icon-1739-0288D1-labelson-nodesc</styleUrl>
        <Point>
          <coordinates>
            42.942467,29.605408,0
          </coordinates>
        </Point>
      </Placemark>
      <Placemark>
        <name>فيضة ام جرس</name>
        <styleUrl>#icon-1739-0288D1-labelson-nodesc</styleUrl>
        <Point>
          <coordinates>
            44.633503,29.230499,0
          </coordinates>
        </Point>
      </Placemark>
      <Placemark>
        <name>فيضة ام حجول</name>
        <styleUrl>#icon-1739-0288D1-labelson-nodesc</styleUrl>
        <Point>
          <coordinates>
            43.983078,28.848553,0
          </coordinates>
        </Point>
      </Placemark>
      <Placemark>
        <name>فيضة ام حنو</name>
        <styleUrl>#icon-1739-0288D1-labelson-nodesc</styleUrl>
        <Point>
          <coordinates>
            42.097893,30.275917,0
          </coordinates>
        </Point>
      </Placemark>
      <Placemark>
        <name>فيضة ام خرمة</name>
        <styleUrl>#icon-1739-0288D1-labelson-nodesc</styleUrl>
        <Point>
          <coordinates>
            44.695044,27.533026,0
          </coordinates>
        </Point>
      </Placemark>
      <Placemark>
        <name>فيضة ام خروج</name>
        <styleUrl>#icon-1739-0288D1-labelson-nodesc</styleUrl>
        <Point>
          <coordinates>
            43.859653,28.903141,0
          </coordinates>
        </Point>
      </Placemark>
      <Placemark>
        <name>فيضة ام خروج</name>
        <styleUrl>#icon-1739-0288D1-labelson-nodesc</styleUrl>
        <Point>
          <coordinates>
            44.811623,28.382213,0
          </coordinates>
        </Point>
      </Placemark>
      <Placemark>
        <name>فيضة ام خفيس</name>
        <styleUrl>#icon-1739-0288D1-labelson-nodesc</styleUrl>
        <Point>
          <coordinates>
            44.563894,28.376441,0
          </coordinates>
        </Point>
      </Placemark>
      <Placemark>
        <name>فيضة ام خليقة</name>
        <styleUrl>#icon-1739-0288D1-labelson-nodesc</styleUrl>
        <Point>
          <coordinates>
            42.780075,29.947529,0
          </coordinates>
        </Point>
      </Placemark>
      <Placemark>
        <name>فيضة ام درو</name>
        <styleUrl>#icon-1739-0288D1-labelson-nodesc</styleUrl>
        <Point>
          <coordinates>
            41.931896,29.887104,0
          </coordinates>
        </Point>
      </Placemark>
      <Placemark>
        <name>فيضة ام دمام الشرقية</name>
        <styleUrl>#icon-1739-0288D1-labelson-nodesc</styleUrl>
        <Point>
          <coordinates>
            44.586296,28.78639,0
          </coordinates>
        </Point>
      </Placemark>
      <Placemark>
        <name>فيضة ام دمام الغربية</name>
        <styleUrl>#icon-1739-0288D1-labelson-nodesc</styleUrl>
        <Point>
          <coordinates>
            44.494972,28.801346,0
          </coordinates>
        </Point>
      </Placemark>
      <Placemark>
        <name>فيضة ام ربحلاء</name>
        <styleUrl>#icon-1739-0288D1-labelson-nodesc</styleUrl>
        <Point>
          <coordinates>
            44.608784,28.875675,0
          </coordinates>
        </Point>
      </Placemark>
      <Placemark>
        <name>فيضة ام رشاد</name>
        <styleUrl>#icon-1739-0288D1-labelson-nodesc</styleUrl>
        <Point>
          <coordinates>
            44.079208,28.714314,0
          </coordinates>
        </Point>
      </Placemark>
      <Placemark>
        <name>فيضة ام رضمة</name>
        <styleUrl>#icon-1739-0288D1-labelson-nodesc</styleUrl>
        <Point>
          <coordinates>
            43.504186,29.448509,0
          </coordinates>
        </Point>
      </Placemark>
      <Placemark>
        <name>فيضة ام رمة</name>
        <styleUrl>#icon-1739-0288D1-labelson-nodesc</styleUrl>
        <Point>
          <coordinates>
            42.831531,29.579122,0
          </coordinates>
        </Point>
      </Placemark>
      <Placemark>
        <name>فيضة ام رمل</name>
        <styleUrl>#icon-1739-0288D1-labelson-nodesc</styleUrl>
        <Point>
          <coordinates>
            44.687083,27.579095,0
          </coordinates>
        </Point>
      </Placemark>
      <Placemark>
        <name>فيضة ام سديرة</name>
        <styleUrl>#icon-1739-0288D1-labelson-nodesc</styleUrl>
        <Point>
          <coordinates>
            42.807412,29.798956,0
          </coordinates>
        </Point>
      </Placemark>
      <Placemark>
        <name>فيضة ام سديرة</name>
        <styleUrl>#icon-1739-0288D1-labelson-nodesc</styleUrl>
        <Point>
          <coordinates>
            43.142753,29.766426,0
          </coordinates>
        </Point>
      </Placemark>
      <Placemark>
        <name>فيضة ام شفلح</name>
        <styleUrl>#icon-1739-0288D1-labelson-nodesc</styleUrl>
        <Point>
          <coordinates>
            43.965568,28.192291,0
          </coordinates>
        </Point>
      </Placemark>
      <Placemark>
        <name>فيضة ام شيح</name>
        <styleUrl>#icon-1739-0288D1-labelson-nodesc</styleUrl>
        <Point>
          <coordinates>
            43.182964,29.125614,0
          </coordinates>
        </Point>
      </Placemark>
      <Placemark>
        <name>فيضة ام صخير</name>
        <styleUrl>#icon-1739-0288D1-labelson-nodesc</styleUrl>
        <Point>
          <coordinates>
            45.158057,28.431158,0
          </coordinates>
        </Point>
      </Placemark>
      <Placemark>
        <name>فيضة ام صوان</name>
        <styleUrl>#icon-1739-0288D1-labelson-nodesc</styleUrl>
        <Point>
          <coordinates>
            44.225636,28.87722,0
          </coordinates>
        </Point>
      </Placemark>
      <Placemark>
        <name>فيضة ام صير</name>
        <styleUrl>#icon-1739-0288D1-labelson-nodesc</styleUrl>
        <Point>
          <coordinates>
            44.298592,29.388428,0
          </coordinates>
        </Point>
      </Placemark>
      <Placemark>
        <name>فيضة ام طعيس</name>
        <styleUrl>#icon-1739-0288D1-labelson-nodesc</styleUrl>
        <Point>
          <coordinates>
            44.02462,28.073502,0
          </coordinates>
        </Point>
      </Placemark>
      <Placemark>
        <name>فيضة ام طليحة</name>
        <styleUrl>#icon-1739-0288D1-labelson-nodesc</styleUrl>
        <Point>
          <coordinates>
            44.15165,28.469181,0
          </coordinates>
        </Point>
      </Placemark>
      <Placemark>
        <name>فيضة ام عجرم</name>
        <styleUrl>#icon-1739-0288D1-labelson-nodesc</styleUrl>
        <Point>
          <coordinates>
            42.380104,30.49633,0
          </coordinates>
        </Point>
      </Placemark>
      <Placemark>
        <name>فيضة ام عصنصل</name>
        <styleUrl>#icon-1739-0288D1-labelson-nodesc</styleUrl>
        <Point>
          <coordinates>
            43.896561,28.808384,0
          </coordinates>
        </Point>
      </Placemark>
      <Placemark>
        <name>فيضة ام عمارة</name>
        <styleUrl>#icon-1739-0288D1-labelson-nodesc</styleUrl>
        <Point>
          <coordinates>
            42.892685,29.619656,0
          </coordinates>
        </Point>
      </Placemark>
      <Placemark>
        <name>فيضة ام عمارة</name>
        <styleUrl>#icon-1739-0288D1-labelson-nodesc</styleUrl>
        <Point>
          <coordinates>
            44.010801,28.862221,0
          </coordinates>
        </Point>
      </Placemark>
      <Placemark>
        <name>فيضة ام عواقيل</name>
        <styleUrl>#icon-1739-0288D1-labelson-nodesc</styleUrl>
        <Point>
          <coordinates>
            43.837059,29.106367,0
          </coordinates>
        </Point>
      </Placemark>
      <Placemark>
        <name>فيضة ام عواقيل</name>
        <styleUrl>#icon-1739-0288D1-labelson-nodesc</styleUrl>
        <Point>
          <coordinates>
            43.684902,28.812847,0
          </coordinates>
        </Point>
      </Placemark>
      <Placemark>
        <name>فيضة ام غمارة</name>
        <styleUrl>#icon-1739-0288D1-labelson-nodesc</styleUrl>
        <Point>
          <coordinates>
            44.964981,27.849827,0
          </coordinates>
        </Point>
      </Placemark>
      <Placemark>
        <name>فيضة ام غيران</name>
        <styleUrl>#icon-1739-0288D1-labelson-nodesc</styleUrl>
        <Point>
          <coordinates>
            42.882729,29.855862,0
          </coordinates>
        </Point>
      </Placemark>
      <Placemark>
        <name>فيضة ام قليب</name>
        <styleUrl>#icon-1739-0288D1-labelson-nodesc</styleUrl>
        <Point>
          <coordinates>
            42.776127,29.182262,0
          </coordinates>
        </Point>
      </Placemark>
      <Placemark>
        <name>فيضة ام قليب</name>
        <styleUrl>#icon-1739-0288D1-labelson-nodesc</styleUrl>
        <Point>
          <coordinates>
            44.658051,28.796368,0
          </coordinates>
        </Point>
      </Placemark>
      <Placemark>
        <name>فيضة ام قليب</name>
        <styleUrl>#icon-1739-0288D1-labelson-nodesc</styleUrl>
        <Point>
          <coordinates>
            45.236549,29.083042,0
          </coordinates>
        </Point>
      </Placemark>
      <Placemark>
        <name>فيضة ام لقف الشرقية</name>
        <styleUrl>#icon-1739-0288D1-labelson-nodesc</styleUrl>
        <Point>
          <coordinates>
            43.848324,28.923225,0
          </coordinates>
        </Point>
      </Placemark>
      <Placemark>
        <name>فيضة ام لقف الغربية</name>
        <styleUrl>#icon-1739-0288D1-labelson-nodesc</styleUrl>
        <Point>
          <coordinates>
            43.839054,28.927174,0
          </coordinates>
        </Point>
      </Placemark>
      <Placemark>
        <name>فيضة ام مسجد</name>
        <styleUrl>#icon-1739-0288D1-labelson-nodesc</styleUrl>
        <Point>
          <coordinates>
            44.017603,28.872349,0
          </coordinates>
        </Point>
      </Placemark>
      <Placemark>
        <name>فيضة ام مسجد</name>
        <styleUrl>#icon-1739-0288D1-labelson-nodesc</styleUrl>
        <Point>
          <coordinates>
            44.797118,28.508942,0
          </coordinates>
        </Point>
      </Placemark>
      <Placemark>
        <name>فيضة ام منتريس</name>
        <styleUrl>#icon-1739-0288D1-labelson-nodesc</styleUrl>
        <Point>
          <coordinates>
            43.855877,29.05652,0
          </coordinates>
        </Point>
      </Placemark>
      <Placemark>
        <name>فيضة ام نثيلة</name>
        <styleUrl>#icon-1739-0288D1-labelson-nodesc</styleUrl>
        <Point>
          <coordinates>
            44.874108,27.888,0
          </coordinates>
        </Point>
      </Placemark>
      <Placemark>
        <name>فيضة ام نخلة</name>
        <styleUrl>#icon-1739-0288D1-labelson-nodesc</styleUrl>
        <Point>
          <coordinates>
            43.418655,29.843845,0
          </coordinates>
        </Point>
      </Placemark>
      <Placemark>
        <name>فيضة ام نصلة</name>
        <styleUrl>#icon-1739-0288D1-labelson-nodesc</styleUrl>
        <Point>
          <coordinates>
            42.941608,29.869251,0
          </coordinates>
        </Point>
      </Placemark>
      <Placemark>
        <name>فيضة ام نصلة</name>
        <styleUrl>#icon-1739-0288D1-labelson-nodesc</styleUrl>
        <Point>
          <coordinates>
            43.141422,29.296074,0
          </coordinates>
        </Point>
      </Placemark>
      <Placemark>
        <name>فيضة ام نصله</name>
        <styleUrl>#icon-1739-0288D1-labelson-nodesc</styleUrl>
        <Point>
          <coordinates>
            44.761605,28.667922,0
          </coordinates>
        </Point>
      </Placemark>
      <Placemark>
        <name>فيضة ام نصيلة</name>
        <styleUrl>#icon-1739-0288D1-labelson-nodesc</styleUrl>
        <Point>
          <coordinates>
            42.708149,29.823074,0
          </coordinates>
        </Point>
      </Placemark>
      <Placemark>
        <name>فيضة ام نويطير</name>
        <styleUrl>#icon-1739-0288D1-labelson-nodesc</styleUrl>
        <Point>
          <coordinates>
            43.914757,29.102268,0
          </coordinates>
        </Point>
      </Placemark>
      <Placemark>
        <name>فيضة ام هشيم</name>
        <styleUrl>#icon-1739-0288D1-labelson-nodesc</styleUrl>
        <Point>
          <coordinates>
            43.323898,30.194721,0
          </coordinates>
        </Point>
      </Placemark>
      <Placemark>
        <name>فيضة امهات صيوان</name>
        <styleUrl>#icon-1739-0288D1-labelson-nodesc</styleUrl>
        <Point>
          <coordinates>
            44.270096,28.974037,0
          </coordinates>
        </Point>
      </Placemark>
      <Placemark>
        <name>فيضة بدنة</name>
        <styleUrl>#icon-1739-0288D1-labelson-nodesc</styleUrl>
        <Point>
          <coordinates>
            40.956988,30.964236,0
          </coordinates>
        </Point>
      </Placemark>
      <Placemark>
        <name>فيضة برغش</name>
        <styleUrl>#icon-1739-0288D1-labelson-nodesc</styleUrl>
        <Point>
          <coordinates>
            44.966311,28.34404,0
          </coordinates>
        </Point>
      </Placemark>
      <Placemark>
        <name>فيضة بريدة</name>
        <styleUrl>#icon-1739-0288D1-labelson-nodesc</styleUrl>
        <Point>
          <coordinates>
            44.435921,28.415451,0
          </coordinates>
        </Point>
      </Placemark>
      <Placemark>
        <name>فيضة بطحاء</name>
        <styleUrl>#icon-1739-0288D1-labelson-nodesc</styleUrl>
        <Point>
          <coordinates>
            42.032382,30.243495,0
          </coordinates>
        </Point>
      </Placemark>
      <Placemark>
        <name>فيضة بلادية الحسكي</name>
        <styleUrl>#icon-1739-0288D1-labelson-nodesc</styleUrl>
        <Point>
          <coordinates>
            43.894329,28.171177,0
          </coordinates>
        </Point>
      </Placemark>
      <Placemark>
        <name>فيضة بلادية الشويرعات</name>
        <styleUrl>#icon-1739-0288D1-labelson-nodesc</styleUrl>
        <Point>
          <coordinates>
            44.026895,28.016295,0
          </coordinates>
        </Point>
      </Placemark>
      <Placemark>
        <name>فيضة بن عمعوم</name>
        <styleUrl>#icon-1739-0288D1-labelson-nodesc</styleUrl>
        <Point>
          <coordinates>
            44.938202,27.875576,0
          </coordinates>
        </Point>
      </Placemark>
      <Placemark>
        <name>فيضة بيوض</name>
        <styleUrl>#icon-1739-0288D1-labelson-nodesc</styleUrl>
        <Point>
          <coordinates>
            41.802721,30.295079,0
          </coordinates>
        </Point>
      </Placemark>
      <Placemark>
        <name>فيضة تلعه</name>
        <styleUrl>#icon-1739-0288D1-labelson-nodesc</styleUrl>
        <Point>
          <coordinates>
            43.117046,28.980818,0
          </coordinates>
        </Point>
      </Placemark>
      <Placemark>
        <name>فيضة جرذية</name>
        <styleUrl>#icon-1739-0288D1-labelson-nodesc</styleUrl>
        <Point>
          <coordinates>
            41.717856,30.326021,0
          </coordinates>
        </Point>
      </Placemark>
      <Placemark>
        <name>فيضة جلاعدة</name>
        <styleUrl>#icon-1739-0288D1-labelson-nodesc</styleUrl>
        <Point>
          <coordinates>
            43.217983,29.990273,0
          </coordinates>
        </Point>
      </Placemark>
      <Placemark>
        <name>فيضة حمراء الاصفر</name>
        <styleUrl>#icon-1739-0288D1-labelson-nodesc</styleUrl>
        <Point>
          <coordinates>
            41.961572,30.237207,0
          </coordinates>
        </Point>
      </Placemark>
      <Placemark>
        <name>فيضة خثال</name>
        <styleUrl>#icon-1739-0288D1-labelson-nodesc</styleUrl>
        <Point>
          <coordinates>
            43.838475,28.417554,0
          </coordinates>
        </Point>
      </Placemark>
      <Placemark>
        <name>فيضة خزينة</name>
        <styleUrl>#icon-1739-0288D1-labelson-nodesc</styleUrl>
        <Point>
          <coordinates>
            43.36441,29.881611,0
          </coordinates>
        </Point>
      </Placemark>
      <Placemark>
        <name>فيضة خشم خنيفس</name>
        <styleUrl>#icon-1739-0288D1-labelson-nodesc</styleUrl>
        <Point>
          <coordinates>
            43.395996,29.060061,0
          </coordinates>
        </Point>
      </Placemark>
      <Placemark>
        <name>فيضة دوش</name>
        <styleUrl>#icon-1739-0288D1-labelson-nodesc</styleUrl>
        <Point>
          <coordinates>
            42.827239,29.051135,0
          </coordinates>
        </Point>
      </Placemark>
      <Placemark>
        <name>فيضة دويرة كريم</name>
        <styleUrl>#icon-1739-0288D1-labelson-nodesc</styleUrl>
        <Point>
          <coordinates>
            45.137544,28.433518,0
          </coordinates>
        </Point>
      </Placemark>
      <Placemark>
        <name>فيضة ذراية</name>
        <styleUrl>#icon-1739-0288D1-labelson-nodesc</styleUrl>
        <Point>
          <coordinates>
            43.809335,28.737466,0
          </coordinates>
        </Point>
      </Placemark>
      <Placemark>
        <name>فيضة ربيعة</name>
        <styleUrl>#icon-1739-0288D1-labelson-nodesc</styleUrl>
        <Point>
          <coordinates>
            44.019256,28.791647,0
          </coordinates>
        </Point>
      </Placemark>
      <Placemark>
        <name>فيضة رديفة نقدة</name>
        <styleUrl>#icon-1739-0288D1-labelson-nodesc</styleUrl>
        <Point>
          <coordinates>
            43.391876,29.807453,0
          </coordinates>
        </Point>
      </Placemark>
      <Placemark>
        <name>فيضة رميلان</name>
        <styleUrl>#icon-1739-0288D1-labelson-nodesc</styleUrl>
        <Point>
          <coordinates>
            44.011209,28.369896,0
          </coordinates>
        </Point>
      </Placemark>
      <Placemark>
        <name>فيضة زعبية</name>
        <styleUrl>#icon-1739-0288D1-labelson-nodesc</styleUrl>
        <Point>
          <coordinates>
            44.1465,28.933182,0
          </coordinates>
        </Point>
      </Placemark>
      <Placemark>
        <name>فيضة سامودة</name>
        <styleUrl>#icon-1739-0288D1-labelson-nodesc</styleUrl>
        <Point>
          <coordinates>
            44.921079,27.912912,0
          </coordinates>
        </Point>
      </Placemark>
      <Placemark>
        <name>فيضة سبع الرجل</name>
        <styleUrl>#icon-1739-0288D1-labelson-nodesc</styleUrl>
        <Point>
          <coordinates>
            42.418728,29.589958,0
          </coordinates>
        </Point>
      </Placemark>
      <Placemark>
        <name>فيضة سدر</name>
        <styleUrl>#icon-1739-0288D1-labelson-nodesc</styleUrl>
        <Point>
          <coordinates>
            43.742065,29.454346,0
          </coordinates>
        </Point>
      </Placemark>
      <Placemark>
        <name>فيضة سدر</name>
        <styleUrl>#icon-1739-0288D1-labelson-nodesc</styleUrl>
        <Point>
          <coordinates>
            44.032474,28.329105,0
          </coordinates>
        </Point>
      </Placemark>
      <Placemark>
        <name>فيضة سدر</name>
        <styleUrl>#icon-1739-0288D1-labelson-nodesc</styleUrl>
        <Point>
          <coordinates>
            45.187669,28.139055,0
          </coordinates>
        </Point>
      </Placemark>
      <Placemark>
        <name>فيضة سدر</name>
        <styleUrl>#icon-1739-0288D1-labelson-nodesc</styleUrl>
        <Point>
          <coordinates>
            45.296695,28.242631,0
          </coordinates>
        </Point>
      </Placemark>
      <Placemark>
        <name>فيضة سعود</name>
        <styleUrl>#icon-1739-0288D1-labelson-nodesc</styleUrl>
        <Point>
          <coordinates>
            43.557851,29.32236,0
          </coordinates>
        </Point>
      </Placemark>
      <Placemark>
        <name>فيضة سنار</name>
        <styleUrl>#icon-1739-0288D1-labelson-nodesc</styleUrl>
        <Point>
          <coordinates>
            41.687794,29.706688,0
          </coordinates>
        </Point>
      </Placemark>
      <Placemark>
        <name>فيضة سنار الشرقية</name>
        <styleUrl>#icon-1739-0288D1-labelson-nodesc</styleUrl>
        <Point>
          <coordinates>
            41.79637,29.658966,0
          </coordinates>
        </Point>
      </Placemark>
      <Placemark>
        <name>فيضة سند</name>
        <styleUrl>#icon-1739-0288D1-labelson-nodesc</styleUrl>
        <Point>
          <coordinates>
            44.213448,28.752766,0
          </coordinates>
        </Point>
      </Placemark>
      <Placemark>
        <name>فيضة شافي</name>
        <styleUrl>#icon-1739-0288D1-labelson-nodesc</styleUrl>
        <Point>
          <coordinates>
            41.559134,30.371511,0
          </coordinates>
        </Point>
      </Placemark>
      <Placemark>
        <name>فيضة شافي</name>
        <styleUrl>#icon-1739-0288D1-labelson-nodesc</styleUrl>
        <Point>
          <coordinates>
            44.04979,28.885846,0
          </coordinates>
        </Point>
      </Placemark>
      <Placemark>
        <name>فيضة شريف الجعيب</name>
        <styleUrl>#icon-1739-0288D1-labelson-nodesc</styleUrl>
        <Point>
          <coordinates>
            41.553683,30.754488,0
          </coordinates>
        </Point>
      </Placemark>
      <Placemark>
        <name>فيضة شعيب مديسيس ابارواث</name>
        <styleUrl>#icon-1739-0288D1-labelson-nodesc</styleUrl>
        <Point>
          <coordinates>
            43.716531,29.441857,0
          </coordinates>
        </Point>
      </Placemark>
      <Placemark>
        <name>فيضة شمر</name>
        <styleUrl>#icon-1739-0288D1-labelson-nodesc</styleUrl>
        <Point>
          <coordinates>
            42.151966,29.926586,0
          </coordinates>
        </Point>
      </Placemark>
      <Placemark>
        <name>فيضة شنيف</name>
        <styleUrl>#icon-1739-0288D1-labelson-nodesc</styleUrl>
        <Point>
          <coordinates>
            41.721439,29.825649,0
          </coordinates>
        </Point>
      </Placemark>
      <Placemark>
        <name>فيضة شنيف</name>
        <styleUrl>#icon-1739-0288D1-labelson-nodesc</styleUrl>
        <Point>
          <coordinates>
            41.850014,29.751663,0
          </coordinates>
        </Point>
      </Placemark>
      <Placemark>
        <name>فيضة شهباء الحمض</name>
        <styleUrl>#icon-1739-0288D1-labelson-nodesc</styleUrl>
        <Point>
          <coordinates>
            42.538376,30.027866,0
          </coordinates>
        </Point>
      </Placemark>
      <Placemark>
        <name>فيضة صلفيق</name>
        <styleUrl>#icon-1739-0288D1-labelson-nodesc</styleUrl>
        <Point>
          <coordinates>
            42.718105,29.955254,0
          </coordinates>
        </Point>
      </Placemark>
      <Placemark>
        <name>فيضة صياف</name>
        <styleUrl>#icon-1739-0288D1-labelson-nodesc</styleUrl>
        <Point>
          <coordinates>
            44.231172,29.539382,0
          </coordinates>
        </Point>
      </Placemark>
      <Placemark>
        <name>فيضة طراح</name>
        <styleUrl>#icon-1739-0288D1-labelson-nodesc</styleUrl>
        <Point>
          <coordinates>
            44.472656,28.579474,0
          </coordinates>
        </Point>
      </Placemark>
      <Placemark>
        <name>فيضة طعيسان</name>
        <styleUrl>#icon-1739-0288D1-labelson-nodesc</styleUrl>
        <Point>
          <coordinates>
            42.160034,30.525513,0
          </coordinates>
        </Point>
      </Placemark>
      <Placemark>
        <name>فيضة طلاع</name>
        <styleUrl>#icon-1739-0288D1-labelson-nodesc</styleUrl>
        <Point>
          <coordinates>
            43.672543,28.813705,0
          </coordinates>
        </Point>
      </Placemark>
      <Placemark>
        <name>فيضة عاقولة ابا رواث الشرقية</name>
        <styleUrl>#icon-1739-0288D1-labelson-nodesc</styleUrl>
        <Point>
          <coordinates>
            43.712883,29.236186,0
          </coordinates>
        </Point>
      </Placemark>
      <Placemark>
        <name>فيضة عاقولة ابا رواث الغربية</name>
        <styleUrl>#icon-1739-0288D1-labelson-nodesc</styleUrl>
        <Point>
          <coordinates>
            43.686447,29.222538,0
          </coordinates>
        </Point>
      </Placemark>
      <Placemark>
        <name>فيضة عامر</name>
        <styleUrl>#icon-1739-0288D1-labelson-nodesc</styleUrl>
        <Point>
          <coordinates>
            42.114222,29.944053,0
          </coordinates>
        </Point>
      </Placemark>
      <Placemark>
        <name>فيضة عدوان</name>
        <styleUrl>#icon-1739-0288D1-labelson-nodesc</styleUrl>
        <Point>
          <coordinates>
            43.232746,29.366112,0
          </coordinates>
        </Point>
      </Placemark>
      <Placemark>
        <name>فيضة عشيبة</name>
        <styleUrl>#icon-1739-0288D1-labelson-nodesc</styleUrl>
        <Point>
          <coordinates>
            43.848624,28.805294,0
          </coordinates>
        </Point>
      </Placemark>
      <Placemark>
        <name>فيضة عشيبة</name>
        <styleUrl>#icon-1739-0288D1-labelson-nodesc</styleUrl>
        <Point>
          <coordinates>
            43.875103,28.784695,0
          </coordinates>
        </Point>
      </Placemark>
      <Placemark>
        <name>فيضة عضوب</name>
        <styleUrl>#icon-1739-0288D1-labelson-nodesc</styleUrl>
        <Point>
          <coordinates>
            42.911396,29.225006,0
          </coordinates>
        </Point>
      </Placemark>
      <Placemark>
        <name>فيضة عليق</name>
        <styleUrl>#icon-1739-0288D1-labelson-nodesc</styleUrl>
        <Point>
          <coordinates>
            43.905315,28.727703,0
          </coordinates>
        </Point>
      </Placemark>
      <Placemark>
        <name>فيضة عوافي</name>
        <styleUrl>#icon-1739-0288D1-labelson-nodesc</styleUrl>
        <Point>
          <coordinates>
            43.731937,28.785038,0
          </coordinates>
        </Point>
      </Placemark>
      <Placemark>
        <name>فيضة عويشق</name>
        <styleUrl>#icon-1739-0288D1-labelson-nodesc</styleUrl>
        <Point>
          <coordinates>
            42.975426,29.400787,0
          </coordinates>
        </Point>
      </Placemark>
      <Placemark>
        <name>فيضة عيدة</name>
        <styleUrl>#icon-1739-0288D1-labelson-nodesc</styleUrl>
        <Point>
          <coordinates>
            42.725487,29.806252,0
          </coordinates>
        </Point>
      </Placemark>
      <Placemark>
        <name>فيضة عيسى</name>
        <styleUrl>#icon-1739-0288D1-labelson-nodesc</styleUrl>
        <Point>
          <coordinates>
            43.695717,28.805637,0
          </coordinates>
        </Point>
      </Placemark>
      <Placemark>
        <name>فيضة غضبان</name>
        <styleUrl>#icon-1739-0288D1-labelson-nodesc</styleUrl>
        <Point>
          <coordinates>
            42.076092,29.622746,0
          </coordinates>
        </Point>
      </Placemark>
      <Placemark>
        <name>فيضة غفيصة</name>
        <styleUrl>#icon-1739-0288D1-labelson-nodesc</styleUrl>
        <Point>
          <coordinates>
            45.10746,27.872658,0
          </coordinates>
        </Point>
      </Placemark>
      <Placemark>
        <name>فيضة فاخرة</name>
        <styleUrl>#icon-1739-0288D1-labelson-nodesc</styleUrl>
        <Point>
          <coordinates>
            44.224777,29.158573,0
          </coordinates>
        </Point>
      </Placemark>
      <Placemark>
        <name>فيضة فارس</name>
        <styleUrl>#icon-1739-0288D1-labelson-nodesc</styleUrl>
        <Point>
          <coordinates>
            42.711883,29.85363,0
          </coordinates>
        </Point>
      </Placemark>
      <Placemark>
        <name>فيضة فضيه</name>
        <styleUrl>#icon-1739-0288D1-labelson-nodesc</styleUrl>
        <Point>
          <coordinates>
            44.35524,28.885632,0
          </coordinates>
        </Point>
      </Placemark>
      <Placemark>
        <name>فيضة قصريه</name>
        <styleUrl>#icon-1739-0288D1-labelson-nodesc</styleUrl>
        <Point>
          <coordinates>
            44.350841,29.03163,0
          </coordinates>
        </Point>
      </Placemark>
      <Placemark>
        <name>فيضة لقطان</name>
        <styleUrl>#icon-1739-0288D1-labelson-nodesc</styleUrl>
        <Point>
          <coordinates>
            43.225257,29.801402,0
          </coordinates>
        </Point>
      </Placemark>
      <Placemark>
        <name>فيضة مثاور</name>
        <styleUrl>#icon-1739-0288D1-labelson-nodesc</styleUrl>
        <Point>
          <coordinates>
            41.923099,29.714992,0
          </coordinates>
        </Point>
      </Placemark>
      <Placemark>
        <name>فيضة محطاء</name>
        <styleUrl>#icon-1739-0288D1-labelson-nodesc</styleUrl>
        <Point>
          <coordinates>
            42.638111,29.885902,0
          </coordinates>
        </Point>
      </Placemark>
      <Placemark>
        <name>فيضة مدعج</name>
        <styleUrl>#icon-1739-0288D1-labelson-nodesc</styleUrl>
        <Point>
          <coordinates>
            42.636051,29.784794,0
          </coordinates>
        </Point>
      </Placemark>
      <Placemark>
        <name>فيضة مرسل</name>
        <styleUrl>#icon-1739-0288D1-labelson-nodesc</styleUrl>
        <Point>
          <coordinates>
            41.885247,30.790579,0
          </coordinates>
        </Point>
      </Placemark>
      <Placemark>
        <name>فيضة مرسل الشرقية</name>
        <styleUrl>#icon-1739-0288D1-labelson-nodesc</styleUrl>
        <Point>
          <coordinates>
            41.93902,30.778713,0
          </coordinates>
        </Point>
      </Placemark>
      <Placemark>
        <name>فيضة مريحة</name>
        <styleUrl>#icon-1739-0288D1-labelson-nodesc</styleUrl>
        <Point>
          <coordinates>
            42.799988,29.883156,0
          </coordinates>
        </Point>
      </Placemark>
      <Placemark>
        <name>فيضة مريحة</name>
        <styleUrl>#icon-1739-0288D1-labelson-nodesc</styleUrl>
        <Point>
          <coordinates>
            43.437538,29.269123,0
          </coordinates>
        </Point>
      </Placemark>
      <Placemark>
        <name>فيضة مريحة</name>
        <styleUrl>#icon-1739-0288D1-labelson-nodesc</styleUrl>
        <Point>
          <coordinates>
            44.095173,29.603519,0
          </coordinates>
        </Point>
      </Placemark>
      <Placemark>
        <name>فيضة مريحة</name>
        <styleUrl>#icon-1739-0288D1-labelson-nodesc</styleUrl>
        <Point>
          <coordinates>
            43.77496,28.439569,0
          </coordinates>
        </Point>
      </Placemark>
      <Placemark>
        <name>فيضة مريزيق</name>
        <styleUrl>#icon-1739-0288D1-labelson-nodesc</styleUrl>
        <Point>
          <coordinates>
            42.826939,29.621372,0
          </coordinates>
        </Point>
      </Placemark>
      <Placemark>
        <name>فيضة مشرفة</name>
        <styleUrl>#icon-1739-0288D1-labelson-nodesc</styleUrl>
        <Point>
          <coordinates>
            43.841801,29.354653,0
          </coordinates>
        </Point>
      </Placemark>
      <Placemark>
        <name>فيضة مطلق</name>
        <styleUrl>#icon-1739-0288D1-labelson-nodesc</styleUrl>
        <Point>
          <coordinates>
            41.835423,30.898876,0
          </coordinates>
        </Point>
      </Placemark>
      <Placemark>
        <name>فيضة معاق دروث</name>
        <styleUrl>#icon-1739-0288D1-labelson-nodesc</styleUrl>
        <Point>
          <coordinates>
            41.681099,30.370266,0
          </coordinates>
        </Point>
      </Placemark>
      <Placemark>
        <name>فيضة مغطية</name>
        <styleUrl>#icon-1739-0288D1-labelson-nodesc</styleUrl>
        <Point>
          <coordinates>
            44.527717,28.458538,0
          </coordinates>
        </Point>
      </Placemark>
      <Placemark>
        <name>فيضة مغمية</name>
        <styleUrl>#icon-1739-0288D1-labelson-nodesc</styleUrl>
        <Point>
          <coordinates>
            44.658566,27.600059,0
          </coordinates>
        </Point>
      </Placemark>
      <Placemark>
        <name>فيضة مغمية</name>
        <styleUrl>#icon-1739-0288D1-labelson-nodesc</styleUrl>
        <Point>
          <coordinates>
            44.940927,27.825944,0
          </coordinates>
        </Point>
      </Placemark>
      <Placemark>
        <name>فيضة مفك</name>
        <styleUrl>#icon-1739-0288D1-labelson-nodesc</styleUrl>
        <Point>
          <coordinates>
            44.04243,29.079587,0
          </coordinates>
        </Point>
      </Placemark>
      <Placemark>
        <name>فيضة ملز الخيل</name>
        <styleUrl>#icon-1739-0288D1-labelson-nodesc</styleUrl>
        <Point>
          <coordinates>
            43.453588,29.590387,0
          </coordinates>
        </Point>
      </Placemark>
      <Placemark>
        <name>فيضة منجورة</name>
        <styleUrl>#icon-1739-0288D1-labelson-nodesc</styleUrl>
        <Point>
          <coordinates>
            44.323139,28.894901,0
          </coordinates>
        </Point>
      </Placemark>
      <Placemark>
        <name>فيضة نصلة الحلمي</name>
        <styleUrl>#icon-1739-0288D1-labelson-nodesc</styleUrl>
        <Point>
          <coordinates>
            41.877136,29.828053,0
          </coordinates>
        </Point>
      </Placemark>
      <Placemark>
        <name>فيضة نصلة الصحين</name>
        <styleUrl>#icon-1739-0288D1-labelson-nodesc</styleUrl>
        <Point>
          <coordinates>
            42.034721,30.218582,0
          </coordinates>
        </Point>
      </Placemark>
      <Placemark>
        <name>فيضة نعمه</name>
        <styleUrl>#icon-1739-0288D1-labelson-nodesc</styleUrl>
        <Point>
          <coordinates>
            44.320908,28.937302,0
          </coordinates>
        </Point>
      </Placemark>
      <Placemark>
        <name>فيضة نعيمه</name>
        <styleUrl>#icon-1739-0288D1-labelson-nodesc</styleUrl>
        <Point>
          <coordinates>
            44.345112,28.951206,0
          </coordinates>
        </Point>
      </Placemark>
      <Placemark>
        <name>فيضة نقدة</name>
        <styleUrl>#icon-1739-0288D1-labelson-nodesc</styleUrl>
        <Point>
          <coordinates>
            43.383229,29.787455,0
          </coordinates>
        </Point>
      </Placemark>
      <Placemark>
        <name>فيضة هجرة اعيوج</name>
        <styleUrl>#icon-1739-0288D1-labelson-nodesc</styleUrl>
        <Point>
          <coordinates>
            43.953724,28.767872,0
          </coordinates>
        </Point>
      </Placemark>
      <Placemark>
        <name>فيضة ودعة</name>
        <styleUrl>#icon-1739-0288D1-labelson-nodesc</styleUrl>
        <Point>
          <coordinates>
            44.801903,29.018841,0
          </coordinates>
        </Point>
      </Placemark>
      <Placemark>
        <name>فيضه شمال غرب العاقوله</name>
        <styleUrl>#icon-1739-0288D1-labelson-nodesc</styleUrl>
        <Point>
          <coordinates>
            43.06469,29.186211,0
          </coordinates>
        </Point>
      </Placemark>
      <Placemark>
        <name>قاع اقرن</name>
        <styleUrl>#icon-1739-0288D1-labelson-nodesc</styleUrl>
        <Point>
          <coordinates>
            38.318596,31.464672,0
          </coordinates>
        </Point>
      </Placemark>
      <Placemark>
        <name>قاع البردويل</name>
        <styleUrl>#icon-1739-0288D1-labelson-nodesc</styleUrl>
        <Point>
          <coordinates>
            41.585591,31.009941,0
          </coordinates>
        </Point>
      </Placemark>
      <Placemark>
        <name>قاع البويهي</name>
        <styleUrl>#icon-1739-0288D1-labelson-nodesc</styleUrl>
        <Point>
          <coordinates>
            39.421241,31.389441,0
          </coordinates>
        </Point>
      </Placemark>
      <Placemark>
        <name>قاع الحنو</name>
        <styleUrl>#icon-1739-0288D1-labelson-nodesc</styleUrl>
        <Point>
          <coordinates>
            38.398247,31.158943,0
          </coordinates>
        </Point>
      </Placemark>
      <Placemark>
        <name>قاع الخبراء</name>
        <styleUrl>#icon-1739-0288D1-labelson-nodesc</styleUrl>
        <Point>
          <coordinates>
            41.503515,31.067169,0
          </coordinates>
        </Point>
      </Placemark>
      <Placemark>
        <name>قاع الخور</name>
        <styleUrl>#icon-1739-0288D1-labelson-nodesc</styleUrl>
        <Point>
          <coordinates>
            39.330711,31.217823,0
          </coordinates>
        </Point>
      </Placemark>
      <Placemark>
        <name>قاع الذيع</name>
        <styleUrl>#icon-1739-0288D1-labelson-nodesc</styleUrl>
        <Point>
          <coordinates>
            39.03687,31.713903,0
          </coordinates>
        </Point>
      </Placemark>
      <Placemark>
        <name>قاع الرديعانية</name>
        <styleUrl>#icon-1739-0288D1-labelson-nodesc</styleUrl>
        <Point>
          <coordinates>
            38.82534,31.543465,0
          </coordinates>
        </Point>
      </Placemark>
      <Placemark>
        <name>قاع الرديفة</name>
        <styleUrl>#icon-1739-0288D1-labelson-nodesc</styleUrl>
        <Point>
          <coordinates>
            41.542397,31.197395,0
          </coordinates>
        </Point>
      </Placemark>
      <Placemark>
        <name>قاع السادة</name>
        <styleUrl>#icon-1739-0288D1-labelson-nodesc</styleUrl>
        <Point>
          <coordinates>
            38.606987,31.116371,0
          </coordinates>
        </Point>
      </Placemark>
      <Placemark>
        <name>قاع السمل</name>
        <styleUrl>#icon-1739-0288D1-labelson-nodesc</styleUrl>
        <Point>
          <coordinates>
            43.519142,29.88234,0
          </coordinates>
        </Point>
      </Placemark>
      <Placemark>
        <name>قاع الشداد</name>
        <styleUrl>#icon-1739-0288D1-labelson-nodesc</styleUrl>
        <Point>
          <coordinates>
            38.2477,31.04084,0
          </coordinates>
        </Point>
      </Placemark>
      <Placemark>
        <name>قاع المصلى</name>
        <styleUrl>#icon-1739-0288D1-labelson-nodesc</styleUrl>
        <Point>
          <coordinates>
            38.210814,31.639552,0
          </coordinates>
        </Point>
      </Placemark>
      <Placemark>
        <name>قاع المطاوي</name>
        <styleUrl>#icon-1739-0288D1-labelson-nodesc</styleUrl>
        <Point>
          <coordinates>
            39.907579,31.129246,0
          </coordinates>
        </Point>
      </Placemark>
      <Placemark>
        <name>قاع المقنع</name>
        <styleUrl>#icon-1739-0288D1-labelson-nodesc</styleUrl>
        <Point>
          <coordinates>
            39.032879,31.437035,0
          </coordinates>
        </Point>
      </Placemark>
      <Placemark>
        <name>قاع المكمن</name>
        <styleUrl>#icon-1739-0288D1-labelson-nodesc</styleUrl>
        <Point>
          <coordinates>
            38.536091,30.945053,0
          </coordinates>
        </Point>
      </Placemark>
      <Placemark>
        <name>قاع ام قحلول</name>
        <styleUrl>#icon-1739-0288D1-labelson-nodesc</styleUrl>
        <Point>
          <coordinates>
            41.53214,31.06204,0
          </coordinates>
        </Point>
      </Placemark>
      <Placemark>
        <name>قاع دوقرا</name>
        <styleUrl>#icon-1739-0288D1-labelson-nodesc</styleUrl>
        <Point>
          <coordinates>
            38.332157,31.628952,0
          </coordinates>
        </Point>
      </Placemark>
      <Placemark>
        <name>قاع صفية</name>
        <styleUrl>#icon-1739-0288D1-labelson-nodesc</styleUrl>
        <Point>
          <coordinates>
            39.069271,31.63187,0
          </coordinates>
        </Point>
      </Placemark>
      <Placemark>
        <name>قاع عظامان</name>
        <styleUrl>#icon-1739-0288D1-labelson-nodesc</styleUrl>
        <Point>
          <coordinates>
            38.163929,31.762161,0
          </coordinates>
        </Point>
      </Placemark>
      <Placemark>
        <name>قاع قبر دحام</name>
        <styleUrl>#icon-1739-0288D1-labelson-nodesc</styleUrl>
        <Point>
          <coordinates>
            38.541927,31.43549,0
          </coordinates>
        </Point>
      </Placemark>
      <Placemark>
        <name>قاع قزيز النعام</name>
        <styleUrl>#icon-1739-0288D1-labelson-nodesc</styleUrl>
        <Point>
          <coordinates>
            38.852978,31.397209,0
          </coordinates>
        </Point>
      </Placemark>
      <Placemark>
        <name>قاع كتيفة</name>
        <styleUrl>#icon-1739-0288D1-labelson-nodesc</styleUrl>
        <Point>
          <coordinates>
            38.545017,31.569729,0
          </coordinates>
        </Point>
      </Placemark>
      <Placemark>
        <name>قاع مكمن المتاهة</name>
        <styleUrl>#icon-1739-0288D1-labelson-nodesc</styleUrl>
        <Point>
          <coordinates>
            38.665352,30.971317,0
          </coordinates>
        </Point>
      </Placemark>
      <Placemark>
        <name>قاع ندفا</name>
        <styleUrl>#icon-1739-0288D1-labelson-nodesc</styleUrl>
        <Point>
          <coordinates>
            39.720876,31.029038,0
          </coordinates>
        </Point>
      </Placemark>
      <Placemark>
        <name>قيعان الخطيمي</name>
        <styleUrl>#icon-1739-0288D1-labelson-nodesc</styleUrl>
        <Point>
          <coordinates>
            38.631964,31.369057,0
          </coordinates>
        </Point>
      </Placemark>
      <Placemark>
        <name>قيعان المتاهة</name>
        <styleUrl>#icon-1739-0288D1-labelson-nodesc</styleUrl>
        <Point>
          <coordinates>
            38.753049,31.116951,0
          </coordinates>
        </Point>
      </Placemark>
      <Placemark>
        <name>قيعان الهامل</name>
        <styleUrl>#icon-1739-0288D1-labelson-nodesc</styleUrl>
        <Point>
          <coordinates>
            43.246994,29.05946,0
          </coordinates>
        </Point>
      </Placemark>
      <Placemark>
        <name>قيعان لس</name>
        <styleUrl>#icon-1739-0288D1-labelson-nodesc</styleUrl>
        <Point>
          <coordinates>
            38.653979,31.211493,0
          </coordinates>
        </Point>
      </Placemark>
      <Placemark>
        <name>محير الاعيوج</name>
        <styleUrl>#icon-1739-0288D1-labelson-nodesc</styleUrl>
        <Point>
          <coordinates>
            44.052258,29.022274,0
          </coordinates>
        </Point>
      </Placemark>
      <Placemark>
        <name>محير الحناتين</name>
        <styleUrl>#icon-1739-0288D1-labelson-nodesc</styleUrl>
        <Point>
          <coordinates>
            42.738533,28.650112,0
          </coordinates>
        </Point>
      </Placemark>
      <Placemark>
        <name>محير الخد</name>
        <styleUrl>#icon-1739-0288D1-labelson-nodesc</styleUrl>
        <Point>
          <coordinates>
            42.731667,29.778957,0
          </coordinates>
        </Point>
      </Placemark>
      <Placemark>
        <name>محير الخر</name>
        <styleUrl>#icon-1739-0288D1-labelson-nodesc</styleUrl>
        <Point>
          <coordinates>
            42.193723,29.387269,0
          </coordinates>
        </Point>
      </Placemark>
      <Placemark>
        <name>محير العرائش</name>
        <styleUrl>#icon-1739-0288D1-labelson-nodesc</styleUrl>
        <Point>
          <coordinates>
            43.344584,28.502655,0
          </coordinates>
        </Point>
      </Placemark>
      <Placemark>
        <name>محير خثال</name>
        <styleUrl>#icon-1739-0288D1-labelson-nodesc</styleUrl>
        <Point>
          <coordinates>
            43.957286,28.42279,0
          </coordinates>
        </Point>
      </Placemark>
      <Placemark>
        <name>محير فراج الاوسط</name>
        <styleUrl>#icon-1739-0288D1-labelson-nodesc</styleUrl>
        <Point>
          <coordinates>
            43.604221,28.927002,0
          </coordinates>
        </Point>
      </Placemark>
      <Placemark>
        <name>محير فراج الشرقي</name>
        <styleUrl>#icon-1739-0288D1-labelson-nodesc</styleUrl>
        <Point>
          <coordinates>
            43.660183,28.888721,0
          </coordinates>
        </Point>
      </Placemark>
      <Placemark>
        <name>محير فراج الغربي</name>
        <styleUrl>#icon-1739-0288D1-labelson-nodesc</styleUrl>
        <Point>
          <coordinates>
            43.559933,28.939362,0
          </coordinates>
        </Point>
      </Placemark>
      <Placemark>
        <name>محير مديسيس</name>
        <styleUrl>#icon-1739-0288D1-labelson-nodesc</styleUrl>
        <Point>
          <coordinates>
            41.945114,31.075001,0
          </coordinates>
        </Point>
      </Placemark>
      <Placemark>
        <name>محير مغطي</name>
        <styleUrl>#icon-1739-0288D1-labelson-nodesc</styleUrl>
        <Point>
          <coordinates>
            44.783878,28.617003,0
          </coordinates>
        </Point>
      </Placemark>
      <Placemark>
        <name>وادي ابا الرواث</name>
        <styleUrl>#icon-1739-0288D1-labelson-nodesc</styleUrl>
        <Point>
          <coordinates>
            41.963825,30.064645,0
          </coordinates>
        </Point>
      </Placemark>
      <Placemark>
        <name>وادي ابا الرواث</name>
        <styleUrl>#icon-1739-0288D1-labelson-nodesc</styleUrl>
        <Point>
          <coordinates>
            42.018242,30.459294,0
          </coordinates>
        </Point>
      </Placemark>
      <Placemark>
        <name>وادي ابا الرواث</name>
        <styleUrl>#icon-1739-0288D1-labelson-nodesc</styleUrl>
        <Point>
          <coordinates>
            41.429787,29.725227,0
          </coordinates>
        </Point>
      </Placemark>
      <Placemark>
        <name>وادي ابا القد</name>
        <styleUrl>#icon-1739-0288D1-labelson-nodesc</styleUrl>
        <Point>
          <coordinates>
            42.695253,29.507518,0
          </coordinates>
        </Point>
      </Placemark>
      <Placemark>
        <name>وادي ابا القور</name>
        <styleUrl>#icon-1739-0288D1-labelson-nodesc</styleUrl>
        <Point>
          <coordinates>
            41.194632,30.591388,0
          </coordinates>
        </Point>
      </Placemark>
      <Placemark>
        <name>وادي ابا القور</name>
        <styleUrl>#icon-1739-0288D1-labelson-nodesc</styleUrl>
        <Point>
          <coordinates>
            41.456051,30.73524,0
          </coordinates>
        </Point>
      </Placemark>
      <Placemark>
        <name>وادي ابا القور</name>
        <styleUrl>#icon-1739-0288D1-labelson-nodesc</styleUrl>
        <Point>
          <coordinates>
            41.678803,30.959494,0
          </coordinates>
        </Point>
      </Placemark>
      <Placemark>
        <name>وادي ابو طرفاء</name>
        <styleUrl>#icon-1739-0288D1-labelson-nodesc</styleUrl>
        <Point>
          <coordinates>
            37.934332,31.283569,0
          </coordinates>
        </Point>
      </Placemark>
      <Placemark>
        <name>وادي ابو نجيلة</name>
        <styleUrl>#icon-1739-0288D1-labelson-nodesc</styleUrl>
        <Point>
          <coordinates>
            38.040848,31.204283,0
          </coordinates>
        </Point>
      </Placemark>
      <Placemark>
        <name>وادي اعيوج</name>
        <styleUrl>#icon-1739-0288D1-labelson-nodesc</styleUrl>
        <Point>
          <coordinates>
            42.986841,29.57938,0
          </coordinates>
        </Point>
      </Placemark>
      <Placemark>
        <name>وادي اعيوج</name>
        <styleUrl>#icon-1739-0288D1-labelson-nodesc</styleUrl>
        <Point>
          <coordinates>
            43.085031,29.819276,0
          </coordinates>
        </Point>
      </Placemark>
      <Placemark>
        <name>وادي الابيض</name>
        <styleUrl>#icon-1739-0288D1-labelson-nodesc</styleUrl>
        <Point>
          <coordinates>
            40.383918,31.492932,0
          </coordinates>
        </Point>
      </Placemark>
      <Placemark>
        <name>وادي الابيض</name>
        <styleUrl>#icon-1739-0288D1-labelson-nodesc</styleUrl>
        <Point>
          <coordinates>
            40.750694,31.58181,0
          </coordinates>
        </Point>
      </Placemark>
      <Placemark>
        <name>وادي الاجردي</name>
        <styleUrl>#icon-1739-0288D1-labelson-nodesc</styleUrl>
        <Point>
          <coordinates>
            44.699142,27.491097,0
          </coordinates>
        </Point>
      </Placemark>
      <Placemark>
        <name>وادي الاعيلي</name>
        <styleUrl>#icon-1739-0288D1-labelson-nodesc</styleUrl>
        <Point>
          <coordinates>
            38.746591,30.931814,0
          </coordinates>
        </Point>
      </Placemark>
      <Placemark>
        <name>وادي الاقرع</name>
        <styleUrl>#icon-1739-0288D1-labelson-nodesc</styleUrl>
        <Point>
          <coordinates>
            40.38203,30.912888,0
          </coordinates>
        </Point>
      </Placemark>
      <Placemark>
        <name>وادي الباطن</name>
        <styleUrl>#icon-1739-0288D1-labelson-nodesc</styleUrl>
        <Point>
          <coordinates>
            45.036499,27.710395,0
          </coordinates>
        </Point>
      </Placemark>
      <Placemark>
        <name>وادي الحسكي</name>
        <styleUrl>#icon-1739-0288D1-labelson-nodesc</styleUrl>
        <Point>
          <coordinates>
            44.084852,28.07024,0
          </coordinates>
        </Point>
      </Placemark>
      <Placemark>
        <name>وادي الحلمي</name>
        <styleUrl>#icon-1739-0288D1-labelson-nodesc</styleUrl>
        <Point>
          <coordinates>
            41.881793,29.751835,0
          </coordinates>
        </Point>
      </Placemark>
      <Placemark>
        <name>وادي الخد</name>
        <styleUrl>#icon-1739-0288D1-labelson-nodesc</styleUrl>
        <Point>
          <coordinates>
            42.696433,29.742522,0
          </coordinates>
        </Point>
      </Placemark>
      <Placemark>
        <name>وادي الخر</name>
        <styleUrl>#icon-1739-0288D1-labelson-nodesc</styleUrl>
        <Point>
          <coordinates>
            42.139564,30.004048,0
          </coordinates>
        </Point>
      </Placemark>
      <Placemark>
        <name>وادي الخر</name>
        <styleUrl>#icon-1739-0288D1-labelson-nodesc</styleUrl>
        <Point>
          <coordinates>
            42.201555,30.148222,0
          </coordinates>
        </Point>
      </Placemark>
      <Placemark>
        <name>وادي الخر</name>
        <styleUrl>#icon-1739-0288D1-labelson-nodesc</styleUrl>
        <Point>
          <coordinates>
            42.340987,30.30246,0
          </coordinates>
        </Point>
      </Placemark>
      <Placemark>
        <name>وادي الخر</name>
        <styleUrl>#icon-1739-0288D1-labelson-nodesc</styleUrl>
        <Point>
          <coordinates>
            42.085125,29.623346,0
          </coordinates>
        </Point>
      </Placemark>
      <Placemark>
        <name>وادي الرتامي</name>
        <styleUrl>#icon-1739-0288D1-labelson-nodesc</styleUrl>
        <Point>
          <coordinates>
            38.001452,31.188877,0
          </coordinates>
        </Point>
      </Placemark>
      <Placemark>
        <name>وادي السهل</name>
        <styleUrl>#icon-1739-0288D1-labelson-nodesc</styleUrl>
        <Point>
          <coordinates>
            44.06275,28.104551,0
          </coordinates>
        </Point>
      </Placemark>
      <Placemark>
        <name>وادي الضباعية</name>
        <styleUrl>#icon-1739-0288D1-labelson-nodesc</styleUrl>
        <Point>
          <coordinates>
            38.325655,30.913918,0
          </coordinates>
        </Point>
      </Placemark>
      <Placemark>
        <name>وادي الغرابة</name>
        <styleUrl>#icon-1739-0288D1-labelson-nodesc</styleUrl>
        <Point>
          <coordinates>
            40.856287,30.874178,0
          </coordinates>
        </Point>
      </Placemark>
      <Placemark>
        <name>وادي القبر</name>
        <styleUrl>#icon-1739-0288D1-labelson-nodesc</styleUrl>
        <Point>
          <coordinates>
            38.702753,31.527157,0
          </coordinates>
        </Point>
      </Placemark>
      <Placemark>
        <name>وادي القرية الجندلية</name>
        <styleUrl>#icon-1739-0288D1-labelson-nodesc</styleUrl>
        <Point>
          <coordinates>
            40.949671,31.569643,0
          </coordinates>
        </Point>
      </Placemark>
      <Placemark>
        <name>وادي القرية الصفوانية</name>
        <styleUrl>#icon-1739-0288D1-labelson-nodesc</styleUrl>
        <Point>
          <coordinates>
            40.826032,31.456411,0
          </coordinates>
        </Point>
      </Placemark>
      <Placemark>
        <name>وادي القرية الصفوانية</name>
        <styleUrl>#icon-1739-0288D1-labelson-nodesc</styleUrl>
        <Point>
          <coordinates>
            41.022391,31.483705,0
          </coordinates>
        </Point>
      </Placemark>
      <Placemark>
        <name>وادي القلتة</name>
        <styleUrl>#icon-1739-0288D1-labelson-nodesc</styleUrl>
        <Point>
          <coordinates>
            38.480129,30.9799,0
          </coordinates>
        </Point>
      </Placemark>
      <Placemark>
        <name>وادي القلتة</name>
        <styleUrl>#icon-1739-0288D1-labelson-nodesc</styleUrl>
        <Point>
          <coordinates>
            38.519676,31.031957,0
          </coordinates>
        </Point>
      </Placemark>
      <Placemark>
        <name>وادي اللويزية</name>
        <styleUrl>#icon-1739-0288D1-labelson-nodesc</styleUrl>
        <Point>
          <coordinates>
            38.816135,31.051462,0
          </coordinates>
        </Point>
      </Placemark>
      <Placemark>
        <name>وادي المابية</name>
        <styleUrl>#icon-1739-0288D1-labelson-nodesc</styleUrl>
        <Point>
          <coordinates>
            38.132644,31.151991,0
          </coordinates>
        </Point>
      </Placemark>
      <Placemark>
        <name>وادي المراء</name>
        <styleUrl>#icon-1739-0288D1-labelson-nodesc</styleUrl>
        <Point>
          <coordinates>
            39.636376,31.266704,0
          </coordinates>
        </Point>
      </Placemark>
      <Placemark>
        <name>وادي المراء</name>
        <styleUrl>#icon-1739-0288D1-labelson-nodesc</styleUrl>
        <Point>
          <coordinates>
            39.770422,31.373434,0
          </coordinates>
        </Point>
      </Placemark>
      <Placemark>
        <name>وادي المراء</name>
        <styleUrl>#icon-1739-0288D1-labelson-nodesc</styleUrl>
        <Point>
          <coordinates>
            39.919875,31.385987,0
          </coordinates>
        </Point>
      </Placemark>
      <Placemark>
        <name>وادي المراء</name>
        <styleUrl>#icon-1739-0288D1-labelson-nodesc</styleUrl>
        <Point>
          <coordinates>
            40.308237,31.77613,0
          </coordinates>
        </Point>
      </Placemark>
      <Placemark>
        <name>وادي المسماء</name>
        <styleUrl>#icon-1739-0288D1-labelson-nodesc</styleUrl>
        <Point>
          <coordinates>
            38.190751,30.9849,0
          </coordinates>
        </Point>
      </Placemark>
      <Placemark>
        <name>وادي الهلالي</name>
        <styleUrl>#icon-1739-0288D1-labelson-nodesc</styleUrl>
        <Point>
          <coordinates>
            41.253383,30.836263,0
          </coordinates>
        </Point>
      </Placemark>
      <Placemark>
        <name>وادي الهلالي</name>
        <styleUrl>#icon-1739-0288D1-labelson-nodesc</styleUrl>
        <Point>
          <coordinates>
            41.479633,30.950568,0
          </coordinates>
        </Point>
      </Placemark>
      <Placemark>
        <name>وادي الهلباء</name>
        <styleUrl>#icon-1739-0288D1-labelson-nodesc</styleUrl>
        <Point>
          <coordinates>
            41.502936,29.582062,0
          </coordinates>
        </Point>
      </Placemark>
      <Placemark>
        <name>وادي بدنة</name>
        <styleUrl>#icon-1739-0288D1-labelson-nodesc</styleUrl>
        <Point>
          <coordinates>
            40.519273,31.139417,0
          </coordinates>
        </Point>
      </Placemark>
      <Placemark>
        <name>وادي بدنة</name>
        <styleUrl>#icon-1739-0288D1-labelson-nodesc</styleUrl>
        <Point>
          <coordinates>
            40.654757,31.118732,0
          </coordinates>
        </Point>
      </Placemark>
      <Placemark>
        <name>وادي بدنة</name>
        <styleUrl>#icon-1739-0288D1-labelson-nodesc</styleUrl>
        <Point>
          <coordinates>
            40.881286,31.04084,0
          </coordinates>
        </Point>
      </Placemark>
      <Placemark>
        <name>وادي بدنة</name>
        <styleUrl>#icon-1739-0288D1-labelson-nodesc</styleUrl>
        <Point>
          <coordinates>
            40.828671,31.052685,0
          </coordinates>
        </Point>
      </Placemark>
      <Placemark>
        <name>وادي بدنة</name>
        <styleUrl>#icon-1739-0288D1-labelson-nodesc</styleUrl>
        <Point>
          <coordinates>
            40.73415,31.080172,0
          </coordinates>
        </Point>
      </Placemark>
      <Placemark>
        <name>وادي بدنة</name>
        <styleUrl>#icon-1739-0288D1-labelson-nodesc</styleUrl>
        <Point>
          <coordinates>
            40.711319,31.096931,0
          </coordinates>
        </Point>
      </Placemark>
      <Placemark>
        <name>وادي بدنة</name>
        <styleUrl>#icon-1739-0288D1-labelson-nodesc</styleUrl>
        <Point>
          <coordinates>
            40.993123,30.97224,0
          </coordinates>
        </Point>
      </Placemark>
      <Placemark>
        <name>وادي بدنة</name>
        <styleUrl>#icon-1739-0288D1-labelson-nodesc</styleUrl>
        <Point>
          <coordinates>
            40.913429,31.017752,0
          </coordinates>
        </Point>
      </Placemark>
      <Placemark>
        <name>وادي بدينة</name>
        <styleUrl>#icon-1739-0288D1-labelson-nodesc</styleUrl>
        <Point>
          <coordinates>
            40.635831,31.033158,0
          </coordinates>
        </Point>
      </Placemark>
      <Placemark>
        <name>وادي بدينة</name>
        <styleUrl>#icon-1739-0288D1-labelson-nodesc</styleUrl>
        <Point>
          <coordinates>
            40.800004,31.012065,0
          </coordinates>
        </Point>
      </Placemark>
      <Placemark>
        <name>وادي تبال</name>
        <styleUrl>#icon-1739-0288D1-labelson-nodesc</styleUrl>
        <Point>
          <coordinates>
            40.188096,31.911077,0
          </coordinates>
        </Point>
      </Placemark>
      <Placemark>
        <name>وادي تليلات النعيج</name>
        <styleUrl>#icon-1739-0288D1-labelson-nodesc</styleUrl>
        <Point>
          <coordinates>
            38.162169,31.688583,0
          </coordinates>
        </Point>
      </Placemark>
      <Placemark>
        <name>وادي حامر</name>
        <styleUrl>#icon-1739-0288D1-labelson-nodesc</styleUrl>
        <Point>
          <coordinates>
            40.522213,31.310177,0
          </coordinates>
        </Point>
      </Placemark>
      <Placemark>
        <name>وادي حامر</name>
        <styleUrl>#icon-1739-0288D1-labelson-nodesc</styleUrl>
        <Point>
          <coordinates>
            41.158969,31.395729,0
          </coordinates>
        </Point>
      </Placemark>
      <Placemark>
        <name>وادي حييان</name>
        <styleUrl>#icon-1739-0288D1-labelson-nodesc</styleUrl>
        <Point>
          <coordinates>
            39.122293,31.155703,0
          </coordinates>
        </Point>
      </Placemark>
      <Placemark>
        <name>وادي حييان</name>
        <styleUrl>#icon-1739-0288D1-labelson-nodesc</styleUrl>
        <Point>
          <coordinates>
            39.181538,31.242692,0
          </coordinates>
        </Point>
      </Placemark>
      <Placemark>
        <name>وادي دحام</name>
        <styleUrl>#icon-1739-0288D1-labelson-nodesc</styleUrl>
        <Point>
          <coordinates>
            38.60806,31.503189,0
          </coordinates>
        </Point>
      </Placemark>
      <Placemark>
        <name>وادي شاظي حامر</name>
        <styleUrl>#icon-1739-0288D1-labelson-nodesc</styleUrl>
        <Point>
          <coordinates>
            40.35995,31.210442,0
          </coordinates>
        </Point>
      </Placemark>
      <Placemark>
        <name>وادي شاظي حامر</name>
        <styleUrl>#icon-1739-0288D1-labelson-nodesc</styleUrl>
        <Point>
          <coordinates>
            40.713766,31.209326,0
          </coordinates>
        </Point>
      </Placemark>
      <Placemark>
        <name>وادي شاظي حامر</name>
        <styleUrl>#icon-1739-0288D1-labelson-nodesc</styleUrl>
        <Point>
          <coordinates>
            40.898452,31.213896,0
          </coordinates>
        </Point>
      </Placemark>
      <Placemark>
        <name>وادي شاظي حامر</name>
        <styleUrl>#icon-1739-0288D1-labelson-nodesc</styleUrl>
        <Point>
          <coordinates>
            41.132813,31.331871,0
          </coordinates>
        </Point>
      </Placemark>
      <Placemark>
        <name>وادي طايلة</name>
        <styleUrl>#icon-1739-0288D1-labelson-nodesc</styleUrl>
        <Point>
          <coordinates>
            40.349994,30.941212,0
          </coordinates>
        </Point>
      </Placemark>
      <Placemark>
        <name>وادي طوقة</name>
        <styleUrl>#icon-1739-0288D1-labelson-nodesc</styleUrl>
        <Point>
          <coordinates>
            38.872375,30.923939,0
          </coordinates>
        </Point>
      </Placemark>
      <Placemark>
        <name>وادي عرعر</name>
        <styleUrl>#icon-1739-0288D1-labelson-nodesc</styleUrl>
        <Point>
          <coordinates>
            40.998466,30.921042,0
          </coordinates>
        </Point>
      </Placemark>
      <Placemark>
        <name>وادي عرعر</name>
        <styleUrl>#icon-1739-0288D1-labelson-nodesc</styleUrl>
        <Point>
          <coordinates>
            41.045394,31.022902,0
          </coordinates>
        </Point>
      </Placemark>
      <Placemark>
        <name>وادي عرعر</name>
        <styleUrl>#icon-1739-0288D1-labelson-nodesc</styleUrl>
        <Point>
          <coordinates>
            41.021276,30.963593,0
          </coordinates>
        </Point>
      </Placemark>
      <Placemark>
        <name>وادي عرعر</name>
        <styleUrl>#icon-1739-0288D1-labelson-nodesc</styleUrl>
        <Point>
          <coordinates>
            41.30898,31.219969,0
          </coordinates>
        </Point>
      </Placemark>
      <Placemark>
        <name>وادي عنازة</name>
        <styleUrl>#icon-1739-0288D1-labelson-nodesc</styleUrl>
        <Point>
          <coordinates>
            39.307194,32.009697,0
          </coordinates>
        </Point>
      </Placemark>
      <Placemark>
        <name>وادي فيحان</name>
        <styleUrl>#icon-1739-0288D1-labelson-nodesc</styleUrl>
        <Point>
          <coordinates>
            42.817733,29.053431,0
          </coordinates>
        </Point>
      </Placemark>
      <Placemark>
        <name>وادي فيحان</name>
        <styleUrl>#icon-1739-0288D1-labelson-nodesc</styleUrl>
        <Point>
          <coordinates>
            43.026409,29.061327,0
          </coordinates>
        </Point>
      </Placemark>
      <Placemark>
        <name>وادي فيحان</name>
        <styleUrl>#icon-1739-0288D1-labelson-nodesc</styleUrl>
        <Point>
          <coordinates>
            43.357759,29.462864,0
          </coordinates>
        </Point>
      </Placemark>
      <Placemark>
        <name>وادي كريم</name>
        <styleUrl>#icon-1739-0288D1-labelson-nodesc</styleUrl>
        <Point>
          <coordinates>
            44.89033,28.820915,0
          </coordinates>
        </Point>
      </Placemark>
      <Placemark>
        <name>وادي لويزية العمود</name>
        <styleUrl>#icon-1739-0288D1-labelson-nodesc</styleUrl>
        <Point>
          <coordinates>
            39.415662,31.055109,0
          </coordinates>
        </Point>
      </Placemark>
      <Placemark>
        <name>وادي مثاور</name>
        <styleUrl>#icon-1739-0288D1-labelson-nodesc</styleUrl>
        <Point>
          <coordinates>
            41.956873,29.679372,0
          </coordinates>
        </Point>
      </Placemark>
      <Placemark>
        <name>وادي معيلة</name>
        <styleUrl>#icon-1739-0288D1-labelson-nodesc</styleUrl>
        <Point>
          <coordinates>
            41.012928,30.905314,0
          </coordinates>
        </Point>
      </Placemark>
      <Placemark>
        <name>ودي عمرو</name>
        <styleUrl>#icon-1739-0288D1-labelson-nodesc</styleUrl>
        <Point>
          <coordinates>
            39.21999,31.117401,0
          </coordinates>
        </Point>
      </Placemark>
      <Placemark>
        <name>وديان اللويزية</name>
        <styleUrl>#icon-1739-0288D1-labelson-nodesc</styleUrl>
        <Point>
          <coordinates>
            39.008846,31.038823,0
          </coordinates>
        </Point>
      </Placemark>
      <Placemark>
        <name>شعيب اللحفوف</name>
        <styleUrl>#icon-1739-0288D1-labelson-nodesc</styleUrl>
        <Point>
          <coordinates>
            43.832598,29.22544,0
          </coordinates>
        </Point>
      </Placemark>
      <Placemark>
        <name>فيضة مريحه</name>
        <styleUrl>#icon-1739-0288D1-labelson-nodesc</styleUrl>
        <Point>
          <coordinates>
            43.898456,29.287792,0
          </coordinates>
        </Point>
      </Placemark>
      <Placemark>
        <name>فيضة خليف</name>
        <styleUrl>#icon-1739-0288D1-labelson-nodesc</styleUrl>
        <Point>
          <coordinates>
            43.8693020000001,29.281813,0
          </coordinates>
        </Point>
      </Placemark>
      <Placemark>
        <name>فيضة الخيمة</name>
        <styleUrl>#icon-1739-0288D1-labelson-nodesc</styleUrl>
        <Point>
          <coordinates>
            43.794658,29.254804,0
          </coordinates>
        </Point>
      </Placemark>
      <Placemark>
        <name>فيضة حمايه</name>
        <styleUrl>#icon-1739-0288D1-labelson-nodesc</styleUrl>
        <Point>
          <coordinates>
            43.750219,29.312913,0
          </coordinates>
        </Point>
      </Placemark>
      <Placemark>
        <name>فيضة السد</name>
        <styleUrl>#icon-1739-0288D1-labelson-nodesc</styleUrl>
        <Point>
          <coordinates>
            43.774734,29.349178,0
          </coordinates>
        </Point>
      </Placemark>
      <Placemark>
        <name>فيضة الخيل</name>
        <styleUrl>#icon-1739-0288D1-labelson-nodesc</styleUrl>
        <Point>
          <coordinates>
            43.8201369999999,29.295506,0
          </coordinates>
        </Point>
      </Placemark>
      <Placemark>
        <name>فيضة خليفة</name>
        <styleUrl>#icon-1739-0288D1-labelson-nodesc</styleUrl>
        <Point>
          <coordinates>
            43.8383653,29.314268,0
          </coordinates>
        </Point>
      </Placemark>
      <Placemark>
        <name>فيضة عياد</name>
        <styleUrl>#icon-1739-0288D1-labelson-nodesc</styleUrl>
        <Point>
          <coordinates>
            43.854836,29.297363,0
          </coordinates>
        </Point>
      </Placemark>
      <Placemark>
        <name>فيضة محمد</name>
        <styleUrl>#icon-1739-0288D1-labelson-nodesc</styleUrl>
        <Point>
          <coordinates>
            43.864182,29.294337,0
          </coordinates>
        </Point>
      </Placemark>
      <Placemark>
        <name>شعيب السواني</name>
        <styleUrl>#icon-1739-0288D1-labelson-nodesc</styleUrl>
        <Point>
          <coordinates>
            43.792994,29.311896,0
          </coordinates>
        </Point>
      </Placemark>
      <Placemark>
        <name>شعيب المصندق الغربي</name>
        <styleUrl>#icon-1739-0288D1-labelson-nodesc</styleUrl>
        <Point>
          <coordinates>
            43.808315,29.270223,0
          </coordinates>
        </Point>
      </Placemark>
      <Placemark>
        <name>شعيب المصندق الاوسط</name>
        <styleUrl>#icon-1739-0288D1-labelson-nodesc</styleUrl>
        <Point>
          <coordinates>
            43.817732,29.26131,0
          </coordinates>
        </Point>
      </Placemark>
      <Placemark>
        <name>شعيب المصندق الشرقي</name>
        <styleUrl>#icon-1739-0288D1-labelson-nodesc</styleUrl>
        <Point>
          <coordinates>
            43.824901,29.252017,0
          </coordinates>
        </Point>
      </Placemark>
      <Placemark>
        <name>فيضة عُميِر</name>
        <description>فيضة عمير</description>
        <styleUrl>#icon-1739-0288D1-labelson</styleUrl>
        <Point>
          <coordinates>
            43.802769,29.189647,0
          </coordinates>
        </Point>
      </Placemark>
      <Placemark>
        <name>فيضة ام نصله</name>
        <styleUrl>#icon-1739-0288D1-labelson-nodesc</styleUrl>
        <Point>
          <coordinates>
            43.734104,29.259104,0
          </coordinates>
        </Point>
      </Placemark>
    </Folder>
    <Folder>
      <name>جبال</name>
      <Placemark>
        <name>جبال الذيب</name>
        <styleUrl>#icon-1739-DB4436-labelson-nodesc</styleUrl>
        <Point>
          <coordinates>
            42.043819,29.608412,0
          </coordinates>
        </Point>
      </Placemark>
      <Placemark>
        <name>جبال الرميثة</name>
        <styleUrl>#icon-1739-DB4436-labelson-nodesc</styleUrl>
        <Point>
          <coordinates>
            43.088787,28.62844,0
          </coordinates>
        </Point>
      </Placemark>
      <Placemark>
        <name>جبال المابية</name>
        <styleUrl>#icon-1739-DB4436-labelson-nodesc</styleUrl>
        <Point>
          <coordinates>
            38.133974,31.080902,0
          </coordinates>
        </Point>
      </Placemark>
      <Placemark>
        <name>جبال النهيدين</name>
        <styleUrl>#icon-1739-DB4436-labelson-nodesc</styleUrl>
        <Point>
          <coordinates>
            38.528602,30.93883,0
          </coordinates>
        </Point>
      </Placemark>
      <Placemark>
        <name>جبال ام وعال</name>
        <styleUrl>#icon-1739-DB4436-labelson-nodesc</styleUrl>
        <Point>
          <coordinates>
            38.898404,31.79379,0
          </coordinates>
        </Point>
      </Placemark>
      <Placemark>
        <name>جبل اقرن</name>
        <styleUrl>#icon-1739-DB4436-labelson-nodesc</styleUrl>
        <Point>
          <coordinates>
            38.310742,31.535954,0
          </coordinates>
        </Point>
      </Placemark>
      <Placemark>
        <name>جبل الافضخ</name>
        <styleUrl>#icon-1739-DB4436-labelson-nodesc</styleUrl>
        <Point>
          <coordinates>
            42.10139,29.977505,0
          </coordinates>
        </Point>
      </Placemark>
      <Placemark>
        <name>جبل الجبيل</name>
        <styleUrl>#icon-1739-DB4436-labelson-nodesc</styleUrl>
        <Point>
          <coordinates>
            42.87039,28.499823,0
          </coordinates>
        </Point>
      </Placemark>
      <Placemark>
        <name>جبل الحنو</name>
        <styleUrl>#icon-1739-DB4436-labelson-nodesc</styleUrl>
        <Point>
          <coordinates>
            38.320742,31.316571,0
          </coordinates>
        </Point>
      </Placemark>
      <Placemark>
        <name>جبل الخطيمي</name>
        <styleUrl>#icon-1739-DB4436-labelson-nodesc</styleUrl>
        <Point>
          <coordinates>
            38.637714,31.418838,0
          </coordinates>
        </Point>
      </Placemark>
      <Placemark>
        <name>جبل الخلاد</name>
        <styleUrl>#icon-1739-DB4436-labelson-nodesc</styleUrl>
        <Point>
          <coordinates>
            38.092797,31.488061,0
          </coordinates>
        </Point>
      </Placemark>
      <Placemark>
        <name>جبل الدسم الاحمر</name>
        <styleUrl>#icon-1739-DB4436-labelson-nodesc</styleUrl>
        <Point>
          <coordinates>
            38.605571,30.97312,0
          </coordinates>
        </Point>
      </Placemark>
      <Placemark>
        <name>جبل السادة</name>
        <styleUrl>#icon-1739-DB4436-labelson-nodesc</styleUrl>
        <Point>
          <coordinates>
            38.590164,31.095428,0
          </coordinates>
        </Point>
      </Placemark>
      <Placemark>
        <name>جبل السحامية</name>
        <styleUrl>#icon-1739-DB4436-labelson-nodesc</styleUrl>
        <Point>
          <coordinates>
            39.145939,31.215377,0
          </coordinates>
        </Point>
      </Placemark>
      <Placemark>
        <name>جبل الشيحية</name>
        <styleUrl>#icon-1739-DB4436-labelson-nodesc</styleUrl>
        <Point>
          <coordinates>
            39.109268,31.098175,0
          </coordinates>
        </Point>
      </Placemark>
      <Placemark>
        <name>جبل اللويزية</name>
        <styleUrl>#icon-1739-DB4436-labelson-nodesc</styleUrl>
        <Point>
          <coordinates>
            39.141841,31.00801,0
          </coordinates>
        </Point>
      </Placemark>
      <Placemark>
        <name>جبل المتياهة</name>
        <styleUrl>#icon-1739-DB4436-labelson-nodesc</styleUrl>
        <Point>
          <coordinates>
            38.655395,31.054058,0
          </coordinates>
        </Point>
      </Placemark>
      <Placemark>
        <name>جبل المسما</name>
        <styleUrl>#icon-1739-DB4436-labelson-nodesc</styleUrl>
        <Point>
          <coordinates>
            38.177576,31.127143,0
          </coordinates>
        </Point>
      </Placemark>
      <Placemark>
        <name>جبل المصلى</name>
        <styleUrl>#icon-1739-DB4436-labelson-nodesc</styleUrl>
        <Point>
          <coordinates>
            38.219891,31.512394,0
          </coordinates>
        </Point>
      </Placemark>
      <Placemark>
        <name>جبل المضبعة</name>
        <styleUrl>#icon-1739-DB4436-labelson-nodesc</styleUrl>
        <Point>
          <coordinates>
            38.378055,31.003568,0
          </coordinates>
        </Point>
      </Placemark>
      <Placemark>
        <name>جبل المكمن</name>
        <styleUrl>#icon-1739-DB4436-labelson-nodesc</styleUrl>
        <Point>
          <coordinates>
            38.521671,30.983849,0
          </coordinates>
        </Point>
      </Placemark>
      <Placemark>
        <name>جبل الهنيدية</name>
        <styleUrl>#icon-1739-DB4436-labelson-nodesc</styleUrl>
        <Point>
          <coordinates>
            38.365889,31.446798,0
          </coordinates>
        </Point>
      </Placemark>
      <Placemark>
        <name>جبل ام اذن</name>
        <styleUrl>#icon-1739-DB4436-labelson-nodesc</styleUrl>
        <Point>
          <coordinates>
            38.07724,31.333523,0
          </coordinates>
        </Point>
      </Placemark>
      <Placemark>
        <name>جبل ام اذن</name>
        <styleUrl>#icon-1739-DB4436-labelson-nodesc</styleUrl>
        <Point>
          <coordinates>
            43.153803,29.744647,0
          </coordinates>
        </Point>
      </Placemark>
      <Placemark>
        <name>جبل زلاقة</name>
        <styleUrl>#icon-1739-DB4436-labelson-nodesc</styleUrl>
        <Point>
          <coordinates>
            38.755753,31.274171,0
          </coordinates>
        </Point>
      </Placemark>
      <Placemark>
        <name>جبل سنار</name>
        <styleUrl>#icon-1739-DB4436-labelson-nodesc</styleUrl>
        <Point>
          <coordinates>
            43.833067,28.722167,0
          </coordinates>
        </Point>
      </Placemark>
      <Placemark>
        <name>جبل طيب اسم</name>
        <styleUrl>#icon-1739-DB4436-labelson-nodesc</styleUrl>
        <Point>
          <coordinates>
            38.06797,31.271553,0
          </coordinates>
        </Point>
      </Placemark>
      <Placemark>
        <name>جبل عاقر</name>
        <styleUrl>#icon-1739-DB4436-labelson-nodesc</styleUrl>
        <Point>
          <coordinates>
            38.516736,31.140382,0
          </coordinates>
        </Point>
      </Placemark>
      <Placemark>
        <name>جبل عبدي</name>
        <styleUrl>#icon-1739-DB4436-labelson-nodesc</styleUrl>
        <Point>
          <coordinates>
            38.136699,31.372747,0
          </coordinates>
        </Point>
      </Placemark>
      <Placemark>
        <name>جبل عمود الحره</name>
        <styleUrl>#icon-1739-DB4436-labelson-nodesc</styleUrl>
        <Point>
          <coordinates>
            39.331591,30.98166,0
          </coordinates>
        </Point>
      </Placemark>
      <Placemark>
        <name>جبل كتيفة</name>
        <styleUrl>#icon-1739-DB4436-labelson-nodesc</styleUrl>
        <Point>
          <coordinates>
            38.56081,31.537135,0
          </coordinates>
        </Point>
      </Placemark>
      <Placemark>
        <name>جبل لس</name>
        <styleUrl>#icon-1739-DB4436-labelson-nodesc</styleUrl>
        <Point>
          <coordinates>
            38.532035,31.225419,0
          </coordinates>
        </Point>
      </Placemark>
      <Placemark>
        <name>جبل مشاور</name>
        <styleUrl>#icon-1739-DB4436-labelson-nodesc</styleUrl>
        <Point>
          <coordinates>
            38.514462,31.051655,0
          </coordinates>
        </Point>
      </Placemark>
      <Placemark>
        <name>جبل مصلوخ</name>
        <styleUrl>#icon-1739-DB4436-labelson-nodesc</styleUrl>
        <Point>
          <coordinates>
            38.265724,31.259494,0
          </coordinates>
        </Point>
      </Placemark>
      <Placemark>
        <name>جبل وعيلة</name>
        <styleUrl>#icon-1739-DB4436-labelson-nodesc</styleUrl>
        <Point>
          <coordinates>
            38.924196,31.742721,0
          </coordinates>
        </Point>
      </Placemark>
      <Placemark>
        <name>حزم الابيتر</name>
        <styleUrl>#icon-1739-DB4436-labelson-nodesc</styleUrl>
        <Point>
          <coordinates>
            39.69841,31.507394,0
          </coordinates>
        </Point>
      </Placemark>
      <Placemark>
        <name>حزم الجلاميد</name>
        <styleUrl>#icon-1739-DB4436-labelson-nodesc</styleUrl>
        <Point>
          <coordinates>
            39.969828,31.223316,0
          </coordinates>
        </Point>
      </Placemark>
      <Placemark>
        <name>حزم الصداوي</name>
        <styleUrl>#icon-1739-DB4436-labelson-nodesc</styleUrl>
        <Point>
          <coordinates>
            44.592476,29.295902,0
          </coordinates>
        </Point>
      </Placemark>
      <Placemark>
        <name>حزم الضيرين</name>
        <styleUrl>#icon-1739-DB4436-labelson-nodesc</styleUrl>
        <Point>
          <coordinates>
            44.470596,28.202119,0
          </coordinates>
        </Point>
      </Placemark>
      <Placemark>
        <name>حزم القعساء</name>
        <styleUrl>#icon-1739-DB4436-labelson-nodesc</styleUrl>
        <Point>
          <coordinates>
            39.384441,31.532822,0
          </coordinates>
        </Point>
      </Placemark>
      <Placemark>
        <name>حزم المركوز</name>
        <styleUrl>#icon-1739-DB4436-labelson-nodesc</styleUrl>
        <Point>
          <coordinates>
            44.948931,28.972406,0
          </coordinates>
        </Point>
      </Placemark>
      <Placemark>
        <name>حزم ام الارجام</name>
        <styleUrl>#icon-1739-DB4436-labelson-nodesc</styleUrl>
        <Point>
          <coordinates>
            42.92294,29.035084,0
          </coordinates>
        </Point>
      </Placemark>
      <Placemark>
        <name>حزم ام الارجام</name>
        <styleUrl>#icon-1739-DB4436-labelson-nodesc</styleUrl>
        <Point>
          <coordinates>
            45.283585,29.027703,0
          </coordinates>
        </Point>
      </Placemark>
      <Placemark>
        <name>حزم جدلا</name>
        <styleUrl>#icon-1739-DB4436-labelson-nodesc</styleUrl>
        <Point>
          <coordinates>
            41.816046,29.482327,0
          </coordinates>
        </Point>
      </Placemark>
      <Placemark>
        <name>حزم جلاعدة</name>
        <styleUrl>#icon-1739-DB4436-labelson-nodesc</styleUrl>
        <Point>
          <coordinates>
            43.241715,29.978278,0
          </coordinates>
        </Point>
      </Placemark>
      <Placemark>
        <name>حزم فلجاء</name>
        <styleUrl>#icon-1739-DB4436-labelson-nodesc</styleUrl>
        <Point>
          <coordinates>
            45.668492,29.071949,0
          </coordinates>
        </Point>
      </Placemark>
      <Placemark>
        <name>حزن زبالة</name>
        <styleUrl>#icon-1739-DB4436-labelson-nodesc</styleUrl>
        <Point>
          <coordinates>
            43.500001,29.000001,0
          </coordinates>
        </Point>
      </Placemark>
      <Placemark>
        <name>حزوم ارقط</name>
        <styleUrl>#icon-1739-DB4436-labelson-nodesc</styleUrl>
        <Point>
          <coordinates>
            39.540975,31.688969,0
          </coordinates>
        </Point>
      </Placemark>
      <Placemark>
        <name>حزوم الحوايا</name>
        <styleUrl>#icon-1739-DB4436-labelson-nodesc</styleUrl>
        <Point>
          <coordinates>
            44.044619,29.286418,0
          </coordinates>
        </Point>
      </Placemark>
      <Placemark>
        <name>حزوم الشعران</name>
        <styleUrl>#icon-1739-DB4436-labelson-nodesc</styleUrl>
        <Point>
          <coordinates>
            39.796128,31.006336,0
          </coordinates>
        </Point>
      </Placemark>
      <Placemark>
        <name>حزوم الطويخات</name>
        <styleUrl>#icon-1739-DB4436-labelson-nodesc</styleUrl>
        <Point>
          <coordinates>
            44.089594,28.085346,0
          </coordinates>
        </Point>
      </Placemark>
      <Placemark>
        <name>حزوم الغرابة</name>
        <styleUrl>#icon-1739-DB4436-labelson-nodesc</styleUrl>
        <Point>
          <coordinates>
            40.457196,30.998633,0
          </coordinates>
        </Point>
      </Placemark>
      <Placemark>
        <name>حزوم الندوف</name>
        <styleUrl>#icon-1739-DB4436-labelson-nodesc</styleUrl>
        <Point>
          <coordinates>
            39.776623,31.155231,0
          </coordinates>
        </Point>
      </Placemark>
      <Placemark>
        <name>حزوم بطين</name>
        <styleUrl>#icon-1739-DB4436-labelson-nodesc</styleUrl>
        <Point>
          <coordinates>
            39.63202,31.778083,0
          </coordinates>
        </Point>
      </Placemark>
      <Placemark>
        <name>حزوم عروس</name>
        <styleUrl>#icon-1739-DB4436-labelson-nodesc</styleUrl>
        <Point>
          <coordinates>
            39.635217,31.097381,0
          </coordinates>
        </Point>
      </Placemark>
      <Placemark>
        <name>حزوم قبعة</name>
        <styleUrl>#icon-1739-DB4436-labelson-nodesc</styleUrl>
        <Point>
          <coordinates>
            43.130715,28.615823,0
          </coordinates>
        </Point>
      </Placemark>
      <Placemark>
        <name>حزوم كتيفة</name>
        <styleUrl>#icon-1739-DB4436-labelson-nodesc</styleUrl>
        <Point>
          <coordinates>
            39.553828,31.283398,0
          </coordinates>
        </Point>
      </Placemark>
      <Placemark>
        <name>سمر الحجول</name>
        <styleUrl>#icon-1739-DB4436-labelson-nodesc</styleUrl>
        <Point>
          <coordinates>
            41.040158,31.402359,0
          </coordinates>
        </Point>
      </Placemark>
      <Placemark>
        <name>شداد المسماء</name>
        <styleUrl>#icon-1739-DB4436-labelson-nodesc</styleUrl>
        <Point>
          <coordinates>
            38.24873,31.013567,0
          </coordinates>
        </Point>
      </Placemark>
      <Placemark>
        <name>ضلع القليلة</name>
        <styleUrl>#icon-1739-DB4436-labelson-nodesc</styleUrl>
        <Point>
          <coordinates>
            40.526204,31.607323,0
          </coordinates>
        </Point>
      </Placemark>
      <Placemark>
        <name>ضلع المسيكين</name>
        <styleUrl>#icon-1739-DB4436-labelson-nodesc</styleUrl>
        <Point>
          <coordinates>
            42.027426,29.636564,0
          </coordinates>
        </Point>
      </Placemark>
      <Placemark>
        <name>ضلع سنار القيصومه</name>
        <styleUrl>#icon-1739-DB4436-labelson-nodesc</styleUrl>
        <Point>
          <coordinates>
            43.102412,29.265218,0
          </coordinates>
        </Point>
      </Placemark>
      <Placemark>
        <name>ضلعان البضاضيك</name>
        <styleUrl>#icon-1739-DB4436-labelson-nodesc</styleUrl>
        <Point>
          <coordinates>
            44.765275,28.387578,0
          </coordinates>
        </Point>
      </Placemark>
      <Placemark>
        <name>ضلعان السهلة</name>
        <styleUrl>#icon-1739-DB4436-labelson-nodesc</styleUrl>
        <Point>
          <coordinates>
            43.162279,29.254231,0
          </coordinates>
        </Point>
      </Placemark>
      <Placemark>
        <name>ضليعات الهمل</name>
        <styleUrl>#icon-1739-DB4436-labelson-nodesc</styleUrl>
        <Point>
          <coordinates>
            44.091654,29.260797,0
          </coordinates>
        </Point>
      </Placemark>
      <Placemark>
        <name>ضليعات مريشد</name>
        <styleUrl>#icon-1739-DB4436-labelson-nodesc</styleUrl>
        <Point>
          <coordinates>
            45.068278,28.70822,0
          </coordinates>
        </Point>
      </Placemark>
      <Placemark>
        <name>عبد ام ذروق</name>
        <styleUrl>#icon-1739-DB4436-labelson-nodesc</styleUrl>
        <Point>
          <coordinates>
            38.094449,31.097081,0
          </coordinates>
        </Point>
      </Placemark>
      <Placemark>
        <name>غار ابن شرهان</name>
        <styleUrl>#icon-1739-DB4436-labelson-nodesc</styleUrl>
        <Point>
          <coordinates>
            44.930263,29.020107,0
          </coordinates>
        </Point>
      </Placemark>
      <Placemark>
        <name>غويرات البقر</name>
        <styleUrl>#icon-1739-DB4436-labelson-nodesc</styleUrl>
        <Point>
          <coordinates>
            39.927084,31.960559,0
          </coordinates>
        </Point>
      </Placemark>
      <Placemark>
        <name>غويرات البقر</name>
        <styleUrl>#icon-1739-DB4436-labelson-nodesc</styleUrl>
        <Point>
          <coordinates>
            40.079091,31.934831,0
          </coordinates>
        </Point>
      </Placemark>
      <Placemark>
        <name>كهف العقرب السوداء</name>
        <styleUrl>#icon-1739-DB4436-labelson-nodesc</styleUrl>
        <Point>
          <coordinates>
            42.308972,29.768701,0
          </coordinates>
        </Point>
      </Placemark>
      <Placemark>
        <name>كهف رجل المكسور</name>
        <styleUrl>#icon-1739-DB4436-labelson-nodesc</styleUrl>
        <Point>
          <coordinates>
            42.301719,29.751985,0
          </coordinates>
        </Point>
      </Placemark>
      <Placemark>
        <name>كهيف البل</name>
        <styleUrl>#icon-1739-DB4436-labelson-nodesc</styleUrl>
        <Point>
          <coordinates>
            44.685924,27.827897,0
          </coordinates>
        </Point>
      </Placemark>
      <Placemark>
        <name>كهيف الغنم</name>
        <styleUrl>#icon-1739-DB4436-labelson-nodesc</styleUrl>
        <Point>
          <coordinates>
            44.636078,27.911239,0
          </coordinates>
        </Point>
      </Placemark>
      <Placemark>
        <name>مكمن الشداد</name>
        <styleUrl>#icon-1739-DB4436-labelson-nodesc</styleUrl>
        <Point>
          <coordinates>
            38.24182,30.996551,0
          </coordinates>
        </Point>
      </Placemark>
      <Placemark>
        <name>مكمن مشاور</name>
        <styleUrl>#icon-1739-DB4436-labelson-nodesc</styleUrl>
        <Point>
          <coordinates>
            38.284435,31.070924,0
          </coordinates>
        </Point>
      </Placemark>
    </Folder>
    <Folder>
      <name>أسماء ثانوية</name>
      <Placemark>
        <name>أبا القد</name>
        <styleUrl>#icon-1739-757575-labelson-nodesc</styleUrl>
        <Point>
          <coordinates>
            42.81666,29.683321,0
          </coordinates>
        </Point>
      </Placemark>
      <Placemark>
        <name>أبلى</name>
        <styleUrl>#icon-1739-757575-labelson-nodesc</styleUrl>
        <Point>
          <coordinates>
            40.210283,31.672511,0
          </coordinates>
        </Point>
      </Placemark>
      <Placemark>
        <name>أخيضر الشمالي</name>
        <styleUrl>#icon-1739-757575-labelson-nodesc</styleUrl>
        <Point>
          <coordinates>
            37.980573,31.399441,0
          </coordinates>
        </Point>
      </Placemark>
      <Placemark>
        <name>أفاق</name>
        <styleUrl>#icon-1739-757575-labelson-nodesc</styleUrl>
        <Point>
          <coordinates>
            44.416673,28.833339,0
          </coordinates>
        </Point>
      </Placemark>
      <Placemark>
        <name>ابرق التلول</name>
        <styleUrl>#icon-1739-757575-labelson-nodesc</styleUrl>
        <Point>
          <coordinates>
            41.880355,30.474401,0
          </coordinates>
        </Point>
      </Placemark>
      <Placemark>
        <name>ابرق الحصان</name>
        <styleUrl>#icon-1739-757575-labelson-nodesc</styleUrl>
        <Point>
          <coordinates>
            42.166643,28.791647,0
          </coordinates>
        </Point>
      </Placemark>
      <Placemark>
        <name>ابرق الخواضة</name>
        <styleUrl>#icon-1739-757575-labelson-nodesc</styleUrl>
        <Point>
          <coordinates>
            42.160377,30.873299,0
          </coordinates>
        </Point>
      </Placemark>
      <Placemark>
        <name>ابن عناز</name>
        <styleUrl>#icon-1739-757575-labelson-nodesc</styleUrl>
        <Point>
          <coordinates>
            43.74773,29.087334,0
          </coordinates>
        </Point>
      </Placemark>
      <Placemark>
        <name>ابو المطران</name>
        <styleUrl>#icon-1739-757575-labelson-nodesc</styleUrl>
        <Point>
          <coordinates>
            44.081161,28.667965,0
          </coordinates>
        </Point>
      </Placemark>
      <Placemark>
        <name>ابو شداد</name>
        <styleUrl>#icon-1739-757575-labelson-nodesc</styleUrl>
        <Point>
          <coordinates>
            44.146757,28.822117,0
          </coordinates>
        </Point>
      </Placemark>
      <Placemark>
        <name>اخيضر الجنوبي</name>
        <styleUrl>#icon-1739-757575-labelson-nodesc</styleUrl>
        <Point>
          <coordinates>
            38.006043,31.356525,0
          </coordinates>
        </Point>
      </Placemark>
      <Placemark>
        <name>ارنب</name>
        <styleUrl>#icon-1739-757575-labelson-nodesc</styleUrl>
        <Point>
          <coordinates>
            42.201383,30.035806,0
          </coordinates>
        </Point>
      </Placemark>
      <Placemark>
        <name>اسكان الحرس</name>
        <styleUrl>#icon-1739-757575-labelson-nodesc</styleUrl>
        <Point>
          <coordinates>
            43.418591,29.684823,0
          </coordinates>
        </Point>
      </Placemark>
      <Placemark>
        <name>افيحم الحنو</name>
        <styleUrl>#icon-1739-757575-labelson-nodesc</styleUrl>
        <Point>
          <coordinates>
            38.407388,31.38,0
          </coordinates>
        </Point>
      </Placemark>
      <Placemark>
        <name>الأشياخ</name>
        <styleUrl>#icon-1739-757575-labelson-nodesc</styleUrl>
        <Point>
          <coordinates>
            42.644355,28.746586,0
          </coordinates>
        </Point>
      </Placemark>
      <Placemark>
        <name>الأطواء</name>
        <styleUrl>#icon-1739-757575-labelson-nodesc</styleUrl>
        <Point>
          <coordinates>
            43.545234,29.205115,0
          </coordinates>
        </Point>
      </Placemark>
      <Placemark>
        <name>الأفاقة</name>
        <styleUrl>#icon-1739-757575-labelson-nodesc</styleUrl>
        <Point>
          <coordinates>
            44.583335,28.833339,0
          </coordinates>
        </Point>
      </Placemark>
      <Placemark>
        <name>الامنح</name>
        <styleUrl>#icon-1739-757575-labelson-nodesc</styleUrl>
        <Point>
          <coordinates>
            45.315256,28.922904,0
          </coordinates>
        </Point>
      </Placemark>
      <Placemark>
        <name>الامينح</name>
        <styleUrl>#icon-1739-757575-labelson-nodesc</styleUrl>
        <Point>
          <coordinates>
            45.233073,28.821387,0
          </coordinates>
        </Point>
      </Placemark>
      <Placemark>
        <name>الاهالة</name>
        <styleUrl>#icon-1739-757575-labelson-nodesc</styleUrl>
        <Point>
          <coordinates>
            44.621401,28.822782,0
          </coordinates>
        </Point>
      </Placemark>
      <Placemark>
        <name>البشوك</name>
        <styleUrl>#icon-1739-757575-labelson-nodesc</styleUrl>
        <Point>
          <coordinates>
            44.67747,28.169696,0
          </coordinates>
        </Point>
      </Placemark>
      <Placemark>
        <name>البطان</name>
        <styleUrl>#icon-1739-757575-labelson-nodesc</styleUrl>
        <Point>
          <coordinates>
            43.421273,28.615501,0
          </coordinates>
        </Point>
      </Placemark>
      <Placemark>
        <name>البطن</name>
        <styleUrl>#icon-1739-757575-labelson-nodesc</styleUrl>
        <Point>
          <coordinates>
            43.62083,29.693899,0
          </coordinates>
        </Point>
      </Placemark>
      <Placemark>
        <name>البلادية</name>
        <styleUrl>#icon-1739-757575-labelson-nodesc</styleUrl>
        <Point>
          <coordinates>
            44.028053,28.02887,0
          </coordinates>
        </Point>
      </Placemark>
      <Placemark>
        <name>البوابة الشرقية م.سلطان</name>
        <styleUrl>#icon-1739-757575-labelson-nodesc</styleUrl>
        <Point>
          <coordinates>
            45.193419,27.92716,0
          </coordinates>
        </Point>
      </Placemark>
      <Placemark>
        <name>البوليه</name>
        <styleUrl>#icon-1739-757575-labelson-nodesc</styleUrl>
        <Point>
          <coordinates>
            40.866609,31.337214,0
          </coordinates>
        </Point>
      </Placemark>
      <Placemark>
        <name>البياض</name>
        <styleUrl>#icon-1739-757575-labelson-nodesc</styleUrl>
        <Point>
          <coordinates>
            39.833336,31.25001,0
          </coordinates>
        </Point>
      </Placemark>
      <Placemark>
        <name>البياضة</name>
        <styleUrl>#icon-1739-757575-labelson-nodesc</styleUrl>
        <Point>
          <coordinates>
            41.859326,29.566677,0
          </coordinates>
        </Point>
      </Placemark>
      <Placemark>
        <name>التل الحمر</name>
        <styleUrl>#icon-1739-757575-labelson-nodesc</styleUrl>
        <Point>
          <coordinates>
            42.709844,29.891288,0
          </coordinates>
        </Point>
      </Placemark>
      <Placemark>
        <name>التنانير</name>
        <styleUrl>#icon-1739-757575-labelson-nodesc</styleUrl>
        <Point>
          <coordinates>
            43.583343,29.33311,0
          </coordinates>
        </Point>
      </Placemark>
      <Placemark>
        <name>التنانير</name>
        <styleUrl>#icon-1739-757575-labelson-nodesc</styleUrl>
        <Point>
          <coordinates>
            43.575554,29.428339,0
          </coordinates>
        </Point>
      </Placemark>
      <Placemark>
        <name>التناهي</name>
        <styleUrl>#icon-1739-757575-labelson-nodesc</styleUrl>
        <Point>
          <coordinates>
            43.342781,28.491948,0
          </coordinates>
        </Point>
      </Placemark>
      <Placemark>
        <name>الثرياء</name>
        <styleUrl>#icon-1739-757575-labelson-nodesc</styleUrl>
        <Point>
          <coordinates>
            42.142611,29.022939,0
          </coordinates>
        </Point>
      </Placemark>
      <Placemark>
        <name>الثليماء</name>
        <styleUrl>#icon-1739-757575-labelson-nodesc</styleUrl>
        <Point>
          <coordinates>
            43.61583,29.126945,0
          </coordinates>
        </Point>
      </Placemark>
      <Placemark>
        <name>الجافل</name>
        <styleUrl>#icon-1739-757575-labelson-nodesc</styleUrl>
        <Point>
          <coordinates>
            43.337824,29.4101,0
          </coordinates>
        </Point>
      </Placemark>
      <Placemark>
        <name>الجبيل</name>
        <styleUrl>#icon-1739-757575-labelson-nodesc</styleUrl>
        <Point>
          <coordinates>
            43.333318,28.38305,0
          </coordinates>
        </Point>
      </Placemark>
      <Placemark>
        <name>الجرانيات</name>
        <styleUrl>#icon-1739-757575-labelson-nodesc</styleUrl>
        <Point>
          <coordinates>
            38.382218,31.663628,0
          </coordinates>
        </Point>
      </Placemark>
      <Placemark>
        <name>الجرعاء</name>
        <styleUrl>#icon-1739-757575-labelson-nodesc</styleUrl>
        <Point>
          <coordinates>
            43.71166,28.745277,0
          </coordinates>
        </Point>
      </Placemark>
      <Placemark>
        <name>الجريباء</name>
        <styleUrl>#icon-1739-757575-labelson-nodesc</styleUrl>
        <Point>
          <coordinates>
            44.059575,29.437931,0
          </coordinates>
        </Point>
      </Placemark>
      <Placemark>
        <name>الجريبة</name>
        <styleUrl>#icon-1739-757575-labelson-nodesc</styleUrl>
        <Point>
          <coordinates>
            44.600008,28.900008,0
          </coordinates>
        </Point>
      </Placemark>
      <Placemark>
        <name>الجلعد</name>
        <styleUrl>#icon-1739-757575-labelson-nodesc</styleUrl>
        <Point>
          <coordinates>
            43.307247,29.20445,0
          </coordinates>
        </Point>
      </Placemark>
      <Placemark>
        <name>الجندليه</name>
        <styleUrl>#icon-1739-757575-labelson-nodesc</styleUrl>
        <Point>
          <coordinates>
            40.916777,31.589298,0
          </coordinates>
        </Point>
      </Placemark>
      <Placemark>
        <name>الجوي</name>
        <styleUrl>#icon-1739-757575-labelson-nodesc</styleUrl>
        <Point>
          <coordinates>
            44.548895,29.057207,0
          </coordinates>
        </Point>
      </Placemark>
      <Placemark>
        <name>الحجرة</name>
        <styleUrl>#icon-1739-757575-labelson-nodesc</styleUrl>
        <Point>
          <coordinates>
            42.749991,29.74999,0
          </coordinates>
        </Point>
      </Placemark>
      <Placemark>
        <name>الحجره</name>
        <styleUrl>#icon-1739-757575-labelson-nodesc</styleUrl>
        <Point>
          <coordinates>
            44.361999,28.737016,0
          </coordinates>
        </Point>
      </Placemark>
      <Placemark>
        <name>الحجول</name>
        <styleUrl>#icon-1739-757575-labelson-nodesc</styleUrl>
        <Point>
          <coordinates>
            41.051939,31.396694,0
          </coordinates>
        </Point>
      </Placemark>
      <Placemark>
        <name>الحزول</name>
        <styleUrl>#icon-1739-757575-labelson-nodesc</styleUrl>
        <Point>
          <coordinates>
            42.63,29.840434,0
          </coordinates>
        </Point>
      </Placemark>
      <Placemark>
        <name>الحماد</name>
        <styleUrl>#icon-1739-757575-labelson-nodesc</styleUrl>
        <Point>
          <coordinates>
            39.828787,31.487718,0
          </coordinates>
        </Point>
      </Placemark>
      <Placemark>
        <name>الحماطية</name>
        <styleUrl>#icon-1739-757575-labelson-nodesc</styleUrl>
        <Point>
          <coordinates>
            42.66386,28.88679,0
          </coordinates>
        </Point>
      </Placemark>
      <Placemark>
        <name>الحمره</name>
        <styleUrl>#icon-1739-757575-labelson-nodesc</styleUrl>
        <Point>
          <coordinates>
            43.54032,29.75898,0
          </coordinates>
        </Point>
      </Placemark>
      <Placemark>
        <name>الحمير</name>
        <styleUrl>#icon-1739-757575-labelson-nodesc</styleUrl>
        <Point>
          <coordinates>
            43.950076,29.166555,0
          </coordinates>
        </Point>
      </Placemark>
      <Placemark>
        <name>الحمير</name>
        <styleUrl>#icon-1739-757575-labelson-nodesc</styleUrl>
        <Point>
          <coordinates>
            43.833432,28.366313,0
          </coordinates>
        </Point>
      </Placemark>
      <Placemark>
        <name>الحنيه</name>
        <styleUrl>#icon-1739-757575-labelson-nodesc</styleUrl>
        <Point>
          <coordinates>
            45.826614,29.095359,0
          </coordinates>
        </Point>
      </Placemark>
      <Placemark>
        <name>الحوايا</name>
        <styleUrl>#icon-1739-757575-labelson-nodesc</styleUrl>
        <Point>
          <coordinates>
            44.034641,28.183322,0
          </coordinates>
        </Point>
      </Placemark>
      <Placemark>
        <name>الخشمة</name>
        <styleUrl>#icon-1739-757575-labelson-nodesc</styleUrl>
        <Point>
          <coordinates>
            42.359119,29.719949,0
          </coordinates>
        </Point>
      </Placemark>
      <Placemark>
        <name>الخشناء</name>
        <styleUrl>#icon-1739-757575-labelson-nodesc</styleUrl>
        <Point>
          <coordinates>
            42.005689,30.354559,0
          </coordinates>
        </Point>
      </Placemark>
      <Placemark>
        <name>الخل</name>
        <styleUrl>#icon-1739-757575-labelson-nodesc</styleUrl>
        <Point>
          <coordinates>
            43.500001,28.749998,0
          </coordinates>
        </Point>
      </Placemark>
      <Placemark>
        <name>الخلاة</name>
        <styleUrl>#icon-1739-757575-labelson-nodesc</styleUrl>
        <Point>
          <coordinates>
            38.115134,31.504455,0
          </coordinates>
        </Point>
      </Placemark>
      <Placemark>
        <name>الخليفية</name>
        <styleUrl>#icon-1739-757575-labelson-nodesc</styleUrl>
        <Point>
          <coordinates>
            42.842667,28.835399,0
          </coordinates>
        </Point>
      </Placemark>
      <Placemark>
        <name>الخليقه</name>
        <styleUrl>#icon-1739-757575-labelson-nodesc</styleUrl>
        <Point>
          <coordinates>
            41.233406,31.049788,0
          </coordinates>
        </Point>
      </Placemark>
      <Placemark>
        <name>الخور</name>
        <styleUrl>#icon-1739-757575-labelson-nodesc</styleUrl>
        <Point>
          <coordinates>
            39.085386,31.374185,0
          </coordinates>
        </Point>
      </Placemark>
      <Placemark>
        <name>الخيسة</name>
        <styleUrl>#icon-1739-757575-labelson-nodesc</styleUrl>
        <Point>
          <coordinates>
            43.312418,28.574324,0
          </coordinates>
        </Point>
      </Placemark>
      <Placemark>
        <name>الخيلان</name>
        <styleUrl>#icon-1739-757575-labelson-nodesc</styleUrl>
        <Point>
          <coordinates>
            43.650012,29.450011,0
          </coordinates>
        </Point>
      </Placemark>
      <Placemark>
        <name>الدارة</name>
        <styleUrl>#icon-1739-757575-labelson-nodesc</styleUrl>
        <Point>
          <coordinates>
            42.130573,29.128382,0
          </coordinates>
        </Point>
      </Placemark>
      <Placemark>
        <name>الدحول</name>
        <styleUrl>#icon-1739-757575-labelson-nodesc</styleUrl>
        <Point>
          <coordinates>
            44.050069,28.316574,0
          </coordinates>
        </Point>
      </Placemark>
      <Placemark>
        <name>الدغم</name>
        <styleUrl>#icon-1739-757575-labelson-nodesc</styleUrl>
        <Point>
          <coordinates>
            43.549118,28.744054,0
          </coordinates>
        </Point>
      </Placemark>
      <Placemark>
        <name>الدكاكة</name>
        <styleUrl>#icon-1739-757575-labelson-nodesc</styleUrl>
        <Point>
          <coordinates>
            42.874489,29.363365,0
          </coordinates>
        </Point>
      </Placemark>
      <Placemark>
        <name>الدويخلات</name>
        <styleUrl>#icon-1739-757575-labelson-nodesc</styleUrl>
        <Point>
          <coordinates>
            41.952753,29.331007,0
          </coordinates>
        </Point>
      </Placemark>
      <Placemark>
        <name>الراعي</name>
        <styleUrl>#icon-1739-757575-labelson-nodesc</styleUrl>
        <Point>
          <coordinates>
            44.911144,28.415923,0
          </coordinates>
        </Point>
      </Placemark>
      <Placemark>
        <name>الربيثه</name>
        <styleUrl>#icon-1739-757575-labelson-nodesc</styleUrl>
        <Point>
          <coordinates>
            44.166949,29.437201,0
          </coordinates>
        </Point>
      </Placemark>
      <Placemark>
        <name>الرجم الابيض</name>
        <styleUrl>#icon-1739-757575-labelson-nodesc</styleUrl>
        <Point>
          <coordinates>
            41.835487,30.435669,0
          </coordinates>
        </Point>
      </Placemark>
      <Placemark>
        <name>الرستمية</name>
        <styleUrl>#icon-1739-757575-labelson-nodesc</styleUrl>
        <Point>
          <coordinates>
            43.484445,28.950005,0
          </coordinates>
        </Point>
      </Placemark>
      <Placemark>
        <name>الرضم</name>
        <styleUrl>#icon-1739-757575-labelson-nodesc</styleUrl>
        <Point>
          <coordinates>
            43.55916,29.298327,0
          </coordinates>
        </Point>
      </Placemark>
      <Placemark>
        <name>الركعاء</name>
        <styleUrl>#icon-1739-757575-labelson-nodesc</styleUrl>
        <Point>
          <coordinates>
            42.5611,29.743445,0
          </coordinates>
        </Point>
      </Placemark>
      <Placemark>
        <name>الرمثيات</name>
        <styleUrl>#icon-1739-757575-labelson-nodesc</styleUrl>
        <Point>
          <coordinates>
            41.948977,29.449196,0
          </coordinates>
        </Point>
      </Placemark>
      <Placemark>
        <name>الرميله</name>
        <styleUrl>#icon-1739-757575-labelson-nodesc</styleUrl>
        <Point>
          <coordinates>
            43.948746,28.27265,0
          </coordinates>
        </Point>
      </Placemark>
      <Placemark>
        <name>الرهالي</name>
        <styleUrl>#icon-1739-757575-labelson-nodesc</styleUrl>
        <Point>
          <coordinates>
            40.261073,31.33745,0
          </coordinates>
        </Point>
      </Placemark>
      <Placemark>
        <name>الروثية</name>
        <styleUrl>#icon-1739-757575-labelson-nodesc</styleUrl>
        <Point>
          <coordinates>
            38.906386,31.202459,0
          </coordinates>
        </Point>
      </Placemark>
      <Placemark>
        <name>الروثية</name>
        <styleUrl>#icon-1739-757575-labelson-nodesc</styleUrl>
        <Point>
          <coordinates>
            41.367409,31.261489,0
          </coordinates>
        </Point>
      </Placemark>
      <Placemark>
        <name>الرويحليه</name>
        <styleUrl>#icon-1739-757575-labelson-nodesc</styleUrl>
        <Point>
          <coordinates>
            44.399958,28.799737,0
          </coordinates>
        </Point>
      </Placemark>
      <Placemark>
        <name>الزري</name>
        <styleUrl>#icon-1739-757575-labelson-nodesc</styleUrl>
        <Point>
          <coordinates>
            43.372221,28.749998,0
          </coordinates>
        </Point>
      </Placemark>
      <Placemark>
        <name>الزريبا</name>
        <styleUrl>#icon-1739-757575-labelson-nodesc</styleUrl>
        <Point>
          <coordinates>
            43.861413,28.671312,0
          </coordinates>
        </Point>
      </Placemark>
      <Placemark>
        <name>الزقله</name>
        <styleUrl>#icon-1739-757575-labelson-nodesc</styleUrl>
        <Point>
          <coordinates>
            44.283314,28.899965,0
          </coordinates>
        </Point>
      </Placemark>
      <Placemark>
        <name>الزقماء</name>
        <styleUrl>#icon-1739-757575-labelson-nodesc</styleUrl>
        <Point>
          <coordinates>
            42.477737,29.164517,0
          </coordinates>
        </Point>
      </Placemark>
      <Placemark>
        <name>الساده</name>
        <styleUrl>#icon-1739-757575-labelson-nodesc</styleUrl>
        <Point>
          <coordinates>
            44.813619,29.116473,0
          </coordinates>
        </Point>
      </Placemark>
      <Placemark>
        <name>السحيراء</name>
        <styleUrl>#icon-1739-757575-labelson-nodesc</styleUrl>
        <Point>
          <coordinates>
            44.20289,27.958059,0
          </coordinates>
        </Point>
      </Placemark>
      <Placemark>
        <name>السحيره</name>
        <styleUrl>#icon-1739-757575-labelson-nodesc</styleUrl>
        <Point>
          <coordinates>
            44.250247,28.199801,0
          </coordinates>
        </Point>
      </Placemark>
      <Placemark>
        <name>السعيرة</name>
        <styleUrl>#icon-1739-757575-labelson-nodesc</styleUrl>
        <Point>
          <coordinates>
            42.642832,30.576131,0
          </coordinates>
        </Point>
      </Placemark>
      <Placemark>
        <name>الشباك</name>
        <styleUrl>#icon-1739-757575-labelson-nodesc</styleUrl>
        <Point>
          <coordinates>
            44.383435,28.799887,0
          </coordinates>
        </Point>
      </Placemark>
      <Placemark>
        <name>الشعله</name>
        <styleUrl>#icon-1739-757575-labelson-nodesc</styleUrl>
        <Point>
          <coordinates>
            44.16682,27.999859,0
          </coordinates>
        </Point>
      </Placemark>
      <Placemark>
        <name>الشقوق</name>
        <styleUrl>#icon-1739-757575-labelson-nodesc</styleUrl>
        <Point>
          <coordinates>
            43.479166,29.093063,0
          </coordinates>
        </Point>
      </Placemark>
      <Placemark>
        <name>الشويرعات</name>
        <styleUrl>#icon-1739-757575-labelson-nodesc</styleUrl>
        <Point>
          <coordinates>
            44.026401,27.968144,0
          </coordinates>
        </Point>
      </Placemark>
      <Placemark>
        <name>الشير</name>
        <styleUrl>#icon-1739-757575-labelson-nodesc</styleUrl>
        <Point>
          <coordinates>
            42.799215,30.06355,0
          </coordinates>
        </Point>
      </Placemark>
      <Placemark>
        <name>الصحن</name>
        <styleUrl>#icon-1739-757575-labelson-nodesc</styleUrl>
        <Point>
          <coordinates>
            42.362745,30.776374,0
          </coordinates>
        </Point>
      </Placemark>
      <Placemark>
        <name>الصحن</name>
        <styleUrl>#icon-1739-757575-labelson-nodesc</styleUrl>
        <Point>
          <coordinates>
            42.613928,30.522809,0
          </coordinates>
        </Point>
      </Placemark>
      <Placemark>
        <name>الصحير</name>
        <styleUrl>#icon-1739-757575-labelson-nodesc</styleUrl>
        <Point>
          <coordinates>
            42.116668,30.466676,0
          </coordinates>
        </Point>
      </Placemark>
      <Placemark>
        <name>الصحين</name>
        <styleUrl>#icon-1739-757575-labelson-nodesc</styleUrl>
        <Point>
          <coordinates>
            42.011783,30.563493,0
          </coordinates>
        </Point>
      </Placemark>
      <Placemark>
        <name>الصحين</name>
        <styleUrl>#icon-1739-757575-labelson-nodesc</styleUrl>
        <Point>
          <coordinates>
            42.057831,30.76659,0
          </coordinates>
        </Point>
      </Placemark>
      <Placemark>
        <name>الصحين منزل بناق</name>
        <styleUrl>#icon-1739-757575-labelson-nodesc</styleUrl>
        <Point>
          <coordinates>
            42.059183,30.292118,0
          </coordinates>
        </Point>
      </Placemark>
      <Placemark>
        <name>الصخرة المثقوبة</name>
        <styleUrl>#icon-1739-757575-labelson-nodesc</styleUrl>
        <Point>
          <coordinates>
            44.528382,27.827425,0
          </coordinates>
        </Point>
      </Placemark>
      <Placemark>
        <name>الصداويات الغربيات</name>
        <styleUrl>#icon-1739-757575-labelson-nodesc</styleUrl>
        <Point>
          <coordinates>
            44.585266,29.247494,0
          </coordinates>
        </Point>
      </Placemark>
      <Placemark>
        <name>الصلبي</name>
        <styleUrl>#icon-1739-757575-labelson-nodesc</styleUrl>
        <Point>
          <coordinates>
            44.730341,28.49242,0
          </coordinates>
        </Point>
      </Placemark>
      <Placemark>
        <name>الصمد</name>
        <styleUrl>#icon-1739-757575-labelson-nodesc</styleUrl>
        <Point>
          <coordinates>
            44.764009,28.759847,0
          </coordinates>
        </Point>
      </Placemark>
      <Placemark>
        <name>الضباعية</name>
        <styleUrl>#icon-1739-757575-labelson-nodesc</styleUrl>
        <Point>
          <coordinates>
            38.264737,31.101522,0
          </coordinates>
        </Point>
      </Placemark>
      <Placemark>
        <name>الضبعي</name>
        <styleUrl>#icon-1739-757575-labelson-nodesc</styleUrl>
        <Point>
          <coordinates>
            44.016166,28.287392,0
          </coordinates>
        </Point>
      </Placemark>
      <Placemark>
        <name>الطراق</name>
        <styleUrl>#icon-1739-757575-labelson-nodesc</styleUrl>
        <Point>
          <coordinates>
            43.756335,28.849347,0
          </coordinates>
        </Point>
      </Placemark>
      <Placemark>
        <name>الطريفاوي</name>
        <styleUrl>#icon-1739-757575-labelson-nodesc</styleUrl>
        <Point>
          <coordinates>
            39.33393,31.710727,0
          </coordinates>
        </Point>
      </Placemark>
      <Placemark>
        <name>الطريفاوي</name>
        <styleUrl>#icon-1739-757575-labelson-nodesc</styleUrl>
        <Point>
          <coordinates>
            39.339294,31.794283,0
          </coordinates>
        </Point>
      </Placemark>
      <Placemark>
        <name>الطليح</name>
        <styleUrl>#icon-1739-757575-labelson-nodesc</styleUrl>
        <Point>
          <coordinates>
            43.3775,28.84557,0
          </coordinates>
        </Point>
      </Placemark>
      <Placemark>
        <name>الطوق</name>
        <styleUrl>#icon-1739-757575-labelson-nodesc</styleUrl>
        <Point>
          <coordinates>
            43.652437,28.845119,0
          </coordinates>
        </Point>
      </Placemark>
      <Placemark>
        <name>الطيارات</name>
        <styleUrl>#icon-1739-757575-labelson-nodesc</styleUrl>
        <Point>
          <coordinates>
            44.250076,28.94994,0
          </coordinates>
        </Point>
      </Placemark>
      <Placemark>
        <name>الظفيري</name>
        <styleUrl>#icon-1739-757575-labelson-nodesc</styleUrl>
        <Point>
          <coordinates>
            43.279889,30.122924,0
          </coordinates>
        </Point>
      </Placemark>
      <Placemark>
        <name>الظفيري</name>
        <styleUrl>#icon-1739-757575-labelson-nodesc</styleUrl>
        <Point>
          <coordinates>
            43.556242,29.972355,0
          </coordinates>
        </Point>
      </Placemark>
      <Placemark>
        <name>العاذريات</name>
        <styleUrl>#icon-1739-757575-labelson-nodesc</styleUrl>
        <Point>
          <coordinates>
            44.901702,27.721424,0
          </coordinates>
        </Point>
      </Placemark>
      <Placemark>
        <name>العاقولة</name>
        <styleUrl>#icon-1739-757575-labelson-nodesc</styleUrl>
        <Point>
          <coordinates>
            43.968894,29.225006,0
          </coordinates>
        </Point>
      </Placemark>
      <Placemark>
        <name>العجيلي</name>
        <styleUrl>#icon-1739-757575-labelson-nodesc</styleUrl>
        <Point>
          <coordinates>
            44.733539,28.566556,0
          </coordinates>
        </Point>
      </Placemark>
      <Placemark>
        <name>العرفجيات</name>
        <styleUrl>#icon-1739-757575-labelson-nodesc</styleUrl>
        <Point>
          <coordinates>
            42.794795,29.898884,0
          </coordinates>
        </Point>
      </Placemark>
      <Placemark>
        <name>العقبة</name>
        <styleUrl>#icon-1739-757575-labelson-nodesc</styleUrl>
        <Point>
          <coordinates>
            43.614435,30.086939,0
          </coordinates>
        </Point>
      </Placemark>
      <Placemark>
        <name>العقرب الشماليه</name>
        <styleUrl>#icon-1739-757575-labelson-nodesc</styleUrl>
        <Point>
          <coordinates>
            42.791405,29.39229,0
          </coordinates>
        </Point>
      </Placemark>
      <Placemark>
        <name>العقرب الغربيه</name>
        <styleUrl>#icon-1739-757575-labelson-nodesc</styleUrl>
        <Point>
          <coordinates>
            42.682142,29.261827,0
          </coordinates>
        </Point>
      </Placemark>
      <Placemark>
        <name>العقرب الوسطى</name>
        <styleUrl>#icon-1739-757575-labelson-nodesc</styleUrl>
        <Point>
          <coordinates>
            42.764497,29.330771,0
          </coordinates>
        </Point>
      </Placemark>
      <Placemark>
        <name>العكرشي</name>
        <styleUrl>#icon-1739-757575-labelson-nodesc</styleUrl>
        <Point>
          <coordinates>
            43.792985,28.405216,0
          </coordinates>
        </Point>
      </Placemark>
      <Placemark>
        <name>العلوكية</name>
        <styleUrl>#icon-1739-757575-labelson-nodesc</styleUrl>
        <Point>
          <coordinates>
            43.260834,29.140463,0
          </coordinates>
        </Point>
      </Placemark>
      <Placemark>
        <name>الغبيط</name>
        <styleUrl>#icon-1739-757575-labelson-nodesc</styleUrl>
        <Point>
          <coordinates>
            43.750005,29.74999,0
          </coordinates>
        </Point>
      </Placemark>
      <Placemark>
        <name>الغراء</name>
        <styleUrl>#icon-1739-757575-labelson-nodesc</styleUrl>
        <Point>
          <coordinates>
            41.924107,29.114327,0
          </coordinates>
        </Point>
      </Placemark>
      <Placemark>
        <name>الغرابيات</name>
        <styleUrl>#icon-1739-757575-labelson-nodesc</styleUrl>
        <Point>
          <coordinates>
            44.112682,29.052057,0
          </coordinates>
        </Point>
      </Placemark>
      <Placemark>
        <name>الغرب</name>
        <styleUrl>#icon-1739-757575-labelson-nodesc</styleUrl>
        <Point>
          <coordinates>
            44.815657,28.707576,0
          </coordinates>
        </Point>
      </Placemark>
      <Placemark>
        <name>الفروثيات</name>
        <styleUrl>#icon-1739-757575-labelson-nodesc</styleUrl>
        <Point>
          <coordinates>
            43.517232,28.54248,0
          </coordinates>
        </Point>
      </Placemark>
      <Placemark>
        <name>الفريدة</name>
        <styleUrl>#icon-1739-757575-labelson-nodesc</styleUrl>
        <Point>
          <coordinates>
            41.530251,29.873993,0
          </coordinates>
        </Point>
      </Placemark>
      <Placemark>
        <name>القبيبات</name>
        <styleUrl>#icon-1739-757575-labelson-nodesc</styleUrl>
        <Point>
          <coordinates>
            43.567228,29.447501,0
          </coordinates>
        </Point>
      </Placemark>
      <Placemark>
        <name>القتب</name>
        <styleUrl>#icon-1739-757575-labelson-nodesc</styleUrl>
        <Point>
          <coordinates>
            38.037865,31.602924,0
          </coordinates>
        </Point>
      </Placemark>
      <Placemark>
        <name>القريه</name>
        <styleUrl>#icon-1739-757575-labelson-nodesc</styleUrl>
        <Point>
          <coordinates>
            44.625092,28.765147,0
          </coordinates>
        </Point>
      </Placemark>
      <Placemark>
        <name>القنينه</name>
        <styleUrl>#icon-1739-757575-labelson-nodesc</styleUrl>
        <Point>
          <coordinates>
            44.472249,28.897541,0
          </coordinates>
        </Point>
      </Placemark>
      <Placemark>
        <name>الكراع</name>
        <styleUrl>#icon-1739-757575-labelson-nodesc</styleUrl>
        <Point>
          <coordinates>
            44.799414,28.429356,0
          </coordinates>
        </Point>
      </Placemark>
      <Placemark>
        <name>الكسور</name>
        <styleUrl>#icon-1739-757575-labelson-nodesc</styleUrl>
        <Point>
          <coordinates>
            38.577933,31.284835,0
          </coordinates>
        </Point>
      </Placemark>
      <Placemark>
        <name>اللبه</name>
        <styleUrl>#icon-1739-757575-labelson-nodesc</styleUrl>
        <Point>
          <coordinates>
            41.479697,29.42703,0
          </coordinates>
        </Point>
      </Placemark>
      <Placemark>
        <name>المتاييه</name>
        <styleUrl>#icon-1739-757575-labelson-nodesc</styleUrl>
        <Point>
          <coordinates>
            43.141637,28.479996,0
          </coordinates>
        </Point>
      </Placemark>
      <Placemark>
        <name>المتاييه</name>
        <styleUrl>#icon-1739-757575-labelson-nodesc</styleUrl>
        <Point>
          <coordinates>
            43.116295,28.563187,0
          </coordinates>
        </Point>
      </Placemark>
      <Placemark>
        <name>المجيلس</name>
        <styleUrl>#icon-1739-757575-labelson-nodesc</styleUrl>
        <Point>
          <coordinates>
            40.056453,31.389613,0
          </coordinates>
        </Point>
      </Placemark>
      <Placemark>
        <name>المجيلس</name>
        <styleUrl>#icon-1739-757575-labelson-nodesc</styleUrl>
        <Point>
          <coordinates>
            41.834843,31.025262,0
          </coordinates>
        </Point>
      </Placemark>
      <Placemark>
        <name>المجيلس</name>
        <styleUrl>#icon-1739-757575-labelson-nodesc</styleUrl>
        <Point>
          <coordinates>
            43.612654,29.039333,0
          </coordinates>
        </Point>
      </Placemark>
      <Placemark>
        <name>المحروقات</name>
        <styleUrl>#icon-1739-757575-labelson-nodesc</styleUrl>
        <Point>
          <coordinates>
            43.271241,29.697633,0
          </coordinates>
        </Point>
      </Placemark>
      <Placemark>
        <name>المحقبه</name>
        <styleUrl>#icon-1739-757575-labelson-nodesc</styleUrl>
        <Point>
          <coordinates>
            44.75004,28.08305,0
          </coordinates>
        </Point>
      </Placemark>
      <Placemark>
        <name>المراود</name>
        <styleUrl>#icon-1739-757575-labelson-nodesc</styleUrl>
        <Point>
          <coordinates>
            44.853315,29.07609,0
          </coordinates>
        </Point>
      </Placemark>
      <Placemark>
        <name>المرواد</name>
        <styleUrl>#icon-1739-757575-labelson-nodesc</styleUrl>
        <Point>
          <coordinates>
            44.446521,28.91784,0
          </coordinates>
        </Point>
      </Placemark>
      <Placemark>
        <name>المريوه</name>
        <styleUrl>#icon-1739-757575-labelson-nodesc</styleUrl>
        <Point>
          <coordinates>
            44.867971,28.491518,0
          </coordinates>
        </Point>
      </Placemark>
      <Placemark>
        <name>المريوه</name>
        <styleUrl>#icon-1739-757575-labelson-nodesc</styleUrl>
        <Point>
          <coordinates>
            44.930928,28.579259,0
          </coordinates>
        </Point>
      </Placemark>
      <Placemark>
        <name>المسيهرية</name>
        <styleUrl>#icon-1739-757575-labelson-nodesc</styleUrl>
        <Point>
          <coordinates>
            41.198623,31.222029,0
          </coordinates>
        </Point>
      </Placemark>
      <Placemark>
        <name>المطاوي</name>
        <styleUrl>#icon-1739-757575-labelson-nodesc</styleUrl>
        <Point>
          <coordinates>
            39.891486,30.998054,0
          </coordinates>
        </Point>
      </Placemark>
      <Placemark>
        <name>المطربه</name>
        <styleUrl>#icon-1739-757575-labelson-nodesc</styleUrl>
        <Point>
          <coordinates>
            44.533381,28.616531,0
          </coordinates>
        </Point>
      </Placemark>
      <Placemark>
        <name>المطق</name>
        <styleUrl>#icon-1739-757575-labelson-nodesc</styleUrl>
        <Point>
          <coordinates>
            44.416673,28.383286,0
          </coordinates>
        </Point>
      </Placemark>
      <Placemark>
        <name>المعيزيله</name>
        <styleUrl>#icon-1739-757575-labelson-nodesc</styleUrl>
        <Point>
          <coordinates>
            43.666706,28.932688,0
          </coordinates>
        </Point>
      </Placemark>
      <Placemark>
        <name>المفك</name>
        <styleUrl>#icon-1739-757575-labelson-nodesc</styleUrl>
        <Point>
          <coordinates>
            43.182063,29.528182,0
          </coordinates>
        </Point>
      </Placemark>
      <Placemark>
        <name>الملحاء</name>
        <styleUrl>#icon-1739-757575-labelson-nodesc</styleUrl>
        <Point>
          <coordinates>
            40.99999,31.499991,0
          </coordinates>
        </Point>
      </Placemark>
      <Placemark>
        <name>المناشبيات</name>
        <styleUrl>#icon-1739-757575-labelson-nodesc</styleUrl>
        <Point>
          <coordinates>
            43.530107,29.380982,0
          </coordinates>
        </Point>
      </Placemark>
      <Placemark>
        <name>المندسة</name>
        <styleUrl>#icon-1739-757575-labelson-nodesc</styleUrl>
        <Point>
          <coordinates>
            42.330751,29.845004,0
          </coordinates>
        </Point>
      </Placemark>
      <Placemark>
        <name>المهوة</name>
        <styleUrl>#icon-1739-757575-labelson-nodesc</styleUrl>
        <Point>
          <coordinates>
            43.86667,28.699872,0
          </coordinates>
        </Point>
      </Placemark>
      <Placemark>
        <name>الناصفة</name>
        <styleUrl>#icon-1739-757575-labelson-nodesc</styleUrl>
        <Point>
          <coordinates>
            42.151945,30.046921,0
          </coordinates>
        </Point>
      </Placemark>
      <Placemark>
        <name>النخيريرات</name>
        <styleUrl>#icon-1739-757575-labelson-nodesc</styleUrl>
        <Point>
          <coordinates>
            43.383293,29.566698,0
          </coordinates>
        </Point>
      </Placemark>
      <Placemark>
        <name>النصله</name>
        <styleUrl>#icon-1739-757575-labelson-nodesc</styleUrl>
        <Point>
          <coordinates>
            44.747293,28.984852,0
          </coordinates>
        </Point>
      </Placemark>
      <Placemark>
        <name>النهيدين</name>
        <styleUrl>#icon-1739-757575-labelson-nodesc</styleUrl>
        <Point>
          <coordinates>
            40.76226,30.771911,0
          </coordinates>
        </Point>
      </Placemark>
      <Placemark>
        <name>النهيدين</name>
        <styleUrl>#icon-1739-757575-labelson-nodesc</styleUrl>
        <Point>
          <coordinates>
            42.648647,29.055898,0
          </coordinates>
        </Point>
      </Placemark>
      <Placemark>
        <name>الهامل الشرقي</name>
        <styleUrl>#icon-1739-757575-labelson-nodesc</styleUrl>
        <Point>
          <coordinates>
            43.262186,29.053345,0
          </coordinates>
        </Point>
      </Placemark>
      <Placemark>
        <name>الهامل الشمالي</name>
        <styleUrl>#icon-1739-757575-labelson-nodesc</styleUrl>
        <Point>
          <coordinates>
            43.25223,29.067593,0
          </coordinates>
        </Point>
      </Placemark>
      <Placemark>
        <name>الهامل الغربي</name>
        <styleUrl>#icon-1739-757575-labelson-nodesc</styleUrl>
        <Point>
          <coordinates>
            43.229828,29.058237,0
          </coordinates>
        </Point>
      </Placemark>
      <Placemark>
        <name>الهذاليل</name>
        <styleUrl>#icon-1739-757575-labelson-nodesc</styleUrl>
        <Point>
          <coordinates>
            44.000008,28.833296,0
          </coordinates>
        </Point>
      </Placemark>
      <Placemark>
        <name>الوديان</name>
        <styleUrl>#icon-1739-757575-labelson-nodesc</styleUrl>
        <Point>
          <coordinates>
            40.843649,31.422765,0
          </coordinates>
        </Point>
      </Placemark>
      <Placemark>
        <name>الوديان</name>
        <styleUrl>#icon-1739-757575-labelson-nodesc</styleUrl>
        <Point>
          <coordinates>
            41.070306,31.063178,0
          </coordinates>
        </Point>
      </Placemark>
      <Placemark>
        <name>الوشح</name>
        <styleUrl>#icon-1739-757575-labelson-nodesc</styleUrl>
        <Point>
          <coordinates>
            45.436664,28.950949,0
          </coordinates>
        </Point>
      </Placemark>
      <Placemark>
        <name>الوغدان</name>
        <styleUrl>#icon-1739-757575-labelson-nodesc</styleUrl>
        <Point>
          <coordinates>
            44.120471,28.796217,0
          </coordinates>
        </Point>
      </Placemark>
      <Placemark>
        <name>اليتيمات</name>
        <styleUrl>#icon-1739-757575-labelson-nodesc</styleUrl>
        <Point>
          <coordinates>
            44.727466,27.806289,0
          </coordinates>
        </Point>
      </Placemark>
      <Placemark>
        <name>ام الذيابه الشماليه</name>
        <styleUrl>#icon-1739-757575-labelson-nodesc</styleUrl>
        <Point>
          <coordinates>
            42.04457,29.627037,0
          </coordinates>
        </Point>
      </Placemark>
      <Placemark>
        <name>ام الطمي</name>
        <styleUrl>#icon-1739-757575-labelson-nodesc</styleUrl>
        <Point>
          <coordinates>
            44.327066,28.630264,0
          </coordinates>
        </Point>
      </Placemark>
      <Placemark>
        <name>ام الفريس</name>
        <styleUrl>#icon-1739-757575-labelson-nodesc</styleUrl>
        <Point>
          <coordinates>
            40.018387,31.880071,0
          </coordinates>
        </Point>
      </Placemark>
      <Placemark>
        <name>ام ثغبان</name>
        <styleUrl>#icon-1739-757575-labelson-nodesc</styleUrl>
        <Point>
          <coordinates>
            43.544977,29.404993,0
          </coordinates>
        </Point>
      </Placemark>
      <Placemark>
        <name>ام جديل</name>
        <styleUrl>#icon-1739-757575-labelson-nodesc</styleUrl>
        <Point>
          <coordinates>
            39.62966,31.031742,0
          </coordinates>
        </Point>
      </Placemark>
      <Placemark>
        <name>ام رماح</name>
        <styleUrl>#icon-1739-757575-labelson-nodesc</styleUrl>
        <Point>
          <coordinates>
            43.141358,28.978329,0
          </coordinates>
        </Point>
      </Placemark>
      <Placemark>
        <name>ام رويثه</name>
        <styleUrl>#icon-1739-757575-labelson-nodesc</styleUrl>
        <Point>
          <coordinates>
            44.108605,28.918054,0
          </coordinates>
        </Point>
      </Placemark>
      <Placemark>
        <name>باترول خربان</name>
        <styleUrl>#icon-1739-757575-labelson-nodesc</styleUrl>
        <Point>
          <coordinates>
            42.348518,29.010687,0
          </coordinates>
        </Point>
      </Placemark>
      <Placemark>
        <name>باعجة الخر</name>
        <styleUrl>#icon-1739-757575-labelson-nodesc</styleUrl>
        <Point>
          <coordinates>
            42.142589,29.161792,0
          </coordinates>
        </Point>
      </Placemark>
      <Placemark>
        <name>براك العرايش</name>
        <styleUrl>#icon-1739-757575-labelson-nodesc</styleUrl>
        <Point>
          <coordinates>
            43.332996,28.491583,0
          </coordinates>
        </Point>
      </Placemark>
      <Placemark>
        <name>براك العشار</name>
        <styleUrl>#icon-1739-757575-labelson-nodesc</styleUrl>
        <Point>
          <coordinates>
            43.361878,28.675497,0
          </coordinates>
        </Point>
      </Placemark>
      <Placemark>
        <name>بربك ابو قحلول</name>
        <styleUrl>#icon-1739-757575-labelson-nodesc</styleUrl>
        <Point>
          <coordinates>
            44.793878,28.326445,0
          </coordinates>
        </Point>
      </Placemark>
      <Placemark>
        <name>بربك سنار</name>
        <styleUrl>#icon-1739-757575-labelson-nodesc</styleUrl>
        <Point>
          <coordinates>
            41.746674,29.69862,0
          </coordinates>
        </Point>
      </Placemark>
      <Placemark>
        <name>بريقاء غنم</name>
        <styleUrl>#icon-1739-757575-labelson-nodesc</styleUrl>
        <Point>
          <coordinates>
            44.628782,29.139926,0
          </coordinates>
        </Point>
      </Placemark>
      <Placemark>
        <name>بريكة حمد</name>
        <styleUrl>#icon-1739-757575-labelson-nodesc</styleUrl>
        <Point>
          <coordinates>
            43.383379,28.933396,0
          </coordinates>
        </Point>
      </Placemark>
      <Placemark>
        <name>بسيتين خثال</name>
        <styleUrl>#icon-1739-757575-labelson-nodesc</styleUrl>
        <Point>
          <coordinates>
            43.670912,28.414035,0
          </coordinates>
        </Point>
      </Placemark>
      <Placemark>
        <name>بطن الرعن</name>
        <styleUrl>#icon-1739-757575-labelson-nodesc</styleUrl>
        <Point>
          <coordinates>
            41.642604,29.69362,0
          </coordinates>
        </Point>
      </Placemark>
      <Placemark>
        <name>بلادية الحسكي</name>
        <styleUrl>#icon-1739-757575-labelson-nodesc</styleUrl>
        <Point>
          <coordinates>
            43.850899,28.165855,0
          </coordinates>
        </Point>
      </Placemark>
      <Placemark>
        <name>بليدان</name>
        <styleUrl>#icon-1739-757575-labelson-nodesc</styleUrl>
        <Point>
          <coordinates>
            44.853766,27.879224,0
          </coordinates>
        </Point>
      </Placemark>
      <Placemark>
        <name>بنية الحنفاء</name>
        <styleUrl>#icon-1739-757575-labelson-nodesc</styleUrl>
        <Point>
          <coordinates>
            41.447296,28.856106,0
          </coordinates>
        </Point>
      </Placemark>
      <Placemark>
        <name>بوابة الحرة</name>
        <styleUrl>#icon-1739-757575-labelson-nodesc</styleUrl>
        <Point>
          <coordinates>
            39.236448,31.278205,0
          </coordinates>
        </Point>
      </Placemark>
      <Placemark>
        <name>بيضان الوجيه</name>
        <styleUrl>#icon-1739-757575-labelson-nodesc</styleUrl>
        <Point>
          <coordinates>
            40.855064,30.77116,0
          </coordinates>
        </Point>
      </Placemark>
      <Placemark>
        <name>تل القزاز</name>
        <styleUrl>#icon-1739-757575-labelson-nodesc</styleUrl>
        <Point>
          <coordinates>
            38.863513,31.373992,0
          </coordinates>
        </Point>
      </Placemark>
      <Placemark>
        <name>تل ام خنصر</name>
        <styleUrl>#icon-1739-757575-labelson-nodesc</styleUrl>
        <Point>
          <coordinates>
            41.631253,30.790021,0
          </coordinates>
        </Point>
      </Placemark>
      <Placemark>
        <name>تل ندفا</name>
        <styleUrl>#icon-1739-757575-labelson-nodesc</styleUrl>
        <Point>
          <coordinates>
            39.766152,31.233358,0
          </coordinates>
        </Point>
      </Placemark>
      <Placemark>
        <name>تل ودي عمرو</name>
        <styleUrl>#icon-1739-757575-labelson-nodesc</styleUrl>
        <Point>
          <coordinates>
            39.246683,31.048286,0
          </coordinates>
        </Point>
      </Placemark>
      <Placemark>
        <name>تلاع الطقاق</name>
        <styleUrl>#icon-1739-757575-labelson-nodesc</styleUrl>
        <Point>
          <coordinates>
            40.561674,31.121564,0
          </coordinates>
        </Point>
      </Placemark>
      <Placemark>
        <name>تلاع غنيم</name>
        <styleUrl>#icon-1739-757575-labelson-nodesc</styleUrl>
        <Point>
          <coordinates>
            40.37261,31.528487,0
          </coordinates>
        </Point>
      </Placemark>
      <Placemark>
        <name>تلعة الخطيمة</name>
        <styleUrl>#icon-1739-757575-labelson-nodesc</styleUrl>
        <Point>
          <coordinates>
            39.013653,31.80954,0
          </coordinates>
        </Point>
      </Placemark>
      <Placemark>
        <name>تلعة الخطيمة</name>
        <styleUrl>#icon-1739-757575-labelson-nodesc</styleUrl>
        <Point>
          <coordinates>
            39.12255,31.888268,0
          </coordinates>
        </Point>
      </Placemark>
      <Placemark>
        <name>تلعة الخفايا</name>
        <styleUrl>#icon-1739-757575-labelson-nodesc</styleUrl>
        <Point>
          <coordinates>
            41.537011,29.531765,0
          </coordinates>
        </Point>
      </Placemark>
      <Placemark>
        <name>تلعة العرفجي الشرقية</name>
        <styleUrl>#icon-1739-757575-labelson-nodesc</styleUrl>
        <Point>
          <coordinates>
            41.59456,29.290645,0
          </coordinates>
        </Point>
      </Placemark>
      <Placemark>
        <name>تلعة العرفجي الشرقية</name>
        <styleUrl>#icon-1739-757575-labelson-nodesc</styleUrl>
        <Point>
          <coordinates>
            41.632755,29.312296,0
          </coordinates>
        </Point>
      </Placemark>
      <Placemark>
        <name>تلعة العرفجي الغربية</name>
        <styleUrl>#icon-1739-757575-labelson-nodesc</styleUrl>
        <Point>
          <coordinates>
            41.560743,29.295859,0
          </coordinates>
        </Point>
      </Placemark>
      <Placemark>
        <name>تلعة العرفجي الغربية</name>
        <styleUrl>#icon-1739-757575-labelson-nodesc</styleUrl>
        <Point>
          <coordinates>
            41.574326,29.332466,0
          </coordinates>
        </Point>
      </Placemark>
      <Placemark>
        <name>تلعة العوجاء</name>
        <styleUrl>#icon-1739-757575-labelson-nodesc</styleUrl>
        <Point>
          <coordinates>
            42.053819,29.391346,0
          </coordinates>
        </Point>
      </Placemark>
      <Placemark>
        <name>تلعة العوجاء</name>
        <styleUrl>#icon-1739-757575-labelson-nodesc</styleUrl>
        <Point>
          <coordinates>
            42.03543,29.355361,0
          </coordinates>
        </Point>
      </Placemark>
      <Placemark>
        <name>تلعة الناصفة</name>
        <styleUrl>#icon-1739-757575-labelson-nodesc</styleUrl>
        <Point>
          <coordinates>
            42.131045,30.075095,0
          </coordinates>
        </Point>
      </Placemark>
      <Placemark>
        <name>تلعة الوسيطاء</name>
        <styleUrl>#icon-1739-757575-labelson-nodesc</styleUrl>
        <Point>
          <coordinates>
            40.919631,31.24649,0
          </coordinates>
        </Point>
      </Placemark>
      <Placemark>
        <name>تلعة ام النيصة</name>
        <styleUrl>#icon-1739-757575-labelson-nodesc</styleUrl>
        <Point>
          <coordinates>
            42.118063,29.52565,0
          </coordinates>
        </Point>
      </Placemark>
      <Placemark>
        <name>تلعة ام حبس</name>
        <styleUrl>#icon-1739-757575-labelson-nodesc</styleUrl>
        <Point>
          <coordinates>
            41.736074,29.324355,0
          </coordinates>
        </Point>
      </Placemark>
      <Placemark>
        <name>تلعة ام حبس</name>
        <styleUrl>#icon-1739-757575-labelson-nodesc</styleUrl>
        <Point>
          <coordinates>
            41.759548,29.326351,0
          </coordinates>
        </Point>
      </Placemark>
      <Placemark>
        <name>تلعة ام طعيس</name>
        <styleUrl>#icon-1739-757575-labelson-nodesc</styleUrl>
        <Point>
          <coordinates>
            42.10551,29.621952,0
          </coordinates>
        </Point>
      </Placemark>
      <Placemark>
        <name>تلعة ام عساكر</name>
        <styleUrl>#icon-1739-757575-labelson-nodesc</styleUrl>
        <Point>
          <coordinates>
            40.641775,30.869222,0
          </coordinates>
        </Point>
      </Placemark>
      <Placemark>
        <name>تلعة ام قبر</name>
        <styleUrl>#icon-1739-757575-labelson-nodesc</styleUrl>
        <Point>
          <coordinates>
            43.51661,28.52422,0
          </coordinates>
        </Point>
      </Placemark>
      <Placemark>
        <name>تلعة ام مساجد</name>
        <styleUrl>#icon-1739-757575-labelson-nodesc</styleUrl>
        <Point>
          <coordinates>
            42.143362,29.703577,0
          </coordinates>
        </Point>
      </Placemark>
      <Placemark>
        <name>تلعة ام مساجد</name>
        <styleUrl>#icon-1739-757575-labelson-nodesc</styleUrl>
        <Point>
          <coordinates>
            42.173831,29.677033,0
          </coordinates>
        </Point>
      </Placemark>
      <Placemark>
        <name>تلعة بعيثران</name>
        <styleUrl>#icon-1739-757575-labelson-nodesc</styleUrl>
        <Point>
          <coordinates>
            38.527315,31.128666,0
          </coordinates>
        </Point>
      </Placemark>
      <Placemark>
        <name>تلعة عطية</name>
        <styleUrl>#icon-1739-757575-labelson-nodesc</styleUrl>
        <Point>
          <coordinates>
            41.271472,31.421092,0
          </coordinates>
        </Point>
      </Placemark>
      <Placemark>
        <name>تلعة ليلى الشماليه</name>
        <styleUrl>#icon-1739-757575-labelson-nodesc</styleUrl>
        <Point>
          <coordinates>
            38.686595,30.90173,0
          </coordinates>
        </Point>
      </Placemark>
      <Placemark>
        <name>تلعة موحة</name>
        <styleUrl>#icon-1739-757575-labelson-nodesc</styleUrl>
        <Point>
          <coordinates>
            41.721418,29.438102,0
          </coordinates>
        </Point>
      </Placemark>
      <Placemark>
        <name>تلعة موحة</name>
        <styleUrl>#icon-1739-757575-labelson-nodesc</styleUrl>
        <Point>
          <coordinates>
            41.767316,29.48267,0
          </coordinates>
        </Point>
      </Placemark>
      <Placemark>
        <name>تلعة هبين الكدادة</name>
        <styleUrl>#icon-1739-757575-labelson-nodesc</styleUrl>
        <Point>
          <coordinates>
            40.566394,31.212201,0
          </coordinates>
        </Point>
      </Placemark>
      <Placemark>
        <name>تلول الجوزلي</name>
        <styleUrl>#icon-1739-757575-labelson-nodesc</styleUrl>
        <Point>
          <coordinates>
            42.178831,30.699105,0
          </coordinates>
        </Point>
      </Placemark>
      <Placemark>
        <name>تلول السعائر</name>
        <styleUrl>#icon-1739-757575-labelson-nodesc</styleUrl>
        <Point>
          <coordinates>
            41.129594,30.75717,0
          </coordinates>
        </Point>
      </Placemark>
      <Placemark>
        <name>تلول الشحم</name>
        <styleUrl>#icon-1739-757575-labelson-nodesc</styleUrl>
        <Point>
          <coordinates>
            38.257635,31.201193,0
          </coordinates>
        </Point>
      </Placemark>
      <Placemark>
        <name>تلول المكمن</name>
        <styleUrl>#icon-1739-757575-labelson-nodesc</styleUrl>
        <Point>
          <coordinates>
            38.20457,31.220784,0
          </coordinates>
        </Point>
      </Placemark>
      <Placemark>
        <name>تلول طيارات</name>
        <styleUrl>#icon-1739-757575-labelson-nodesc</styleUrl>
        <Point>
          <coordinates>
            41.798494,30.36679,0
          </coordinates>
        </Point>
      </Placemark>
      <Placemark>
        <name>تليل الخفيس</name>
        <styleUrl>#icon-1739-757575-labelson-nodesc</styleUrl>
        <Point>
          <coordinates>
            41.669426,30.582676,0
          </coordinates>
        </Point>
      </Placemark>
      <Placemark>
        <name>تليل القراب</name>
        <styleUrl>#icon-1739-757575-labelson-nodesc</styleUrl>
        <Point>
          <coordinates>
            38.427429,30.959988,0
          </coordinates>
        </Point>
      </Placemark>
      <Placemark>
        <name>تليلات الدسم</name>
        <styleUrl>#icon-1739-757575-labelson-nodesc</styleUrl>
        <Point>
          <coordinates>
            38.564243,30.911579,0
          </coordinates>
        </Point>
      </Placemark>
      <Placemark>
        <name>تليلات النعيج</name>
        <styleUrl>#icon-1739-757575-labelson-nodesc</styleUrl>
        <Point>
          <coordinates>
            38.108869,31.742914,0
          </coordinates>
        </Point>
      </Placemark>
      <Placemark>
        <name>تول الذفر</name>
        <styleUrl>#icon-1739-757575-labelson-nodesc</styleUrl>
        <Point>
          <coordinates>
            45.66669,28.999958,0
          </coordinates>
        </Point>
      </Placemark>
      <Placemark>
        <name>ثقب فيحان</name>
        <styleUrl>#icon-1739-757575-labelson-nodesc</styleUrl>
        <Point>
          <coordinates>
            43.383207,29.476318,0
          </coordinates>
        </Point>
      </Placemark>
      <Placemark>
        <name>جال البطن</name>
        <styleUrl>#icon-1739-757575-labelson-nodesc</styleUrl>
        <Point>
          <coordinates>
            44.013248,29.633367,0
          </coordinates>
        </Point>
      </Placemark>
      <Placemark>
        <name>جال الخرماء</name>
        <styleUrl>#icon-1739-757575-labelson-nodesc</styleUrl>
        <Point>
          <coordinates>
            45.120506,29.027295,0
          </coordinates>
        </Point>
      </Placemark>
      <Placemark>
        <name>جال الذيب</name>
        <styleUrl>#icon-1739-757575-labelson-nodesc</styleUrl>
        <Point>
          <coordinates>
            42.034936,29.622767,0
          </coordinates>
        </Point>
      </Placemark>
      <Placemark>
        <name>جال الرعن</name>
        <styleUrl>#icon-1739-757575-labelson-nodesc</styleUrl>
        <Point>
          <coordinates>
            41.713157,29.815908,0
          </coordinates>
        </Point>
      </Placemark>
      <Placemark>
        <name>جال الشعبه</name>
        <styleUrl>#icon-1739-757575-labelson-nodesc</styleUrl>
        <Point>
          <coordinates>
            44.689164,29.07654,0
          </coordinates>
        </Point>
      </Placemark>
      <Placemark>
        <name>جال الشعبه</name>
        <styleUrl>#icon-1739-757575-labelson-nodesc</styleUrl>
        <Point>
          <coordinates>
            44.815335,28.984423,0
          </coordinates>
        </Point>
      </Placemark>
      <Placemark>
        <name>جال العاذرية</name>
        <styleUrl>#icon-1739-757575-labelson-nodesc</styleUrl>
        <Point>
          <coordinates>
            42.99757,30.108161,0
          </coordinates>
        </Point>
      </Placemark>
      <Placemark>
        <name>جال الغراء</name>
        <styleUrl>#icon-1739-757575-labelson-nodesc</styleUrl>
        <Point>
          <coordinates>
            41.899066,29.087334,0
          </coordinates>
        </Point>
      </Placemark>
      <Placemark>
        <name>جال المحوى</name>
        <styleUrl>#icon-1739-757575-labelson-nodesc</styleUrl>
        <Point>
          <coordinates>
            44.253058,28.441093,0
          </coordinates>
        </Point>
      </Placemark>
      <Placemark>
        <name>جال المغطي</name>
        <styleUrl>#icon-1739-757575-labelson-nodesc</styleUrl>
        <Point>
          <coordinates>
            44.667706,28.327861,0
          </coordinates>
        </Point>
      </Placemark>
      <Placemark>
        <name>جال ام رضمه</name>
        <styleUrl>#icon-1739-757575-labelson-nodesc</styleUrl>
        <Point>
          <coordinates>
            44.733324,28.683135,0
          </coordinates>
        </Point>
      </Placemark>
      <Placemark>
        <name>جال كريم</name>
        <styleUrl>#icon-1739-757575-labelson-nodesc</styleUrl>
        <Point>
          <coordinates>
            44.841707,28.890545,0
          </coordinates>
        </Point>
      </Placemark>
      <Placemark>
        <name>جال نواظر</name>
        <styleUrl>#icon-1739-757575-labelson-nodesc</styleUrl>
        <Point>
          <coordinates>
            43.216031,29.558415,0
          </coordinates>
        </Point>
      </Placemark>
      <Placemark>
        <name>جحفة بهيتان</name>
        <styleUrl>#icon-1739-757575-labelson-nodesc</styleUrl>
        <Point>
          <coordinates>
            43.966985,28.536129,0
          </coordinates>
        </Point>
      </Placemark>
      <Placemark>
        <name>جديدة عرعر</name>
        <styleUrl>#icon-1739-757575-labelson-nodesc</styleUrl>
        <Point>
          <coordinates>
            41.421525,31.231041,0
          </coordinates>
        </Point>
      </Placemark>
      <Placemark>
        <name>جريبان</name>
        <styleUrl>#icon-1739-757575-labelson-nodesc</styleUrl>
        <Point>
          <coordinates>
            43.826394,29.582255,0
          </coordinates>
        </Point>
      </Placemark>
      <Placemark>
        <name>جو ابو تل</name>
        <styleUrl>#icon-1739-757575-labelson-nodesc</styleUrl>
        <Point>
          <coordinates>
            42.847366,30.158157,0
          </coordinates>
        </Point>
      </Placemark>
      <Placemark>
        <name>جو الدليميه</name>
        <styleUrl>#icon-1739-757575-labelson-nodesc</styleUrl>
        <Point>
          <coordinates>
            45.658364,28.873894,0
          </coordinates>
        </Point>
      </Placemark>
      <Placemark>
        <name>جو الرديف</name>
        <styleUrl>#icon-1739-757575-labelson-nodesc</styleUrl>
        <Point>
          <coordinates>
            42.799816,30.151119,0
          </coordinates>
        </Point>
      </Placemark>
      <Placemark>
        <name>جو الشيخ</name>
        <styleUrl>#icon-1739-757575-labelson-nodesc</styleUrl>
        <Point>
          <coordinates>
            42.401304,30.625033,0
          </coordinates>
        </Point>
      </Placemark>
      <Placemark>
        <name>جو الشير</name>
        <styleUrl>#icon-1739-757575-labelson-nodesc</styleUrl>
        <Point>
          <coordinates>
            42.62352,30.385265,0
          </coordinates>
        </Point>
      </Placemark>
      <Placemark>
        <name>جو ام عماره</name>
        <styleUrl>#icon-1739-757575-labelson-nodesc</styleUrl>
        <Point>
          <coordinates>
            44.947858,28.025823,0
          </coordinates>
        </Point>
      </Placemark>
      <Placemark>
        <name>جو ريبثان</name>
        <styleUrl>#icon-1739-757575-labelson-nodesc</styleUrl>
        <Point>
          <coordinates>
            44.40779,29.392762,0
          </coordinates>
        </Point>
      </Placemark>
      <Placemark>
        <name>جو زعبلي</name>
        <styleUrl>#icon-1739-757575-labelson-nodesc</styleUrl>
        <Point>
          <coordinates>
            44.313054,29.286354,0
          </coordinates>
        </Point>
      </Placemark>
      <Placemark>
        <name>جو سماح</name>
        <styleUrl>#icon-1739-757575-labelson-nodesc</styleUrl>
        <Point>
          <coordinates>
            45.55202,28.871577,0
          </coordinates>
        </Point>
      </Placemark>
      <Placemark>
        <name>جو ظرفاء</name>
        <styleUrl>#icon-1739-757575-labelson-nodesc</styleUrl>
        <Point>
          <coordinates>
            42.214172,28.960991,0
          </coordinates>
        </Point>
      </Placemark>
      <Placemark>
        <name>جو عريفج</name>
        <styleUrl>#icon-1739-757575-labelson-nodesc</styleUrl>
        <Point>
          <coordinates>
            44.276168,29.392183,0
          </coordinates>
        </Point>
      </Placemark>
      <Placemark>
        <name>جو غبيشان</name>
        <styleUrl>#icon-1739-757575-labelson-nodesc</styleUrl>
        <Point>
          <coordinates>
            45.108683,27.853324,0
          </coordinates>
        </Point>
      </Placemark>
      <Placemark>
        <name>جو ما يباتبه</name>
        <styleUrl>#icon-1739-757575-labelson-nodesc</styleUrl>
        <Point>
          <coordinates>
            44.572177,29.098856,0
          </coordinates>
        </Point>
      </Placemark>
      <Placemark>
        <name>جيان الشميلة</name>
        <styleUrl>#icon-1739-757575-labelson-nodesc</styleUrl>
        <Point>
          <coordinates>
            42.880003,30.246112,0
          </coordinates>
        </Point>
      </Placemark>
      <Placemark>
        <name>جيلان البحيرة</name>
        <styleUrl>#icon-1739-757575-labelson-nodesc</styleUrl>
        <Point>
          <coordinates>
            39.763255,31.672211,0
          </coordinates>
        </Point>
      </Placemark>
      <Placemark>
        <name>جيلان الحنظليات</name>
        <styleUrl>#icon-1739-757575-labelson-nodesc</styleUrl>
        <Point>
          <coordinates>
            40.514231,30.794034,0
          </coordinates>
        </Point>
      </Placemark>
      <Placemark>
        <name>حامر</name>
        <styleUrl>#icon-1739-757575-labelson-nodesc</styleUrl>
        <Point>
          <coordinates>
            40.199404,31.396801,0
          </coordinates>
        </Point>
      </Placemark>
      <Placemark>
        <name>حتيفة ابو رواث</name>
        <styleUrl>#icon-1739-757575-labelson-nodesc</styleUrl>
        <Point>
          <coordinates>
            43.721981,29.252729,0
          </coordinates>
        </Point>
      </Placemark>
      <Placemark>
        <name>حجرة البشوك</name>
        <styleUrl>#icon-1739-757575-labelson-nodesc</styleUrl>
        <Point>
          <coordinates>
            44.769888,28.209994,0
          </coordinates>
        </Point>
      </Placemark>
      <Placemark>
        <name>حجرة الخنبش</name>
        <styleUrl>#icon-1739-757575-labelson-nodesc</styleUrl>
        <Point>
          <coordinates>
            45.0739,27.804143,0
          </coordinates>
        </Point>
      </Placemark>
      <Placemark>
        <name>حدق رصاص ابو صور</name>
        <styleUrl>#icon-1739-757575-labelson-nodesc</styleUrl>
        <Point>
          <coordinates>
            44.400001,29.016159,0
          </coordinates>
        </Point>
      </Placemark>
      <Placemark>
        <name>حديج</name>
        <styleUrl>#icon-1739-757575-labelson-nodesc</styleUrl>
        <Point>
          <coordinates>
            44.408112,28.8204,0
          </coordinates>
        </Point>
      </Placemark>
      <Placemark>
        <name>حزيز كلب</name>
        <styleUrl>#icon-1739-757575-labelson-nodesc</styleUrl>
        <Point>
          <coordinates>
            42.73834,29.865839,0
          </coordinates>
        </Point>
      </Placemark>
      <Placemark>
        <name>حصاة جليهيد</name>
        <styleUrl>#icon-1739-757575-labelson-nodesc</styleUrl>
        <Point>
          <coordinates>
            40.008731,31.289942,0
          </coordinates>
        </Point>
      </Placemark>
      <Placemark>
        <name>حفائر النبت</name>
        <styleUrl>#icon-1739-757575-labelson-nodesc</styleUrl>
        <Point>
          <coordinates>
            43.188887,28.994186,0
          </coordinates>
        </Point>
      </Placemark>
      <Placemark>
        <name>حفاير صلف</name>
        <styleUrl>#icon-1739-757575-labelson-nodesc</styleUrl>
        <Point>
          <coordinates>
            41.77635,28.928568,0
          </coordinates>
        </Point>
      </Placemark>
      <Placemark>
        <name>حفاير نخيلان</name>
        <styleUrl>#icon-1739-757575-labelson-nodesc</styleUrl>
        <Point>
          <coordinates>
            44.500573,28.961763,0
          </coordinates>
        </Point>
      </Placemark>
      <Placemark>
        <name>حقي البيض</name>
        <styleUrl>#icon-1739-757575-labelson-nodesc</styleUrl>
        <Point>
          <coordinates>
            44.552135,28.585224,0
          </coordinates>
        </Point>
      </Placemark>
      <Placemark>
        <name>حقي الجنب</name>
        <styleUrl>#icon-1739-757575-labelson-nodesc</styleUrl>
        <Point>
          <coordinates>
            42.622747,30.245254,0
          </coordinates>
        </Point>
      </Placemark>
      <Placemark>
        <name>حقي القصاص</name>
        <styleUrl>#icon-1739-757575-labelson-nodesc</styleUrl>
        <Point>
          <coordinates>
            44.666698,29.000001,0
          </coordinates>
        </Point>
      </Placemark>
      <Placemark>
        <name>حقي الهمل</name>
        <styleUrl>#icon-1739-757575-labelson-nodesc</styleUrl>
        <Point>
          <coordinates>
            43.656127,29.126387,0
          </coordinates>
        </Point>
      </Placemark>
      <Placemark>
        <name>حقي ام رضمه</name>
        <styleUrl>#icon-1739-757575-labelson-nodesc</styleUrl>
        <Point>
          <coordinates>
            44.781239,28.685131,0
          </coordinates>
        </Point>
      </Placemark>
      <Placemark>
        <name>حقي ام رضمه</name>
        <styleUrl>#icon-1739-757575-labelson-nodesc</styleUrl>
        <Point>
          <coordinates>
            44.779415,28.53246,0
          </coordinates>
        </Point>
      </Placemark>
      <Placemark>
        <name>حمراء الضبي</name>
        <styleUrl>#icon-1739-757575-labelson-nodesc</styleUrl>
        <Point>
          <coordinates>
            41.621103,30.374451,0
          </coordinates>
        </Point>
      </Placemark>
      <Placemark>
        <name>حوايا الضويحي</name>
        <styleUrl>#icon-1739-757575-labelson-nodesc</styleUrl>
        <Point>
          <coordinates>
            44.032345,28.153453,0
          </coordinates>
        </Point>
      </Placemark>
      <Placemark>
        <name>خبة الدخول</name>
        <styleUrl>#icon-1739-757575-labelson-nodesc</styleUrl>
        <Point>
          <coordinates>
            44.352772,27.950184,0
          </coordinates>
        </Point>
      </Placemark>
      <Placemark>
        <name>خبة ام نقي</name>
        <styleUrl>#icon-1739-757575-labelson-nodesc</styleUrl>
        <Point>
          <coordinates>
            44.228489,28.122082,0
          </coordinates>
        </Point>
      </Placemark>
      <Placemark>
        <name>خبطة البويضاء</name>
        <styleUrl>#icon-1739-757575-labelson-nodesc</styleUrl>
        <Point>
          <coordinates>
            41.69039,29.346328,0
          </coordinates>
        </Point>
      </Placemark>
      <Placemark>
        <name>خر مسعود</name>
        <styleUrl>#icon-1739-757575-labelson-nodesc</styleUrl>
        <Point>
          <coordinates>
            41.550121,29.340963,0
          </coordinates>
        </Point>
      </Placemark>
      <Placemark>
        <name>خر مسعود</name>
        <styleUrl>#icon-1739-757575-labelson-nodesc</styleUrl>
        <Point>
          <coordinates>
            41.65844,29.439754,0
          </coordinates>
        </Point>
      </Placemark>
      <Placemark>
        <name>خرماء كريم</name>
        <styleUrl>#icon-1739-757575-labelson-nodesc</styleUrl>
        <Point>
          <coordinates>
            44.863486,28.85999,0
          </coordinates>
        </Point>
      </Placemark>
      <Placemark>
        <name>خريمة ام عشر</name>
        <styleUrl>#icon-1739-757575-labelson-nodesc</styleUrl>
        <Point>
          <coordinates>
            44.841385,27.620487,0
          </coordinates>
        </Point>
      </Placemark>
      <Placemark>
        <name>خشة الثور</name>
        <styleUrl>#icon-1739-757575-labelson-nodesc</styleUrl>
        <Point>
          <coordinates>
            42.16748,30.054731,0
          </coordinates>
        </Point>
      </Placemark>
      <Placemark>
        <name>خشم الثمامي</name>
        <styleUrl>#icon-1739-757575-labelson-nodesc</styleUrl>
        <Point>
          <coordinates>
            44.950669,27.680697,0
          </coordinates>
        </Point>
      </Placemark>
      <Placemark>
        <name>خشم المحنوك</name>
        <styleUrl>#icon-1739-757575-labelson-nodesc</styleUrl>
        <Point>
          <coordinates>
            44.634726,28.817289,0
          </coordinates>
        </Point>
      </Placemark>
      <Placemark>
        <name>خشم ام كثاثيل</name>
        <styleUrl>#icon-1739-757575-labelson-nodesc</styleUrl>
        <Point>
          <coordinates>
            45.033367,27.99988,0
          </coordinates>
        </Point>
      </Placemark>
      <Placemark>
        <name>خشم سنار</name>
        <styleUrl>#icon-1739-757575-labelson-nodesc</styleUrl>
        <Point>
          <coordinates>
            41.704874,29.693813,0
          </coordinates>
        </Point>
      </Placemark>
      <Placemark>
        <name>خشم سنار</name>
        <styleUrl>#icon-1739-757575-labelson-nodesc</styleUrl>
        <Point>
          <coordinates>
            43.087971,29.20372,0
          </coordinates>
        </Point>
      </Placemark>
      <Placemark>
        <name>خط التمر</name>
        <styleUrl>#icon-1739-757575-labelson-nodesc</styleUrl>
        <Point>
          <coordinates>
            43.69297,29.67521,0
          </coordinates>
        </Point>
      </Placemark>
      <Placemark>
        <name>خفس القرية</name>
        <styleUrl>#icon-1739-757575-labelson-nodesc</styleUrl>
        <Point>
          <coordinates>
            41.537697,29.837301,0
          </coordinates>
        </Point>
      </Placemark>
      <Placemark>
        <name>خليقة البضاضيك</name>
        <styleUrl>#icon-1739-757575-labelson-nodesc</styleUrl>
        <Point>
          <coordinates>
            44.607604,28.230336,0
          </coordinates>
        </Point>
      </Placemark>
      <Placemark>
        <name>خليقة الليوان</name>
        <styleUrl>#icon-1739-757575-labelson-nodesc</styleUrl>
        <Point>
          <coordinates>
            42.307749,29.770782,0
          </coordinates>
        </Point>
      </Placemark>
      <Placemark>
        <name>خليقة الليوان</name>
        <styleUrl>#icon-1739-757575-labelson-nodesc</styleUrl>
        <Point>
          <coordinates>
            42.308865,29.76913,0
          </coordinates>
        </Point>
      </Placemark>
      <Placemark>
        <name>خنيفسان</name>
        <styleUrl>#icon-1739-757575-labelson-nodesc</styleUrl>
        <Point>
          <coordinates>
            43.375332,29.063838,0
          </coordinates>
        </Point>
      </Placemark>
      <Placemark>
        <name>خور ابو عمارة</name>
        <styleUrl>#icon-1739-757575-labelson-nodesc</styleUrl>
        <Point>
          <coordinates>
            42.73128,28.926787,0
          </coordinates>
        </Point>
      </Placemark>
      <Placemark>
        <name>خور ابو عمارة</name>
        <styleUrl>#icon-1739-757575-labelson-nodesc</styleUrl>
        <Point>
          <coordinates>
            42.849426,29.015064,0
          </coordinates>
        </Point>
      </Placemark>
      <Placemark>
        <name>خور ابو نخلة</name>
        <styleUrl>#icon-1739-757575-labelson-nodesc</styleUrl>
        <Point>
          <coordinates>
            43.734019,28.411825,0
          </coordinates>
        </Point>
      </Placemark>
      <Placemark>
        <name>خور ابيض افم</name>
        <styleUrl>#icon-1739-757575-labelson-nodesc</styleUrl>
        <Point>
          <coordinates>
            43.049755,28.728776,0
          </coordinates>
        </Point>
      </Placemark>
      <Placemark>
        <name>خور ابيض افم</name>
        <styleUrl>#icon-1739-757575-labelson-nodesc</styleUrl>
        <Point>
          <coordinates>
            43.079882,28.74856,0
          </coordinates>
        </Point>
      </Placemark>
      <Placemark>
        <name>خور البيضة</name>
        <styleUrl>#icon-1739-757575-labelson-nodesc</styleUrl>
        <Point>
          <coordinates>
            43.344884,28.856363,0
          </coordinates>
        </Point>
      </Placemark>
      <Placemark>
        <name>خور الثنابيل</name>
        <styleUrl>#icon-1739-757575-labelson-nodesc</styleUrl>
        <Point>
          <coordinates>
            43.351514,28.635757,0
          </coordinates>
        </Point>
      </Placemark>
      <Placemark>
        <name>خور الداب</name>
        <styleUrl>#icon-1739-757575-labelson-nodesc</styleUrl>
        <Point>
          <coordinates>
            42.505181,29.460762,0
          </coordinates>
        </Point>
      </Placemark>
      <Placemark>
        <name>خور الطعيس</name>
        <styleUrl>#icon-1739-757575-labelson-nodesc</styleUrl>
        <Point>
          <coordinates>
            43.693421,28.479331,0
          </coordinates>
        </Point>
      </Placemark>
      <Placemark>
        <name>خور العاقر</name>
        <styleUrl>#icon-1739-757575-labelson-nodesc</styleUrl>
        <Point>
          <coordinates>
            43.010273,28.753624,0
          </coordinates>
        </Point>
      </Placemark>
      <Placemark>
        <name>خور العاقر</name>
        <styleUrl>#icon-1739-757575-labelson-nodesc</styleUrl>
        <Point>
          <coordinates>
            43.025551,28.781519,0
          </coordinates>
        </Point>
      </Placemark>
      <Placemark>
        <name>خور العود</name>
        <styleUrl>#icon-1739-757575-labelson-nodesc</styleUrl>
        <Point>
          <coordinates>
            44.768515,27.946236,0
          </coordinates>
        </Point>
      </Placemark>
      <Placemark>
        <name>خور الغار</name>
        <styleUrl>#icon-1739-757575-labelson-nodesc</styleUrl>
        <Point>
          <coordinates>
            41.631339,29.53582,0
          </coordinates>
        </Point>
      </Placemark>
      <Placemark>
        <name>خور الغار</name>
        <styleUrl>#icon-1739-757575-labelson-nodesc</styleUrl>
        <Point>
          <coordinates>
            41.591191,29.653966,0
          </coordinates>
        </Point>
      </Placemark>
      <Placemark>
        <name>خور الفحل</name>
        <styleUrl>#icon-1739-757575-labelson-nodesc</styleUrl>
        <Point>
          <coordinates>
            43.152022,28.722146,0
          </coordinates>
        </Point>
      </Placemark>
      <Placemark>
        <name>خور الفحل</name>
        <styleUrl>#icon-1739-757575-labelson-nodesc</styleUrl>
        <Point>
          <coordinates>
            43.161786,28.747444,0
          </coordinates>
        </Point>
      </Placemark>
      <Placemark>
        <name>خور المحولة</name>
        <styleUrl>#icon-1739-757575-labelson-nodesc</styleUrl>
        <Point>
          <coordinates>
            42.728813,29.023368,0
          </coordinates>
        </Point>
      </Placemark>
      <Placemark>
        <name>خور المحولة</name>
        <styleUrl>#icon-1739-757575-labelson-nodesc</styleUrl>
        <Point>
          <coordinates>
            42.733898,28.593485,0
          </coordinates>
        </Point>
      </Placemark>
      <Placemark>
        <name>خور الوجاج</name>
        <styleUrl>#icon-1739-757575-labelson-nodesc</styleUrl>
        <Point>
          <coordinates>
            43.156185,29.07212,0
          </coordinates>
        </Point>
      </Placemark>
      <Placemark>
        <name>خور درب البل</name>
        <styleUrl>#icon-1739-757575-labelson-nodesc</styleUrl>
        <Point>
          <coordinates>
            43.470733,28.606768,0
          </coordinates>
        </Point>
      </Placemark>
      <Placemark>
        <name>خور سند</name>
        <styleUrl>#icon-1739-757575-labelson-nodesc</styleUrl>
        <Point>
          <coordinates>
            42.775741,28.992319,0
          </coordinates>
        </Point>
      </Placemark>
      <Placemark>
        <name>خور سند</name>
        <styleUrl>#icon-1739-757575-labelson-nodesc</styleUrl>
        <Point>
          <coordinates>
            42.830715,29.034762,0
          </coordinates>
        </Point>
      </Placemark>
      <Placemark>
        <name>خور سيف</name>
        <styleUrl>#icon-1739-757575-labelson-nodesc</styleUrl>
        <Point>
          <coordinates>
            43.219914,29.009185,0
          </coordinates>
        </Point>
      </Placemark>
      <Placemark>
        <name>خور عجلان</name>
        <styleUrl>#icon-1739-757575-labelson-nodesc</styleUrl>
        <Point>
          <coordinates>
            41.68642,29.625878,0
          </coordinates>
        </Point>
      </Placemark>
      <Placemark>
        <name>خور عجلان</name>
        <styleUrl>#icon-1739-757575-labelson-nodesc</styleUrl>
        <Point>
          <coordinates>
            41.728327,29.632444,0
          </coordinates>
        </Point>
      </Placemark>
      <Placemark>
        <name>خور غنيم</name>
        <styleUrl>#icon-1739-757575-labelson-nodesc</styleUrl>
        <Point>
          <coordinates>
            45.687332,28.789566,0
          </coordinates>
        </Point>
      </Placemark>
      <Placemark>
        <name>دباية عصيفيره</name>
        <styleUrl>#icon-1739-757575-labelson-nodesc</styleUrl>
        <Point>
          <coordinates>
            44.976912,28.794243,0
          </coordinates>
        </Point>
      </Placemark>
      <Placemark>
        <name>دحل ابو سديرة</name>
        <styleUrl>#icon-1739-757575-labelson-nodesc</styleUrl>
        <Point>
          <coordinates>
            45.074329,28.879967,0
          </coordinates>
        </Point>
      </Placemark>
      <Placemark>
        <name>دحل ابو طوطاح</name>
        <styleUrl>#icon-1739-757575-labelson-nodesc</styleUrl>
        <Point>
          <coordinates>
            45.140076,28.852179,0
          </coordinates>
        </Point>
      </Placemark>
      <Placemark>
        <name>دحل ارقط</name>
        <styleUrl>#icon-1739-757575-labelson-nodesc</styleUrl>
        <Point>
          <coordinates>
            39.55503,31.588225,0
          </coordinates>
        </Point>
      </Placemark>
      <Placemark>
        <name>دحل الباردة</name>
        <styleUrl>#icon-1739-757575-labelson-nodesc</styleUrl>
        <Point>
          <coordinates>
            44.6105,28.243275,0
          </coordinates>
        </Point>
      </Placemark>
      <Placemark>
        <name>دحل البكار</name>
        <styleUrl>#icon-1739-757575-labelson-nodesc</styleUrl>
        <Point>
          <coordinates>
            44.008098,28.149011,0
          </coordinates>
        </Point>
      </Placemark>
      <Placemark>
        <name>دحل البولي</name>
        <styleUrl>#icon-1739-757575-labelson-nodesc</styleUrl>
        <Point>
          <coordinates>
            44.959402,28.863423,0
          </coordinates>
        </Point>
      </Placemark>
      <Placemark>
        <name>دحل الحلبة</name>
        <styleUrl>#icon-1739-757575-labelson-nodesc</styleUrl>
        <Point>
          <coordinates>
            42.255993,29.863329,0
          </coordinates>
        </Point>
      </Placemark>
      <Placemark>
        <name>دحل الراعي</name>
        <styleUrl>#icon-1739-757575-labelson-nodesc</styleUrl>
        <Point>
          <coordinates>
            44.595137,28.496389,0
          </coordinates>
        </Point>
      </Placemark>
      <Placemark>
        <name>دحل الراعي</name>
        <styleUrl>#icon-1739-757575-labelson-nodesc</styleUrl>
        <Point>
          <coordinates>
            44.594879,28.329792,0
          </coordinates>
        </Point>
      </Placemark>
      <Placemark>
        <name>دحل الزفراوية</name>
        <styleUrl>#icon-1739-757575-labelson-nodesc</styleUrl>
        <Point>
          <coordinates>
            42.809966,29.708319,0
          </coordinates>
        </Point>
      </Placemark>
      <Placemark>
        <name>دحل الطبق</name>
        <styleUrl>#icon-1739-757575-labelson-nodesc</styleUrl>
        <Point>
          <coordinates>
            41.723349,31.152999,0
          </coordinates>
        </Point>
      </Placemark>
      <Placemark>
        <name>دحل الطريفاوي</name>
        <styleUrl>#icon-1739-757575-labelson-nodesc</styleUrl>
        <Point>
          <coordinates>
            39.260738,31.720855,0
          </coordinates>
        </Point>
      </Placemark>
      <Placemark>
        <name>دحل العرفجيات</name>
        <styleUrl>#icon-1739-757575-labelson-nodesc</styleUrl>
        <Point>
          <coordinates>
            42.738168,29.876654,0
          </coordinates>
        </Point>
      </Placemark>
      <Placemark>
        <name>دحل العريمطيات</name>
        <styleUrl>#icon-1739-757575-labelson-nodesc</styleUrl>
        <Point>
          <coordinates>
            42.65547,29.77149,0
          </coordinates>
        </Point>
      </Placemark>
      <Placemark>
        <name>دحل العكراوي</name>
        <styleUrl>#icon-1739-757575-labelson-nodesc</styleUrl>
        <Point>
          <coordinates>
            44.097276,29.166491,0
          </coordinates>
        </Point>
      </Placemark>
      <Placemark>
        <name>دحل المجيلس</name>
        <styleUrl>#icon-1739-757575-labelson-nodesc</styleUrl>
        <Point>
          <coordinates>
            42.6983,29.624977,0
          </coordinates>
        </Point>
      </Placemark>
      <Placemark>
        <name>دحل المطار</name>
        <styleUrl>#icon-1739-757575-labelson-nodesc</styleUrl>
        <Point>
          <coordinates>
            42.996647,28.992469,0
          </coordinates>
        </Point>
      </Placemark>
      <Placemark>
        <name>دحل الهبكة</name>
        <styleUrl>#icon-1739-757575-labelson-nodesc</styleUrl>
        <Point>
          <coordinates>
            42.281764,29.854059,0
          </coordinates>
        </Point>
      </Placemark>
      <Placemark>
        <name>دحل الوجاج</name>
        <styleUrl>#icon-1739-757575-labelson-nodesc</styleUrl>
        <Point>
          <coordinates>
            44.093628,28.146114,0
          </coordinates>
        </Point>
      </Placemark>
      <Placemark>
        <name>دحل اليحفوف</name>
        <styleUrl>#icon-1739-757575-labelson-nodesc</styleUrl>
        <Point>
          <coordinates>
            43.890316,29.26775,0
          </coordinates>
        </Point>
      </Placemark>
      <Placemark>
        <name>دحل ام بيان</name>
        <styleUrl>#icon-1739-757575-labelson-nodesc</styleUrl>
        <Point>
          <coordinates>
            41.775341,29.694672,0
          </coordinates>
        </Point>
      </Placemark>
      <Placemark>
        <name>دحل ام حبل</name>
        <styleUrl>#icon-1739-757575-labelson-nodesc</styleUrl>
        <Point>
          <coordinates>
            42.309959,29.626629,0
          </coordinates>
        </Point>
      </Placemark>
      <Placemark>
        <name>دحل دليمان</name>
        <styleUrl>#icon-1739-757575-labelson-nodesc</styleUrl>
        <Point>
          <coordinates>
            42.226682,29.841163,0
          </coordinates>
        </Point>
      </Placemark>
      <Placemark>
        <name>دحل زعال</name>
        <styleUrl>#icon-1739-757575-labelson-nodesc</styleUrl>
        <Point>
          <coordinates>
            41.526732,29.841893,0
          </coordinates>
        </Point>
      </Placemark>
      <Placemark>
        <name>دحل زينات الاسم</name>
        <styleUrl>#icon-1739-757575-labelson-nodesc</styleUrl>
        <Point>
          <coordinates>
            42.269833,29.85599,0
          </coordinates>
        </Point>
      </Placemark>
      <Placemark>
        <name>دحل سعود</name>
        <styleUrl>#icon-1739-757575-labelson-nodesc</styleUrl>
        <Point>
          <coordinates>
            42.293394,29.934633,0
          </coordinates>
        </Point>
      </Placemark>
      <Placemark>
        <name>دحل سويف ام جدار</name>
        <styleUrl>#icon-1739-757575-labelson-nodesc</styleUrl>
        <Point>
          <coordinates>
            41.627412,31.213639,0
          </coordinates>
        </Point>
      </Placemark>
      <Placemark>
        <name>دحل شرق شعيب مغطي</name>
        <styleUrl>#icon-1739-757575-labelson-nodesc</styleUrl>
        <Point>
          <coordinates>
            44.662943,28.465533,0
          </coordinates>
        </Point>
      </Placemark>
      <Placemark>
        <name>دحل عكيرا</name>
        <styleUrl>#icon-1739-757575-labelson-nodesc</styleUrl>
        <Point>
          <coordinates>
            44.090989,29.189558,0
          </coordinates>
        </Point>
      </Placemark>
      <Placemark>
        <name>دحل مروة</name>
        <styleUrl>#icon-1739-757575-labelson-nodesc</styleUrl>
        <Point>
          <coordinates>
            41.604302,29.821873,0
          </coordinates>
        </Point>
      </Placemark>
      <Placemark>
        <name>دحل مي</name>
        <styleUrl>#icon-1739-757575-labelson-nodesc</styleUrl>
        <Point>
          <coordinates>
            44.676697,28.356593,0
          </coordinates>
        </Point>
      </Placemark>
      <Placemark>
        <name>دحل وزا</name>
        <styleUrl>#icon-1739-757575-labelson-nodesc</styleUrl>
        <Point>
          <coordinates>
            44.614792,28.281555,0
          </coordinates>
        </Point>
      </Placemark>
      <Placemark>
        <name>دحول ابا القد</name>
        <styleUrl>#icon-1739-757575-labelson-nodesc</styleUrl>
        <Point>
          <coordinates>
            42.823656,29.722974,0
          </coordinates>
        </Point>
      </Placemark>
      <Placemark>
        <name>دحول ابا القد</name>
        <styleUrl>#icon-1739-757575-labelson-nodesc</styleUrl>
        <Point>
          <coordinates>
            42.810009,29.725163,0
          </coordinates>
        </Point>
      </Placemark>
      <Placemark>
        <name>دحول ابا القد</name>
        <styleUrl>#icon-1739-757575-labelson-nodesc</styleUrl>
        <Point>
          <coordinates>
            42.804151,29.723318,0
          </coordinates>
        </Point>
      </Placemark>
      <Placemark>
        <name>دحول ابا القد</name>
        <styleUrl>#icon-1739-757575-labelson-nodesc</styleUrl>
        <Point>
          <coordinates>
            42.821338,29.701989,0
          </coordinates>
        </Point>
      </Placemark>
      <Placemark>
        <name>دحول ابا القد</name>
        <styleUrl>#icon-1739-757575-labelson-nodesc</styleUrl>
        <Point>
          <coordinates>
            42.82666,29.708319,0
          </coordinates>
        </Point>
      </Placemark>
      <Placemark>
        <name>دحول ابو مقام</name>
        <styleUrl>#icon-1739-757575-labelson-nodesc</styleUrl>
        <Point>
          <coordinates>
            41.541538,29.855089,0
          </coordinates>
        </Point>
      </Placemark>
      <Placemark>
        <name>دحول الليوان</name>
        <styleUrl>#icon-1739-757575-labelson-nodesc</styleUrl>
        <Point>
          <coordinates>
            42.305603,29.772027,0
          </coordinates>
        </Point>
      </Placemark>
      <Placemark>
        <name>دحول المندسة</name>
        <styleUrl>#icon-1739-757575-labelson-nodesc</styleUrl>
        <Point>
          <coordinates>
            42.359719,29.843245,0
          </coordinates>
        </Point>
      </Placemark>
      <Placemark>
        <name>دحول عيادة</name>
        <styleUrl>#icon-1739-757575-labelson-nodesc</styleUrl>
        <Point>
          <coordinates>
            42.692764,29.84333,0
          </coordinates>
        </Point>
      </Placemark>
      <Placemark>
        <name>دكاكة</name>
        <styleUrl>#icon-1739-757575-labelson-nodesc</styleUrl>
        <Point>
          <coordinates>
            42.743597,29.425592,0
          </coordinates>
        </Point>
      </Placemark>
      <Placemark>
        <name>دكاكة ام عشر</name>
        <styleUrl>#icon-1739-757575-labelson-nodesc</styleUrl>
        <Point>
          <coordinates>
            45.072892,27.687113,0
          </coordinates>
        </Point>
      </Placemark>
      <Placemark>
        <name>دكاكة سامودة</name>
        <styleUrl>#icon-1739-757575-labelson-nodesc</styleUrl>
        <Point>
          <coordinates>
            44.804649,27.810516,0
          </coordinates>
        </Point>
      </Placemark>
      <Placemark>
        <name>دكاكة عرفج</name>
        <styleUrl>#icon-1739-757575-labelson-nodesc</styleUrl>
        <Point>
          <coordinates>
            42.878609,29.006653,0
          </coordinates>
        </Point>
      </Placemark>
      <Placemark>
        <name>دويخلات طريف</name>
        <styleUrl>#icon-1739-757575-labelson-nodesc</styleUrl>
        <Point>
          <coordinates>
            38.643036,31.699505,0
          </coordinates>
        </Point>
      </Placemark>
      <Placemark>
        <name>دويخلة ابا القور</name>
        <styleUrl>#icon-1739-757575-labelson-nodesc</styleUrl>
        <Point>
          <coordinates>
            41.267781,30.599306,0
          </coordinates>
        </Point>
      </Placemark>
      <Placemark>
        <name>دويخلة الاقرع</name>
        <styleUrl>#icon-1739-757575-labelson-nodesc</styleUrl>
        <Point>
          <coordinates>
            40.553713,30.823152,0
          </coordinates>
        </Point>
      </Placemark>
      <Placemark>
        <name>دويخلة الاقرع</name>
        <styleUrl>#icon-1739-757575-labelson-nodesc</styleUrl>
        <Point>
          <coordinates>
            40.505304,30.844266,0
          </coordinates>
        </Point>
      </Placemark>
      <Placemark>
        <name>دويخلة الشاظي</name>
        <styleUrl>#icon-1739-757575-labelson-nodesc</styleUrl>
        <Point>
          <coordinates>
            40.429516,31.184778,0
          </coordinates>
        </Point>
      </Placemark>
      <Placemark>
        <name>دويخلة الصليب</name>
        <styleUrl>#icon-1739-757575-labelson-nodesc</styleUrl>
        <Point>
          <coordinates>
            42.603221,29.203098,0
          </coordinates>
        </Point>
      </Placemark>
      <Placemark>
        <name>دويخلة القرية</name>
        <styleUrl>#icon-1739-757575-labelson-nodesc</styleUrl>
        <Point>
          <coordinates>
            40.794682,31.523445,0
          </coordinates>
        </Point>
      </Placemark>
      <Placemark>
        <name>دويخلة القرية</name>
        <styleUrl>#icon-1739-757575-labelson-nodesc</styleUrl>
        <Point>
          <coordinates>
            40.964263,31.492953,0
          </coordinates>
        </Point>
      </Placemark>
      <Placemark>
        <name>دويخلة القريري</name>
        <styleUrl>#icon-1739-757575-labelson-nodesc</styleUrl>
        <Point>
          <coordinates>
            40.971515,31.326463,0
          </coordinates>
        </Point>
      </Placemark>
      <Placemark>
        <name>دويخلة الهلباء</name>
        <styleUrl>#icon-1739-757575-labelson-nodesc</styleUrl>
        <Point>
          <coordinates>
            41.436653,29.522839,0
          </coordinates>
        </Point>
      </Placemark>
      <Placemark>
        <name>دويخلة ام سحم</name>
        <styleUrl>#icon-1739-757575-labelson-nodesc</styleUrl>
        <Point>
          <coordinates>
            42.576978,29.260561,0
          </coordinates>
        </Point>
      </Placemark>
      <Placemark>
        <name>دويخلة مسعود</name>
        <styleUrl>#icon-1739-757575-labelson-nodesc</styleUrl>
        <Point>
          <coordinates>
            41.575098,29.449689,0
          </coordinates>
        </Point>
      </Placemark>
      <Placemark>
        <name>ذبه</name>
        <styleUrl>#icon-1739-757575-labelson-nodesc</styleUrl>
        <Point>
          <coordinates>
            38.267355,30.967412,0
          </coordinates>
        </Point>
      </Placemark>
      <Placemark>
        <name>ربداء</name>
        <styleUrl>#icon-1739-757575-labelson-nodesc</styleUrl>
        <Point>
          <coordinates>
            42.395124,29.79063,0
          </coordinates>
        </Point>
      </Placemark>
      <Placemark>
        <name>رجل الرصيفات</name>
        <styleUrl>#icon-1739-757575-labelson-nodesc</styleUrl>
        <Point>
          <coordinates>
            40.735438,31.02318,0
          </coordinates>
        </Point>
      </Placemark>
      <Placemark>
        <name>رجل القلات</name>
        <styleUrl>#icon-1739-757575-labelson-nodesc</styleUrl>
        <Point>
          <coordinates>
            42.613821,29.607339,0
          </coordinates>
        </Point>
      </Placemark>
      <Placemark>
        <name>رجل المويل</name>
        <styleUrl>#icon-1739-757575-labelson-nodesc</styleUrl>
        <Point>
          <coordinates>
            40.632312,31.249173,0
          </coordinates>
        </Point>
      </Placemark>
      <Placemark>
        <name>رجلة الضبعة</name>
        <styleUrl>#icon-1739-757575-labelson-nodesc</styleUrl>
        <Point>
          <coordinates>
            42.523978,29.544361,0
          </coordinates>
        </Point>
      </Placemark>
      <Placemark>
        <name>رجلة الطرفات</name>
        <styleUrl>#icon-1739-757575-labelson-nodesc</styleUrl>
        <Point>
          <coordinates>
            40.725288,31.068928,0
          </coordinates>
        </Point>
      </Placemark>
      <Placemark>
        <name>رجلة العميشية</name>
        <styleUrl>#icon-1739-757575-labelson-nodesc</styleUrl>
        <Point>
          <coordinates>
            41.376593,31.33466,0
          </coordinates>
        </Point>
      </Placemark>
      <Placemark>
        <name>رجلة القليب</name>
        <styleUrl>#icon-1739-757575-labelson-nodesc</styleUrl>
        <Point>
          <coordinates>
            40.857768,31.243615,0
          </coordinates>
        </Point>
      </Placemark>
      <Placemark>
        <name>رجلة المبيض</name>
        <styleUrl>#icon-1739-757575-labelson-nodesc</styleUrl>
        <Point>
          <coordinates>
            40.583668,31.023502,0
          </coordinates>
        </Point>
      </Placemark>
      <Placemark>
        <name>رجلة المعترضة</name>
        <styleUrl>#icon-1739-757575-labelson-nodesc</styleUrl>
        <Point>
          <coordinates>
            40.417371,31.893311,0
          </coordinates>
        </Point>
      </Placemark>
      <Placemark>
        <name>رجلة النغوري</name>
        <styleUrl>#icon-1739-757575-labelson-nodesc</styleUrl>
        <Point>
          <coordinates>
            40.048149,31.906807,0
          </coordinates>
        </Point>
      </Placemark>
      <Placemark>
        <name>رجلة الهبيلة</name>
        <styleUrl>#icon-1739-757575-labelson-nodesc</styleUrl>
        <Point>
          <coordinates>
            39.666781,31.91803,0
          </coordinates>
        </Point>
      </Placemark>
      <Placemark>
        <name>رجلة الهبيلة</name>
        <styleUrl>#icon-1739-757575-labelson-nodesc</styleUrl>
        <Point>
          <coordinates>
            39.79733,31.924982,0
          </coordinates>
        </Point>
      </Placemark>
      <Placemark>
        <name>رجلة ام الافاعي</name>
        <styleUrl>#icon-1739-757575-labelson-nodesc</styleUrl>
        <Point>
          <coordinates>
            40.249465,31.764586,0
          </coordinates>
        </Point>
      </Placemark>
      <Placemark>
        <name>رجلة ام براميل</name>
        <styleUrl>#icon-1739-757575-labelson-nodesc</styleUrl>
        <Point>
          <coordinates>
            40.65701,31.126306,0
          </coordinates>
        </Point>
      </Placemark>
      <Placemark>
        <name>رجلة ام درو</name>
        <styleUrl>#icon-1739-757575-labelson-nodesc</styleUrl>
        <Point>
          <coordinates>
            42.75527,29.535434,0
          </coordinates>
        </Point>
      </Placemark>
      <Placemark>
        <name>رجلة خالد</name>
        <styleUrl>#icon-1739-757575-labelson-nodesc</styleUrl>
        <Point>
          <coordinates>
            42.735615,29.590323,0
          </coordinates>
        </Point>
      </Placemark>
      <Placemark>
        <name>رجلة سلمى</name>
        <styleUrl>#icon-1739-757575-labelson-nodesc</styleUrl>
        <Point>
          <coordinates>
            43.20837,28.504179,0
          </coordinates>
        </Point>
      </Placemark>
      <Placemark>
        <name>رجلة علي</name>
        <styleUrl>#icon-1739-757575-labelson-nodesc</styleUrl>
        <Point>
          <coordinates>
            40.896671,31.274879,0
          </coordinates>
        </Point>
      </Placemark>
      <Placemark>
        <name>رجلة نواظر</name>
        <styleUrl>#icon-1739-757575-labelson-nodesc</styleUrl>
        <Point>
          <coordinates>
            43.141165,29.588435,0
          </coordinates>
        </Point>
      </Placemark>
      <Placemark>
        <name>رجم  مشعان</name>
        <styleUrl>#icon-1739-757575-labelson-nodesc</styleUrl>
        <Point>
          <coordinates>
            41.177766,31.085322,0
          </coordinates>
        </Point>
      </Placemark>
      <Placemark>
        <name>رجم البدوان</name>
        <styleUrl>#icon-1739-757575-labelson-nodesc</styleUrl>
        <Point>
          <coordinates>
            40.980849,30.943508,0
          </coordinates>
        </Point>
      </Placemark>
      <Placemark>
        <name>رجم الشيخ</name>
        <styleUrl>#icon-1739-757575-labelson-nodesc</styleUrl>
        <Point>
          <coordinates>
            42.218699,29.541829,0
          </coordinates>
        </Point>
      </Placemark>
      <Placemark>
        <name>رجم الصانع</name>
        <styleUrl>#icon-1739-757575-labelson-nodesc</styleUrl>
        <Point>
          <coordinates>
            43.590188,28.80877,0
          </coordinates>
        </Point>
      </Placemark>
      <Placemark>
        <name>رجم العرفجي</name>
        <styleUrl>#icon-1739-757575-labelson-nodesc</styleUrl>
        <Point>
          <coordinates>
            41.543598,29.252987,0
          </coordinates>
        </Point>
      </Placemark>
      <Placemark>
        <name>رجم العليم</name>
        <styleUrl>#icon-1739-757575-labelson-nodesc</styleUrl>
        <Point>
          <coordinates>
            41.800146,29.662142,0
          </coordinates>
        </Point>
      </Placemark>
      <Placemark>
        <name>رجم القعود</name>
        <styleUrl>#icon-1739-757575-labelson-nodesc</styleUrl>
        <Point>
          <coordinates>
            42.180033,29.758401,0
          </coordinates>
        </Point>
      </Placemark>
      <Placemark>
        <name>رجم المجلس</name>
        <styleUrl>#icon-1739-757575-labelson-nodesc</styleUrl>
        <Point>
          <coordinates>
            41.919708,29.278564,0
          </coordinates>
        </Point>
      </Placemark>
      <Placemark>
        <name>رجم المسيكين</name>
        <styleUrl>#icon-1739-757575-labelson-nodesc</styleUrl>
        <Point>
          <coordinates>
            41.788216,29.785995,0
          </coordinates>
        </Point>
      </Placemark>
      <Placemark>
        <name>رجم المشيل</name>
        <styleUrl>#icon-1739-757575-labelson-nodesc</styleUrl>
        <Point>
          <coordinates>
            41.620502,29.375896,0
          </coordinates>
        </Point>
      </Placemark>
      <Placemark>
        <name>رجم المصوصي</name>
        <styleUrl>#icon-1739-757575-labelson-nodesc</styleUrl>
        <Point>
          <coordinates>
            39.88095,31.759822,0
          </coordinates>
        </Point>
      </Placemark>
      <Placemark>
        <name>رجم الهيازع</name>
        <styleUrl>#icon-1739-757575-labelson-nodesc</styleUrl>
        <Point>
          <coordinates>
            44.011295,28.510294,0
          </coordinates>
        </Point>
      </Placemark>
      <Placemark>
        <name>رجم ام نواطير</name>
        <styleUrl>#icon-1739-757575-labelson-nodesc</styleUrl>
        <Point>
          <coordinates>
            43.909092,29.1207,0
          </coordinates>
        </Point>
      </Placemark>
      <Placemark>
        <name>رجم بندر</name>
        <styleUrl>#icon-1739-757575-labelson-nodesc</styleUrl>
        <Point>
          <coordinates>
            43.812211,28.857608,0
          </coordinates>
        </Point>
      </Placemark>
      <Placemark>
        <name>رجم بيوض</name>
        <styleUrl>#icon-1739-757575-labelson-nodesc</styleUrl>
        <Point>
          <coordinates>
            41.511991,30.611536,0
          </coordinates>
        </Point>
      </Placemark>
      <Placemark>
        <name>رجم سالم</name>
        <styleUrl>#icon-1739-757575-labelson-nodesc</styleUrl>
        <Point>
          <coordinates>
            44.46815,28.465619,0
          </coordinates>
        </Point>
      </Placemark>
      <Placemark>
        <name>رجم سميحان</name>
        <styleUrl>#icon-1739-757575-labelson-nodesc</styleUrl>
        <Point>
          <coordinates>
            44.463387,28.591061,0
          </coordinates>
        </Point>
      </Placemark>
      <Placemark>
        <name>رجم قنينه</name>
        <styleUrl>#icon-1739-757575-labelson-nodesc</styleUrl>
        <Point>
          <coordinates>
            44.430943,28.89473,0
          </coordinates>
        </Point>
      </Placemark>
      <Placemark>
        <name>رجم كنعان</name>
        <styleUrl>#icon-1739-757575-labelson-nodesc</styleUrl>
        <Point>
          <coordinates>
            44.118691,28.543854,0
          </coordinates>
        </Point>
      </Placemark>
      <Placemark>
        <name>رجم لاها</name>
        <styleUrl>#icon-1739-757575-labelson-nodesc</styleUrl>
        <Point>
          <coordinates>
            39.715083,31.957769,0
          </coordinates>
        </Point>
      </Placemark>
      <Placemark>
        <name>رجم مناطح</name>
        <styleUrl>#icon-1739-757575-labelson-nodesc</styleUrl>
        <Point>
          <coordinates>
            41.437748,29.607425,0
          </coordinates>
        </Point>
      </Placemark>
      <Placemark>
        <name>رجم نعام</name>
        <styleUrl>#icon-1739-757575-labelson-nodesc</styleUrl>
        <Point>
          <coordinates>
            42.546036,30.665288,0
          </coordinates>
        </Point>
      </Placemark>
      <Placemark>
        <name>رجم هزاع</name>
        <styleUrl>#icon-1739-757575-labelson-nodesc</styleUrl>
        <Point>
          <coordinates>
            41.908593,29.552579,0
          </coordinates>
        </Point>
      </Placemark>
      <Placemark>
        <name>رجوم المعيزيله</name>
        <styleUrl>#icon-1739-757575-labelson-nodesc</styleUrl>
        <Point>
          <coordinates>
            43.283386,28.843918,0
          </coordinates>
        </Point>
      </Placemark>
      <Placemark>
        <name>رجوم براميل</name>
        <styleUrl>#icon-1739-757575-labelson-nodesc</styleUrl>
        <Point>
          <coordinates>
            44.606295,27.812748,0
          </coordinates>
        </Point>
      </Placemark>
      <Placemark>
        <name>رحين</name>
        <styleUrl>#icon-1739-757575-labelson-nodesc</styleUrl>
        <Point>
          <coordinates>
            45.22861,28.104959,0
          </coordinates>
        </Point>
      </Placemark>
      <Placemark>
        <name>ردائف المركوز</name>
        <styleUrl>#icon-1739-757575-labelson-nodesc</styleUrl>
        <Point>
          <coordinates>
            42.613285,30.094128,0
          </coordinates>
        </Point>
      </Placemark>
      <Placemark>
        <name>رديفة السويطبة</name>
        <styleUrl>#icon-1739-757575-labelson-nodesc</styleUrl>
        <Point>
          <coordinates>
            44.936507,27.899652,0
          </coordinates>
        </Point>
      </Placemark>
      <Placemark>
        <name>رمث الوجعان</name>
        <styleUrl>#icon-1739-757575-labelson-nodesc</styleUrl>
        <Point>
          <coordinates>
            45.373793,29.007254,0
          </coordinates>
        </Point>
      </Placemark>
      <Placemark>
        <name>رويثية العويصي</name>
        <styleUrl>#icon-1739-757575-labelson-nodesc</styleUrl>
        <Point>
          <coordinates>
            41.011298,31.220398,0
          </coordinates>
        </Point>
      </Placemark>
      <Placemark>
        <name>ريشية ام نقي</name>
        <styleUrl>#icon-1739-757575-labelson-nodesc</styleUrl>
        <Point>
          <coordinates>
            44.00003,28.333247,0
          </coordinates>
        </Point>
      </Placemark>
      <Placemark>
        <name>زبارة اللا</name>
        <styleUrl>#icon-1739-757575-labelson-nodesc</styleUrl>
        <Point>
          <coordinates>
            41.372688,31.120512,0
          </coordinates>
        </Point>
      </Placemark>
      <Placemark>
        <name>زباير المنايا</name>
        <styleUrl>#icon-1739-757575-labelson-nodesc</styleUrl>
        <Point>
          <coordinates>
            44.293399,28.145835,0
          </coordinates>
        </Point>
      </Placemark>
      <Placemark>
        <name>زملة النعام</name>
        <styleUrl>#icon-1739-757575-labelson-nodesc</styleUrl>
        <Point>
          <coordinates>
            39.695578,31.481667,0
          </coordinates>
        </Point>
      </Placemark>
      <Placemark>
        <name>زهوة</name>
        <styleUrl>#icon-1739-757575-labelson-nodesc</styleUrl>
        <Point>
          <coordinates>
            43.072457,28.303013,0
          </coordinates>
        </Point>
      </Placemark>
      <Placemark>
        <name>ساحبة السليمانية</name>
        <styleUrl>#icon-1739-757575-labelson-nodesc</styleUrl>
        <Point>
          <coordinates>
            42.145529,29.863651,0
          </coordinates>
        </Point>
      </Placemark>
      <Placemark>
        <name>ساحبة الفاضلي</name>
        <styleUrl>#icon-1739-757575-labelson-nodesc</styleUrl>
        <Point>
          <coordinates>
            41.95359,29.78694,0
          </coordinates>
        </Point>
      </Placemark>
      <Placemark>
        <name>سادة الامنح</name>
        <styleUrl>#icon-1739-757575-labelson-nodesc</styleUrl>
        <Point>
          <coordinates>
            45.386968,28.860762,0
          </coordinates>
        </Point>
      </Placemark>
      <Placemark>
        <name>سادة البطن</name>
        <styleUrl>#icon-1739-757575-labelson-nodesc</styleUrl>
        <Point>
          <coordinates>
            43.79807,29.797947,0
          </coordinates>
        </Point>
      </Placemark>
      <Placemark>
        <name>سادة الحنيه</name>
        <styleUrl>#icon-1739-757575-labelson-nodesc</styleUrl>
        <Point>
          <coordinates>
            45.777798,29.083858,0
          </coordinates>
        </Point>
      </Placemark>
      <Placemark>
        <name>ساقي محطاء</name>
        <styleUrl>#icon-1739-757575-labelson-nodesc</styleUrl>
        <Point>
          <coordinates>
            42.606826,29.890151,0
          </coordinates>
        </Point>
      </Placemark>
      <Placemark>
        <name>سحل عمرو</name>
        <styleUrl>#icon-1739-757575-labelson-nodesc</styleUrl>
        <Point>
          <coordinates>
            39.577818,30.948143,0
          </coordinates>
        </Point>
      </Placemark>
      <Placemark>
        <name>سدريات مريشد</name>
        <styleUrl>#icon-1739-757575-labelson-nodesc</styleUrl>
        <Point>
          <coordinates>
            45.070081,28.761156,0
          </coordinates>
        </Point>
      </Placemark>
      <Placemark>
        <name>سليل الشعبه</name>
        <styleUrl>#icon-1739-757575-labelson-nodesc</styleUrl>
        <Point>
          <coordinates>
            44.717102,28.928847,0
          </coordinates>
        </Point>
      </Placemark>
      <Placemark>
        <name>سماح</name>
        <styleUrl>#icon-1739-757575-labelson-nodesc</styleUrl>
        <Point>
          <coordinates>
            45.550733,28.932817,0
          </coordinates>
        </Point>
      </Placemark>
      <Placemark>
        <name>سهل المديد</name>
        <styleUrl>#icon-1739-757575-labelson-nodesc</styleUrl>
        <Point>
          <coordinates>
            44.378521,28.380454,0
          </coordinates>
        </Point>
      </Placemark>
      <Placemark>
        <name>سهل شراوة</name>
        <styleUrl>#icon-1739-757575-labelson-nodesc</styleUrl>
        <Point>
          <coordinates>
            39.349122,31.289427,0
          </coordinates>
        </Point>
      </Placemark>
      <Placemark>
        <name>سهلة البضاضيك</name>
        <styleUrl>#icon-1739-757575-labelson-nodesc</styleUrl>
        <Point>
          <coordinates>
            44.558101,28.228834,0
          </coordinates>
        </Point>
      </Placemark>
      <Placemark>
        <name>سهلية الشاظي</name>
        <styleUrl>#icon-1739-757575-labelson-nodesc</styleUrl>
        <Point>
          <coordinates>
            40.780585,31.212609,0
          </coordinates>
        </Point>
      </Placemark>
      <Placemark>
        <name>سهلية حامر</name>
        <styleUrl>#icon-1739-757575-labelson-nodesc</styleUrl>
        <Point>
          <coordinates>
            41.191564,31.346612,0
          </coordinates>
        </Point>
      </Placemark>
      <Placemark>
        <name>سواقي المحير ناظرة</name>
        <styleUrl>#icon-1739-757575-labelson-nodesc</styleUrl>
        <Point>
          <coordinates>
            43.23766,29.523268,0
          </coordinates>
        </Point>
      </Placemark>
      <Placemark>
        <name>سواقي نواظر</name>
        <styleUrl>#icon-1739-757575-labelson-nodesc</styleUrl>
        <Point>
          <coordinates>
            43.136187,29.619398,0
          </coordinates>
        </Point>
      </Placemark>
      <Placemark>
        <name>سوح اعيشة</name>
        <styleUrl>#icon-1739-757575-labelson-nodesc</styleUrl>
        <Point>
          <coordinates>
            42.298393,30.112045,0
          </coordinates>
        </Point>
      </Placemark>
      <Placemark>
        <name>سوح البسة</name>
        <styleUrl>#icon-1739-757575-labelson-nodesc</styleUrl>
        <Point>
          <coordinates>
            41.780427,30.574586,0
          </coordinates>
        </Point>
      </Placemark>
      <Placemark>
        <name>سوح الحباري</name>
        <styleUrl>#icon-1739-757575-labelson-nodesc</styleUrl>
        <Point>
          <coordinates>
            43.191204,29.613647,0
          </coordinates>
        </Point>
      </Placemark>
      <Placemark>
        <name>سوح الخيل</name>
        <styleUrl>#icon-1739-757575-labelson-nodesc</styleUrl>
        <Point>
          <coordinates>
            43.273172,29.589186,0
          </coordinates>
        </Point>
      </Placemark>
      <Placemark>
        <name>سوح الطويقة</name>
        <styleUrl>#icon-1739-757575-labelson-nodesc</styleUrl>
        <Point>
          <coordinates>
            40.382245,31.454802,0
          </coordinates>
        </Point>
      </Placemark>
      <Placemark>
        <name>سوح ام شفلح</name>
        <styleUrl>#icon-1739-757575-labelson-nodesc</styleUrl>
        <Point>
          <coordinates>
            43.944304,28.22201,0
          </coordinates>
        </Point>
      </Placemark>
      <Placemark>
        <name>سيح المجرور</name>
        <styleUrl>#icon-1739-757575-labelson-nodesc</styleUrl>
        <Point>
          <coordinates>
            44.80407,29.068816,0
          </coordinates>
        </Point>
      </Placemark>
      <Placemark>
        <name>سيحان البحيرات</name>
        <styleUrl>#icon-1739-757575-labelson-nodesc</styleUrl>
        <Point>
          <coordinates>
            39.872561,31.624854,0
          </coordinates>
        </Point>
      </Placemark>
      <Placemark>
        <name>شبة طيارات</name>
        <styleUrl>#icon-1739-757575-labelson-nodesc</styleUrl>
        <Point>
          <coordinates>
            44.209478,28.77933,0
          </coordinates>
        </Point>
      </Placemark>
      <Placemark>
        <name>شبه رفحا</name>
        <styleUrl>#icon-1739-757575-labelson-nodesc</styleUrl>
        <Point>
          <coordinates>
            43.466678,29.733317,0
          </coordinates>
        </Point>
      </Placemark>
      <Placemark>
        <name>شجر رحيل</name>
        <styleUrl>#icon-1739-757575-labelson-nodesc</styleUrl>
        <Point>
          <coordinates>
            40.98248,31.206408,0
          </coordinates>
        </Point>
      </Placemark>
      <Placemark>
        <name>شجير ات طلح القلات</name>
        <styleUrl>#icon-1739-757575-labelson-nodesc</styleUrl>
        <Point>
          <coordinates>
            42.608328,29.568844,0
          </coordinates>
        </Point>
      </Placemark>
      <Placemark>
        <name>شراوة الخور</name>
        <styleUrl>#icon-1739-757575-labelson-nodesc</styleUrl>
        <Point>
          <coordinates>
            39.33217,31.356375,0
          </coordinates>
        </Point>
      </Placemark>
      <Placemark>
        <name>شطنة الظبي</name>
        <styleUrl>#icon-1739-757575-labelson-nodesc</styleUrl>
        <Point>
          <coordinates>
            42.752845,29.456084,0
          </coordinates>
        </Point>
      </Placemark>
      <Placemark>
        <name>شطنة فيحان الشرقية</name>
        <styleUrl>#icon-1739-757575-labelson-nodesc</styleUrl>
        <Point>
          <coordinates>
            43.340721,29.43306,0
          </coordinates>
        </Point>
      </Placemark>
      <Placemark>
        <name>شعاف ابو هاني</name>
        <styleUrl>#icon-1739-757575-labelson-nodesc</styleUrl>
        <Point>
          <coordinates>
            43.371105,28.79302,0
          </coordinates>
        </Point>
      </Placemark>
      <Placemark>
        <name>شعاف اراطي وديد</name>
        <styleUrl>#icon-1739-757575-labelson-nodesc</styleUrl>
        <Point>
          <coordinates>
            43.312783,28.634985,0
          </coordinates>
        </Point>
      </Placemark>
      <Placemark>
        <name>شعاف الدهيمي</name>
        <styleUrl>#icon-1739-757575-labelson-nodesc</styleUrl>
        <Point>
          <coordinates>
            42.098837,29.391861,0
          </coordinates>
        </Point>
      </Placemark>
      <Placemark>
        <name>شعاف الزقم</name>
        <styleUrl>#icon-1739-757575-labelson-nodesc</styleUrl>
        <Point>
          <coordinates>
            42.358325,29.205244,0
          </coordinates>
        </Point>
      </Placemark>
      <Placemark>
        <name>شعاف الطينيات</name>
        <styleUrl>#icon-1739-757575-labelson-nodesc</styleUrl>
        <Point>
          <coordinates>
            42.836702,28.76004,0
          </coordinates>
        </Point>
      </Placemark>
      <Placemark>
        <name>شعاف ربداء</name>
        <styleUrl>#icon-1739-757575-labelson-nodesc</styleUrl>
        <Point>
          <coordinates>
            42.446859,29.01618,0
          </coordinates>
        </Point>
      </Placemark>
      <Placemark>
        <name>شعاف عرفج</name>
        <styleUrl>#icon-1739-757575-labelson-nodesc</styleUrl>
        <Point>
          <coordinates>
            42.831402,28.930264,0
          </coordinates>
        </Point>
      </Placemark>
      <Placemark>
        <name>شعاف عرفج</name>
        <styleUrl>#icon-1739-757575-labelson-nodesc</styleUrl>
        <Point>
          <coordinates>
            43.422775,28.756371,0
          </coordinates>
        </Point>
      </Placemark>
      <Placemark>
        <name>شعاف عرفج</name>
        <styleUrl>#icon-1739-757575-labelson-nodesc</styleUrl>
        <Point>
          <coordinates>
            43.488522,28.466692,0
          </coordinates>
        </Point>
      </Placemark>
      <Placemark>
        <name>شعاف عرفج وعاذر</name>
        <styleUrl>#icon-1739-757575-labelson-nodesc</styleUrl>
        <Point>
          <coordinates>
            42.614679,29.18046,0
          </coordinates>
        </Point>
      </Placemark>
      <Placemark>
        <name>شعاف مدهوش</name>
        <styleUrl>#icon-1739-757575-labelson-nodesc</styleUrl>
        <Point>
          <coordinates>
            43.581476,28.790445,0
          </coordinates>
        </Point>
      </Placemark>
      <Placemark>
        <name>شعبة الجل</name>
        <styleUrl>#icon-1739-757575-labelson-nodesc</styleUrl>
        <Point>
          <coordinates>
            43.703527,29.040449,0
          </coordinates>
        </Point>
      </Placemark>
      <Placemark>
        <name>شعفة البويب الغربيه</name>
        <styleUrl>#icon-1739-757575-labelson-nodesc</styleUrl>
        <Point>
          <coordinates>
            41.955714,29.564316,0
          </coordinates>
        </Point>
      </Placemark>
      <Placemark>
        <name>شعفة التومان</name>
        <styleUrl>#icon-1739-757575-labelson-nodesc</styleUrl>
        <Point>
          <coordinates>
            43.300359,28.892241,0
          </coordinates>
        </Point>
      </Placemark>
      <Placemark>
        <name>شعفة الزرنوق</name>
        <styleUrl>#icon-1739-757575-labelson-nodesc</styleUrl>
        <Point>
          <coordinates>
            42.674096,29.375596,0
          </coordinates>
        </Point>
      </Placemark>
      <Placemark>
        <name>شعفة العرتابة</name>
        <styleUrl>#icon-1739-757575-labelson-nodesc</styleUrl>
        <Point>
          <coordinates>
            41.97288,28.838425,0
          </coordinates>
        </Point>
      </Placemark>
      <Placemark>
        <name>شعفة الغريراء</name>
        <styleUrl>#icon-1739-757575-labelson-nodesc</styleUrl>
        <Point>
          <coordinates>
            43.810258,28.704207,0
          </coordinates>
        </Point>
      </Placemark>
      <Placemark>
        <name>شعفة الماداء</name>
        <styleUrl>#icon-1739-757575-labelson-nodesc</styleUrl>
        <Point>
          <coordinates>
            42.015796,29.48046,0
          </coordinates>
        </Point>
      </Placemark>
      <Placemark>
        <name>شعفة حنجر</name>
        <styleUrl>#icon-1739-757575-labelson-nodesc</styleUrl>
        <Point>
          <coordinates>
            44.800615,27.839613,0
          </coordinates>
        </Point>
      </Placemark>
      <Placemark>
        <name>شعفة نعجة</name>
        <styleUrl>#icon-1739-757575-labelson-nodesc</styleUrl>
        <Point>
          <coordinates>
            42.041867,29.542065,0
          </coordinates>
        </Point>
      </Placemark>
      <Placemark>
        <name>شهباء الحمض</name>
        <styleUrl>#icon-1739-757575-labelson-nodesc</styleUrl>
        <Point>
          <coordinates>
            42.480633,30.017545,0
          </coordinates>
        </Point>
      </Placemark>
      <Placemark>
        <name>شهباء الصحن</name>
        <styleUrl>#icon-1739-757575-labelson-nodesc</styleUrl>
        <Point>
          <coordinates>
            42.738275,30.426142,0
          </coordinates>
        </Point>
      </Placemark>
      <Placemark>
        <name>شهيبون</name>
        <styleUrl>#icon-1739-757575-labelson-nodesc</styleUrl>
        <Point>
          <coordinates>
            41.833577,30.934796,0
          </coordinates>
        </Point>
      </Placemark>
      <Placemark>
        <name>شهيبون</name>
        <styleUrl>#icon-1739-757575-labelson-nodesc</styleUrl>
        <Point>
          <coordinates>
            43.651686,29.869938,0
          </coordinates>
        </Point>
      </Placemark>
      <Placemark>
        <name>صحراء المصلى</name>
        <styleUrl>#icon-1739-757575-labelson-nodesc</styleUrl>
        <Point>
          <coordinates>
            38.212724,31.439438,0
          </coordinates>
        </Point>
      </Placemark>
      <Placemark>
        <name>ضريبينات</name>
        <styleUrl>#icon-1739-757575-labelson-nodesc</styleUrl>
        <Point>
          <coordinates>
            38.406465,31.447892,0
          </coordinates>
        </Point>
      </Placemark>
      <Placemark>
        <name>طبق خويمات</name>
        <styleUrl>#icon-1739-757575-labelson-nodesc</styleUrl>
        <Point>
          <coordinates>
            41.655972,31.111543,0
          </coordinates>
        </Point>
      </Placemark>
      <Placemark>
        <name>طبيق لينه</name>
        <styleUrl>#icon-1739-757575-labelson-nodesc</styleUrl>
        <Point>
          <coordinates>
            43.726444,28.744719,0
          </coordinates>
        </Point>
      </Placemark>
      <Placemark>
        <name>طراق رحيل</name>
        <styleUrl>#icon-1739-757575-labelson-nodesc</styleUrl>
        <Point>
          <coordinates>
            41.953182,30.572956,0
          </coordinates>
        </Point>
      </Placemark>
      <Placemark>
        <name>طلاح</name>
        <styleUrl>#icon-1739-757575-labelson-nodesc</styleUrl>
        <Point>
          <coordinates>
            42.608328,29.568844,0
          </coordinates>
        </Point>
      </Placemark>
      <Placemark>
        <name>طلحة ابو الرمم</name>
        <styleUrl>#icon-1739-757575-labelson-nodesc</styleUrl>
        <Point>
          <coordinates>
            43.480625,29.275045,0
          </coordinates>
        </Point>
      </Placemark>
      <Placemark>
        <name>طلحة المطار</name>
        <styleUrl>#icon-1739-757575-labelson-nodesc</styleUrl>
        <Point>
          <coordinates>
            42.989995,28.99601,0
          </coordinates>
        </Point>
      </Placemark>
      <Placemark>
        <name>طلحة ام الجحيش</name>
        <styleUrl>#icon-1739-757575-labelson-nodesc</styleUrl>
        <Point>
          <coordinates>
            43.32716,29.435205,0
          </coordinates>
        </Point>
      </Placemark>
      <Placemark>
        <name>طلحة ام رماح</name>
        <styleUrl>#icon-1739-757575-labelson-nodesc</styleUrl>
        <Point>
          <coordinates>
            43.168116,28.973587,0
          </coordinates>
        </Point>
      </Placemark>
      <Placemark>
        <name>طلحة ثنوا</name>
        <styleUrl>#icon-1739-757575-labelson-nodesc</styleUrl>
        <Point>
          <coordinates>
            43.343039,29.439411,0
          </coordinates>
        </Point>
      </Placemark>
      <Placemark>
        <name>طلعة رحيل</name>
        <styleUrl>#icon-1739-757575-labelson-nodesc</styleUrl>
        <Point>
          <coordinates>
            41.004989,31.1374,0
          </coordinates>
        </Point>
      </Placemark>
      <Placemark>
        <name>طوق ام عواقيل</name>
        <styleUrl>#icon-1739-757575-labelson-nodesc</styleUrl>
        <Point>
          <coordinates>
            43.673809,28.807719,0
          </coordinates>
        </Point>
      </Placemark>
      <Placemark>
        <name>طيارات</name>
        <styleUrl>#icon-1739-757575-labelson-nodesc</styleUrl>
        <Point>
          <coordinates>
            44.305673,28.737402,0
          </coordinates>
        </Point>
      </Placemark>
      <Placemark>
        <name>ظهرة الأقرع</name>
        <styleUrl>#icon-1739-757575-labelson-nodesc</styleUrl>
        <Point>
          <coordinates>
            40.113895,30.971725,0
          </coordinates>
        </Point>
      </Placemark>
      <Placemark>
        <name>ظهرة الحنظليات</name>
        <styleUrl>#icon-1739-757575-labelson-nodesc</styleUrl>
        <Point>
          <coordinates>
            40.166788,30.736313,0
          </coordinates>
        </Point>
      </Placemark>
      <Placemark>
        <name>ظهرة الشير</name>
        <styleUrl>#icon-1739-757575-labelson-nodesc</styleUrl>
        <Point>
          <coordinates>
            42.84359,30.341299,0
          </coordinates>
        </Point>
      </Placemark>
      <Placemark>
        <name>ظهرة الشير</name>
        <styleUrl>#icon-1739-757575-labelson-nodesc</styleUrl>
        <Point>
          <coordinates>
            42.85934,30.208046,0
          </coordinates>
        </Point>
      </Placemark>
      <Placemark>
        <name>ظهرة حدق الجندة</name>
        <styleUrl>#icon-1739-757575-labelson-nodesc</styleUrl>
        <Point>
          <coordinates>
            43.333082,29.158573,0
          </coordinates>
        </Point>
      </Placemark>
      <Placemark>
        <name>عائلة الارطاوي</name>
        <styleUrl>#icon-1739-757575-labelson-nodesc</styleUrl>
        <Point>
          <coordinates>
            42.029357,29.413555,0
          </coordinates>
        </Point>
      </Placemark>
      <Placemark>
        <name>عائلة المشاهدة الشرقية</name>
        <styleUrl>#icon-1739-757575-labelson-nodesc</styleUrl>
        <Point>
          <coordinates>
            42.452266,30.35604,0
          </coordinates>
        </Point>
      </Placemark>
      <Placemark>
        <name>عائلة المشاهدة الشرقية</name>
        <styleUrl>#icon-1739-757575-labelson-nodesc</styleUrl>
        <Point>
          <coordinates>
            42.592792,30.457513,0
          </coordinates>
        </Point>
      </Placemark>
      <Placemark>
        <name>عائلة المشاهدة الغربية</name>
        <styleUrl>#icon-1739-757575-labelson-nodesc</styleUrl>
        <Point>
          <coordinates>
            42.409995,30.367327,0
          </coordinates>
        </Point>
      </Placemark>
      <Placemark>
        <name>عائلة المشاهدة الغربية</name>
        <styleUrl>#icon-1739-757575-labelson-nodesc</styleUrl>
        <Point>
          <coordinates>
            42.478337,30.438437,0
          </coordinates>
        </Point>
      </Placemark>
      <Placemark>
        <name>عائلة بناق</name>
        <styleUrl>#icon-1739-757575-labelson-nodesc</styleUrl>
        <Point>
          <coordinates>
            41.188087,30.74333,0
          </coordinates>
        </Point>
      </Placemark>
      <Placemark>
        <name>عائلة شداد</name>
        <styleUrl>#icon-1739-757575-labelson-nodesc</styleUrl>
        <Point>
          <coordinates>
            42.361801,30.508304,0
          </coordinates>
        </Point>
      </Placemark>
      <Placemark>
        <name>عائلة قبعة</name>
        <styleUrl>#icon-1739-757575-labelson-nodesc</styleUrl>
        <Point>
          <coordinates>
            42.995939,28.593013,0
          </coordinates>
        </Point>
      </Placemark>
      <Placemark>
        <name>عاذر</name>
        <styleUrl>#icon-1739-757575-labelson-nodesc</styleUrl>
        <Point>
          <coordinates>
            42.27685,29.349396,0
          </coordinates>
        </Point>
      </Placemark>
      <Placemark>
        <name>عاذر</name>
        <styleUrl>#icon-1739-757575-labelson-nodesc</styleUrl>
        <Point>
          <coordinates>
            44.368544,28.100109,0
          </coordinates>
        </Point>
      </Placemark>
      <Placemark>
        <name>عاذر شمال النقيان</name>
        <styleUrl>#icon-1739-757575-labelson-nodesc</styleUrl>
        <Point>
          <coordinates>
            44.802504,27.603321,0
          </coordinates>
        </Point>
      </Placemark>
      <Placemark>
        <name>عاسم</name>
        <styleUrl>#icon-1739-757575-labelson-nodesc</styleUrl>
        <Point>
          <coordinates>
            42.50001,29.000001,0
          </coordinates>
        </Point>
      </Placemark>
      <Placemark>
        <name>عقيلة الصخيل</name>
        <styleUrl>#icon-1739-757575-labelson-nodesc</styleUrl>
        <Point>
          <coordinates>
            41.935694,29.974222,0
          </coordinates>
        </Point>
      </Placemark>
      <Placemark>
        <name>علامات معيلة</name>
        <styleUrl>#icon-1739-757575-labelson-nodesc</styleUrl>
        <Point>
          <coordinates>
            41.040266,30.883234,0
          </coordinates>
        </Point>
      </Placemark>
      <Placemark>
        <name>عواشز</name>
        <styleUrl>#icon-1739-757575-labelson-nodesc</styleUrl>
        <Point>
          <coordinates>
            42.723598,29.771662,0
          </coordinates>
        </Point>
      </Placemark>
      <Placemark>
        <name>عيدهه</name>
        <styleUrl>#icon-1739-757575-labelson-nodesc</styleUrl>
        <Point>
          <coordinates>
            43.933339,29.883327,0
          </coordinates>
        </Point>
      </Placemark>
      <Placemark>
        <name>فاج الاصفر</name>
        <styleUrl>#icon-1739-757575-labelson-nodesc</styleUrl>
        <Point>
          <coordinates>
            41.944642,30.21281,0
          </coordinates>
        </Point>
      </Placemark>
      <Placemark>
        <name>فاج الريان</name>
        <styleUrl>#icon-1739-757575-labelson-nodesc</styleUrl>
        <Point>
          <coordinates>
            41.866536,30.335033,0
          </coordinates>
        </Point>
      </Placemark>
      <Placemark>
        <name>فاج الصليبي</name>
        <styleUrl>#icon-1739-757575-labelson-nodesc</styleUrl>
        <Point>
          <coordinates>
            41.638205,30.387776,0
          </coordinates>
        </Point>
      </Placemark>
      <Placemark>
        <name>فلق الوسيع</name>
        <styleUrl>#icon-1739-757575-labelson-nodesc</styleUrl>
        <Point>
          <coordinates>
            41.66949,29.09596,0
          </coordinates>
        </Point>
      </Placemark>
      <Placemark>
        <name>قارة ابو خويمة</name>
        <styleUrl>#icon-1739-757575-labelson-nodesc</styleUrl>
        <Point>
          <coordinates>
            44.530098,28.563037,0
          </coordinates>
        </Point>
      </Placemark>
      <Placemark>
        <name>قارة الجليده</name>
        <styleUrl>#icon-1739-757575-labelson-nodesc</styleUrl>
        <Point>
          <coordinates>
            45.583434,29.033175,0
          </coordinates>
        </Point>
      </Placemark>
      <Placemark>
        <name>قارة الجواري</name>
        <styleUrl>#icon-1739-757575-labelson-nodesc</styleUrl>
        <Point>
          <coordinates>
            41.758153,29.979436,0
          </coordinates>
        </Point>
      </Placemark>
      <Placemark>
        <name>قارة الحقباء</name>
        <styleUrl>#icon-1739-757575-labelson-nodesc</styleUrl>
        <Point>
          <coordinates>
            44.593849,28.542309,0
          </coordinates>
        </Point>
      </Placemark>
      <Placemark>
        <name>قارة الخشمة</name>
        <styleUrl>#icon-1739-757575-labelson-nodesc</styleUrl>
        <Point>
          <coordinates>
            42.443833,28.84645,0
          </coordinates>
        </Point>
      </Placemark>
      <Placemark>
        <name>قارة الدبوسة</name>
        <styleUrl>#icon-1739-757575-labelson-nodesc</styleUrl>
        <Point>
          <coordinates>
            41.71541,31.220419,0
          </coordinates>
        </Point>
      </Placemark>
      <Placemark>
        <name>قارة الرجال</name>
        <styleUrl>#icon-1739-757575-labelson-nodesc</styleUrl>
        <Point>
          <coordinates>
            41.779246,30.022931,0
          </coordinates>
        </Point>
      </Placemark>
      <Placemark>
        <name>قارة الشاء</name>
        <styleUrl>#icon-1739-757575-labelson-nodesc</styleUrl>
        <Point>
          <coordinates>
            41.921639,30.70329,0
          </coordinates>
        </Point>
      </Placemark>
      <Placemark>
        <name>قارة القطعاء</name>
        <styleUrl>#icon-1739-757575-labelson-nodesc</styleUrl>
        <Point>
          <coordinates>
            41.756587,30.406981,0
          </coordinates>
        </Point>
      </Placemark>
      <Placemark>
        <name>قارة القطعية</name>
        <styleUrl>#icon-1739-757575-labelson-nodesc</styleUrl>
        <Point>
          <coordinates>
            41.39436,31.27784,0
          </coordinates>
        </Point>
      </Placemark>
      <Placemark>
        <name>قارة المزيريره</name>
        <styleUrl>#icon-1739-757575-labelson-nodesc</styleUrl>
        <Point>
          <coordinates>
            44.193192,28.474245,0
          </coordinates>
        </Point>
      </Placemark>
      <Placemark>
        <name>قارة ام اذن</name>
        <styleUrl>#icon-1739-757575-labelson-nodesc</styleUrl>
        <Point>
          <coordinates>
            43.180819,29.72424,0
          </coordinates>
        </Point>
      </Placemark>
      <Placemark>
        <name>قارة ام الشعراء</name>
        <styleUrl>#icon-1739-757575-labelson-nodesc</styleUrl>
        <Point>
          <coordinates>
            45.350018,29.049783,0
          </coordinates>
        </Point>
      </Placemark>
      <Placemark>
        <name>قارة ام باب</name>
        <styleUrl>#icon-1739-757575-labelson-nodesc</styleUrl>
        <Point>
          <coordinates>
            42.833869,29.876933,0
          </coordinates>
        </Point>
      </Placemark>
      <Placemark>
        <name>قارة بطحاء</name>
        <styleUrl>#icon-1739-757575-labelson-nodesc</styleUrl>
        <Point>
          <coordinates>
            42.145658,30.193648,0
          </coordinates>
        </Point>
      </Placemark>
      <Placemark>
        <name>قارة جليعيد</name>
        <styleUrl>#icon-1739-757575-labelson-nodesc</styleUrl>
        <Point>
          <coordinates>
            43.191891,30.153007,0
          </coordinates>
        </Point>
      </Placemark>
      <Placemark>
        <name>قارة حقباء</name>
        <styleUrl>#icon-1739-757575-labelson-nodesc</styleUrl>
        <Point>
          <coordinates>
            41.951723,30.454681,0
          </coordinates>
        </Point>
      </Placemark>
      <Placemark>
        <name>قارة خربقاء</name>
        <styleUrl>#icon-1739-757575-labelson-nodesc</styleUrl>
        <Point>
          <coordinates>
            44.55308,29.196103,0
          </coordinates>
        </Point>
      </Placemark>
      <Placemark>
        <name>قارة خضراء</name>
        <styleUrl>#icon-1739-757575-labelson-nodesc</styleUrl>
        <Point>
          <coordinates>
            41.318207,31.323395,0
          </coordinates>
        </Point>
      </Placemark>
      <Placemark>
        <name>قارة خويمة</name>
        <styleUrl>#icon-1739-757575-labelson-nodesc</styleUrl>
        <Point>
          <coordinates>
            41.805167,31.179349,0
          </coordinates>
        </Point>
      </Placemark>
      <Placemark>
        <name>قارة زعبيه</name>
        <styleUrl>#icon-1739-757575-labelson-nodesc</styleUrl>
        <Point>
          <coordinates>
            44.136693,28.965926,0
          </coordinates>
        </Point>
      </Placemark>
      <Placemark>
        <name>قارة سويقة</name>
        <styleUrl>#icon-1739-757575-labelson-nodesc</styleUrl>
        <Point>
          <coordinates>
            44.712639,27.733612,0
          </coordinates>
        </Point>
      </Placemark>
      <Placemark>
        <name>قارة سويقه</name>
        <styleUrl>#icon-1739-757575-labelson-nodesc</styleUrl>
        <Point>
          <coordinates>
            43.92452,28.619878,0
          </coordinates>
        </Point>
      </Placemark>
      <Placemark>
        <name>قارة عنيزة</name>
        <styleUrl>#icon-1739-757575-labelson-nodesc</styleUrl>
        <Point>
          <coordinates>
            42.453253,28.913076,0
          </coordinates>
        </Point>
      </Placemark>
      <Placemark>
        <name>قارة لاها</name>
        <styleUrl>#icon-1739-757575-labelson-nodesc</styleUrl>
        <Point>
          <coordinates>
            39.726348,31.919725,0
          </coordinates>
        </Point>
      </Placemark>
      <Placemark>
        <name>قارة مجفله</name>
        <styleUrl>#icon-1739-757575-labelson-nodesc</styleUrl>
        <Point>
          <coordinates>
            44.474888,28.542995,0
          </coordinates>
        </Point>
      </Placemark>
      <Placemark>
        <name>قارة محطاء</name>
        <styleUrl>#icon-1739-757575-labelson-nodesc</styleUrl>
        <Point>
          <coordinates>
            42.595668,29.917037,0
          </coordinates>
        </Point>
      </Placemark>
      <Placemark>
        <name>قبر بطين</name>
        <styleUrl>#icon-1739-757575-labelson-nodesc</styleUrl>
        <Point>
          <coordinates>
            39.567518,31.867733,0
          </coordinates>
        </Point>
      </Placemark>
      <Placemark>
        <name>قرع الطويلع</name>
        <styleUrl>#icon-1739-757575-labelson-nodesc</styleUrl>
        <Point>
          <coordinates>
            44.200079,28.416588,0
          </coordinates>
        </Point>
      </Placemark>
      <Placemark>
        <name>قرو مشروع الجبيلي</name>
        <styleUrl>#icon-1739-757575-labelson-nodesc</styleUrl>
        <Point>
          <coordinates>
            41.60677,29.175289,0
          </coordinates>
        </Point>
      </Placemark>
      <Placemark>
        <name>قرية مسعود</name>
        <styleUrl>#icon-1739-757575-labelson-nodesc</styleUrl>
        <Point>
          <coordinates>
            41.689467,29.474666,0
          </coordinates>
        </Point>
      </Placemark>
      <Placemark>
        <name>قرية مسعود</name>
        <styleUrl>#icon-1739-757575-labelson-nodesc</styleUrl>
        <Point>
          <coordinates>
            41.666722,29.445333,0
          </coordinates>
        </Point>
      </Placemark>
      <Placemark>
        <name>قريعة كريم</name>
        <styleUrl>#icon-1739-757575-labelson-nodesc</styleUrl>
        <Point>
          <coordinates>
            45.01723,28.555248,0
          </coordinates>
        </Point>
      </Placemark>
      <Placemark>
        <name>قريوات القرية</name>
        <styleUrl>#icon-1739-757575-labelson-nodesc</styleUrl>
        <Point>
          <coordinates>
            40.779705,31.478126,0
          </coordinates>
        </Point>
      </Placemark>
      <Placemark>
        <name>قزيز النعام</name>
        <styleUrl>#icon-1739-757575-labelson-nodesc</styleUrl>
        <Point>
          <coordinates>
            38.892631,31.371717,0
          </coordinates>
        </Point>
      </Placemark>
      <Placemark>
        <name>قصاص الجريبه الجنوبي</name>
        <styleUrl>#icon-1739-757575-labelson-nodesc</styleUrl>
        <Point>
          <coordinates>
            44.633331,28.833275,0
          </coordinates>
        </Point>
      </Placemark>
      <Placemark>
        <name>قصاص الجريبه الشمالي</name>
        <styleUrl>#icon-1739-757575-labelson-nodesc</styleUrl>
        <Point>
          <coordinates>
            44.643395,29.079673,0
          </coordinates>
        </Point>
      </Placemark>
      <Placemark>
        <name>قعر النحو</name>
        <styleUrl>#icon-1739-757575-labelson-nodesc</styleUrl>
        <Point>
          <coordinates>
            43.55607,28.669724,0
          </coordinates>
        </Point>
      </Placemark>
      <Placemark>
        <name>قعساء</name>
        <styleUrl>#icon-1739-757575-labelson-nodesc</styleUrl>
        <Point>
          <coordinates>
            39.360709,31.554966,0
          </coordinates>
        </Point>
      </Placemark>
      <Placemark>
        <name>قلتة الخر</name>
        <styleUrl>#icon-1739-757575-labelson-nodesc</styleUrl>
        <Point>
          <coordinates>
            42.158661,29.176083,0
          </coordinates>
        </Point>
      </Placemark>
      <Placemark>
        <name>قلتة ام مغاير</name>
        <styleUrl>#icon-1739-757575-labelson-nodesc</styleUrl>
        <Point>
          <coordinates>
            37.990894,31.312816,0
          </coordinates>
        </Point>
      </Placemark>
      <Placemark>
        <name>قلمة الطريفاوي</name>
        <styleUrl>#icon-1739-757575-labelson-nodesc</styleUrl>
        <Point>
          <coordinates>
            39.204605,31.499949,0
          </coordinates>
        </Point>
      </Placemark>
      <Placemark>
        <name>قلمة الطريفاوي</name>
        <styleUrl>#icon-1739-757575-labelson-nodesc</styleUrl>
        <Point>
          <coordinates>
            39.341676,31.833336,0
          </coordinates>
        </Point>
      </Placemark>
      <Placemark>
        <name>قلمة المالحه</name>
        <styleUrl>#icon-1739-757575-labelson-nodesc</styleUrl>
        <Point>
          <coordinates>
            45.393212,28.236623,0
          </coordinates>
        </Point>
      </Placemark>
      <Placemark>
        <name>قلمة فاخره</name>
        <styleUrl>#icon-1739-757575-labelson-nodesc</styleUrl>
        <Point>
          <coordinates>
            44.209285,29.165204,0
          </coordinates>
        </Point>
      </Placemark>
      <Placemark>
        <name>قلمة ممدوح</name>
        <styleUrl>#icon-1739-757575-labelson-nodesc</styleUrl>
        <Point>
          <coordinates>
            44.492826,28.605652,0
          </coordinates>
        </Point>
      </Placemark>
      <Placemark>
        <name>قور الارانب</name>
        <styleUrl>#icon-1739-757575-labelson-nodesc</styleUrl>
        <Point>
          <coordinates>
            41.937454,30.323746,0
          </coordinates>
        </Point>
      </Placemark>
      <Placemark>
        <name>قور الخويمة</name>
        <styleUrl>#icon-1739-757575-labelson-nodesc</styleUrl>
        <Point>
          <coordinates>
            43.096447,30.228796,0
          </coordinates>
        </Point>
      </Placemark>
      <Placemark>
        <name>قور العليمة</name>
        <styleUrl>#icon-1739-757575-labelson-nodesc</styleUrl>
        <Point>
          <coordinates>
            41.826625,29.614334,0
          </coordinates>
        </Point>
      </Placemark>
      <Placemark>
        <name>قور القنينه</name>
        <styleUrl>#icon-1739-757575-labelson-nodesc</styleUrl>
        <Point>
          <coordinates>
            44.861619,29.094994,0
          </coordinates>
        </Point>
      </Placemark>
      <Placemark>
        <name>قور النصال</name>
        <styleUrl>#icon-1739-757575-labelson-nodesc</styleUrl>
        <Point>
          <coordinates>
            44.85426,27.642803,0
          </coordinates>
        </Point>
      </Placemark>
      <Placemark>
        <name>قور الهمل</name>
        <styleUrl>#icon-1739-757575-labelson-nodesc</styleUrl>
        <Point>
          <coordinates>
            43.21837,29.114006,0
          </coordinates>
        </Point>
      </Placemark>
      <Placemark>
        <name>قور الوشاح</name>
        <styleUrl>#icon-1739-757575-labelson-nodesc</styleUrl>
        <Point>
          <coordinates>
            45.416665,29.099929,0
          </coordinates>
        </Point>
      </Placemark>
      <Placemark>
        <name>قور ام الكتبان</name>
        <styleUrl>#icon-1739-757575-labelson-nodesc</styleUrl>
        <Point>
          <coordinates>
            42.727053,29.69538,0
          </coordinates>
        </Point>
      </Placemark>
      <Placemark>
        <name>قور خويمات</name>
        <styleUrl>#icon-1739-757575-labelson-nodesc</styleUrl>
        <Point>
          <coordinates>
            41.68936,31.091094,0
          </coordinates>
        </Point>
      </Placemark>
      <Placemark>
        <name>قور سماح</name>
        <styleUrl>#icon-1739-757575-labelson-nodesc</styleUrl>
        <Point>
          <coordinates>
            45.500736,28.932838,0
          </coordinates>
        </Point>
      </Placemark>
      <Placemark>
        <name>قور طيارات</name>
        <styleUrl>#icon-1739-757575-labelson-nodesc</styleUrl>
        <Point>
          <coordinates>
            44.267242,28.725708,0
          </coordinates>
        </Point>
      </Placemark>
      <Placemark>
        <name>قور معطان</name>
        <styleUrl>#icon-1739-757575-labelson-nodesc</styleUrl>
        <Point>
          <coordinates>
            41.663375,30.938852,0
          </coordinates>
        </Point>
      </Placemark>
      <Placemark>
        <name>قويرات المحاني</name>
        <styleUrl>#icon-1739-757575-labelson-nodesc</styleUrl>
        <Point>
          <coordinates>
            45.450783,28.866062,0
          </coordinates>
        </Point>
      </Placemark>
      <Placemark>
        <name>كتيفا الخور</name>
        <styleUrl>#icon-1739-757575-labelson-nodesc</styleUrl>
        <Point>
          <coordinates>
            39.259901,31.275415,0
          </coordinates>
        </Point>
      </Placemark>
      <Placemark>
        <name>كريم</name>
        <styleUrl>#icon-1739-757575-labelson-nodesc</styleUrl>
        <Point>
          <coordinates>
            45.037658,28.607068,0
          </coordinates>
        </Point>
      </Placemark>
      <Placemark>
        <name>كسر التمياط</name>
        <styleUrl>#icon-1739-757575-labelson-nodesc</styleUrl>
        <Point>
          <coordinates>
            42.398987,30.488606,0
          </coordinates>
        </Point>
      </Placemark>
      <Placemark>
        <name>كسر العواذر</name>
        <styleUrl>#icon-1739-757575-labelson-nodesc</styleUrl>
        <Point>
          <coordinates>
            42.556915,29.326973,0
          </coordinates>
        </Point>
      </Placemark>
      <Placemark>
        <name>لقف</name>
        <styleUrl>#icon-1739-757575-labelson-nodesc</styleUrl>
        <Point>
          <coordinates>
            43.664818,28.680496,0
          </coordinates>
        </Point>
      </Placemark>
      <Placemark>
        <name>ليل</name>
        <styleUrl>#icon-1739-757575-labelson-nodesc</styleUrl>
        <Point>
          <coordinates>
            41.101098,31.328394,0
          </coordinates>
        </Point>
      </Placemark>
      <Placemark>
        <name>م. سلطان جنوب شرق</name>
        <styleUrl>#icon-1739-757575-labelson-nodesc</styleUrl>
        <Point>
          <coordinates>
            45.179858,27.874439,0
          </coordinates>
        </Point>
      </Placemark>
      <Placemark>
        <name>م. سلطان شمال شرق</name>
        <styleUrl>#icon-1739-757575-labelson-nodesc</styleUrl>
        <Point>
          <coordinates>
            45.167842,28.43399,0
          </coordinates>
        </Point>
      </Placemark>
      <Placemark>
        <name>م. سلطان شمال غرب</name>
        <styleUrl>#icon-1739-757575-labelson-nodesc</styleUrl>
        <Point>
          <coordinates>
            44.703541,28.618591,0
          </coordinates>
        </Point>
      </Placemark>
      <Placemark>
        <name>م.سلطان جنوب غرب</name>
        <styleUrl>#icon-1739-757575-labelson-nodesc</styleUrl>
        <Point>
          <coordinates>
            44.615951,28.088651,0
          </coordinates>
        </Point>
      </Placemark>
      <Placemark>
        <name>متينات المديد</name>
        <styleUrl>#icon-1739-757575-labelson-nodesc</styleUrl>
        <Point>
          <coordinates>
            44.350541,28.299966,0
          </coordinates>
        </Point>
      </Placemark>
      <Placemark>
        <name>مجيلس البحيرات</name>
        <styleUrl>#icon-1739-757575-labelson-nodesc</styleUrl>
        <Point>
          <coordinates>
            40.0336,31.696737,0
          </coordinates>
        </Point>
      </Placemark>
      <Placemark>
        <name>مجيلس المراء</name>
        <styleUrl>#icon-1739-757575-labelson-nodesc</styleUrl>
        <Point>
          <coordinates>
            39.97736,31.409268,0
          </coordinates>
        </Point>
      </Placemark>
      <Placemark>
        <name>مجيلس منقولة</name>
        <styleUrl>#icon-1739-757575-labelson-nodesc</styleUrl>
        <Point>
          <coordinates>
            39.964871,31.590092,0
          </coordinates>
        </Point>
      </Placemark>
      <Placemark>
        <name>محافير البريكات</name>
        <styleUrl>#icon-1739-757575-labelson-nodesc</styleUrl>
        <Point>
          <coordinates>
            39.994547,31.529839,0
          </coordinates>
        </Point>
      </Placemark>
      <Placemark>
        <name>محافير البويهي</name>
        <styleUrl>#icon-1739-757575-labelson-nodesc</styleUrl>
        <Point>
          <coordinates>
            39.503982,31.095235,0
          </coordinates>
        </Point>
      </Placemark>
      <Placemark>
        <name>محافير الصدى</name>
        <styleUrl>#icon-1739-757575-labelson-nodesc</styleUrl>
        <Point>
          <coordinates>
            39.306335,31.461325,0
          </coordinates>
        </Point>
      </Placemark>
      <Placemark>
        <name>محافير القعساء</name>
        <styleUrl>#icon-1739-757575-labelson-nodesc</styleUrl>
        <Point>
          <coordinates>
            39.489605,31.36749,0
          </coordinates>
        </Point>
      </Placemark>
      <Placemark>
        <name>محافير المراء</name>
        <styleUrl>#icon-1739-757575-labelson-nodesc</styleUrl>
        <Point>
          <coordinates>
            40.144429,31.636312,0
          </coordinates>
        </Point>
      </Placemark>
      <Placemark>
        <name>محمية  مسيج</name>
        <styleUrl>#icon-1739-757575-labelson-nodesc</styleUrl>
        <Point>
          <coordinates>
            41.109145,31.146519,0
          </coordinates>
        </Point>
      </Placemark>
      <Placemark>
        <name>محمية الحرة</name>
        <styleUrl>#icon-1739-757575-labelson-nodesc</styleUrl>
        <Point>
          <coordinates>
            39.008954,30.94677,0
          </coordinates>
        </Point>
      </Placemark>
      <Placemark>
        <name>محمية عذفاء</name>
        <styleUrl>#icon-1739-757575-labelson-nodesc</styleUrl>
        <Point>
          <coordinates>
            41.535273,29.170675,0
          </coordinates>
        </Point>
      </Placemark>
      <Placemark>
        <name>محمية مسيج</name>
        <styleUrl>#icon-1739-757575-labelson-nodesc</styleUrl>
        <Point>
          <coordinates>
            41.002865,30.877161,0
          </coordinates>
        </Point>
      </Placemark>
      <Placemark>
        <name>مدحلة</name>
        <styleUrl>#icon-1739-757575-labelson-nodesc</styleUrl>
        <Point>
          <coordinates>
            39.927835,31.806622,0
          </coordinates>
        </Point>
      </Placemark>
      <Placemark>
        <name>مدرة سنار</name>
        <styleUrl>#icon-1739-757575-labelson-nodesc</styleUrl>
        <Point>
          <coordinates>
            41.784332,29.680724,0
          </coordinates>
        </Point>
      </Placemark>
      <Placemark>
        <name>مزارع</name>
        <styleUrl>#icon-1739-757575-labelson-nodesc</styleUrl>
        <Point>
          <coordinates>
            43.973894,29.314699,0
          </coordinates>
        </Point>
      </Placemark>
      <Placemark>
        <name>مزارع الامير</name>
        <styleUrl>#icon-1739-757575-labelson-nodesc</styleUrl>
        <Point>
          <coordinates>
            41.47738,30.735734,0
          </coordinates>
        </Point>
      </Placemark>
      <Placemark>
        <name>مزارع الجبرين</name>
        <styleUrl>#icon-1739-757575-labelson-nodesc</styleUrl>
        <Point>
          <coordinates>
            44.024963,29.281461,0
          </coordinates>
        </Point>
      </Placemark>
      <Placemark>
        <name>مشاش المحوى</name>
        <styleUrl>#icon-1739-757575-labelson-nodesc</styleUrl>
        <Point>
          <coordinates>
            44.097705,28.482013,0
          </coordinates>
        </Point>
      </Placemark>
      <Placemark>
        <name>مشاش ام عبيد</name>
        <styleUrl>#icon-1739-757575-labelson-nodesc</styleUrl>
        <Point>
          <coordinates>
            45.491059,29.130571,0
          </coordinates>
        </Point>
      </Placemark>
      <Placemark>
        <name>مصمد الحلمي</name>
        <styleUrl>#icon-1739-757575-labelson-nodesc</styleUrl>
        <Point>
          <coordinates>
            41.886063,29.59631,0
          </coordinates>
        </Point>
      </Placemark>
      <Placemark>
        <name>مصمد المنصرمة</name>
        <styleUrl>#icon-1739-757575-labelson-nodesc</styleUrl>
        <Point>
          <coordinates>
            41.752338,29.13969,0
          </coordinates>
        </Point>
      </Placemark>
      <Placemark>
        <name>مصنع اسمنت حائل</name>
        <styleUrl>#icon-1739-757575-labelson-nodesc</styleUrl>
        <Point>
          <coordinates>
            43.198435,28.273702,0
          </coordinates>
        </Point>
      </Placemark>
      <Placemark>
        <name>مطار عرعر</name>
        <styleUrl>#icon-1739-757575-labelson-nodesc</styleUrl>
        <Point>
          <coordinates>
            41.136332,30.90291,0
          </coordinates>
        </Point>
      </Placemark>
      <Placemark>
        <name>مطق سمير</name>
        <styleUrl>#icon-1739-757575-labelson-nodesc</styleUrl>
        <Point>
          <coordinates>
            42.281356,29.538395,0
          </coordinates>
        </Point>
      </Placemark>
      <Placemark>
        <name>مظلة</name>
        <styleUrl>#icon-1739-757575-labelson-nodesc</styleUrl>
        <Point>
          <coordinates>
            40.082889,31.85312,0
          </coordinates>
        </Point>
      </Placemark>
      <Placemark>
        <name>مظله</name>
        <styleUrl>#icon-1739-757575-labelson-nodesc</styleUrl>
        <Point>
          <coordinates>
            39.986436,31.832585,0
          </coordinates>
        </Point>
      </Placemark>
      <Placemark>
        <name>مفارش ناظرة الشرقي</name>
        <styleUrl>#icon-1739-757575-labelson-nodesc</styleUrl>
        <Point>
          <coordinates>
            43.224893,29.520607,0
          </coordinates>
        </Point>
      </Placemark>
      <Placemark>
        <name>مفرش روثية مشعان</name>
        <styleUrl>#icon-1739-757575-labelson-nodesc</styleUrl>
        <Point>
          <coordinates>
            41.176479,31.080022,0
          </coordinates>
        </Point>
      </Placemark>
      <Placemark>
        <name>مفرش عاذر</name>
        <styleUrl>#icon-1739-757575-labelson-nodesc</styleUrl>
        <Point>
          <coordinates>
            43.265877,28.938932,0
          </coordinates>
        </Point>
      </Placemark>
      <Placemark>
        <name>مقر المسيكين</name>
        <styleUrl>#icon-1739-757575-labelson-nodesc</styleUrl>
        <Point>
          <coordinates>
            41.796455,29.785309,0
          </coordinates>
        </Point>
      </Placemark>
      <Placemark>
        <name>مقطع النفود</name>
        <styleUrl>#icon-1739-757575-labelson-nodesc</styleUrl>
        <Point>
          <coordinates>
            44.756584,27.779102,0
          </coordinates>
        </Point>
      </Placemark>
      <Placemark>
        <name>مقناص</name>
        <styleUrl>#icon-1739-757575-labelson-nodesc</styleUrl>
        <Point>
          <coordinates>
            41.807957,29.102783,0
          </coordinates>
        </Point>
      </Placemark>
      <Placemark>
        <name>مقناص</name>
        <styleUrl>#icon-1739-757575-labelson-nodesc</styleUrl>
        <Point>
          <coordinates>
            42.193358,29.533675,0
          </coordinates>
        </Point>
      </Placemark>
      <Placemark>
        <name>مقناص</name>
        <styleUrl>#icon-1739-757575-labelson-nodesc</styleUrl>
        <Point>
          <coordinates>
            42.338562,29.024506,0
          </coordinates>
        </Point>
      </Placemark>
      <Placemark>
        <name>مقناص</name>
        <styleUrl>#icon-1739-757575-labelson-nodesc</styleUrl>
        <Point>
          <coordinates>
            42.683344,29.016695,0
          </coordinates>
        </Point>
      </Placemark>
      <Placemark>
        <name>مقناص</name>
        <styleUrl>#icon-1739-757575-labelson-nodesc</styleUrl>
        <Point>
          <coordinates>
            42.588158,28.841858,0
          </coordinates>
        </Point>
      </Placemark>
      <Placemark>
        <name>مقناص</name>
        <styleUrl>#icon-1739-757575-labelson-nodesc</styleUrl>
        <Point>
          <coordinates>
            43.061171,28.668222,0
          </coordinates>
        </Point>
      </Placemark>
      <Placemark>
        <name>مقناص</name>
        <styleUrl>#icon-1739-757575-labelson-nodesc</styleUrl>
        <Point>
          <coordinates>
            42.786856,28.921423,0
          </coordinates>
        </Point>
      </Placemark>
      <Placemark>
        <name>مقناص</name>
        <styleUrl>#icon-1739-757575-labelson-nodesc</styleUrl>
        <Point>
          <coordinates>
            43.174896,28.958673,0
          </coordinates>
        </Point>
      </Placemark>
      <Placemark>
        <name>مقناص</name>
        <styleUrl>#icon-1739-757575-labelson-nodesc</styleUrl>
        <Point>
          <coordinates>
            43.43256,28.469439,0
          </coordinates>
        </Point>
      </Placemark>
      <Placemark>
        <name>مقناص</name>
        <styleUrl>#icon-1739-757575-labelson-nodesc</styleUrl>
        <Point>
          <coordinates>
            43.638811,28.516903,0
          </coordinates>
        </Point>
      </Placemark>
      <Placemark>
        <name>مقناص</name>
        <styleUrl>#icon-1739-757575-labelson-nodesc</styleUrl>
        <Point>
          <coordinates>
            43.85004,28.533297,0
          </coordinates>
        </Point>
      </Placemark>
      <Placemark>
        <name>مقناص الخطوط</name>
        <styleUrl>#icon-1739-757575-labelson-nodesc</styleUrl>
        <Point>
          <coordinates>
            45.046241,27.802083,0
          </coordinates>
        </Point>
      </Placemark>
      <Placemark>
        <name>مقناص سدره</name>
        <styleUrl>#icon-1739-757575-labelson-nodesc</styleUrl>
        <Point>
          <coordinates>
            44.650755,27.794552,0
          </coordinates>
        </Point>
      </Placemark>
      <Placemark>
        <name>مقناص سواد ورطى</name>
        <styleUrl>#icon-1739-757575-labelson-nodesc</styleUrl>
        <Point>
          <coordinates>
            44.706631,27.798157,0
          </coordinates>
        </Point>
      </Placemark>
      <Placemark>
        <name>مقناص عاذر</name>
        <styleUrl>#icon-1739-757575-labelson-nodesc</styleUrl>
        <Point>
          <coordinates>
            42.544727,28.974295,0
          </coordinates>
        </Point>
      </Placemark>
      <Placemark>
        <name>مقناص نبوت</name>
        <styleUrl>#icon-1739-757575-labelson-nodesc</styleUrl>
        <Point>
          <coordinates>
            44.676247,27.845364,0
          </coordinates>
        </Point>
      </Placemark>
      <Placemark>
        <name>مقناص نبوت</name>
        <styleUrl>#icon-1739-757575-labelson-nodesc</styleUrl>
        <Point>
          <coordinates>
            44.714184,27.756615,0
          </coordinates>
        </Point>
      </Placemark>
      <Placemark>
        <name>مكمن الخلاة</name>
        <styleUrl>#icon-1739-757575-labelson-nodesc</styleUrl>
        <Point>
          <coordinates>
            38.091059,31.53589,0
          </coordinates>
        </Point>
      </Placemark>
      <Placemark>
        <name>مكمن عذيفاء</name>
        <styleUrl>#icon-1739-757575-labelson-nodesc</styleUrl>
        <Point>
          <coordinates>
            41.615009,29.178314,0
          </coordinates>
        </Point>
      </Placemark>
      <Placemark>
        <name>مكيمن خويمة</name>
        <styleUrl>#icon-1739-757575-labelson-nodesc</styleUrl>
        <Point>
          <coordinates>
            41.801262,31.187439,0
          </coordinates>
        </Point>
      </Placemark>
      <Placemark>
        <name>مكينة الهوة</name>
        <styleUrl>#icon-1739-757575-labelson-nodesc</styleUrl>
        <Point>
          <coordinates>
            39.498081,31.986523,0
          </coordinates>
        </Point>
      </Placemark>
      <Placemark>
        <name>منشبية ام سعيره</name>
        <styleUrl>#icon-1739-757575-labelson-nodesc</styleUrl>
        <Point>
          <coordinates>
            43.633339,29.399951,0
          </coordinates>
        </Point>
      </Placemark>
      <Placemark>
        <name>ناظرة ام غار</name>
        <styleUrl>#icon-1739-757575-labelson-nodesc</styleUrl>
        <Point>
          <coordinates>
            43.151357,29.440205,0
          </coordinates>
        </Point>
      </Placemark>
      <Placemark>
        <name>ندفا ام برميل</name>
        <styleUrl>#icon-1739-757575-labelson-nodesc</styleUrl>
        <Point>
          <coordinates>
            39.738514,31.107016,0
          </coordinates>
        </Point>
      </Placemark>
      <Placemark>
        <name>نقذة الحمره</name>
        <styleUrl>#icon-1739-757575-labelson-nodesc</styleUrl>
        <Point>
          <coordinates>
            43.4149,29.74926,0
          </coordinates>
        </Point>
      </Placemark>
      <Placemark>
        <name>نقرة الدويرة</name>
        <styleUrl>#icon-1739-757575-labelson-nodesc</styleUrl>
        <Point>
          <coordinates>
            42.804,29.293756,0
          </coordinates>
        </Point>
      </Placemark>
      <Placemark>
        <name>نقرة الوجاج</name>
        <styleUrl>#icon-1739-757575-labelson-nodesc</styleUrl>
        <Point>
          <coordinates>
            43.896132,28.649104,0
          </coordinates>
        </Point>
      </Placemark>
      <Placemark>
        <name>نقرة ام اذن</name>
        <styleUrl>#icon-1739-757575-labelson-nodesc</styleUrl>
        <Point>
          <coordinates>
            43.57697,28.612862,0
          </coordinates>
        </Point>
      </Placemark>
      <Placemark>
        <name>نقرة ام مقناة</name>
        <styleUrl>#icon-1739-757575-labelson-nodesc</styleUrl>
        <Point>
          <coordinates>
            42.751751,29.37079,0
          </coordinates>
        </Point>
      </Placemark>
      <Placemark>
        <name>نقع الكلب</name>
        <styleUrl>#icon-1739-757575-labelson-nodesc</styleUrl>
        <Point>
          <coordinates>
            42.296097,30.18455,0
          </coordinates>
        </Point>
      </Placemark>
      <Placemark>
        <name>نقيرات الرعيان</name>
        <styleUrl>#icon-1739-757575-labelson-nodesc</styleUrl>
        <Point>
          <coordinates>
            42.271228,29.477177,0
          </coordinates>
        </Point>
      </Placemark>
      <Placemark>
        <name>هداليل الغرابيات</name>
        <styleUrl>#icon-1739-757575-labelson-nodesc</styleUrl>
        <Point>
          <coordinates>
            44.00003,29.049869,0
          </coordinates>
        </Point>
      </Placemark>
      <Placemark>
        <name>هذلول اعيوج</name>
        <styleUrl>#icon-1739-757575-labelson-nodesc</styleUrl>
        <Point>
          <coordinates>
            44.133368,28.899837,0
          </coordinates>
        </Point>
      </Placemark>
      <Placemark>
        <name>هذلول الحدقه</name>
        <styleUrl>#icon-1739-757575-labelson-nodesc</styleUrl>
        <Point>
          <coordinates>
            44.500079,28.51656,0
          </coordinates>
        </Point>
      </Placemark>
      <Placemark>
        <name>هذلول القراين</name>
        <styleUrl>#icon-1739-757575-labelson-nodesc</styleUrl>
        <Point>
          <coordinates>
            44.383306,28.699937,0
          </coordinates>
        </Point>
      </Placemark>
      <Placemark>
        <name>هذلول المغطي</name>
        <styleUrl>#icon-1739-757575-labelson-nodesc</styleUrl>
        <Point>
          <coordinates>
            44.526451,28.47049,0
          </coordinates>
        </Point>
      </Placemark>
      <Placemark>
        <name>هذلول مطربه</name>
        <styleUrl>#icon-1739-757575-labelson-nodesc</styleUrl>
        <Point>
          <coordinates>
            44.25014,28.916531,0
          </coordinates>
        </Point>
      </Placemark>
      <Placemark>
        <name>هشم عريفج</name>
        <styleUrl>#icon-1739-757575-labelson-nodesc</styleUrl>
        <Point>
          <coordinates>
            44.544153,28.981011,0
          </coordinates>
        </Point>
      </Placemark>
      <Placemark>
        <name>هشم قمران</name>
        <styleUrl>#icon-1739-757575-labelson-nodesc</styleUrl>
        <Point>
          <coordinates>
            43.963294,29.584723,0
          </coordinates>
        </Point>
      </Placemark>
      <Placemark>
        <name>هشم هباس</name>
        <styleUrl>#icon-1739-757575-labelson-nodesc</styleUrl>
        <Point>
          <coordinates>
            44.315457,29.261613,0
          </coordinates>
        </Point>
      </Placemark>
      <Placemark>
        <name>هشوم الضبعه</name>
        <styleUrl>#icon-1739-757575-labelson-nodesc</styleUrl>
        <Point>
          <coordinates>
            43.83502,29.646778,0
          </coordinates>
        </Point>
      </Placemark>
      <Placemark>
        <name>عطفة غنام الزبدة</name>
        <styleUrl>#icon-1739-757575-labelson-nodesc</styleUrl>
        <Point>
          <coordinates>
            43.9299298,28.99167,0
          </coordinates>
        </Point>
      </Placemark>
      <Placemark>
        <name>ظهرة النفخى</name>
        <styleUrl>#icon-1739-757575-labelson-nodesc</styleUrl>
        <Point>
          <coordinates>
            43.839691,29.218169,0
          </coordinates>
        </Point>
      </Placemark>
    </Folder>
    <Folder>
      <name>أسماء رئيسة</name>
      <Placemark>
        <name>أبن سعيد</name>
        <styleUrl>#icon-1739-DB4436-labelson-nodesc</styleUrl>
        <Point>
          <coordinates>
            40.785842,31.063178,0
          </coordinates>
        </Point>
      </Placemark>
      <Placemark>
        <name>أبو صور</name>
        <styleUrl>#icon-1739-DB4436-labelson-nodesc</styleUrl>
        <Point>
          <coordinates>
            44.41751,29.031222,0
          </coordinates>
        </Point>
      </Placemark>
      <Placemark>
        <name>أم الضيان</name>
        <styleUrl>#icon-1739-DB4436-labelson-nodesc</styleUrl>
        <Point>
          <coordinates>
            41.976292,30.947542,0
          </coordinates>
        </Point>
      </Placemark>
      <Placemark>
        <name>ابن بكر</name>
        <styleUrl>#icon-1739-DB4436-labelson-nodesc</styleUrl>
        <Point>
          <coordinates>
            40.646024,31.210291,0
          </coordinates>
        </Point>
      </Placemark>
      <Placemark>
        <name>ابن عايش</name>
        <styleUrl>#icon-1739-DB4436-labelson-nodesc</styleUrl>
        <Point>
          <coordinates>
            42.351437,30.307438,0
          </coordinates>
        </Point>
      </Placemark>
      <Placemark>
        <name>ابن لغيصم</name>
        <styleUrl>#icon-1739-DB4436-labelson-nodesc</styleUrl>
        <Point>
          <coordinates>
            45.236678,28.23673,0
          </coordinates>
        </Point>
      </Placemark>
      <Placemark>
        <name>اعيوج لينة</name>
        <styleUrl>#icon-1739-DB4436-labelson-nodesc</styleUrl>
        <Point>
          <coordinates>
            44.03698,28.817267,0
          </coordinates>
        </Point>
      </Placemark>
      <Placemark>
        <name>الادية</name>
        <styleUrl>#icon-1739-DB4436-labelson-nodesc</styleUrl>
        <Point>
          <coordinates>
            42.203014,29.279766,0
          </coordinates>
        </Point>
      </Placemark>
      <Placemark>
        <name>البرازية</name>
        <styleUrl>#icon-1739-DB4436-labelson-nodesc</styleUrl>
        <Point>
          <coordinates>
            45.121257,28.811817,0
          </coordinates>
        </Point>
      </Placemark>
      <Placemark>
        <name>الجبيلي</name>
        <styleUrl>#icon-1739-DB4436-labelson-nodesc</styleUrl>
        <Point>
          <coordinates>
            41.613851,29.18222,0
          </coordinates>
        </Point>
      </Placemark>
      <Placemark>
        <name>الحدق</name>
        <styleUrl>#icon-1739-DB4436-labelson-nodesc</styleUrl>
        <Point>
          <coordinates>
            43.352931,29.23301,0
          </coordinates>
        </Point>
      </Placemark>
      <Placemark>
        <name>الحدقة</name>
        <styleUrl>#icon-1739-DB4436-labelson-nodesc</styleUrl>
        <Point>
          <coordinates>
            44.330478,28.452187,0
          </coordinates>
        </Point>
      </Placemark>
      <Placemark>
        <name>الحماد</name>
        <styleUrl>#icon-1739-DB4436-labelson-nodesc</styleUrl>
        <Point>
          <coordinates>
            37.987225,31.425362,0
          </coordinates>
        </Point>
      </Placemark>
      <Placemark>
        <name>الحيانيه</name>
        <styleUrl>#icon-1739-DB4436-labelson-nodesc</styleUrl>
        <Point>
          <coordinates>
            39.818745,31.357899,0
          </coordinates>
        </Point>
      </Placemark>
      <Placemark>
        <name>الخشيبي</name>
        <styleUrl>#icon-1739-DB4436-labelson-nodesc</styleUrl>
        <Point>
          <coordinates>
            44.040413,29.299228,0
          </coordinates>
        </Point>
      </Placemark>
      <Placemark>
        <name>الدخول</name>
        <styleUrl>#icon-1739-DB4436-labelson-nodesc</styleUrl>
        <Point>
          <coordinates>
            44.412918,27.891369,0
          </coordinates>
        </Point>
      </Placemark>
      <Placemark>
        <name>الدويد</name>
        <styleUrl>#icon-1739-DB4436-labelson-nodesc</styleUrl>
        <Point>
          <coordinates>
            42.295089,30.230448,0
          </coordinates>
        </Point>
      </Placemark>
      <Placemark>
        <name>الديدب</name>
        <styleUrl>#icon-1739-DB4436-labelson-nodesc</styleUrl>
        <Point>
          <coordinates>
            41.274519,30.830641,0
          </coordinates>
        </Point>
      </Placemark>
      <Placemark>
        <name>السليمانية</name>
        <styleUrl>#icon-1739-DB4436-labelson-nodesc</styleUrl>
        <Point>
          <coordinates>
            41.149185,30.559351,0
          </coordinates>
        </Point>
      </Placemark>
      <Placemark>
        <name>الشريفات</name>
        <styleUrl>#icon-1739-DB4436-labelson-nodesc</styleUrl>
        <Point>
          <coordinates>
            43.342888,29.729927,0
          </coordinates>
        </Point>
      </Placemark>
      <Placemark>
        <name>العجرمية</name>
        <styleUrl>#icon-1739-DB4436-labelson-nodesc</styleUrl>
        <Point>
          <coordinates>
            43.081105,29.954588,0
          </coordinates>
        </Point>
      </Placemark>
      <Placemark>
        <name>القصورية</name>
        <styleUrl>#icon-1739-DB4436-labelson-nodesc</styleUrl>
        <Point>
          <coordinates>
            44.399185,29.042079,0
          </coordinates>
        </Point>
      </Placemark>
      <Placemark>
        <name>اللميماء</name>
        <styleUrl>#icon-1739-DB4436-labelson-nodesc</styleUrl>
        <Point>
          <coordinates>
            42.493637,30.554416,0
          </coordinates>
        </Point>
      </Placemark>
      <Placemark>
        <name>المصندق</name>
        <styleUrl>#icon-1739-DB4436-labelson-nodesc</styleUrl>
        <Point>
          <coordinates>
            43.846092,29.30824,0
          </coordinates>
        </Point>
      </Placemark>
      <Placemark>
        <name>الهبكة و الهبيكة</name>
        <styleUrl>#icon-1739-DB4436-labelson-nodesc</styleUrl>
        <Point>
          <coordinates>
            42.293565,29.832001,0
          </coordinates>
        </Point>
      </Placemark>
      <Placemark>
        <name>ام رضمة</name>
        <styleUrl>#icon-1739-DB4436-labelson-nodesc</styleUrl>
        <Point>
          <coordinates>
            44.69691,28.680539,0
          </coordinates>
        </Point>
      </Placemark>
      <Placemark>
        <name>ام عشر</name>
        <styleUrl>#icon-1739-DB4436-labelson-nodesc</styleUrl>
        <Point>
          <coordinates>
            45.06727,27.72033,0
          </coordinates>
        </Point>
      </Placemark>
      <Placemark>
        <name>رغوة</name>
        <styleUrl>#icon-1739-DB4436-labelson-nodesc</styleUrl>
        <Point>
          <coordinates>
            44.051721,28.609858,0
          </coordinates>
        </Point>
      </Placemark>
      <Placemark>
        <name>رفحاء</name>
        <styleUrl>#icon-1739-DB4436-labelson-nodesc</styleUrl>
        <Point>
          <coordinates>
            43.534827,29.613347,0
          </coordinates>
        </Point>
      </Placemark>
      <Placemark>
        <name>روضة ابن هباس</name>
        <styleUrl>#icon-1739-DB4436-labelson-nodesc</styleUrl>
        <Point>
          <coordinates>
            44.312797,29.149389,0
          </coordinates>
        </Point>
      </Placemark>
      <Placemark>
        <name>زبالا</name>
        <styleUrl>#icon-1739-DB4436-labelson-nodesc</styleUrl>
        <Point>
          <coordinates>
            43.556113,29.391496,0
          </coordinates>
        </Point>
      </Placemark>
      <Placemark>
        <name>زهوة</name>
        <styleUrl>#icon-1739-DB4436-labelson-nodesc</styleUrl>
        <Point>
          <coordinates>
            42.100532,29.687827,0
          </coordinates>
        </Point>
      </Placemark>
      <Placemark>
        <name>سامودة</name>
        <styleUrl>#icon-1739-DB4436-labelson-nodesc</styleUrl>
        <Point>
          <coordinates>
            44.894643,27.859097,0
          </coordinates>
        </Point>
      </Placemark>
      <Placemark>
        <name>شركة الفوسفات</name>
        <styleUrl>#icon-1739-DB4436-labelson-nodesc</styleUrl>
        <Point>
          <coordinates>
            39.472439,31.645861,0
          </coordinates>
        </Point>
      </Placemark>
      <Placemark>
        <name>شعبة نصاب</name>
        <styleUrl>#icon-1739-DB4436-labelson-nodesc</styleUrl>
        <Point>
          <coordinates>
            44.740534,28.889022,0
          </coordinates>
        </Point>
      </Placemark>
      <Placemark>
        <name>طريف</name>
        <styleUrl>#icon-1739-DB4436-labelson-nodesc</styleUrl>
        <Point>
          <coordinates>
            38.670094,31.681824,0
          </coordinates>
        </Point>
      </Placemark>
      <Placemark>
        <name>عرعر</name>
        <styleUrl>#icon-1739-DB4436-labelson-nodesc</styleUrl>
        <Point>
          <coordinates>
            41.015117,30.96576,0
          </coordinates>
        </Point>
      </Placemark>
      <Placemark>
        <name>قرية التمياط</name>
        <styleUrl>#icon-1739-DB4436-labelson-nodesc</styleUrl>
        <Point>
          <coordinates>
            43.137152,29.852965,0
          </coordinates>
        </Point>
      </Placemark>
      <Placemark>
        <name>قرية الجلاميد</name>
        <styleUrl>#icon-1739-DB4436-labelson-nodesc</styleUrl>
        <Point>
          <coordinates>
            40.104067,31.279321,0
          </coordinates>
        </Point>
      </Placemark>
      <Placemark>
        <name>قرية العويقيلة</name>
        <styleUrl>#icon-1739-DB4436-labelson-nodesc</styleUrl>
        <Point>
          <coordinates>
            42.233591,30.35486,0
          </coordinates>
        </Point>
      </Placemark>
      <Placemark>
        <name>قرية الكاسب</name>
        <styleUrl>#icon-1739-DB4436-labelson-nodesc</styleUrl>
        <Point>
          <coordinates>
            41.939578,30.497746,0
          </coordinates>
        </Point>
      </Placemark>
      <Placemark>
        <name>قرية المركوز</name>
        <styleUrl>#icon-1739-DB4436-labelson-nodesc</styleUrl>
        <Point>
          <coordinates>
            42.63279,30.13361,0
          </coordinates>
        </Point>
      </Placemark>
      <Placemark>
        <name>قيصومة فيحان</name>
        <styleUrl>#icon-1739-DB4436-labelson-nodesc</styleUrl>
        <Point>
          <coordinates>
            42.967765,29.1784,0
          </coordinates>
        </Point>
      </Placemark>
      <Placemark>
        <name>كمب ابن سمير - السلمانية</name>
        <styleUrl>#icon-1739-DB4436-labelson-nodesc</styleUrl>
        <Point>
          <coordinates>
            42.281592,29.540563,0
          </coordinates>
        </Point>
      </Placemark>
      <Placemark>
        <name>لوقة</name>
        <styleUrl>#icon-1739-DB4436-labelson-nodesc</styleUrl>
        <Point>
          <coordinates>
            42.743447,29.825563,0
          </coordinates>
        </Point>
      </Placemark>
      <Placemark>
        <name>لينة</name>
        <styleUrl>#icon-1739-DB4436-labelson-nodesc</styleUrl>
        <Point>
          <coordinates>
            43.732538,28.76225,0
          </coordinates>
        </Point>
      </Placemark>
      <Placemark>
        <name>مركز الابيض</name>
        <styleUrl>#icon-1739-DB4436-labelson-nodesc</styleUrl>
        <Point>
          <coordinates>
            40.819809,31.675408,0
          </coordinates>
        </Point>
      </Placemark>
      <Placemark>
        <name>مركز الامغر</name>
        <styleUrl>#icon-1739-DB4436-labelson-nodesc</styleUrl>
        <Point>
          <coordinates>
            42.214279,31.013031,0
          </coordinates>
        </Point>
      </Placemark>
      <Placemark>
        <name>مركز الباعجه</name>
        <styleUrl>#icon-1739-DB4436-labelson-nodesc</styleUrl>
        <Point>
          <coordinates>
            38.73127,31.90155,0
          </coordinates>
        </Point>
      </Placemark>
      <Placemark>
        <name>مركز البطن</name>
        <styleUrl>#icon-1739-DB4436-labelson-nodesc</styleUrl>
        <Point>
          <coordinates>
            43.74361,29.919419,0
          </coordinates>
        </Point>
      </Placemark>
      <Placemark>
        <name>مركز الجراني</name>
        <styleUrl>#icon-1739-DB4436-labelson-nodesc</styleUrl>
        <Point>
          <coordinates>
            38.264008,31.80439,0
          </coordinates>
        </Point>
      </Placemark>
      <Placemark>
        <name>مركز الخبراء</name>
        <styleUrl>#icon-1739-DB4436-labelson-nodesc</styleUrl>
        <Point>
          <coordinates>
            38.999062,31.972275,0
          </coordinates>
        </Point>
      </Placemark>
      <Placemark>
        <name>مركز الدبوسه</name>
        <styleUrl>#icon-1739-DB4436-labelson-nodesc</styleUrl>
        <Point>
          <coordinates>
            41.685562,31.265373,0
          </coordinates>
        </Point>
      </Placemark>
      <Placemark>
        <name>مركز الدميثه</name>
        <styleUrl>#icon-1739-DB4436-labelson-nodesc</styleUrl>
        <Point>
          <coordinates>
            38.537292,31.854858,0
          </coordinates>
        </Point>
      </Placemark>
      <Placemark>
        <name>مركز السيسبي</name>
        <styleUrl>#icon-1739-DB4436-labelson-nodesc</styleUrl>
        <Point>
          <coordinates>
            39.959915,32.018967,0
          </coordinates>
        </Point>
      </Placemark>
      <Placemark>
        <name>مركز الصحن</name>
        <styleUrl>#icon-1739-DB4436-labelson-nodesc</styleUrl>
        <Point>
          <coordinates>
            42.795181,30.599327,0
          </coordinates>
        </Point>
      </Placemark>
      <Placemark>
        <name>مركز الظهره</name>
        <styleUrl>#icon-1739-DB4436-labelson-nodesc</styleUrl>
        <Point>
          <coordinates>
            45.847664,29.105186,0
          </coordinates>
        </Point>
      </Placemark>
      <Placemark>
        <name>مركز الفيضه</name>
        <styleUrl>#icon-1739-DB4436-labelson-nodesc</styleUrl>
        <Point>
          <coordinates>
            41.939964,31.164436,0
          </coordinates>
        </Point>
      </Placemark>
      <Placemark>
        <name>مركز القرية</name>
        <styleUrl>#icon-1739-DB4436-labelson-nodesc</styleUrl>
        <Point>
          <coordinates>
            41.160986,31.512222,0
          </coordinates>
        </Point>
      </Placemark>
      <Placemark>
        <name>مركز الليفيه</name>
        <styleUrl>#icon-1739-DB4436-labelson-nodesc</styleUrl>
        <Point>
          <coordinates>
            43.137474,30.352135,0
          </coordinates>
        </Point>
      </Placemark>
      <Placemark>
        <name>مركز المحافير</name>
        <styleUrl>#icon-1739-DB4436-labelson-nodesc</styleUrl>
        <Point>
          <coordinates>
            42.544899,30.777855,0
          </coordinates>
        </Point>
      </Placemark>
      <Placemark>
        <name>مركز النظيم</name>
        <styleUrl>#icon-1739-DB4436-labelson-nodesc</styleUrl>
        <Point>
          <coordinates>
            44.035606,29.676819,0
          </coordinates>
        </Point>
      </Placemark>
      <Placemark>
        <name>مركز الهوة</name>
        <styleUrl>#icon-1739-DB4436-labelson-nodesc</styleUrl>
        <Point>
          <coordinates>
            39.580328,32.080185,0
          </coordinates>
        </Point>
      </Placemark>
      <Placemark>
        <name>مركز اليوبهي</name>
        <styleUrl>#icon-1739-DB4436-labelson-nodesc</styleUrl>
        <Point>
          <coordinates>
            43.437538,30.123138,0
          </coordinates>
        </Point>
      </Placemark>
      <Placemark>
        <name>مركز ام الحشو</name>
        <styleUrl>#icon-1739-DB4436-labelson-nodesc</styleUrl>
        <Point>
          <coordinates>
            40.651817,31.796837,0
          </coordinates>
        </Point>
      </Placemark>
      <Placemark>
        <name>مركز ام الحيران</name>
        <styleUrl>#icon-1739-DB4436-labelson-nodesc</styleUrl>
        <Point>
          <coordinates>
            45.146599,29.157372,0
          </coordinates>
        </Point>
      </Placemark>
      <Placemark>
        <name>مركز تبال</name>
        <styleUrl>#icon-1739-DB4436-labelson-nodesc</styleUrl>
        <Point>
          <coordinates>
            40.37585,31.9276,0
          </coordinates>
        </Point>
      </Placemark>
      <Placemark>
        <name>مركز جديدة عرعر</name>
        <styleUrl>#icon-1739-DB4436-labelson-nodesc</styleUrl>
        <Point>
          <coordinates>
            41.443391,31.323159,0
          </coordinates>
        </Point>
      </Placemark>
      <Placemark>
        <name>مركز خالد</name>
        <styleUrl>#icon-1739-DB4436-labelson-nodesc</styleUrl>
        <Point>
          <coordinates>
            46.057885,29.089394,0
          </coordinates>
        </Point>
      </Placemark>
      <Placemark>
        <name>مركز سماح</name>
        <styleUrl>#icon-1739-DB4436-labelson-nodesc</styleUrl>
        <Point>
          <coordinates>
            45.518074,29.134026,0
          </coordinates>
        </Point>
      </Placemark>
      <Placemark>
        <name>مركز عظامان</name>
        <styleUrl>#icon-1739-DB4436-labelson-nodesc</styleUrl>
        <Point>
          <coordinates>
            38.175774,31.664314,0
          </coordinates>
        </Point>
      </Placemark>
      <Placemark>
        <name>مركز عنازه</name>
        <styleUrl>#icon-1739-DB4436-labelson-nodesc</styleUrl>
        <Point>
          <coordinates>
            39.221535,32.112007,0
          </coordinates>
        </Point>
      </Placemark>
      <Placemark>
        <name>مركز محمية الحره</name>
        <styleUrl>#icon-1739-DB4436-labelson-nodesc</styleUrl>
        <Point>
          <coordinates>
            38.493047,30.953486,0
          </coordinates>
        </Point>
      </Placemark>
      <Placemark>
        <name>مركز نصاب</name>
        <styleUrl>#icon-1739-DB4436-labelson-nodesc</styleUrl>
        <Point>
          <coordinates>
            44.714828,29.193785,0
          </coordinates>
        </Point>
      </Placemark>
      <Placemark>
        <name>مركز نعيج</name>
        <styleUrl>#icon-1739-DB4436-labelson-nodesc</styleUrl>
        <Point>
          <coordinates>
            38.000679,31.642685,0
          </coordinates>
        </Point>
      </Placemark>
      <Placemark>
        <name>مركزالحمايه الرئيسي</name>
        <styleUrl>#icon-1739-DB4436-labelson-nodesc</styleUrl>
        <Point>
          <coordinates>
            39.259944,31.209218,0
          </coordinates>
        </Point>
      </Placemark>
      <Placemark>
        <name>نعيجان</name>
        <styleUrl>#icon-1739-DB4436-labelson-nodesc</styleUrl>
        <Point>
          <coordinates>
            42.104051,29.542515,0
          </coordinates>
        </Point>
      </Placemark>
      <Placemark>
        <name>هجرة ابن شريم</name>
        <styleUrl>#icon-1739-DB4436-labelson-nodesc</styleUrl>
        <Point>
          <coordinates>
            43.359582,29.943988,0
          </coordinates>
        </Point>
      </Placemark>
      <Placemark>
        <name>هجرة أم خنصر</name>
        <styleUrl>#icon-1739-DB4436-labelson-nodesc</styleUrl>
        <Point>
          <coordinates>
            41.594539,30.694964,0
          </coordinates>
        </Point>
      </Placemark>
      <Placemark>
        <name>هجرة ابن بشيت</name>
        <styleUrl>#icon-1739-DB4436-labelson-nodesc</styleUrl>
        <Point>
          <coordinates>
            44.48493,28.602304,0
          </coordinates>
        </Point>
      </Placemark>
      <Placemark>
        <name>هجرة ابن ثنيان</name>
        <styleUrl>#icon-1739-DB4436-labelson-nodesc</styleUrl>
        <Point>
          <coordinates>
            42.011869,30.461826,0
          </coordinates>
        </Point>
      </Placemark>
      <Placemark>
        <name>هجرة ابن سوقي</name>
        <styleUrl>#icon-1739-DB4436-labelson-nodesc</styleUrl>
        <Point>
          <coordinates>
            43.26519,29.764988,0
          </coordinates>
        </Point>
      </Placemark>
      <Placemark>
        <name>سنار</name>
        <styleUrl>#icon-1739-DB4436-labelson-nodesc</styleUrl>
        <Point>
          <coordinates>
            43.829677,28.708048,0
          </coordinates>
        </Point>
      </Placemark>
      <Placemark>
        <name>هجرة الجبهان- الجميمة</name>
        <styleUrl>#icon-1739-DB4436-labelson-nodesc</styleUrl>
        <Point>
          <coordinates>
            43.634884,29.567857,0
          </coordinates>
        </Point>
      </Placemark>
      <Placemark>
        <name>هجرة العجل</name>
        <styleUrl>#icon-1739-DB4436-labelson-nodesc</styleUrl>
        <Point>
          <coordinates>
            43.313427,29.717116,0
          </coordinates>
        </Point>
      </Placemark>
      <Placemark>
        <name>هجرة دغيليب</name>
        <styleUrl>#icon-1739-DB4436-labelson-nodesc</styleUrl>
        <Point>
          <coordinates>
            44.923181,28.804758,0
          </coordinates>
        </Point>
      </Placemark>
    </Folder>
  </Document>
</kml>
