<?xml version="1.0" encoding="UTF-8"?>
<kml xmlns="http://www.opengis.net/kml/2.2">
  <Document>
    <name>خريطة جازان البرية</name>
    <description><![CDATA[نتمنى ترك المتنزهات والبراري نظيفة بعد مغادرتها ليصبح المكان أكثر جمالاً.<br>توضيح الوان النقاط في الخريطة :<br>الاحمر : أسماء مدن - محافظات - قرى - هجر<br>الرمادي : أسماء محلية - أسماء أماكن متعارف عليه<br>البني : جبال - هضاب - حزوم - كهوف<br>الازرق : وديان - شعبان - قيعان - سدود - خباري<br>الاخضر : آبار - عيون - ثمايل - موارد ماء<br>الاصفر : طعوس - عروق - نوازي - خبوب<br>الاسود : طرق صحراوية - ردميات - دروب غير معبدة<br>شعار القلعة : آثار - مواقع تاريخية - برك قديمة - نقوش<br>بيئتنا .. مسؤوليتنا <br>ـــــــــــ<br>إذا كان هناك مكان خاطئ أو موقع ناقص آمل التواصل تويتر ( الخرائط البرية maps_ksa@ ) <br>أو على الإميل wild.maps.sa@gmail.com<br>وسيتم التواصل معك بإذن الله<br>]]></description>
    <Style id="icon-1598-BDBDBD-labelson-nodesc">
      <IconStyle>
        <color>ffbdbdbd</color>
        <scale>1</scale>
        <Icon>
          <href>https://www.gstatic.com/mapspro/images/stock/503-wht-blank_maps.png</href>
        </Icon>
      </IconStyle>
      <BalloonStyle>
        <text><![CDATA[<h3>$[name]</h3>]]></text>
      </BalloonStyle>
    </Style>
    <Style id="icon-1739-0288D1-labelson-nodesc">
      <IconStyle>
        <color>ffd18802</color>
        <scale>1</scale>
        <Icon>
          <href>https://www.gstatic.com/mapspro/images/stock/503-wht-blank_maps.png</href>
        </Icon>
      </IconStyle>
      <BalloonStyle>
        <text><![CDATA[<h3>$[name]</h3>]]></text>
      </BalloonStyle>
    </Style>
    <Style id="icon-1739-0F9D58-labelson-nodesc">
      <IconStyle>
        <color>ff589d0f</color>
        <scale>1</scale>
        <Icon>
          <href>https://www.gstatic.com/mapspro/images/stock/503-wht-blank_maps.png</href>
        </Icon>
      </IconStyle>
      <BalloonStyle>
        <text><![CDATA[<h3>$[name]</h3>]]></text>
      </BalloonStyle>
    </Style>
    <Style id="icon-1739-757575-labelson-nodesc">
      <IconStyle>
        <color>ff757575</color>
        <scale>1</scale>
        <Icon>
          <href>https://www.gstatic.com/mapspro/images/stock/503-wht-blank_maps.png</href>
        </Icon>
      </IconStyle>
      <BalloonStyle>
        <text><![CDATA[<h3>$[name]</h3>]]></text>
      </BalloonStyle>
    </Style>
    <Style id="icon-1899-DB4436-labelson-nodesc">
      <IconStyle>
        <color>ff3644db</color>
        <scale>1</scale>
        <Icon>
          <href>https://www.gstatic.com/mapspro/images/stock/503-wht-blank_maps.png</href>
        </Icon>
        <hotSpot x="32" xunits="pixels" y="64" yunits="insetPixels"/>
      </IconStyle>
      <BalloonStyle>
        <text><![CDATA[<h3>$[name]</h3>]]></text>
      </BalloonStyle>
    </Style>
    <Folder>
      <name>مواقع اثرية</name>
      <Placemark>
        <name>قلعة ماغص</name>
        <styleUrl>#icon-1598-BDBDBD-labelson-nodesc</styleUrl>
        <Point>
          <coordinates>
            42.697914,17.529953,0
          </coordinates>
        </Point>
      </Placemark>
      <Placemark>
        <name>القلعة الدوسرية</name>
        <styleUrl>#icon-1598-BDBDBD-labelson-nodesc</styleUrl>
        <Point>
          <coordinates>
            42.545562,16.888062,0
          </coordinates>
        </Point>
      </Placemark>
      <Placemark>
        <name>مسجد النجدي التاريخي</name>
        <styleUrl>#icon-1598-BDBDBD-labelson-nodesc</styleUrl>
        <Point>
          <coordinates>
            42.116434,16.702863,0
          </coordinates>
        </Point>
      </Placemark>
      <Placemark>
        <name>القلعة العثمانية‭</name>
        <styleUrl>#icon-1598-BDBDBD-labelson-nodesc</styleUrl>
        <Point>
          <coordinates>
            42.122562,16.712438,0
          </coordinates>
        </Point>
      </Placemark>
      <Placemark>
        <name>بيت الجرمل</name>
        <styleUrl>#icon-1598-BDBDBD-labelson-nodesc</styleUrl>
        <Point>
          <coordinates>
            42.031393,16.655106,0
          </coordinates>
        </Point>
      </Placemark>
      <Placemark>
        <name>مسجد القبب</name>
        <styleUrl>#icon-1598-BDBDBD-labelson-nodesc</styleUrl>
        <Point>
          <coordinates>
            42.824308,16.962311,0
          </coordinates>
        </Point>
      </Placemark>
    </Folder>
    <Folder>
      <name>موارد مياه</name>
      <Placemark>
        <name>شيب الشقيق</name>
        <styleUrl>#icon-1739-0F9D58-labelson-nodesc</styleUrl>
        <Point>
          <coordinates>
            42.307234,17.679555,0
          </coordinates>
        </Point>
      </Placemark>
      <Placemark>
        <name>سد وادي بيش</name>
        <styleUrl>#icon-1739-0F9D58-labelson-nodesc</styleUrl>
        <Point>
          <coordinates>
            42.656243,17.665973,0
          </coordinates>
        </Point>
      </Placemark>
      <Placemark>
        <name>عين جاري</name>
        <styleUrl>#icon-1739-0F9D58-labelson-nodesc</styleUrl>
        <Point>
          <coordinates>
            42.959998,17.049451,0
          </coordinates>
        </Point>
      </Placemark>
      <Placemark>
        <name>سد وادي عتود</name>
        <styleUrl>#icon-1739-0F9D58-labelson-nodesc</styleUrl>
        <Point>
          <coordinates>
            42.472029,17.901106,0
          </coordinates>
        </Point>
      </Placemark>
    </Folder>
    <Folder>
      <name>تجمع مياه</name>
      <Placemark>
        <name>وادي دفا</name>
        <styleUrl>#icon-1739-0288D1-labelson-nodesc</styleUrl>
        <Point>
          <coordinates>
            43.063123,17.600098,0
          </coordinates>
        </Point>
      </Placemark>
      <Placemark>
        <name>وادي الحياة</name>
        <styleUrl>#icon-1739-0288D1-labelson-nodesc</styleUrl>
        <Point>
          <coordinates>
            43.053135,17.609184,0
          </coordinates>
        </Point>
      </Placemark>
      <Placemark>
        <name>وادي شيبه</name>
        <styleUrl>#icon-1739-0288D1-labelson-nodesc</styleUrl>
        <Point>
          <coordinates>
            42.974181,17.674448,0
          </coordinates>
        </Point>
      </Placemark>
      <Placemark>
        <name>وادي عتود</name>
        <styleUrl>#icon-1739-0288D1-labelson-nodesc</styleUrl>
        <Point>
          <coordinates>
            42.362917,17.805233,0
          </coordinates>
        </Point>
      </Placemark>
      <Placemark>
        <name>وادي حمضه</name>
        <styleUrl>#icon-1739-0288D1-labelson-nodesc</styleUrl>
        <Point>
          <coordinates>
            41.728628,17.936919,0
          </coordinates>
        </Point>
      </Placemark>
      <Placemark>
        <name>سد وادي ذهبان</name>
        <styleUrl>#icon-1739-0288D1-labelson-nodesc</styleUrl>
        <Point>
          <coordinates>
            41.641231,18.137226,0
          </coordinates>
        </Point>
      </Placemark>
      <Placemark>
        <name>وادي الجفو</name>
        <styleUrl>#icon-1739-0288D1-labelson-nodesc</styleUrl>
        <Point>
          <coordinates>
            43.156421,17.295892,0
          </coordinates>
        </Point>
      </Placemark>
      <Placemark>
        <name>وادي الخشل</name>
        <styleUrl>#icon-1739-0288D1-labelson-nodesc</styleUrl>
        <Point>
          <coordinates>
            43.119278,16.776209,0
          </coordinates>
        </Point>
      </Placemark>
      <Placemark>
        <name>وادي الخمس</name>
        <styleUrl>#icon-1739-0288D1-labelson-nodesc</styleUrl>
        <Point>
          <coordinates>
            42.769411,16.777453,0
          </coordinates>
        </Point>
      </Placemark>
      <Placemark>
        <name>وادي الخمس</name>
        <styleUrl>#icon-1739-0288D1-labelson-nodesc</styleUrl>
        <Point>
          <coordinates>
            42.980125,16.790929,0
          </coordinates>
        </Point>
      </Placemark>
      <Placemark>
        <name>وادي الغايل</name>
        <styleUrl>#icon-1739-0288D1-labelson-nodesc</styleUrl>
        <Point>
          <coordinates>
            43.327353,17.659192,0
          </coordinates>
        </Point>
      </Placemark>
      <Placemark>
        <name>وادي المجرف</name>
        <styleUrl>#icon-1739-0288D1-labelson-nodesc</styleUrl>
        <Point>
          <coordinates>
            43.091791,17.138629,0
          </coordinates>
        </Point>
      </Placemark>
      <Placemark>
        <name>وادي الملح</name>
        <styleUrl>#icon-1739-0288D1-labelson-nodesc</styleUrl>
        <Point>
          <coordinates>
            43.061042,16.530991,0
          </coordinates>
        </Point>
      </Placemark>
      <Placemark>
        <name>وادي الهيف</name>
        <styleUrl>#icon-1739-0288D1-labelson-nodesc</styleUrl>
        <Point>
          <coordinates>
            43.020487,17.104061,0
          </coordinates>
        </Point>
      </Placemark>
      <Placemark>
        <name>وادي بيش</name>
        <styleUrl>#icon-1739-0288D1-labelson-nodesc</styleUrl>
        <Point>
          <coordinates>
            42.498894,17.175601,0
          </coordinates>
        </Point>
      </Placemark>
      <Placemark>
        <name>وادي بيش</name>
        <styleUrl>#icon-1739-0288D1-labelson-nodesc</styleUrl>
        <Point>
          <coordinates>
            42.602019,17.560358,0
          </coordinates>
        </Point>
      </Placemark>
      <Placemark>
        <name>وادي بيش</name>
        <styleUrl>#icon-1739-0288D1-labelson-nodesc</styleUrl>
        <Point>
          <coordinates>
            42.699738,17.781308,0
          </coordinates>
        </Point>
      </Placemark>
      <Placemark>
        <name>وادي تعشر</name>
        <styleUrl>#icon-1739-0288D1-labelson-nodesc</styleUrl>
        <Point>
          <coordinates>
            42.817969,16.537964,0
          </coordinates>
        </Point>
      </Placemark>
      <Placemark>
        <name>وادي تعشر</name>
        <styleUrl>#icon-1739-0288D1-labelson-nodesc</styleUrl>
        <Point>
          <coordinates>
            42.918284,16.549273,0
          </coordinates>
        </Point>
      </Placemark>
      <Placemark>
        <name>وادي جورا</name>
        <styleUrl>#icon-1739-0288D1-labelson-nodesc</styleUrl>
        <Point>
          <coordinates>
            43.017397,17.212036,0
          </coordinates>
        </Point>
      </Placemark>
      <Placemark>
        <name>وادي جيزان</name>
        <styleUrl>#icon-1739-0288D1-labelson-nodesc</styleUrl>
        <Point>
          <coordinates>
            42.601182,16.949887,0
          </coordinates>
        </Point>
      </Placemark>
      <Placemark>
        <name>وادي جيزان</name>
        <styleUrl>#icon-1739-0288D1-labelson-nodesc</styleUrl>
        <Point>
          <coordinates>
            42.983558,17.042456,0
          </coordinates>
        </Point>
      </Placemark>
      <Placemark>
        <name>وادي حرض</name>
        <styleUrl>#icon-1739-0288D1-labelson-nodesc</styleUrl>
        <Point>
          <coordinates>
            42.819042,16.43265,0
          </coordinates>
        </Point>
      </Placemark>
      <Placemark>
        <name>وادي حمر</name>
        <styleUrl>#icon-1739-0288D1-labelson-nodesc</styleUrl>
        <Point>
          <coordinates>
            43.053231,17.133651,0
          </coordinates>
        </Point>
      </Placemark>
      <Placemark>
        <name>وادي خلب</name>
        <styleUrl>#icon-1739-0288D1-labelson-nodesc</styleUrl>
        <Point>
          <coordinates>
            42.801039,16.638365,0
          </coordinates>
        </Point>
      </Placemark>
      <Placemark>
        <name>وادي خلب</name>
        <styleUrl>#icon-1739-0288D1-labelson-nodesc</styleUrl>
        <Point>
          <coordinates>
            43.128397,16.764343,0
          </coordinates>
        </Point>
      </Placemark>
      <Placemark>
        <name>وادي دفا</name>
        <styleUrl>#icon-1739-0288D1-labelson-nodesc</styleUrl>
        <Point>
          <coordinates>
            43.063123,17.600098,0
          </coordinates>
        </Point>
      </Placemark>
      <Placemark>
        <name>وادي ذبح</name>
        <styleUrl>#icon-1739-0288D1-labelson-nodesc</styleUrl>
        <Point>
          <coordinates>
            43.258624,17.660565,0
          </coordinates>
        </Point>
      </Placemark>
      <Placemark>
        <name>وادي ذبح</name>
        <styleUrl>#icon-1739-0288D1-labelson-nodesc</styleUrl>
        <Point>
          <coordinates>
            43.322246,17.636297,0
          </coordinates>
        </Point>
      </Placemark>
      <Placemark>
        <name>وادي ريم</name>
        <styleUrl>#icon-1739-0288D1-labelson-nodesc</styleUrl>
        <Point>
          <coordinates>
            42.045922,17.742298,0
          </coordinates>
        </Point>
      </Placemark>
      <Placemark>
        <name>وادي سمره</name>
        <styleUrl>#icon-1739-0288D1-labelson-nodesc</styleUrl>
        <Point>
          <coordinates>
            42.344205,17.508774,0
          </coordinates>
        </Point>
      </Placemark>
      <Placemark>
        <name>وادي سمره</name>
        <styleUrl>#icon-1739-0288D1-labelson-nodesc</styleUrl>
        <Point>
          <coordinates>
            42.609122,17.576151,0
          </coordinates>
        </Point>
      </Placemark>
      <Placemark>
        <name>وادي شيبه</name>
        <styleUrl>#icon-1739-0288D1-labelson-nodesc</styleUrl>
        <Point>
          <coordinates>
            42.974181,17.674448,0
          </coordinates>
        </Point>
      </Placemark>
      <Placemark>
        <name>وادي صبيا</name>
        <styleUrl>#icon-1739-0288D1-labelson-nodesc</styleUrl>
        <Point>
          <coordinates>
            42.761407,17.175729,0
          </coordinates>
        </Point>
      </Placemark>
      <Placemark>
        <name>وادي ضلع</name>
        <styleUrl>#icon-1739-0288D1-labelson-nodesc</styleUrl>
        <Point>
          <coordinates>
            42.452459,17.906299,0
          </coordinates>
        </Point>
      </Placemark>
      <Placemark>
        <name>وادي ضمد</name>
        <styleUrl>#icon-1739-0288D1-labelson-nodesc</styleUrl>
        <Point>
          <coordinates>
            42.62161,16.982846,0
          </coordinates>
        </Point>
      </Placemark>
      <Placemark>
        <name>وادي ضمد</name>
        <styleUrl>#icon-1739-0288D1-labelson-nodesc</styleUrl>
        <Point>
          <coordinates>
            42.815545,17.124918,0
          </coordinates>
        </Point>
      </Placemark>
      <Placemark>
        <name>وادي ضمد</name>
        <styleUrl>#icon-1739-0288D1-labelson-nodesc</styleUrl>
        <Point>
          <coordinates>
            43.032739,17.208002,0
          </coordinates>
        </Point>
      </Placemark>
      <Placemark>
        <name>وادي عتود</name>
        <styleUrl>#icon-1739-0288D1-labelson-nodesc</styleUrl>
        <Point>
          <coordinates>
            42.176106,17.626276,0
          </coordinates>
        </Point>
      </Placemark>
      <Placemark>
        <name>وادي عتود</name>
        <styleUrl>#icon-1739-0288D1-labelson-nodesc</styleUrl>
        <Point>
          <coordinates>
            42.362917,17.805233,0
          </coordinates>
        </Point>
      </Placemark>
      <Placemark>
        <name>وادي عرمرم</name>
        <styleUrl>#icon-1739-0288D1-labelson-nodesc</styleUrl>
        <Point>
          <coordinates>
            42.048712,17.86334,0
          </coordinates>
        </Point>
      </Placemark>
      <Placemark>
        <name>وادي قرا</name>
        <styleUrl>#icon-1739-0288D1-labelson-nodesc</styleUrl>
        <Point>
          <coordinates>
            42.578352,17.37653,0
          </coordinates>
        </Point>
      </Placemark>
      <Placemark>
        <name>وادي قصي</name>
        <styleUrl>#icon-1739-0288D1-labelson-nodesc</styleUrl>
        <Point>
          <coordinates>
            42.554383,17.092323,0
          </coordinates>
        </Point>
      </Placemark>
      <Placemark>
        <name>وادي قصي</name>
        <styleUrl>#icon-1739-0288D1-labelson-nodesc</styleUrl>
        <Point>
          <coordinates>
            42.876699,17.193518,0
          </coordinates>
        </Point>
      </Placemark>
      <Placemark>
        <name>وادي ليه</name>
        <styleUrl>#icon-1739-0288D1-labelson-nodesc</styleUrl>
        <Point>
          <coordinates>
            42.922833,16.560602,0
          </coordinates>
        </Point>
      </Placemark>
      <Placemark>
        <name>وادي ليه</name>
        <styleUrl>#icon-1739-0288D1-labelson-nodesc</styleUrl>
        <Point>
          <coordinates>
            43.134341,16.721106,0
          </coordinates>
        </Point>
      </Placemark>
      <Placemark>
        <name>شعب مصعقه</name>
        <styleUrl>#icon-1739-0288D1-labelson-nodesc</styleUrl>
        <Point>
          <coordinates>
            42.786791,17.212679,0
          </coordinates>
        </Point>
      </Placemark>
      <Placemark>
        <name>بحيرة بيش</name>
        <styleUrl>#icon-1739-0288D1-labelson-nodesc</styleUrl>
        <Point>
          <coordinates>
            42.661715,17.68743,0
          </coordinates>
        </Point>
      </Placemark>
    </Folder>
    <Folder>
      <name>جبال</name>
      <Placemark>
        <name>جبل حروب</name>
        <styleUrl>#icon-1899-DB4436-labelson-nodesc</styleUrl>
        <Point>
          <coordinates>
            42.933347,17.54935,0
          </coordinates>
        </Point>
      </Placemark>
      <Placemark>
        <name>جبل الاخدع</name>
        <styleUrl>#icon-1899-DB4436-labelson-nodesc</styleUrl>
        <Point>
          <coordinates>
            42.348089,17.83493,0
          </coordinates>
        </Point>
      </Placemark>
      <Placemark>
        <name>جبل الحيلة</name>
        <styleUrl>#icon-1899-DB4436-labelson-nodesc</styleUrl>
        <Point>
          <coordinates>
            42.092292,18.023415,0
          </coordinates>
        </Point>
      </Placemark>
      <Placemark>
        <name>جبل الزور</name>
        <styleUrl>#icon-1899-DB4436-labelson-nodesc</styleUrl>
        <Point>
          <coordinates>
            41.878853,17.883167,0
          </coordinates>
        </Point>
      </Placemark>
      <Placemark>
        <name>جبل كريشة</name>
        <styleUrl>#icon-1899-DB4436-labelson-nodesc</styleUrl>
        <Point>
          <coordinates>
            41.806841,17.944536,0
          </coordinates>
        </Point>
      </Placemark>
      <Placemark>
        <name>جبل كدمبل</name>
        <styleUrl>#icon-1899-DB4436-labelson-nodesc</styleUrl>
        <Point>
          <coordinates>
            41.691699,17.891879,0
          </coordinates>
        </Point>
      </Placemark>
      <Placemark>
        <name>جبل الخرماء</name>
        <styleUrl>#icon-1899-DB4436-labelson-nodesc</styleUrl>
        <Point>
          <coordinates>
            41.707771,17.995563,0
          </coordinates>
        </Point>
      </Placemark>
      <Placemark>
        <name>جبل الوصل</name>
        <styleUrl>#icon-1899-DB4436-labelson-nodesc</styleUrl>
        <Point>
          <coordinates>
            41.649556,18.005433,0
          </coordinates>
        </Point>
      </Placemark>
      <Placemark>
        <name>جبل زرقان</name>
        <styleUrl>#icon-1899-DB4436-labelson-nodesc</styleUrl>
        <Point>
          <coordinates>
            41.869347,18.233721,0
          </coordinates>
        </Point>
      </Placemark>
      <Placemark>
        <name>غار بشوعي</name>
        <styleUrl>#icon-1899-DB4436-labelson-nodesc</styleUrl>
        <Point>
          <coordinates>
            43.243325,16.7911,0
          </coordinates>
        </Point>
      </Placemark>
      <Placemark>
        <name>جبال آل أمنخيف</name>
        <styleUrl>#icon-1899-DB4436-labelson-nodesc</styleUrl>
        <Point>
          <coordinates>
            43.100009,17.061102,0
          </coordinates>
        </Point>
      </Placemark>
      <Placemark>
        <name>جبال ال محراب</name>
        <styleUrl>#icon-1899-DB4436-labelson-nodesc</styleUrl>
        <Point>
          <coordinates>
            43.10636,17.227592,0
          </coordinates>
        </Point>
      </Placemark>
      <Placemark>
        <name>جبال الحشر</name>
        <styleUrl>#icon-1899-DB4436-labelson-nodesc</styleUrl>
        <Point>
          <coordinates>
            43.045142,17.496028,0
          </coordinates>
        </Point>
      </Placemark>
      <Placemark>
        <name>جبال القحم الجنوبية</name>
        <styleUrl>#icon-1899-DB4436-labelson-nodesc</styleUrl>
        <Point>
          <coordinates>
            42.952788,16.856117,0
          </coordinates>
        </Point>
      </Placemark>
      <Placemark>
        <name>جبال القحم الشماليه</name>
        <styleUrl>#icon-1899-DB4436-labelson-nodesc</styleUrl>
        <Point>
          <coordinates>
            42.947316,16.880171,0
          </coordinates>
        </Point>
      </Placemark>
      <Placemark>
        <name>جبال النقارة</name>
        <styleUrl>#icon-1899-DB4436-labelson-nodesc</styleUrl>
        <Point>
          <coordinates>
            43.166678,16.641111,0
          </coordinates>
        </Point>
      </Placemark>
      <Placemark>
        <name>جبال بني حريص</name>
        <styleUrl>#icon-1899-DB4436-labelson-nodesc</styleUrl>
        <Point>
          <coordinates>
            43.11666,17.102773,0
          </coordinates>
        </Point>
      </Placemark>
      <Placemark>
        <name>جبال قوا</name>
        <styleUrl>#icon-1899-DB4436-labelson-nodesc</styleUrl>
        <Point>
          <coordinates>
            43.227789,16.811099,0
          </coordinates>
        </Point>
      </Placemark>
      <Placemark>
        <name>جبال هجده</name>
        <styleUrl>#icon-1899-DB4436-labelson-nodesc</styleUrl>
        <Point>
          <coordinates>
            43.099902,17.46618,0
          </coordinates>
        </Point>
      </Placemark>
      <Placemark>
        <name>جبل ابو الدبش</name>
        <styleUrl>#icon-1899-DB4436-labelson-nodesc</styleUrl>
        <Point>
          <coordinates>
            43.190732,16.710806,0
          </coordinates>
        </Point>
      </Placemark>
      <Placemark>
        <name>جبل ابو هفن</name>
        <styleUrl>#icon-1899-DB4436-labelson-nodesc</styleUrl>
        <Point>
          <coordinates>
            43.166485,16.682889,0
          </coordinates>
        </Point>
      </Placemark>
      <Placemark>
        <name>جبل الاخدع</name>
        <styleUrl>#icon-1899-DB4436-labelson-nodesc</styleUrl>
        <Point>
          <coordinates>
            42.348089,17.83493,0
          </coordinates>
        </Point>
      </Placemark>
      <Placemark>
        <name>جبل الثويع</name>
        <styleUrl>#icon-1899-DB4436-labelson-nodesc</styleUrl>
        <Point>
          <coordinates>
            43.060849,17.263706,0
          </coordinates>
        </Point>
      </Placemark>
      <Placemark>
        <name>جبل الحشر</name>
        <styleUrl>#icon-1899-DB4436-labelson-nodesc</styleUrl>
        <Point>
          <coordinates>
            43.016067,17.478046,0
          </coordinates>
        </Point>
      </Placemark>
      <Placemark>
        <name>جبل الحيلة</name>
        <styleUrl>#icon-1899-DB4436-labelson-nodesc</styleUrl>
        <Point>
          <coordinates>
            42.092292,18.023415,0
          </coordinates>
        </Point>
      </Placemark>
      <Placemark>
        <name>جبل الدقم</name>
        <styleUrl>#icon-1899-DB4436-labelson-nodesc</styleUrl>
        <Point>
          <coordinates>
            43.021753,17.005849,0
          </coordinates>
        </Point>
      </Placemark>
      <Placemark>
        <name>جبل الدود</name>
        <styleUrl>#icon-1899-DB4436-labelson-nodesc</styleUrl>
        <Point>
          <coordinates>
            43.241501,16.756146,0
          </coordinates>
        </Point>
      </Placemark>
      <Placemark>
        <name>جبل الشرفي</name>
        <styleUrl>#icon-1899-DB4436-labelson-nodesc</styleUrl>
        <Point>
          <coordinates>
            43.083165,16.795993,0
          </coordinates>
        </Point>
      </Placemark>
      <Placemark>
        <name>جبل الشقعه</name>
        <styleUrl>#icon-1899-DB4436-labelson-nodesc</styleUrl>
        <Point>
          <coordinates>
            43.049927,17.516048,0
          </coordinates>
        </Point>
      </Placemark>
      <Placemark>
        <name>جبل الصراط</name>
        <styleUrl>#icon-1899-DB4436-labelson-nodesc</styleUrl>
        <Point>
          <coordinates>
            42.833462,17.499182,0
          </coordinates>
        </Point>
      </Placemark>
      <Placemark>
        <name>جبل الصغد</name>
        <styleUrl>#icon-1899-DB4436-labelson-nodesc</styleUrl>
        <Point>
          <coordinates>
            43.008878,16.841118,0
          </coordinates>
        </Point>
      </Placemark>
      <Placemark>
        <name>جبل الطرف</name>
        <styleUrl>#icon-1899-DB4436-labelson-nodesc</styleUrl>
        <Point>
          <coordinates>
            42.943926,16.955938,0
          </coordinates>
        </Point>
      </Placemark>
      <Placemark>
        <name>جبل العبادل</name>
        <styleUrl>#icon-1899-DB4436-labelson-nodesc</styleUrl>
        <Point>
          <coordinates>
            43.187857,16.994476,0
          </coordinates>
        </Point>
      </Placemark>
      <Placemark>
        <name>جبل العزه</name>
        <styleUrl>#icon-1899-DB4436-labelson-nodesc</styleUrl>
        <Point>
          <coordinates>
            43.166935,17.271388,0
          </coordinates>
        </Point>
      </Placemark>
      <Placemark>
        <name>جبل العمود</name>
        <styleUrl>#icon-1899-DB4436-labelson-nodesc</styleUrl>
        <Point>
          <coordinates>
            43.068595,16.887081,0
          </coordinates>
        </Point>
      </Placemark>
      <Placemark>
        <name>جبل القفرة</name>
        <styleUrl>#icon-1899-DB4436-labelson-nodesc</styleUrl>
        <Point>
          <coordinates>
            43.1464,17.011449,0
          </coordinates>
        </Point>
      </Placemark>
      <Placemark>
        <name>جبل اللبيني</name>
        <styleUrl>#icon-1899-DB4436-labelson-nodesc</styleUrl>
        <Point>
          <coordinates>
            43.204164,16.823051,0
          </coordinates>
        </Point>
      </Placemark>
      <Placemark>
        <name>جبل المدفن</name>
        <styleUrl>#icon-1899-DB4436-labelson-nodesc</styleUrl>
        <Point>
          <coordinates>
            43.202791,16.765566,0
          </coordinates>
        </Point>
      </Placemark>
      <Placemark>
        <name>جبل المديراء</name>
        <styleUrl>#icon-1899-DB4436-labelson-nodesc</styleUrl>
        <Point>
          <coordinates>
            43.069539,16.860945,0
          </coordinates>
        </Point>
      </Placemark>
      <Placemark>
        <name>جبل الوجره</name>
        <styleUrl>#icon-1899-DB4436-labelson-nodesc</styleUrl>
        <Point>
          <coordinates>
            44.181111,17.32029,0
          </coordinates>
        </Point>
      </Placemark>
      <Placemark>
        <name>جبل امصياد</name>
        <styleUrl>#icon-1899-DB4436-labelson-nodesc</styleUrl>
        <Point>
          <coordinates>
            42.938883,16.966109,0
          </coordinates>
        </Point>
      </Placemark>
      <Placemark>
        <name>جبل تحنان</name>
        <styleUrl>#icon-1899-DB4436-labelson-nodesc</styleUrl>
        <Point>
          <coordinates>
            43.018234,16.862962,0
          </coordinates>
        </Point>
      </Placemark>
      <Placemark>
        <name>جبل جبرتين</name>
        <styleUrl>#icon-1899-DB4436-labelson-nodesc</styleUrl>
        <Point>
          <coordinates>
            42.900817,17.015848,0
          </coordinates>
        </Point>
      </Placemark>
      <Placemark>
        <name>جبل جحفان</name>
        <styleUrl>#icon-1899-DB4436-labelson-nodesc</styleUrl>
        <Point>
          <coordinates>
            43.169446,16.688898,0
          </coordinates>
        </Point>
      </Placemark>
      <Placemark>
        <name>جبل حبس</name>
        <styleUrl>#icon-1899-DB4436-labelson-nodesc</styleUrl>
        <Point>
          <coordinates>
            43.188522,17.370973,0
          </coordinates>
        </Point>
      </Placemark>
      <Placemark>
        <name>جبل حروب</name>
        <styleUrl>#icon-1899-DB4436-labelson-nodesc</styleUrl>
        <Point>
          <coordinates>
            42.933347,17.54935,0
          </coordinates>
        </Point>
      </Placemark>
      <Placemark>
        <name>جبل حميه/ اللغوب</name>
        <styleUrl>#icon-1899-DB4436-labelson-nodesc</styleUrl>
        <Point>
          <coordinates>
            43.156099,17.015827,0
          </coordinates>
        </Point>
      </Placemark>
      <Placemark>
        <name>جبل خاشر</name>
        <styleUrl>#icon-1899-DB4436-labelson-nodesc</styleUrl>
        <Point>
          <coordinates>
            43.172772,17.315826,0
          </coordinates>
        </Point>
      </Placemark>
      <Placemark>
        <name>جبل خلوه</name>
        <styleUrl>#icon-1899-DB4436-labelson-nodesc</styleUrl>
        <Point>
          <coordinates>
            42.949741,17.066038,0
          </coordinates>
        </Point>
      </Placemark>
      <Placemark>
        <name>جبل دخان</name>
        <styleUrl>#icon-1899-DB4436-labelson-nodesc</styleUrl>
        <Point>
          <coordinates>
            43.215301,16.75106,0
          </coordinates>
        </Point>
      </Placemark>
      <Placemark>
        <name>جبل دفيف</name>
        <styleUrl>#icon-1899-DB4436-labelson-nodesc</styleUrl>
        <Point>
          <coordinates>
            43.038769,16.919289,0
          </coordinates>
        </Point>
      </Placemark>
      <Placemark>
        <name>جبل ذو نمر</name>
        <styleUrl>#icon-1899-DB4436-labelson-nodesc</styleUrl>
        <Point>
          <coordinates>
            43.21528,16.817772,0
          </coordinates>
        </Point>
      </Placemark>
      <Placemark>
        <name>جبل رميح</name>
        <styleUrl>#icon-1899-DB4436-labelson-nodesc</styleUrl>
        <Point>
          <coordinates>
            43.199616,16.730096,0
          </coordinates>
        </Point>
      </Placemark>
      <Placemark>
        <name>جبل رميح</name>
        <styleUrl>#icon-1899-DB4436-labelson-nodesc</styleUrl>
        <Point>
          <coordinates>
            43.200924,17.383847,0
          </coordinates>
        </Point>
      </Placemark>
      <Placemark>
        <name>جبل روهان</name>
        <styleUrl>#icon-1899-DB4436-labelson-nodesc</styleUrl>
        <Point>
          <coordinates>
            43.150284,17.19929,0
          </coordinates>
        </Point>
      </Placemark>
      <Placemark>
        <name>جبل سلا</name>
        <styleUrl>#icon-1899-DB4436-labelson-nodesc</styleUrl>
        <Point>
          <coordinates>
            43.126531,17.07211,0
          </coordinates>
        </Point>
      </Placemark>
      <Placemark>
        <name>جبل شدا</name>
        <styleUrl>#icon-1899-DB4436-labelson-nodesc</styleUrl>
        <Point>
          <coordinates>
            43.187385,16.911671,0
          </coordinates>
        </Point>
      </Placemark>
      <Placemark>
        <name>جبل صفير</name>
        <styleUrl>#icon-1899-DB4436-labelson-nodesc</styleUrl>
        <Point>
          <coordinates>
            43.168008,16.736126,0
          </coordinates>
        </Point>
      </Placemark>
      <Placemark>
        <name>جبل صنادل</name>
        <styleUrl>#icon-1899-DB4436-labelson-nodesc</styleUrl>
        <Point>
          <coordinates>
            42.672937,17.392666,0
          </coordinates>
        </Point>
      </Placemark>
      <Placemark>
        <name>جبل طلان</name>
        <styleUrl>#icon-1899-DB4436-labelson-nodesc</styleUrl>
        <Point>
          <coordinates>
            43.153138,17.387667,0
          </coordinates>
        </Point>
      </Placemark>
      <Placemark>
        <name>جبل ثهران</name>
        <styleUrl>#icon-1899-DB4436-labelson-nodesc</styleUrl>
        <Point>
          <coordinates>
            43.215237,17.427406,0
          </coordinates>
        </Point>
      </Placemark>
      <Placemark>
        <name>جبل طويلق</name>
        <styleUrl>#icon-1899-DB4436-labelson-nodesc</styleUrl>
        <Point>
          <coordinates>
            43.214335,16.843457,0
          </coordinates>
        </Point>
      </Placemark>
      <Placemark>
        <name>جبل طياش</name>
        <styleUrl>#icon-1899-DB4436-labelson-nodesc</styleUrl>
        <Point>
          <coordinates>
            43.236051,16.789105,0
          </coordinates>
        </Point>
      </Placemark>
      <Placemark>
        <name>جبل عتمه</name>
        <styleUrl>#icon-1899-DB4436-labelson-nodesc</styleUrl>
        <Point>
          <coordinates>
            43.133032,17.182939,0
          </coordinates>
        </Point>
      </Placemark>
      <Placemark>
        <name>جبل عقم</name>
        <styleUrl>#icon-1899-DB4436-labelson-nodesc</styleUrl>
        <Point>
          <coordinates>
            43.0566,16.799705,0
          </coordinates>
        </Point>
      </Placemark>
      <Placemark>
        <name>جبل عكاد</name>
        <styleUrl>#icon-1899-DB4436-labelson-nodesc</styleUrl>
        <Point>
          <coordinates>
            42.304637,17.67535,0
          </coordinates>
        </Point>
      </Placemark>
      <Placemark>
        <name>جبل عكوة الشامي</name>
        <styleUrl>#icon-1899-DB4436-labelson-nodesc</styleUrl>
        <Point>
          <coordinates>
            42.718062,17.253556,0
          </coordinates>
        </Point>
      </Placemark>
      <Placemark>
        <name>جبل عكوة اليماني</name>
        <styleUrl>#icon-1899-DB4436-labelson-nodesc</styleUrl>
        <Point>
          <coordinates>
            42.741344,17.19178,0
          </coordinates>
        </Point>
      </Placemark>
      <Placemark>
        <name>جبل كومه</name>
        <styleUrl>#icon-1899-DB4436-labelson-nodesc</styleUrl>
        <Point>
          <coordinates>
            43.12947,17.158713,0
          </coordinates>
        </Point>
      </Placemark>
      <Placemark>
        <name>جبل مجازي</name>
        <styleUrl>#icon-1899-DB4436-labelson-nodesc</styleUrl>
        <Point>
          <coordinates>
            43.036194,16.791894,0
          </coordinates>
        </Point>
      </Placemark>
      <Placemark>
        <name>جبل محجان</name>
        <styleUrl>#icon-1899-DB4436-labelson-nodesc</styleUrl>
        <Point>
          <coordinates>
            43.053145,16.77593,0
          </coordinates>
        </Point>
      </Placemark>
      <Placemark>
        <name>جبل مشرق</name>
        <styleUrl>#icon-1899-DB4436-labelson-nodesc</styleUrl>
        <Point>
          <coordinates>
            43.150585,17.149744,0
          </coordinates>
        </Point>
      </Placemark>
      <Placemark>
        <name>جبل مصيده</name>
        <styleUrl>#icon-1899-DB4436-labelson-nodesc</styleUrl>
        <Point>
          <coordinates>
            43.047824,17.385757,0
          </coordinates>
        </Point>
      </Placemark>
      <Placemark>
        <name>جبل معكم</name>
        <styleUrl>#icon-1899-DB4436-labelson-nodesc</styleUrl>
        <Point>
          <coordinates>
            43.058338,16.809447,0
          </coordinates>
        </Point>
      </Placemark>
      <Placemark>
        <name>جبل مقذف</name>
        <styleUrl>#icon-1899-DB4436-labelson-nodesc</styleUrl>
        <Point>
          <coordinates>
            42.983193,17.51637,0
          </coordinates>
        </Point>
      </Placemark>
      <Placemark>
        <name>جبل مقسا</name>
        <styleUrl>#icon-1899-DB4436-labelson-nodesc</styleUrl>
        <Point>
          <coordinates>
            43.058038,16.76033,0
          </coordinates>
        </Point>
      </Placemark>
      <Placemark>
        <name>جبل مكحل</name>
        <styleUrl>#icon-1899-DB4436-labelson-nodesc</styleUrl>
        <Point>
          <coordinates>
            42.699738,17.382259,0
          </coordinates>
        </Point>
      </Placemark>
      <Placemark>
        <name>جبل ملحمة</name>
        <styleUrl>#icon-1899-DB4436-labelson-nodesc</styleUrl>
        <Point>
          <coordinates>
            43.172622,16.85365,0
          </coordinates>
        </Point>
      </Placemark>
      <Placemark>
        <name>جبل منجد</name>
        <styleUrl>#icon-1899-DB4436-labelson-nodesc</styleUrl>
        <Point>
          <coordinates>
            42.933369,17.4491,0
          </coordinates>
        </Point>
      </Placemark>
      <Placemark>
        <name>جبل منجد</name>
        <styleUrl>#icon-1899-DB4436-labelson-nodesc</styleUrl>
        <Point>
          <coordinates>
            43.034477,17.329667,0
          </coordinates>
        </Point>
      </Placemark>
      <Placemark>
        <name>جبل وبرة</name>
        <styleUrl>#icon-1899-DB4436-labelson-nodesc</styleUrl>
        <Point>
          <coordinates>
            43.186119,16.755009,0
          </coordinates>
        </Point>
      </Placemark>
      <Placemark>
        <name>جبيل عشة الشاعر</name>
        <styleUrl>#icon-1899-DB4436-labelson-nodesc</styleUrl>
        <Point>
          <coordinates>
            43.077414,16.871932,0
          </coordinates>
        </Point>
      </Placemark>
      <Placemark>
        <name>الجبل الاخضر</name>
        <styleUrl>#icon-1899-DB4436-labelson-nodesc</styleUrl>
        <Point>
          <coordinates>
            43.024993,17.232764,0
          </coordinates>
        </Point>
      </Placemark>
    </Folder>
    <Folder>
      <name>أسماء ثانوية</name>
      <Placemark>
        <name>أبو جومة</name>
        <styleUrl>#icon-1739-757575-labelson-nodesc</styleUrl>
        <Point>
          <coordinates>
            42.218614,17.658334,0
          </coordinates>
        </Point>
      </Placemark>
      <Placemark>
        <name>الجحافي</name>
        <styleUrl>#icon-1739-757575-labelson-nodesc</styleUrl>
        <Point>
          <coordinates>
            43.150392,16.995442,0
          </coordinates>
        </Point>
      </Placemark>
      <Placemark>
        <name>الخلوعة</name>
        <styleUrl>#icon-1739-757575-labelson-nodesc</styleUrl>
        <Point>
          <coordinates>
            42.951393,17.059729,0
          </coordinates>
        </Point>
      </Placemark>
      <Placemark>
        <name>العاصم</name>
        <styleUrl>#icon-1739-757575-labelson-nodesc</styleUrl>
        <Point>
          <coordinates>
            43.073788,16.820884,0
          </coordinates>
        </Point>
      </Placemark>
      <Placemark>
        <name>القوبع</name>
        <styleUrl>#icon-1739-757575-labelson-nodesc</styleUrl>
        <Point>
          <coordinates>
            43.102777,17.136118,0
          </coordinates>
        </Point>
      </Placemark>
      <Placemark>
        <name>المطلة</name>
        <styleUrl>#icon-1739-757575-labelson-nodesc</styleUrl>
        <Point>
          <coordinates>
            43.129191,17.090178,0
          </coordinates>
        </Point>
      </Placemark>
      <Placemark>
        <name>المكمبل</name>
        <styleUrl>#icon-1739-757575-labelson-nodesc</styleUrl>
        <Point>
          <coordinates>
            43.045034,16.553028,0
          </coordinates>
        </Point>
      </Placemark>
      <Placemark>
        <name>بير جهلي</name>
        <styleUrl>#icon-1739-757575-labelson-nodesc</styleUrl>
        <Point>
          <coordinates>
            42.813334,16.899998,0
          </coordinates>
        </Point>
      </Placemark>
      <Placemark>
        <name>حياد العبدين</name>
        <styleUrl>#icon-1739-757575-labelson-nodesc</styleUrl>
        <Point>
          <coordinates>
            43.128333,17.10979,0
          </coordinates>
        </Point>
      </Placemark>
      <Placemark>
        <name>خبة القياس</name>
        <styleUrl>#icon-1739-757575-labelson-nodesc</styleUrl>
        <Point>
          <coordinates>
            42.188444,17.693481,0
          </coordinates>
        </Point>
      </Placemark>
      <Placemark>
        <name>خبت البقر</name>
        <styleUrl>#icon-1739-757575-labelson-nodesc</styleUrl>
        <Point>
          <coordinates>
            42.458339,17.59999,0
          </coordinates>
        </Point>
      </Placemark>
      <Placemark>
        <name>ركبة</name>
        <styleUrl>#icon-1739-757575-labelson-nodesc</styleUrl>
        <Point>
          <coordinates>
            43.063896,17.038336,0
          </coordinates>
        </Point>
      </Placemark>
      <Placemark>
        <name>رمال ابو المرو</name>
        <styleUrl>#icon-1739-757575-labelson-nodesc</styleUrl>
        <Point>
          <coordinates>
            42.079182,17.667904,0
          </coordinates>
        </Point>
      </Placemark>
      <Placemark>
        <name>روان العبيد</name>
        <styleUrl>#icon-1739-757575-labelson-nodesc</styleUrl>
        <Point>
          <coordinates>
            42.974524,17.027607,0
          </coordinates>
        </Point>
      </Placemark>
      <Placemark>
        <name>سندليه</name>
        <styleUrl>#icon-1739-757575-labelson-nodesc</styleUrl>
        <Point>
          <coordinates>
            42.132976,17.751203,0
          </coordinates>
        </Point>
      </Placemark>
      <Placemark>
        <name>ظهر الجمل</name>
        <styleUrl>#icon-1739-757575-labelson-nodesc</styleUrl>
        <Point>
          <coordinates>
            43.23693,16.7325,0
          </coordinates>
        </Point>
      </Placemark>
      <Placemark>
        <name>قاعدة قايم العسكريه</name>
        <styleUrl>#icon-1739-757575-labelson-nodesc</styleUrl>
        <Point>
          <coordinates>
            42.918799,17.229137,0
          </coordinates>
        </Point>
      </Placemark>
      <Placemark>
        <name>قرية المزحيتر</name>
        <styleUrl>#icon-1739-757575-labelson-nodesc</styleUrl>
        <Point>
          <coordinates>
            43.041301,17.092602,0
          </coordinates>
        </Point>
      </Placemark>
    </Folder>
    <Folder>
      <name>أسماء رئيسة</name>
      <Placemark>
        <name>القائمه</name>
        <styleUrl>#icon-1899-DB4436-labelson-nodesc</styleUrl>
        <Point>
          <coordinates>
            43.121166,17.658162,0
          </coordinates>
        </Point>
      </Placemark>
      <Placemark>
        <name>جلة الحياة</name>
        <styleUrl>#icon-1899-DB4436-labelson-nodesc</styleUrl>
        <Point>
          <coordinates>
            43.057995,17.60793,0
          </coordinates>
        </Point>
      </Placemark>
      <Placemark>
        <name>الرهوة</name>
        <styleUrl>#icon-1899-DB4436-labelson-nodesc</styleUrl>
        <Point>
          <coordinates>
            42.899036,17.639065,0
          </coordinates>
        </Point>
      </Placemark>
      <Placemark>
        <name>الريث</name>
        <styleUrl>#icon-1899-DB4436-labelson-nodesc</styleUrl>
        <Point>
          <coordinates>
            42.859383,17.603703,0
          </coordinates>
        </Point>
      </Placemark>
      <Placemark>
        <name>جزر الفصاليات</name>
        <styleUrl>#icon-1899-DB4436-labelson-nodesc</styleUrl>
        <Point>
          <coordinates>
            41.026125,17.673805,0
          </coordinates>
        </Point>
      </Placemark>
      <Placemark>
        <name>جزيرة قطنه</name>
        <styleUrl>#icon-1899-DB4436-labelson-nodesc</styleUrl>
        <Point>
          <coordinates>
            41.163476,17.815232,0
          </coordinates>
        </Point>
      </Placemark>
      <Placemark>
        <name>جزيرة سمر</name>
        <styleUrl>#icon-1899-DB4436-labelson-nodesc</styleUrl>
        <Point>
          <coordinates>
            41.423349,17.778454,0
          </coordinates>
        </Point>
      </Placemark>
      <Placemark>
        <name>الجبير</name>
        <styleUrl>#icon-1899-DB4436-labelson-nodesc</styleUrl>
        <Point>
          <coordinates>
            41.517506,17.667775,0
          </coordinates>
        </Point>
      </Placemark>
      <Placemark>
        <name>مربه</name>
        <styleUrl>#icon-1899-DB4436-labelson-nodesc</styleUrl>
        <Point>
          <coordinates>
            42.387507,17.896106,0
          </coordinates>
        </Point>
      </Placemark>
      <Placemark>
        <name>المديري</name>
        <styleUrl>#icon-1899-DB4436-labelson-nodesc</styleUrl>
        <Point>
          <coordinates>
            42.353218,17.807486,0
          </coordinates>
        </Point>
      </Placemark>
      <Placemark>
        <name>الحطابين</name>
        <styleUrl>#icon-1899-DB4436-labelson-nodesc</styleUrl>
        <Point>
          <coordinates>
            42.351651,17.831132,0
          </coordinates>
        </Point>
      </Placemark>
      <Placemark>
        <name>الحريضة</name>
        <styleUrl>#icon-1899-DB4436-labelson-nodesc</styleUrl>
        <Point>
          <coordinates>
            41.942368,17.790298,0
          </coordinates>
        </Point>
      </Placemark>
      <Placemark>
        <name>شرم الطعفة</name>
        <styleUrl>#icon-1899-DB4436-labelson-nodesc</styleUrl>
        <Point>
          <coordinates>
            41.864347,17.808151,0
          </coordinates>
        </Point>
      </Placemark>
      <Placemark>
        <name>النميش</name>
        <styleUrl>#icon-1899-DB4436-labelson-nodesc</styleUrl>
        <Point>
          <coordinates>
            41.81684,17.847762,0
          </coordinates>
        </Point>
      </Placemark>
      <Placemark>
        <name>حمضة</name>
        <styleUrl>#icon-1899-DB4436-labelson-nodesc</styleUrl>
        <Point>
          <coordinates>
            41.748905,17.945309,0
          </coordinates>
        </Point>
      </Placemark>
      <Placemark>
        <name>الطرق</name>
        <styleUrl>#icon-1899-DB4436-labelson-nodesc</styleUrl>
        <Point>
          <coordinates>
            41.754012,17.942669,0
          </coordinates>
        </Point>
      </Placemark>
      <Placemark>
        <name>السرير</name>
        <styleUrl>#icon-1899-DB4436-labelson-nodesc</styleUrl>
        <Point>
          <coordinates>
            41.750257,17.960522,0
          </coordinates>
        </Point>
      </Placemark>
      <Placemark>
        <name>النفاح</name>
        <styleUrl>#icon-1899-DB4436-labelson-nodesc</styleUrl>
        <Point>
          <coordinates>
            41.721353,17.942991,0
          </coordinates>
        </Point>
      </Placemark>
      <Placemark>
        <name>البراق</name>
        <styleUrl>#icon-1899-DB4436-labelson-nodesc</styleUrl>
        <Point>
          <coordinates>
            41.723607,17.952604,0
          </coordinates>
        </Point>
      </Placemark>
      <Placemark>
        <name>مجزل</name>
        <styleUrl>#icon-1899-DB4436-labelson-nodesc</styleUrl>
        <Point>
          <coordinates>
            41.707642,17.958033,0
          </coordinates>
        </Point>
      </Placemark>
      <Placemark>
        <name>العيرج</name>
        <styleUrl>#icon-1899-DB4436-labelson-nodesc</styleUrl>
        <Point>
          <coordinates>
            41.710582,17.960672,0
          </coordinates>
        </Point>
      </Placemark>
      <Placemark>
        <name>العاليه</name>
        <styleUrl>#icon-1899-DB4436-labelson-nodesc</styleUrl>
        <Point>
          <coordinates>
            41.696377,17.963805,0
          </coordinates>
        </Point>
      </Placemark>
      <Placemark>
        <name>مغزل</name>
        <styleUrl>#icon-1899-DB4436-labelson-nodesc</styleUrl>
        <Point>
          <coordinates>
            41.688781,17.965436,0
          </coordinates>
        </Point>
      </Placemark>
      <Placemark>
        <name>القعر</name>
        <styleUrl>#icon-1899-DB4436-labelson-nodesc</styleUrl>
        <Point>
          <coordinates>
            41.74103,17.980692,0
          </coordinates>
        </Point>
      </Placemark>
      <Placemark>
        <name>الجب</name>
        <styleUrl>#icon-1899-DB4436-labelson-nodesc</styleUrl>
        <Point>
          <coordinates>
            41.73455,17.984748,0
          </coordinates>
        </Point>
      </Placemark>
      <Placemark>
        <name>القحمة</name>
        <styleUrl>#icon-1899-DB4436-labelson-nodesc</styleUrl>
        <Point>
          <coordinates>
            41.678932,18.00142,0
          </coordinates>
        </Point>
      </Placemark>
      <Placemark>
        <name>سيهبه</name>
        <styleUrl>#icon-1899-DB4436-labelson-nodesc</styleUrl>
        <Point>
          <coordinates>
            41.758647,18.023393,0
          </coordinates>
        </Point>
      </Placemark>
      <Placemark>
        <name>رقه الصفراء</name>
        <styleUrl>#icon-1899-DB4436-labelson-nodesc</styleUrl>
        <Point>
          <coordinates>
            41.792786,18.012214,0
          </coordinates>
        </Point>
      </Placemark>
      <Placemark>
        <name>المراوغ</name>
        <styleUrl>#icon-1899-DB4436-labelson-nodesc</styleUrl>
        <Point>
          <coordinates>
            41.783516,18.05058,0
          </coordinates>
        </Point>
      </Placemark>
      <Placemark>
        <name>المطعن</name>
        <styleUrl>#icon-1899-DB4436-labelson-nodesc</styleUrl>
        <Point>
          <coordinates>
            41.814137,18.160057,0
          </coordinates>
        </Point>
      </Placemark>
      <Placemark>
        <name>زهب الجمل</name>
        <styleUrl>#icon-1899-DB4436-labelson-nodesc</styleUrl>
        <Point>
          <coordinates>
            41.820831,18.160551,0
          </coordinates>
        </Point>
      </Placemark>
      <Placemark>
        <name>الحرجة</name>
        <styleUrl>#icon-1899-DB4436-labelson-nodesc</styleUrl>
        <Point>
          <coordinates>
            41.821947,18.165185,0
          </coordinates>
        </Point>
      </Placemark>
      <Placemark>
        <name>العزيزيه</name>
        <styleUrl>#icon-1899-DB4436-labelson-nodesc</styleUrl>
        <Point>
          <coordinates>
            41.904645,18.315067,0
          </coordinates>
        </Point>
      </Placemark>
      <Placemark>
        <name>الجرمة</name>
        <styleUrl>#icon-1899-DB4436-labelson-nodesc</styleUrl>
        <Point>
          <coordinates>
            41.678696,18.071136,0
          </coordinates>
        </Point>
      </Placemark>
      <Placemark>
        <name>المنجحة</name>
        <styleUrl>#icon-1899-DB4436-labelson-nodesc</styleUrl>
        <Point>
          <coordinates>
            41.794052,18.257561,0
          </coordinates>
        </Point>
      </Placemark>
      <Placemark>
        <name>كوانب</name>
        <styleUrl>#icon-1899-DB4436-labelson-nodesc</styleUrl>
        <Point>
          <coordinates>
            41.753025,18.207779,0
          </coordinates>
        </Point>
      </Placemark>
      <Placemark>
        <name>القرونة</name>
        <styleUrl>#icon-1899-DB4436-labelson-nodesc</styleUrl>
        <Point>
          <coordinates>
            41.771672,18.225825,0
          </coordinates>
        </Point>
      </Placemark>
      <Placemark>
        <name>ذهبان</name>
        <styleUrl>#icon-1899-DB4436-labelson-nodesc</styleUrl>
        <Point>
          <coordinates>
            41.614494,18.102036,0
          </coordinates>
        </Point>
      </Placemark>
      <Placemark>
        <name>جيزان</name>
        <styleUrl>#icon-1899-DB4436-labelson-nodesc</styleUrl>
        <Point>
          <coordinates>
            42.557065,16.891372,0
          </coordinates>
        </Point>
      </Placemark>
      <Placemark>
        <name>آل جابر</name>
        <styleUrl>#icon-1899-DB4436-labelson-nodesc</styleUrl>
        <Point>
          <coordinates>
            43.091662,17.083333,0
          </coordinates>
        </Point>
      </Placemark>
      <Placemark>
        <name>آل نعمة</name>
        <styleUrl>#icon-1899-DB4436-labelson-nodesc</styleUrl>
        <Point>
          <coordinates>
            43.172214,16.98334,0
          </coordinates>
        </Point>
      </Placemark>
      <Placemark>
        <name>أبو البس</name>
        <styleUrl>#icon-1899-DB4436-labelson-nodesc</styleUrl>
        <Point>
          <coordinates>
            42.584167,17.230554,0
          </coordinates>
        </Point>
      </Placemark>
      <Placemark>
        <name>أبو الجزع</name>
        <styleUrl>#icon-1899-DB4436-labelson-nodesc</styleUrl>
        <Point>
          <coordinates>
            43.005552,17.118051,0
          </coordinates>
        </Point>
      </Placemark>
      <Placemark>
        <name>أبو الحسيره</name>
        <styleUrl>#icon-1899-DB4436-labelson-nodesc</styleUrl>
        <Point>
          <coordinates>
            43.004737,17.028937,0
          </coordinates>
        </Point>
      </Placemark>
      <Placemark>
        <name>أبو الحصار</name>
        <styleUrl>#icon-1899-DB4436-labelson-nodesc</styleUrl>
        <Point>
          <coordinates>
            43.147624,17.004368,0
          </coordinates>
        </Point>
      </Placemark>
      <Placemark>
        <name>أبو الحصارة</name>
        <styleUrl>#icon-1899-DB4436-labelson-nodesc</styleUrl>
        <Point>
          <coordinates>
            43.066664,17.003617,0
          </coordinates>
        </Point>
      </Placemark>
      <Placemark>
        <name>أبو الرديف</name>
        <styleUrl>#icon-1899-DB4436-labelson-nodesc</styleUrl>
        <Point>
          <coordinates>
            43.115694,16.624331,0
          </coordinates>
        </Point>
      </Placemark>
      <Placemark>
        <name>أبو الرقع</name>
        <styleUrl>#icon-1899-DB4436-labelson-nodesc</styleUrl>
        <Point>
          <coordinates>
            43.034434,16.96332,0
          </coordinates>
        </Point>
      </Placemark>
      <Placemark>
        <name>أبو الشوك</name>
        <styleUrl>#icon-1899-DB4436-labelson-nodesc</styleUrl>
        <Point>
          <coordinates>
            42.571678,17.462211,0
          </coordinates>
        </Point>
      </Placemark>
      <Placemark>
        <name>أبو الضبرة</name>
        <styleUrl>#icon-1899-DB4436-labelson-nodesc</styleUrl>
        <Point>
          <coordinates>
            43.114085,16.551139,0
          </coordinates>
        </Point>
      </Placemark>
      <Placemark>
        <name>أبو الطفاية</name>
        <styleUrl>#icon-1899-DB4436-labelson-nodesc</styleUrl>
        <Point>
          <coordinates>
            43.083143,16.623237,0
          </coordinates>
        </Point>
      </Placemark>
      <Placemark>
        <name>أبو الطيور</name>
        <styleUrl>#icon-1899-DB4436-labelson-nodesc</styleUrl>
        <Point>
          <coordinates>
            42.50001,17.158198,0
          </coordinates>
        </Point>
      </Placemark>
      <Placemark>
        <name>أبو العشر</name>
        <styleUrl>#icon-1899-DB4436-labelson-nodesc</styleUrl>
        <Point>
          <coordinates>
            43.100009,16.912508,0
          </coordinates>
        </Point>
      </Placemark>
      <Placemark>
        <name>أبو العشرة</name>
        <styleUrl>#icon-1899-DB4436-labelson-nodesc</styleUrl>
        <Point>
          <coordinates>
            43.073616,16.913066,0
          </coordinates>
        </Point>
      </Placemark>
      <Placemark>
        <name>أبو العصم</name>
        <styleUrl>#icon-1899-DB4436-labelson-nodesc</styleUrl>
        <Point>
          <coordinates>
            43.040829,16.892209,0
          </coordinates>
        </Point>
      </Placemark>
      <Placemark>
        <name>أبو العصمة</name>
        <styleUrl>#icon-1899-DB4436-labelson-nodesc</styleUrl>
        <Point>
          <coordinates>
            43.120244,16.976666,0
          </coordinates>
        </Point>
      </Placemark>
      <Placemark>
        <name>أبو العيد</name>
        <styleUrl>#icon-1899-DB4436-labelson-nodesc</styleUrl>
        <Point>
          <coordinates>
            43.047481,17.140238,0
          </coordinates>
        </Point>
      </Placemark>
      <Placemark>
        <name>أبو الكثاث</name>
        <styleUrl>#icon-1899-DB4436-labelson-nodesc</styleUrl>
        <Point>
          <coordinates>
            43.110566,16.84305,0
          </coordinates>
        </Point>
      </Placemark>
      <Placemark>
        <name>أبو الكدش</name>
        <styleUrl>#icon-1899-DB4436-labelson-nodesc</styleUrl>
        <Point>
          <coordinates>
            43.063917,16.681752,0
          </coordinates>
        </Point>
      </Placemark>
      <Placemark>
        <name>أبو الكزم</name>
        <styleUrl>#icon-1899-DB4436-labelson-nodesc</styleUrl>
        <Point>
          <coordinates>
            43.083379,16.894162,0
          </coordinates>
        </Point>
      </Placemark>
      <Placemark>
        <name>أبو المرو</name>
        <styleUrl>#icon-1899-DB4436-labelson-nodesc</styleUrl>
        <Point>
          <coordinates>
            43.080289,17.013059,0
          </coordinates>
        </Point>
      </Placemark>
      <Placemark>
        <name>أبو النبعة</name>
        <styleUrl>#icon-1899-DB4436-labelson-nodesc</styleUrl>
        <Point>
          <coordinates>
            43.080289,16.597509,0
          </coordinates>
        </Point>
      </Placemark>
      <Placemark>
        <name>أبو النورة</name>
        <styleUrl>#icon-1899-DB4436-labelson-nodesc</styleUrl>
        <Point>
          <coordinates>
            43.13035,16.638494,0
          </coordinates>
        </Point>
      </Placemark>
      <Placemark>
        <name>أبو حجر الأعلى</name>
        <styleUrl>#icon-1899-DB4436-labelson-nodesc</styleUrl>
        <Point>
          <coordinates>
            43.024478,16.682611,0
          </coordinates>
        </Point>
      </Placemark>
      <Placemark>
        <name>أبو حدابة</name>
        <styleUrl>#icon-1899-DB4436-labelson-nodesc</styleUrl>
        <Point>
          <coordinates>
            42.832818,17.141955,0
          </coordinates>
        </Point>
      </Placemark>
      <Placemark>
        <name>أبو حدبة</name>
        <styleUrl>#icon-1899-DB4436-labelson-nodesc</styleUrl>
        <Point>
          <coordinates>
            42.417505,17.142491,0
          </coordinates>
        </Point>
      </Placemark>
      <Placemark>
        <name>أبو حشيشة</name>
        <styleUrl>#icon-1899-DB4436-labelson-nodesc</styleUrl>
        <Point>
          <coordinates>
            42.333326,17.304175,0
          </coordinates>
        </Point>
      </Placemark>
      <Placemark>
        <name>أبو حشيشة</name>
        <styleUrl>#icon-1899-DB4436-labelson-nodesc</styleUrl>
        <Point>
          <coordinates>
            43.083336,16.602788,0
          </coordinates>
        </Point>
      </Placemark>
      <Placemark>
        <name>أبو ذخيرة</name>
        <styleUrl>#icon-1899-DB4436-labelson-nodesc</styleUrl>
        <Point>
          <coordinates>
            42.441666,17.294433,0
          </coordinates>
        </Point>
      </Placemark>
      <Placemark>
        <name>أبو ذيل</name>
        <styleUrl>#icon-1899-DB4436-labelson-nodesc</styleUrl>
        <Point>
          <coordinates>
            43.094194,16.69733,0
          </coordinates>
        </Point>
      </Placemark>
      <Placemark>
        <name>أبو سبيلة</name>
        <styleUrl>#icon-1899-DB4436-labelson-nodesc</styleUrl>
        <Point>
          <coordinates>
            43.084044,16.921864,0
          </coordinates>
        </Point>
      </Placemark>
      <Placemark>
        <name>أبو عمران</name>
        <styleUrl>#icon-1899-DB4436-labelson-nodesc</styleUrl>
        <Point>
          <coordinates>
            42.826016,16.791551,0
          </coordinates>
        </Point>
      </Placemark>
      <Placemark>
        <name>أبو غليفة</name>
        <styleUrl>#icon-1899-DB4436-labelson-nodesc</styleUrl>
        <Point>
          <coordinates>
            42.477779,17.294433,0
          </coordinates>
        </Point>
      </Placemark>
      <Placemark>
        <name>أبو مجرع</name>
        <styleUrl>#icon-1899-DB4436-labelson-nodesc</styleUrl>
        <Point>
          <coordinates>
            43.08383,16.89281,0
          </coordinates>
        </Point>
      </Placemark>
      <Placemark>
        <name>أحبار</name>
        <styleUrl>#icon-1899-DB4436-labelson-nodesc</styleUrl>
        <Point>
          <coordinates>
            42.254727,16.933322,0
          </coordinates>
        </Point>
      </Placemark>
      <Placemark>
        <name>أحد المسارحة</name>
        <styleUrl>#icon-1899-DB4436-labelson-nodesc</styleUrl>
        <Point>
          <coordinates>
            42.953625,16.710055,0
          </coordinates>
        </Point>
      </Placemark>
      <Placemark>
        <name>أم البرم</name>
        <styleUrl>#icon-1899-DB4436-labelson-nodesc</styleUrl>
        <Point>
          <coordinates>
            42.859168,17.095821,0
          </coordinates>
        </Point>
      </Placemark>
      <Placemark>
        <name>أم الجرع</name>
        <styleUrl>#icon-1899-DB4436-labelson-nodesc</styleUrl>
        <Point>
          <coordinates>
            43.028619,17.036662,0
          </coordinates>
        </Point>
      </Placemark>
      <Placemark>
        <name>أم الحصم</name>
        <styleUrl>#icon-1899-DB4436-labelson-nodesc</styleUrl>
        <Point>
          <coordinates>
            43.163331,16.723337,0
          </coordinates>
        </Point>
      </Placemark>
      <Placemark>
        <name>أم الخشب</name>
        <styleUrl>#icon-1899-DB4436-labelson-nodesc</styleUrl>
        <Point>
          <coordinates>
            43.09267,16.811786,0
          </coordinates>
        </Point>
      </Placemark>
      <Placemark>
        <name>أم الدغابيس</name>
        <styleUrl>#icon-1899-DB4436-labelson-nodesc</styleUrl>
        <Point>
          <coordinates>
            42.007706,17.722063,0
          </coordinates>
        </Point>
      </Placemark>
      <Placemark>
        <name>أم الروايا</name>
        <styleUrl>#icon-1899-DB4436-labelson-nodesc</styleUrl>
        <Point>
          <coordinates>
            43.05203,16.623065,0
          </coordinates>
        </Point>
      </Placemark>
      <Placemark>
        <name>أم الرين</name>
        <styleUrl>#icon-1899-DB4436-labelson-nodesc</styleUrl>
        <Point>
          <coordinates>
            43.108742,16.873863,0
          </coordinates>
        </Point>
      </Placemark>
      <Placemark>
        <name>أم السهي</name>
        <styleUrl>#icon-1899-DB4436-labelson-nodesc</styleUrl>
        <Point>
          <coordinates>
            43.155971,16.749623,0
          </coordinates>
        </Point>
      </Placemark>
      <Placemark>
        <name>أم الشباقا</name>
        <styleUrl>#icon-1899-DB4436-labelson-nodesc</styleUrl>
        <Point>
          <coordinates>
            42.598243,17.216713,0
          </coordinates>
        </Point>
      </Placemark>
      <Placemark>
        <name>أم الشرافي</name>
        <styleUrl>#icon-1899-DB4436-labelson-nodesc</styleUrl>
        <Point>
          <coordinates>
            42.044785,17.712815,0
          </coordinates>
        </Point>
      </Placemark>
      <Placemark>
        <name>أم الشفار</name>
        <styleUrl>#icon-1899-DB4436-labelson-nodesc</styleUrl>
        <Point>
          <coordinates>
            43.187492,16.762497,0
          </coordinates>
        </Point>
      </Placemark>
      <Placemark>
        <name>أم الشكوك</name>
        <styleUrl>#icon-1899-DB4436-labelson-nodesc</styleUrl>
        <Point>
          <coordinates>
            42.043605,17.716677,0
          </coordinates>
        </Point>
      </Placemark>
      <Placemark>
        <name>أم الشيح</name>
        <styleUrl>#icon-1899-DB4436-labelson-nodesc</styleUrl>
        <Point>
          <coordinates>
            43.08722,16.72029,0
          </coordinates>
        </Point>
      </Placemark>
      <Placemark>
        <name>أم الصفحة</name>
        <styleUrl>#icon-1899-DB4436-labelson-nodesc</styleUrl>
        <Point>
          <coordinates>
            42.620838,17.260551,0
          </coordinates>
        </Point>
      </Placemark>
      <Placemark>
        <name>أم الطيور</name>
        <styleUrl>#icon-1899-DB4436-labelson-nodesc</styleUrl>
        <Point>
          <coordinates>
            42.91925,16.807709,0
          </coordinates>
        </Point>
      </Placemark>
      <Placemark>
        <name>أم العجا</name>
        <styleUrl>#icon-1899-DB4436-labelson-nodesc</styleUrl>
        <Point>
          <coordinates>
            43.084431,16.646111,0
          </coordinates>
        </Point>
      </Placemark>
      <Placemark>
        <name>أم العرش</name>
        <styleUrl>#icon-1899-DB4436-labelson-nodesc</styleUrl>
        <Point>
          <coordinates>
            42.498765,17.104962,0
          </coordinates>
        </Point>
      </Placemark>
      <Placemark>
        <name>أم العظام</name>
        <styleUrl>#icon-1899-DB4436-labelson-nodesc</styleUrl>
        <Point>
          <coordinates>
            43.060548,17.111743,0
          </coordinates>
        </Point>
      </Placemark>
      <Placemark>
        <name>أم العكاش</name>
        <styleUrl>#icon-1899-DB4436-labelson-nodesc</styleUrl>
        <Point>
          <coordinates>
            43.076942,16.766102,0
          </coordinates>
        </Point>
      </Placemark>
      <Placemark>
        <name>أم العنق</name>
        <styleUrl>#icon-1899-DB4436-labelson-nodesc</styleUrl>
        <Point>
          <coordinates>
            42.950749,17.077131,0
          </coordinates>
        </Point>
      </Placemark>
      <Placemark>
        <name>أم القحفة</name>
        <styleUrl>#icon-1899-DB4436-labelson-nodesc</styleUrl>
        <Point>
          <coordinates>
            42.628648,17.274842,0
          </coordinates>
        </Point>
      </Placemark>
      <Placemark>
        <name>أم القروش</name>
        <styleUrl>#icon-1899-DB4436-labelson-nodesc</styleUrl>
        <Point>
          <coordinates>
            43.137195,16.67098,0
          </coordinates>
        </Point>
      </Placemark>
      <Placemark>
        <name>أم القصب</name>
        <styleUrl>#icon-1899-DB4436-labelson-nodesc</styleUrl>
        <Point>
          <coordinates>
            43.106918,16.7905,0
          </coordinates>
        </Point>
      </Placemark>
      <Placemark>
        <name>أم القصيب</name>
        <styleUrl>#icon-1899-DB4436-labelson-nodesc</styleUrl>
        <Point>
          <coordinates>
            42.592213,17.151396,0
          </coordinates>
        </Point>
      </Placemark>
      <Placemark>
        <name>أم القضب</name>
        <styleUrl>#icon-1899-DB4436-labelson-nodesc</styleUrl>
        <Point>
          <coordinates>
            42.499344,17.108696,0
          </coordinates>
        </Point>
      </Placemark>
      <Placemark>
        <name>أم القضب</name>
        <styleUrl>#icon-1899-DB4436-labelson-nodesc</styleUrl>
        <Point>
          <coordinates>
            43.245878,16.805649,0
          </coordinates>
        </Point>
      </Placemark>
      <Placemark>
        <name>أم القعاميص</name>
        <styleUrl>#icon-1899-DB4436-labelson-nodesc</styleUrl>
        <Point>
          <coordinates>
            42.944312,17.063034,0
          </coordinates>
        </Point>
      </Placemark>
      <Placemark>
        <name>أم القماري</name>
        <styleUrl>#icon-1899-DB4436-labelson-nodesc</styleUrl>
        <Point>
          <coordinates>
            43.158331,16.714432,0
          </coordinates>
        </Point>
      </Placemark>
      <Placemark>
        <name>أم المسنى</name>
        <styleUrl>#icon-1899-DB4436-labelson-nodesc</styleUrl>
        <Point>
          <coordinates>
            42.227776,17.675564,0
          </coordinates>
        </Point>
      </Placemark>
      <Placemark>
        <name>أم المعاشر</name>
        <styleUrl>#icon-1899-DB4436-labelson-nodesc</styleUrl>
        <Point>
          <coordinates>
            42.651157,17.201157,0
          </coordinates>
        </Point>
      </Placemark>
      <Placemark>
        <name>أم النار</name>
        <styleUrl>#icon-1899-DB4436-labelson-nodesc</styleUrl>
        <Point>
          <coordinates>
            42.888072,16.886394,0
          </coordinates>
        </Point>
      </Placemark>
      <Placemark>
        <name>أم النحوس</name>
        <styleUrl>#icon-1899-DB4436-labelson-nodesc</styleUrl>
        <Point>
          <coordinates>
            42.24417,17.701399,0
          </coordinates>
        </Point>
      </Placemark>
      <Placemark>
        <name>أم ثرار</name>
        <styleUrl>#icon-1899-DB4436-labelson-nodesc</styleUrl>
        <Point>
          <coordinates>
            43.091705,17.017865,0
          </coordinates>
        </Point>
      </Placemark>
      <Placemark>
        <name>أم جهيرة</name>
        <styleUrl>#icon-1899-DB4436-labelson-nodesc</styleUrl>
        <Point>
          <coordinates>
            43.147774,16.998339,0
          </coordinates>
        </Point>
      </Placemark>
      <Placemark>
        <name>أم حجر معلا</name>
        <styleUrl>#icon-1899-DB4436-labelson-nodesc</styleUrl>
        <Point>
          <coordinates>
            42.918885,17.014432,0
          </coordinates>
        </Point>
      </Placemark>
      <Placemark>
        <name>أم خليف</name>
        <styleUrl>#icon-1899-DB4436-labelson-nodesc</styleUrl>
        <Point>
          <coordinates>
            42.961071,17.132599,0
          </coordinates>
        </Point>
      </Placemark>
      <Placemark>
        <name>أم رخة</name>
        <styleUrl>#icon-1899-DB4436-labelson-nodesc</styleUrl>
        <Point>
          <coordinates>
            43.07559,17.066596,0
          </coordinates>
        </Point>
      </Placemark>
      <Placemark>
        <name>أم رديف</name>
        <styleUrl>#icon-1899-DB4436-labelson-nodesc</styleUrl>
        <Point>
          <coordinates>
            43.075139,17.048464,0
          </coordinates>
        </Point>
      </Placemark>
      <Placemark>
        <name>أم زحيتر</name>
        <styleUrl>#icon-1899-DB4436-labelson-nodesc</styleUrl>
        <Point>
          <coordinates>
            43.067844,17.133651,0
          </coordinates>
        </Point>
      </Placemark>
      <Placemark>
        <name>أم سبالة</name>
        <styleUrl>#icon-1899-DB4436-labelson-nodesc</styleUrl>
        <Point>
          <coordinates>
            43.232832,16.78359,0
          </coordinates>
        </Point>
      </Placemark>
      <Placemark>
        <name>أم سعادية</name>
        <styleUrl>#icon-1899-DB4436-labelson-nodesc</styleUrl>
        <Point>
          <coordinates>
            43.225279,17.030289,0
          </coordinates>
        </Point>
      </Placemark>
      <Placemark>
        <name>أم شماع</name>
        <styleUrl>#icon-1899-DB4436-labelson-nodesc</styleUrl>
        <Point>
          <coordinates>
            43.031945,16.744173,0
          </coordinates>
        </Point>
      </Placemark>
      <Placemark>
        <name>أم عثنات</name>
        <styleUrl>#icon-1899-DB4436-labelson-nodesc</styleUrl>
        <Point>
          <coordinates>
            43.09767,16.951754,0
          </coordinates>
        </Point>
      </Placemark>
      <Placemark>
        <name>أم علايا</name>
        <styleUrl>#icon-1899-DB4436-labelson-nodesc</styleUrl>
        <Point>
          <coordinates>
            43.139448,17.015569,0
          </coordinates>
        </Point>
      </Placemark>
      <Placemark>
        <name>أم عودة</name>
        <styleUrl>#icon-1899-DB4436-labelson-nodesc</styleUrl>
        <Point>
          <coordinates>
            43.130608,16.634266,0
          </coordinates>
        </Point>
      </Placemark>
      <Placemark>
        <name>أم قرقع</name>
        <styleUrl>#icon-1899-DB4436-labelson-nodesc</styleUrl>
        <Point>
          <coordinates>
            43.128333,16.882789,0
          </coordinates>
        </Point>
      </Placemark>
      <Placemark>
        <name>أم قطب</name>
        <styleUrl>#icon-1899-DB4436-labelson-nodesc</styleUrl>
        <Point>
          <coordinates>
            43.086941,16.624718,0
          </coordinates>
        </Point>
      </Placemark>
      <Placemark>
        <name>أم محارب</name>
        <styleUrl>#icon-1899-DB4436-labelson-nodesc</styleUrl>
        <Point>
          <coordinates>
            43.067973,16.871116,0
          </coordinates>
        </Point>
      </Placemark>
      <Placemark>
        <name>ابكر</name>
        <styleUrl>#icon-1899-DB4436-labelson-nodesc</styleUrl>
        <Point>
          <coordinates>
            41.919708,16.630189,0
          </coordinates>
        </Point>
      </Placemark>
      <Placemark>
        <name>ابو الرديف</name>
        <styleUrl>#icon-1899-DB4436-labelson-nodesc</styleUrl>
        <Point>
          <coordinates>
            43.13168,16.617637,0
          </coordinates>
        </Point>
      </Placemark>
      <Placemark>
        <name>ابو الركبة</name>
        <styleUrl>#icon-1899-DB4436-labelson-nodesc</styleUrl>
        <Point>
          <coordinates>
            42.577772,17.492509,0
          </coordinates>
        </Point>
      </Placemark>
      <Placemark>
        <name>ابو السداد</name>
        <styleUrl>#icon-1899-DB4436-labelson-nodesc</styleUrl>
        <Point>
          <coordinates>
            42.228699,17.724144,0
          </coordinates>
        </Point>
      </Placemark>
      <Placemark>
        <name>ابو السلع</name>
        <styleUrl>#icon-1899-DB4436-labelson-nodesc</styleUrl>
        <Point>
          <coordinates>
            42.607555,17.240639,0
          </coordinates>
        </Point>
      </Placemark>
      <Placemark>
        <name>ابو الضربه</name>
        <styleUrl>#icon-1899-DB4436-labelson-nodesc</styleUrl>
        <Point>
          <coordinates>
            43.10003,16.538715,0
          </coordinates>
        </Point>
      </Placemark>
      <Placemark>
        <name>ابو العوده</name>
        <styleUrl>#icon-1899-DB4436-labelson-nodesc</styleUrl>
        <Point>
          <coordinates>
            42.98594,17.171245,0
          </coordinates>
        </Point>
      </Placemark>
      <Placemark>
        <name>ابو القعايد</name>
        <styleUrl>#icon-1899-DB4436-labelson-nodesc</styleUrl>
        <Point>
          <coordinates>
            42.607298,17.271731,0
          </coordinates>
        </Point>
      </Placemark>
      <Placemark>
        <name>ابو المده</name>
        <styleUrl>#icon-1899-DB4436-labelson-nodesc</styleUrl>
        <Point>
          <coordinates>
            41.734786,16.649458,0
          </coordinates>
        </Point>
      </Placemark>
      <Placemark>
        <name>ابو النوره</name>
        <styleUrl>#icon-1899-DB4436-labelson-nodesc</styleUrl>
        <Point>
          <coordinates>
            42.883329,17.050288,0
          </coordinates>
        </Point>
      </Placemark>
      <Placemark>
        <name>ابو حجر الاسفل</name>
        <styleUrl>#icon-1899-DB4436-labelson-nodesc</styleUrl>
        <Point>
          <coordinates>
            43.010337,16.67568,0
          </coordinates>
        </Point>
      </Placemark>
      <Placemark>
        <name>ابو شقور</name>
        <styleUrl>#icon-1899-DB4436-labelson-nodesc</styleUrl>
        <Point>
          <coordinates>
            42.289853,16.918967,0
          </coordinates>
        </Point>
      </Placemark>
      <Placemark>
        <name>ابو صمقتين</name>
        <styleUrl>#icon-1899-DB4436-labelson-nodesc</styleUrl>
        <Point>
          <coordinates>
            43.065913,16.784298,0
          </coordinates>
        </Point>
      </Placemark>
      <Placemark>
        <name>ابو طوق</name>
        <styleUrl>#icon-1899-DB4436-labelson-nodesc</styleUrl>
        <Point>
          <coordinates>
            41.921639,16.943729,0
          </coordinates>
        </Point>
      </Placemark>
      <Placemark>
        <name>ابو عريش</name>
        <styleUrl>#icon-1899-DB4436-labelson-nodesc</styleUrl>
        <Point>
          <coordinates>
            42.83093,16.96862,0
          </coordinates>
        </Point>
      </Placemark>
      <Placemark>
        <name>ابو كرش</name>
        <styleUrl>#icon-1899-DB4436-labelson-nodesc</styleUrl>
        <Point>
          <coordinates>
            42.727418,16.796529,0
          </coordinates>
        </Point>
      </Placemark>
      <Placemark>
        <name>ابو لهب</name>
        <styleUrl>#icon-1899-DB4436-labelson-nodesc</styleUrl>
        <Point>
          <coordinates>
            42.963517,16.943901,0
          </coordinates>
        </Point>
      </Placemark>
      <Placemark>
        <name>ابو مسود</name>
        <styleUrl>#icon-1899-DB4436-labelson-nodesc</styleUrl>
        <Point>
          <coordinates>
            43.008642,16.601179,0
          </coordinates>
        </Point>
      </Placemark>
      <Placemark>
        <name>ابو مض</name>
        <styleUrl>#icon-1899-DB4436-labelson-nodesc</styleUrl>
        <Point>
          <coordinates>
            43.01317,16.588175,0
          </coordinates>
        </Point>
      </Placemark>
      <Placemark>
        <name>ابو معراج</name>
        <styleUrl>#icon-1899-DB4436-labelson-nodesc</styleUrl>
        <Point>
          <coordinates>
            42.90365,17.20901,0
          </coordinates>
        </Point>
      </Placemark>
      <Placemark>
        <name>احديب الاهتان</name>
        <styleUrl>#icon-1899-DB4436-labelson-nodesc</styleUrl>
        <Point>
          <coordinates>
            43.067286,17.251625,0
          </coordinates>
        </Point>
      </Placemark>
      <Placemark>
        <name>اسكان محطة التحلية</name>
        <styleUrl>#icon-1899-DB4436-labelson-nodesc</styleUrl>
        <Point>
          <coordinates>
            42.07298,17.696013,0
          </coordinates>
        </Point>
      </Placemark>
      <Placemark>
        <name>اشجار سلام</name>
        <styleUrl>#icon-1899-DB4436-labelson-nodesc</styleUrl>
        <Point>
          <coordinates>
            42.884552,16.778655,0
          </coordinates>
        </Point>
      </Placemark>
      <Placemark>
        <name>اكرم</name>
        <styleUrl>#icon-1899-DB4436-labelson-nodesc</styleUrl>
        <Point>
          <coordinates>
            42.438297,16.446083,0
          </coordinates>
        </Point>
      </Placemark>
      <Placemark>
        <name>ال زيدان</name>
        <styleUrl>#icon-1899-DB4436-labelson-nodesc</styleUrl>
        <Point>
          <coordinates>
            43.292592,17.296,0
          </coordinates>
        </Point>
      </Placemark>
      <Placemark>
        <name>ال سعيد</name>
        <styleUrl>#icon-1899-DB4436-labelson-nodesc</styleUrl>
        <Point>
          <coordinates>
            43.203778,17.331641,0
          </coordinates>
        </Point>
      </Placemark>
      <Placemark>
        <name>ال عزبه</name>
        <styleUrl>#icon-1899-DB4436-labelson-nodesc</styleUrl>
        <Point>
          <coordinates>
            43.26195,17.653055,0
          </coordinates>
        </Point>
      </Placemark>
      <Placemark>
        <name>ال قطيل</name>
        <styleUrl>#icon-1899-DB4436-labelson-nodesc</styleUrl>
        <Point>
          <coordinates>
            43.190646,17.317779,0
          </coordinates>
        </Point>
      </Placemark>
      <Placemark>
        <name>ال محسن</name>
        <styleUrl>#icon-1899-DB4436-labelson-nodesc</styleUrl>
        <Point>
          <coordinates>
            43.090825,17.055631,0
          </coordinates>
        </Point>
      </Placemark>
      <Placemark>
        <name>ال محمد</name>
        <styleUrl>#icon-1899-DB4436-labelson-nodesc</styleUrl>
        <Point>
          <coordinates>
            43.209164,17.272782,0
          </coordinates>
        </Point>
      </Placemark>
      <Placemark>
        <name>ال مفتاح</name>
        <styleUrl>#icon-1899-DB4436-labelson-nodesc</styleUrl>
        <Point>
          <coordinates>
            43.327782,17.663054,0
          </coordinates>
        </Point>
      </Placemark>
      <Placemark>
        <name>ال يحيى</name>
        <styleUrl>#icon-1899-DB4436-labelson-nodesc</styleUrl>
        <Point>
          <coordinates>
            43.275919,17.327113,0
          </coordinates>
        </Point>
      </Placemark>
      <Placemark>
        <name>الأثلة</name>
        <styleUrl>#icon-1899-DB4436-labelson-nodesc</styleUrl>
        <Point>
          <coordinates>
            42.521381,17.16985,0
          </coordinates>
        </Point>
      </Placemark>
      <Placemark>
        <name>الأحد</name>
        <styleUrl>#icon-1899-DB4436-labelson-nodesc</styleUrl>
        <Point>
          <coordinates>
            42.872343,16.698747,0
          </coordinates>
        </Point>
      </Placemark>
      <Placemark>
        <name>الأحول</name>
        <styleUrl>#icon-1899-DB4436-labelson-nodesc</styleUrl>
        <Point>
          <coordinates>
            43.028619,16.969714,0
          </coordinates>
        </Point>
      </Placemark>
      <Placemark>
        <name>الأساملة</name>
        <styleUrl>#icon-1899-DB4436-labelson-nodesc</styleUrl>
        <Point>
          <coordinates>
            42.759991,16.866589,0
          </coordinates>
        </Point>
      </Placemark>
      <Placemark>
        <name>الأسودية</name>
        <styleUrl>#icon-1899-DB4436-labelson-nodesc</styleUrl>
        <Point>
          <coordinates>
            42.866678,16.399992,0
          </coordinates>
        </Point>
      </Placemark>
      <Placemark>
        <name>الأَملح</name>
        <styleUrl>#icon-1899-DB4436-labelson-nodesc</styleUrl>
        <Point>
          <coordinates>
            42.74982,16.799834,0
          </coordinates>
        </Point>
      </Placemark>
      <Placemark>
        <name>الاجهان</name>
        <styleUrl>#icon-1899-DB4436-labelson-nodesc</styleUrl>
        <Point>
          <coordinates>
            41.462123,16.889398,0
          </coordinates>
        </Point>
      </Placemark>
      <Placemark>
        <name>الاسامه الشماليه</name>
        <styleUrl>#icon-1899-DB4436-labelson-nodesc</styleUrl>
        <Point>
          <coordinates>
            42.774732,16.886673,0
          </coordinates>
        </Point>
      </Placemark>
      <Placemark>
        <name>الاماليح</name>
        <styleUrl>#icon-1899-DB4436-labelson-nodesc</styleUrl>
        <Point>
          <coordinates>
            41.758926,17.286859,0
          </coordinates>
        </Point>
      </Placemark>
      <Placemark>
        <name>الباحر</name>
        <styleUrl>#icon-1899-DB4436-labelson-nodesc</styleUrl>
        <Point>
          <coordinates>
            42.600131,17.124681,0
          </coordinates>
        </Point>
      </Placemark>
      <Placemark>
        <name>البازخ</name>
        <styleUrl>#icon-1899-DB4436-labelson-nodesc</styleUrl>
        <Point>
          <coordinates>
            42.049441,17.748885,0
          </coordinates>
        </Point>
      </Placemark>
      <Placemark>
        <name>الباطنه</name>
        <styleUrl>#icon-1899-DB4436-labelson-nodesc</styleUrl>
        <Point>
          <coordinates>
            42.60262,17.09919,0
          </coordinates>
        </Point>
      </Placemark>
      <Placemark>
        <name>البتر</name>
        <styleUrl>#icon-1899-DB4436-labelson-nodesc</styleUrl>
        <Point>
          <coordinates>
            43.225,17.057497,0
          </coordinates>
        </Point>
      </Placemark>
      <Placemark>
        <name>البحثه</name>
        <styleUrl>#icon-1899-DB4436-labelson-nodesc</styleUrl>
        <Point>
          <coordinates>
            43.028877,16.952291,0
          </coordinates>
        </Point>
      </Placemark>
      <Placemark>
        <name>البحره</name>
        <styleUrl>#icon-1899-DB4436-labelson-nodesc</styleUrl>
        <Point>
          <coordinates>
            43.162472,17.280593,0
          </coordinates>
        </Point>
      </Placemark>
      <Placemark>
        <name>البحص</name>
        <styleUrl>#icon-1899-DB4436-labelson-nodesc</styleUrl>
        <Point>
          <coordinates>
            43.140285,17.014711,0
          </coordinates>
        </Point>
      </Placemark>
      <Placemark>
        <name>البحطيط</name>
        <styleUrl>#icon-1899-DB4436-labelson-nodesc</styleUrl>
        <Point>
          <coordinates>
            43.18732,16.784835,0
          </coordinates>
        </Point>
      </Placemark>
      <Placemark>
        <name>البختة</name>
        <styleUrl>#icon-1899-DB4436-labelson-nodesc</styleUrl>
        <Point>
          <coordinates>
            42.727482,16.895835,0
          </coordinates>
        </Point>
      </Placemark>
      <Placemark>
        <name>البختة الشماليه</name>
        <styleUrl>#icon-1899-DB4436-labelson-nodesc</styleUrl>
        <Point>
          <coordinates>
            42.718771,16.903496,0
          </coordinates>
        </Point>
      </Placemark>
      <Placemark>
        <name>البداوي</name>
        <styleUrl>#icon-1899-DB4436-labelson-nodesc</styleUrl>
        <Point>
          <coordinates>
            42.863245,16.630576,0
          </coordinates>
        </Point>
      </Placemark>
      <Placemark>
        <name>البديع</name>
        <styleUrl>#icon-1899-DB4436-labelson-nodesc</styleUrl>
        <Point>
          <coordinates>
            42.776299,16.990356,0
          </coordinates>
        </Point>
      </Placemark>
      <Placemark>
        <name>البرامي</name>
        <styleUrl>#icon-1899-DB4436-labelson-nodesc</styleUrl>
        <Point>
          <coordinates>
            43.144448,16.924996,0
          </coordinates>
        </Point>
      </Placemark>
      <Placemark>
        <name>البرصاء</name>
        <styleUrl>#icon-1899-DB4436-labelson-nodesc</styleUrl>
        <Point>
          <coordinates>
            42.782221,16.89502,0
          </coordinates>
        </Point>
      </Placemark>
      <Placemark>
        <name>البرمي</name>
        <styleUrl>#icon-1899-DB4436-labelson-nodesc</styleUrl>
        <Point>
          <coordinates>
            43.218069,17.03443,0
          </coordinates>
        </Point>
      </Placemark>
      <Placemark>
        <name>البرنية</name>
        <styleUrl>#icon-1899-DB4436-labelson-nodesc</styleUrl>
        <Point>
          <coordinates>
            43.248668,16.804533,0
          </coordinates>
        </Point>
      </Placemark>
      <Placemark>
        <name>البريك</name>
        <styleUrl>#icon-1899-DB4436-labelson-nodesc</styleUrl>
        <Point>
          <coordinates>
            43.117218,17.003338,0
          </coordinates>
        </Point>
      </Placemark>
      <Placemark>
        <name>البزة</name>
        <styleUrl>#icon-1899-DB4436-labelson-nodesc</styleUrl>
        <Point>
          <coordinates>
            43.00051,17.040052,0
          </coordinates>
        </Point>
      </Placemark>
      <Placemark>
        <name>البزه</name>
        <styleUrl>#icon-1899-DB4436-labelson-nodesc</styleUrl>
        <Point>
          <coordinates>
            42.959847,17.048743,0
          </coordinates>
        </Point>
      </Placemark>
      <Placemark>
        <name>البشامة</name>
        <styleUrl>#icon-1899-DB4436-labelson-nodesc</styleUrl>
        <Point>
          <coordinates>
            43.067501,17.0964,0
          </coordinates>
        </Point>
      </Placemark>
      <Placemark>
        <name>البصه</name>
        <styleUrl>#icon-1899-DB4436-labelson-nodesc</styleUrl>
        <Point>
          <coordinates>
            42.985125,16.91092,0
          </coordinates>
        </Point>
      </Placemark>
      <Placemark>
        <name>البطح</name>
        <styleUrl>#icon-1899-DB4436-labelson-nodesc</styleUrl>
        <Point>
          <coordinates>
            42.486041,17.124317,0
          </coordinates>
        </Point>
      </Placemark>
      <Placemark>
        <name>البغله</name>
        <styleUrl>#icon-1899-DB4436-labelson-nodesc</styleUrl>
        <Point>
          <coordinates>
            41.407235,16.951883,0
          </coordinates>
        </Point>
      </Placemark>
      <Placemark>
        <name>البقعة</name>
        <styleUrl>#icon-1899-DB4436-labelson-nodesc</styleUrl>
        <Point>
          <coordinates>
            43.132238,17.084663,0
          </coordinates>
        </Point>
      </Placemark>
      <Placemark>
        <name>البناية</name>
        <styleUrl>#icon-1899-DB4436-labelson-nodesc</styleUrl>
        <Point>
          <coordinates>
            42.540822,17.397773,0
          </coordinates>
        </Point>
      </Placemark>
      <Placemark>
        <name>البهاكلة</name>
        <styleUrl>#icon-1899-DB4436-labelson-nodesc</styleUrl>
        <Point>
          <coordinates>
            42.898886,16.942227,0
          </coordinates>
        </Point>
      </Placemark>
      <Placemark>
        <name>البهاليل</name>
        <styleUrl>#icon-1899-DB4436-labelson-nodesc</styleUrl>
        <Point>
          <coordinates>
            43.162601,16.733766,0
          </coordinates>
        </Point>
      </Placemark>
      <Placemark>
        <name>البوالشة</name>
        <styleUrl>#icon-1899-DB4436-labelson-nodesc</styleUrl>
        <Point>
          <coordinates>
            42.842753,16.904161,0
          </coordinates>
        </Point>
      </Placemark>
      <Placemark>
        <name>البور</name>
        <styleUrl>#icon-1899-DB4436-labelson-nodesc</styleUrl>
        <Point>
          <coordinates>
            43.205001,17.030568,0
          </coordinates>
        </Point>
      </Placemark>
      <Placemark>
        <name>البيسري</name>
        <styleUrl>#icon-1899-DB4436-labelson-nodesc</styleUrl>
        <Point>
          <coordinates>
            42.764583,16.557791,0
          </coordinates>
        </Point>
      </Placemark>
      <Placemark>
        <name>البيض الاسفل</name>
        <styleUrl>#icon-1899-DB4436-labelson-nodesc</styleUrl>
        <Point>
          <coordinates>
            42.835329,17.046361,0
          </coordinates>
        </Point>
      </Placemark>
      <Placemark>
        <name>البيض الاعلى</name>
        <styleUrl>#icon-1899-DB4436-labelson-nodesc</styleUrl>
        <Point>
          <coordinates>
            42.847087,17.054257,0
          </coordinates>
        </Point>
      </Placemark>
      <Placemark>
        <name>البيضاء</name>
        <styleUrl>#icon-1899-DB4436-labelson-nodesc</styleUrl>
        <Point>
          <coordinates>
            43.147452,16.7696,0
          </coordinates>
        </Point>
      </Placemark>
      <Placemark>
        <name>البيطاريه</name>
        <styleUrl>#icon-1899-DB4436-labelson-nodesc</styleUrl>
        <Point>
          <coordinates>
            42.975876,16.71911,0
          </coordinates>
        </Point>
      </Placemark>
      <Placemark>
        <name>التراوغ</name>
        <styleUrl>#icon-1899-DB4436-labelson-nodesc</styleUrl>
        <Point>
          <coordinates>
            43.150005,16.991665,0
          </coordinates>
        </Point>
      </Placemark>
      <Placemark>
        <name>الجابري</name>
        <styleUrl>#icon-1899-DB4436-labelson-nodesc</styleUrl>
        <Point>
          <coordinates>
            43.184295,16.841247,0
          </coordinates>
        </Point>
      </Placemark>
      <Placemark>
        <name>الجارية</name>
        <styleUrl>#icon-1899-DB4436-labelson-nodesc</styleUrl>
        <Point>
          <coordinates>
            42.549706,17.212508,0
          </coordinates>
        </Point>
      </Placemark>
      <Placemark>
        <name>الجاضع</name>
        <styleUrl>#icon-1899-DB4436-labelson-nodesc</styleUrl>
        <Point>
          <coordinates>
            42.916031,16.930597,0
          </coordinates>
        </Point>
      </Placemark>
      <Placemark>
        <name>الجاضع</name>
        <styleUrl>#icon-1899-DB4436-labelson-nodesc</styleUrl>
        <Point>
          <coordinates>
            42.99551,16.644459,0
          </coordinates>
        </Point>
      </Placemark>
      <Placemark>
        <name>الجاضع</name>
        <styleUrl>#icon-1899-DB4436-labelson-nodesc</styleUrl>
        <Point>
          <coordinates>
            43.067222,16.95493,0
          </coordinates>
        </Point>
      </Placemark>
      <Placemark>
        <name>الجاعدية</name>
        <styleUrl>#icon-1899-DB4436-labelson-nodesc</styleUrl>
        <Point>
          <coordinates>
            42.733147,16.785951,0
          </coordinates>
        </Point>
      </Placemark>
      <Placemark>
        <name>الجانبه</name>
        <styleUrl>#icon-1899-DB4436-labelson-nodesc</styleUrl>
        <Point>
          <coordinates>
            43.061407,17.52727,0
          </coordinates>
        </Point>
      </Placemark>
      <Placemark>
        <name>الجب</name>
        <styleUrl>#icon-1899-DB4436-labelson-nodesc</styleUrl>
        <Point>
          <coordinates>
            42.976305,16.868176,0
          </coordinates>
        </Point>
      </Placemark>
      <Placemark>
        <name>الجبابية</name>
        <styleUrl>#icon-1899-DB4436-labelson-nodesc</styleUrl>
        <Point>
          <coordinates>
            43.152773,16.858327,0
          </coordinates>
        </Point>
      </Placemark>
      <Placemark>
        <name>الجبانة</name>
        <styleUrl>#icon-1899-DB4436-labelson-nodesc</styleUrl>
        <Point>
          <coordinates>
            43.092778,17.041941,0
          </coordinates>
        </Point>
      </Placemark>
      <Placemark>
        <name>الجبجبة</name>
        <styleUrl>#icon-1899-DB4436-labelson-nodesc</styleUrl>
        <Point>
          <coordinates>
            43.072221,17.084727,0
          </coordinates>
        </Point>
      </Placemark>
      <Placemark>
        <name>الجبلية</name>
        <styleUrl>#icon-1899-DB4436-labelson-nodesc</styleUrl>
        <Point>
          <coordinates>
            42.840028,17.139788,0
          </coordinates>
        </Point>
      </Placemark>
      <Placemark>
        <name>الجبلية</name>
        <styleUrl>#icon-1899-DB4436-labelson-nodesc</styleUrl>
        <Point>
          <coordinates>
            43.179445,17.090821,0
          </coordinates>
        </Point>
      </Placemark>
      <Placemark>
        <name>الجبنون</name>
        <styleUrl>#icon-1899-DB4436-labelson-nodesc</styleUrl>
        <Point>
          <coordinates>
            43.117969,16.606736,0
          </coordinates>
        </Point>
      </Placemark>
      <Placemark>
        <name>الجحاشره</name>
        <styleUrl>#icon-1899-DB4436-labelson-nodesc</styleUrl>
        <Point>
          <coordinates>
            42.855391,16.730526,0
          </coordinates>
        </Point>
      </Placemark>
      <Placemark>
        <name>الجحشة</name>
        <styleUrl>#icon-1899-DB4436-labelson-nodesc</styleUrl>
        <Point>
          <coordinates>
            43.111103,16.97083,0
          </coordinates>
        </Point>
      </Placemark>
      <Placemark>
        <name>الجحيرة</name>
        <styleUrl>#icon-1899-DB4436-labelson-nodesc</styleUrl>
        <Point>
          <coordinates>
            43.106661,17.071681,0
          </coordinates>
        </Point>
      </Placemark>
      <Placemark>
        <name>الجديين</name>
        <styleUrl>#icon-1899-DB4436-labelson-nodesc</styleUrl>
        <Point>
          <coordinates>
            42.575712,17.11494,0
          </coordinates>
        </Point>
      </Placemark>
      <Placemark>
        <name>الجر</name>
        <styleUrl>#icon-1899-DB4436-labelson-nodesc</styleUrl>
        <Point>
          <coordinates>
            42.577214,17.124167,0
          </coordinates>
        </Point>
      </Placemark>
      <Placemark>
        <name>الجر</name>
        <styleUrl>#icon-1899-DB4436-labelson-nodesc</styleUrl>
        <Point>
          <coordinates>
            42.757309,17.177188,0
          </coordinates>
        </Point>
      </Placemark>
      <Placemark>
        <name>الجرادية</name>
        <styleUrl>#icon-1899-DB4436-labelson-nodesc</styleUrl>
        <Point>
          <coordinates>
            42.911074,16.581073,0
          </coordinates>
        </Point>
      </Placemark>
      <Placemark>
        <name>الجرار</name>
        <styleUrl>#icon-1899-DB4436-labelson-nodesc</styleUrl>
        <Point>
          <coordinates>
            43.118613,16.916392,0
          </coordinates>
        </Point>
      </Placemark>
      <Placemark>
        <name>الجرب</name>
        <styleUrl>#icon-1899-DB4436-labelson-nodesc</styleUrl>
        <Point>
          <coordinates>
            42.784324,16.565967,0
          </coordinates>
        </Point>
      </Placemark>
      <Placemark>
        <name>الجرب</name>
        <styleUrl>#icon-1899-DB4436-labelson-nodesc</styleUrl>
        <Point>
          <coordinates>
            42.819836,16.589119,0
          </coordinates>
        </Point>
      </Placemark>
      <Placemark>
        <name>الجربة</name>
        <styleUrl>#icon-1899-DB4436-labelson-nodesc</styleUrl>
        <Point>
          <coordinates>
            42.887986,16.927829,0
          </coordinates>
        </Point>
      </Placemark>
      <Placemark>
        <name>الجردية</name>
        <styleUrl>#icon-1899-DB4436-labelson-nodesc</styleUrl>
        <Point>
          <coordinates>
            42.884853,16.57794,0
          </coordinates>
        </Point>
      </Placemark>
      <Placemark>
        <name>الجرفة</name>
        <styleUrl>#icon-1899-DB4436-labelson-nodesc</styleUrl>
        <Point>
          <coordinates>
            43.159962,16.982374,0
          </coordinates>
        </Point>
      </Placemark>
      <Placemark>
        <name>الجرمية</name>
        <styleUrl>#icon-1899-DB4436-labelson-nodesc</styleUrl>
        <Point>
          <coordinates>
            43.161528,16.986387,0
          </coordinates>
        </Point>
      </Placemark>
      <Placemark>
        <name>الجروب</name>
        <styleUrl>#icon-1899-DB4436-labelson-nodesc</styleUrl>
        <Point>
          <coordinates>
            42.791941,16.595085,0
          </coordinates>
        </Point>
      </Placemark>
      <Placemark>
        <name>الجروف</name>
        <styleUrl>#icon-1899-DB4436-labelson-nodesc</styleUrl>
        <Point>
          <coordinates>
            42.953517,16.756575,0
          </coordinates>
        </Point>
      </Placemark>
      <Placemark>
        <name>الجزعة</name>
        <styleUrl>#icon-1899-DB4436-labelson-nodesc</styleUrl>
        <Point>
          <coordinates>
            43.120351,16.579056,0
          </coordinates>
        </Point>
      </Placemark>
      <Placemark>
        <name>الجزيز</name>
        <styleUrl>#icon-1899-DB4436-labelson-nodesc</styleUrl>
        <Point>
          <coordinates>
            42.866678,16.649995,0
          </coordinates>
        </Point>
      </Placemark>
      <Placemark>
        <name>الجشاء</name>
        <styleUrl>#icon-1899-DB4436-labelson-nodesc</styleUrl>
        <Point>
          <coordinates>
            43.149447,17.287159,0
          </coordinates>
        </Point>
      </Placemark>
      <Placemark>
        <name>الجعارين</name>
        <styleUrl>#icon-1899-DB4436-labelson-nodesc</styleUrl>
        <Point>
          <coordinates>
            42.484131,17.328916,0
          </coordinates>
        </Point>
      </Placemark>
      <Placemark>
        <name>الجعدية</name>
        <styleUrl>#icon-1899-DB4436-labelson-nodesc</styleUrl>
        <Point>
          <coordinates>
            42.99036,16.794491,0
          </coordinates>
        </Point>
      </Placemark>
      <Placemark>
        <name>الجغادمه</name>
        <styleUrl>#icon-1899-DB4436-labelson-nodesc</styleUrl>
        <Point>
          <coordinates>
            42.837217,16.86837,0
          </coordinates>
        </Point>
      </Placemark>
      <Placemark>
        <name>الجلل</name>
        <styleUrl>#icon-1899-DB4436-labelson-nodesc</styleUrl>
        <Point>
          <coordinates>
            43.091791,16.9801,0
          </coordinates>
        </Point>
      </Placemark>
      <Placemark>
        <name>الجمالة</name>
        <styleUrl>#icon-1899-DB4436-labelson-nodesc</styleUrl>
        <Point>
          <coordinates>
            42.57921,17.183368,0
          </coordinates>
        </Point>
      </Placemark>
      <Placemark>
        <name>الجملة</name>
        <styleUrl>#icon-1899-DB4436-labelson-nodesc</styleUrl>
        <Point>
          <coordinates>
            43.205001,17.060566,0
          </coordinates>
        </Point>
      </Placemark>
      <Placemark>
        <name>الجميلة</name>
        <styleUrl>#icon-1899-DB4436-labelson-nodesc</styleUrl>
        <Point>
          <coordinates>
            43.150563,17.026942,0
          </coordinates>
        </Point>
      </Placemark>
      <Placemark>
        <name>الجميمة</name>
        <styleUrl>#icon-1899-DB4436-labelson-nodesc</styleUrl>
        <Point>
          <coordinates>
            43.158889,17.031105,0
          </coordinates>
        </Point>
      </Placemark>
      <Placemark>
        <name>الجنادل</name>
        <styleUrl>#icon-1899-DB4436-labelson-nodesc</styleUrl>
        <Point>
          <coordinates>
            43.194444,16.674993,0
          </coordinates>
        </Point>
      </Placemark>
      <Placemark>
        <name>الجنب</name>
        <styleUrl>#icon-1899-DB4436-labelson-nodesc</styleUrl>
        <Point>
          <coordinates>
            42.587492,16.916671,0
          </coordinates>
        </Point>
      </Placemark>
      <Placemark>
        <name>الجهو</name>
        <styleUrl>#icon-1899-DB4436-labelson-nodesc</styleUrl>
        <Point>
          <coordinates>
            42.848589,17.12672,0
          </coordinates>
        </Point>
      </Placemark>
      <Placemark>
        <name>الجهوة</name>
        <styleUrl>#icon-1899-DB4436-labelson-nodesc</styleUrl>
        <Point>
          <coordinates>
            42.974439,16.873069,0
          </coordinates>
        </Point>
      </Placemark>
      <Placemark>
        <name>الجوة</name>
        <styleUrl>#icon-1899-DB4436-labelson-nodesc</styleUrl>
        <Point>
          <coordinates>
            42.997441,16.993511,0
          </coordinates>
        </Point>
      </Placemark>
      <Placemark>
        <name>الجوة</name>
        <styleUrl>#icon-1899-DB4436-labelson-nodesc</styleUrl>
        <Point>
          <coordinates>
            43.011668,16.99703,0
          </coordinates>
        </Point>
      </Placemark>
      <Placemark>
        <name>الجوتين</name>
        <styleUrl>#icon-1899-DB4436-labelson-nodesc</styleUrl>
        <Point>
          <coordinates>
            43.238561,16.803696,0
          </coordinates>
        </Point>
      </Placemark>
      <Placemark>
        <name>الجوه</name>
        <styleUrl>#icon-1899-DB4436-labelson-nodesc</styleUrl>
        <Point>
          <coordinates>
            43.031688,16.95111,0
          </coordinates>
        </Point>
      </Placemark>
      <Placemark>
        <name>الجوه</name>
        <styleUrl>#icon-1899-DB4436-labelson-nodesc</styleUrl>
        <Point>
          <coordinates>
            43.141015,17.284219,0
          </coordinates>
        </Point>
      </Placemark>
      <Placemark>
        <name>الجيبة</name>
        <styleUrl>#icon-1899-DB4436-labelson-nodesc</styleUrl>
        <Point>
          <coordinates>
            43.200839,16.775565,0
          </coordinates>
        </Point>
      </Placemark>
      <Placemark>
        <name>الجيبه</name>
        <styleUrl>#icon-1899-DB4436-labelson-nodesc</styleUrl>
        <Point>
          <coordinates>
            42.969439,16.90326,0
          </coordinates>
        </Point>
      </Placemark>
      <Placemark>
        <name>الحاليه</name>
        <styleUrl>#icon-1899-DB4436-labelson-nodesc</styleUrl>
        <Point>
          <coordinates>
            42.97652,16.906157,0
          </coordinates>
        </Point>
      </Placemark>
      <Placemark>
        <name>الحامرية</name>
        <styleUrl>#icon-1899-DB4436-labelson-nodesc</styleUrl>
        <Point>
          <coordinates>
            42.871678,16.996386,0
          </coordinates>
        </Point>
      </Placemark>
      <Placemark>
        <name>الحامض</name>
        <styleUrl>#icon-1899-DB4436-labelson-nodesc</styleUrl>
        <Point>
          <coordinates>
            42.962508,16.951561,0
          </coordinates>
        </Point>
      </Placemark>
      <Placemark>
        <name>الحامضة</name>
        <styleUrl>#icon-1899-DB4436-labelson-nodesc</styleUrl>
        <Point>
          <coordinates>
            42.921674,16.929717,0
          </coordinates>
        </Point>
      </Placemark>
      <Placemark>
        <name>الحامضه</name>
        <styleUrl>#icon-1899-DB4436-labelson-nodesc</styleUrl>
        <Point>
          <coordinates>
            42.92294,16.761489,0
          </coordinates>
        </Point>
      </Placemark>
      <Placemark>
        <name>الحبابيه</name>
        <styleUrl>#icon-1899-DB4436-labelson-nodesc</styleUrl>
        <Point>
          <coordinates>
            42.538354,17.10022,0
          </coordinates>
        </Point>
      </Placemark>
      <Placemark>
        <name>الحبجيه</name>
        <styleUrl>#icon-1899-DB4436-labelson-nodesc</styleUrl>
        <Point>
          <coordinates>
            42.94266,16.78226,0
          </coordinates>
        </Point>
      </Placemark>
      <Placemark>
        <name>الحبرة</name>
        <styleUrl>#icon-1899-DB4436-labelson-nodesc</styleUrl>
        <Point>
          <coordinates>
            43.148611,17.006385,0
          </coordinates>
        </Point>
      </Placemark>
      <Placemark>
        <name>الحبط</name>
        <styleUrl>#icon-1899-DB4436-labelson-nodesc</styleUrl>
        <Point>
          <coordinates>
            43.136251,17.073269,0
          </coordinates>
        </Point>
      </Placemark>
      <Placemark>
        <name>الحبيل</name>
        <styleUrl>#icon-1899-DB4436-labelson-nodesc</styleUrl>
        <Point>
          <coordinates>
            43.123462,17.109768,0
          </coordinates>
        </Point>
      </Placemark>
      <Placemark>
        <name>الحثيره</name>
        <styleUrl>#icon-1899-DB4436-labelson-nodesc</styleUrl>
        <Point>
          <coordinates>
            42.939484,16.432285,0
          </coordinates>
        </Point>
      </Placemark>
      <Placemark>
        <name>الحجاجة</name>
        <styleUrl>#icon-1899-DB4436-labelson-nodesc</styleUrl>
        <Point>
          <coordinates>
            42.900474,16.961818,0
          </coordinates>
        </Point>
      </Placemark>
      <Placemark>
        <name>الحجروف</name>
        <styleUrl>#icon-1899-DB4436-labelson-nodesc</styleUrl>
        <Point>
          <coordinates>
            42.464411,17.449186,0
          </coordinates>
        </Point>
      </Placemark>
      <Placemark>
        <name>الحجرين</name>
        <styleUrl>#icon-1899-DB4436-labelson-nodesc</styleUrl>
        <Point>
          <coordinates>
            42.560563,17.125003,0
          </coordinates>
        </Point>
      </Placemark>
      <Placemark>
        <name>الحجفار</name>
        <styleUrl>#icon-1899-DB4436-labelson-nodesc</styleUrl>
        <Point>
          <coordinates>
            42.847517,16.544766,0
          </coordinates>
        </Point>
      </Placemark>
      <Placemark>
        <name>الحجل</name>
        <styleUrl>#icon-1899-DB4436-labelson-nodesc</styleUrl>
        <Point>
          <coordinates>
            43.191118,17.021384,0
          </coordinates>
        </Point>
      </Placemark>
      <Placemark>
        <name>الحجلة</name>
        <styleUrl>#icon-1899-DB4436-labelson-nodesc</styleUrl>
        <Point>
          <coordinates>
            43.132088,16.918774,0
          </coordinates>
        </Point>
      </Placemark>
      <Placemark>
        <name>الحجنة</name>
        <styleUrl>#icon-1899-DB4436-labelson-nodesc</styleUrl>
        <Point>
          <coordinates>
            41.975155,17.757683,0
          </coordinates>
        </Point>
      </Placemark>
      <Placemark>
        <name>الحجيرة</name>
        <styleUrl>#icon-1899-DB4436-labelson-nodesc</styleUrl>
        <Point>
          <coordinates>
            43.169725,17.018616,0
          </coordinates>
        </Point>
      </Placemark>
      <Placemark>
        <name>الحذيلة</name>
        <styleUrl>#icon-1899-DB4436-labelson-nodesc</styleUrl>
        <Point>
          <coordinates>
            43.125565,17.062776,0
          </coordinates>
        </Point>
      </Placemark>
      <Placemark>
        <name>الحرجة</name>
        <styleUrl>#icon-1899-DB4436-labelson-nodesc</styleUrl>
        <Point>
          <coordinates>
            42.932489,16.936626,0
          </coordinates>
        </Point>
      </Placemark>
      <Placemark>
        <name>الحرجه</name>
        <styleUrl>#icon-1899-DB4436-labelson-nodesc</styleUrl>
        <Point>
          <coordinates>
            42.814171,17.100713,0
          </coordinates>
        </Point>
      </Placemark>
      <Placemark>
        <name>الحرف</name>
        <styleUrl>#icon-1899-DB4436-labelson-nodesc</styleUrl>
        <Point>
          <coordinates>
            42.531531,17.097774,0
          </coordinates>
        </Point>
      </Placemark>
      <Placemark>
        <name>الحريقة</name>
        <styleUrl>#icon-1899-DB4436-labelson-nodesc</styleUrl>
        <Point>
          <coordinates>
            43.090289,16.794448,0
          </coordinates>
        </Point>
      </Placemark>
      <Placemark>
        <name>الحريقه</name>
        <styleUrl>#icon-1899-DB4436-labelson-nodesc</styleUrl>
        <Point>
          <coordinates>
            43.132496,17.069514,0
          </coordinates>
        </Point>
      </Placemark>
      <Placemark>
        <name>الحسين</name>
        <styleUrl>#icon-1899-DB4436-labelson-nodesc</styleUrl>
        <Point>
          <coordinates>
            41.877286,16.746125,0
          </coordinates>
        </Point>
      </Placemark>
      <Placemark>
        <name>الحسين</name>
        <styleUrl>#icon-1899-DB4436-labelson-nodesc</styleUrl>
        <Point>
          <coordinates>
            42.058067,16.742499,0
          </coordinates>
        </Point>
      </Placemark>
      <Placemark>
        <name>الحسيني</name>
        <styleUrl>#icon-1899-DB4436-labelson-nodesc</styleUrl>
        <Point>
          <coordinates>
            42.683344,17.154915,0
          </coordinates>
        </Point>
      </Placemark>
      <Placemark>
        <name>الحسينيه</name>
        <styleUrl>#icon-1899-DB4436-labelson-nodesc</styleUrl>
        <Point>
          <coordinates>
            42.748468,17.252548,0
          </coordinates>
        </Point>
      </Placemark>
      <Placemark>
        <name>الحشاش</name>
        <styleUrl>#icon-1899-DB4436-labelson-nodesc</styleUrl>
        <Point>
          <coordinates>
            41.997986,17.739508,0
          </coordinates>
        </Point>
      </Placemark>
      <Placemark>
        <name>الحشره</name>
        <styleUrl>#icon-1899-DB4436-labelson-nodesc</styleUrl>
        <Point>
          <coordinates>
            43.165798,17.389555,0
          </coordinates>
        </Point>
      </Placemark>
      <Placemark>
        <name>الحشيبرية</name>
        <styleUrl>#icon-1899-DB4436-labelson-nodesc</styleUrl>
        <Point>
          <coordinates>
            42.591677,17.169442,0
          </coordinates>
        </Point>
      </Placemark>
      <Placemark>
        <name>الحصام</name>
        <styleUrl>#icon-1899-DB4436-labelson-nodesc</styleUrl>
        <Point>
          <coordinates>
            42.06605,17.719209,0
          </coordinates>
        </Point>
      </Placemark>
      <Placemark>
        <name>الحصامة</name>
        <styleUrl>#icon-1899-DB4436-labelson-nodesc</styleUrl>
        <Point>
          <coordinates>
            42.925794,16.683555,0
          </coordinates>
        </Point>
      </Placemark>
      <Placemark>
        <name>الحصامه</name>
        <styleUrl>#icon-1899-DB4436-labelson-nodesc</styleUrl>
        <Point>
          <coordinates>
            42.745206,17.168434,0
          </coordinates>
        </Point>
      </Placemark>
      <Placemark>
        <name>الحصمة</name>
        <styleUrl>#icon-1899-DB4436-labelson-nodesc</styleUrl>
        <Point>
          <coordinates>
            42.969117,16.834767,0
          </coordinates>
        </Point>
      </Placemark>
      <Placemark>
        <name>الحصمة</name>
        <styleUrl>#icon-1899-DB4436-labelson-nodesc</styleUrl>
        <Point>
          <coordinates>
            43.132775,17.051103,0
          </coordinates>
        </Point>
      </Placemark>
      <Placemark>
        <name>الحضرور</name>
        <styleUrl>#icon-1899-DB4436-labelson-nodesc</styleUrl>
        <Point>
          <coordinates>
            42.866635,16.54408,0
          </coordinates>
        </Point>
      </Placemark>
      <Placemark>
        <name>الحضن</name>
        <styleUrl>#icon-1899-DB4436-labelson-nodesc</styleUrl>
        <Point>
          <coordinates>
            42.571142,17.410991,0
          </coordinates>
        </Point>
      </Placemark>
      <Placemark>
        <name>الحضن</name>
        <styleUrl>#icon-1899-DB4436-labelson-nodesc</styleUrl>
        <Point>
          <coordinates>
            43.124471,17.091722,0
          </coordinates>
        </Point>
      </Placemark>
      <Placemark>
        <name>الحطابين</name>
        <styleUrl>#icon-1899-DB4436-labelson-nodesc</styleUrl>
        <Point>
          <coordinates>
            42.351651,17.831132,0
          </coordinates>
        </Point>
      </Placemark>
      <Placemark>
        <name>الحطبايه</name>
        <styleUrl>#icon-1899-DB4436-labelson-nodesc</styleUrl>
        <Point>
          <coordinates>
            43.068702,17.035031,0
          </coordinates>
        </Point>
      </Placemark>
      <Placemark>
        <name>الحطمي</name>
        <styleUrl>#icon-1899-DB4436-labelson-nodesc</styleUrl>
        <Point>
          <coordinates>
            43.205001,16.802495,0
          </coordinates>
        </Point>
      </Placemark>
      <Placemark>
        <name>الحفر</name>
        <styleUrl>#icon-1899-DB4436-labelson-nodesc</styleUrl>
        <Point>
          <coordinates>
            42.839448,16.424432,0
          </coordinates>
        </Point>
      </Placemark>
      <Placemark>
        <name>الحقاوية</name>
        <styleUrl>#icon-1899-DB4436-labelson-nodesc</styleUrl>
        <Point>
          <coordinates>
            42.533333,17.135003,0
          </coordinates>
        </Point>
      </Placemark>
      <Placemark>
        <name>الحقبة</name>
        <styleUrl>#icon-1899-DB4436-labelson-nodesc</styleUrl>
        <Point>
          <coordinates>
            43.144169,17.048893,0
          </coordinates>
        </Point>
      </Placemark>
      <Placemark>
        <name>الحقلة</name>
        <styleUrl>#icon-1899-DB4436-labelson-nodesc</styleUrl>
        <Point>
          <coordinates>
            43.061686,16.636305,0
          </coordinates>
        </Point>
      </Placemark>
      <Placemark>
        <name>الحقو</name>
        <styleUrl>#icon-1899-DB4436-labelson-nodesc</styleUrl>
        <Point>
          <coordinates>
            42.700295,17.522786,0
          </coordinates>
        </Point>
      </Placemark>
      <Placemark>
        <name>الحلحلة</name>
        <styleUrl>#icon-1899-DB4436-labelson-nodesc</styleUrl>
        <Point>
          <coordinates>
            43.00802,16.789963,0
          </coordinates>
        </Point>
      </Placemark>
      <Placemark>
        <name>الحمراء</name>
        <styleUrl>#icon-1899-DB4436-labelson-nodesc</styleUrl>
        <Point>
          <coordinates>
            42.992506,16.878884,0
          </coordinates>
        </Point>
      </Placemark>
      <Placemark>
        <name>الحمراية</name>
        <styleUrl>#icon-1899-DB4436-labelson-nodesc</styleUrl>
        <Point>
          <coordinates>
            42.89305,16.918602,0
          </coordinates>
        </Point>
      </Placemark>
      <Placemark>
        <name>الحمرة</name>
        <styleUrl>#icon-1899-DB4436-labelson-nodesc</styleUrl>
        <Point>
          <coordinates>
            42.719843,16.865623,0
          </coordinates>
        </Point>
      </Placemark>
      <Placemark>
        <name>الحمرة</name>
        <styleUrl>#icon-1899-DB4436-labelson-nodesc</styleUrl>
        <Point>
          <coordinates>
            42.713706,16.780393,0
          </coordinates>
        </Point>
      </Placemark>
      <Placemark>
        <name>الحمري</name>
        <styleUrl>#icon-1899-DB4436-labelson-nodesc</styleUrl>
        <Point>
          <coordinates>
            42.749991,16.68334,0
          </coordinates>
        </Point>
      </Placemark>
      <Placemark>
        <name>الحمضه</name>
        <styleUrl>#icon-1899-DB4436-labelson-nodesc</styleUrl>
        <Point>
          <coordinates>
            42.797263,16.769106,0
          </coordinates>
        </Point>
      </Placemark>
      <Placemark>
        <name>الحمومية</name>
        <styleUrl>#icon-1899-DB4436-labelson-nodesc</styleUrl>
        <Point>
          <coordinates>
            43.148611,16.83084,0
          </coordinates>
        </Point>
      </Placemark>
      <Placemark>
        <name>الحمى</name>
        <styleUrl>#icon-1899-DB4436-labelson-nodesc</styleUrl>
        <Point>
          <coordinates>
            42.861936,17.155602,0
          </coordinates>
        </Point>
      </Placemark>
      <Placemark>
        <name>الحميرا</name>
        <styleUrl>#icon-1899-DB4436-labelson-nodesc</styleUrl>
        <Point>
          <coordinates>
            43.048811,17.12348,0
          </coordinates>
        </Point>
      </Placemark>
      <Placemark>
        <name>الحميرة</name>
        <styleUrl>#icon-1899-DB4436-labelson-nodesc</styleUrl>
        <Point>
          <coordinates>
            43.059626,17.12996,0
          </coordinates>
        </Point>
      </Placemark>
      <Placemark>
        <name>الحميسا</name>
        <styleUrl>#icon-1899-DB4436-labelson-nodesc</styleUrl>
        <Point>
          <coordinates>
            42.323606,17.413888,0
          </coordinates>
        </Point>
      </Placemark>
      <Placemark>
        <name>الحناية</name>
        <styleUrl>#icon-1899-DB4436-labelson-nodesc</styleUrl>
        <Point>
          <coordinates>
            43.013535,17.241154,0
          </coordinates>
        </Point>
      </Placemark>
      <Placemark>
        <name>الحناية</name>
        <styleUrl>#icon-1899-DB4436-labelson-nodesc</styleUrl>
        <Point>
          <coordinates>
            43.099773,17.015677,0
          </coordinates>
        </Point>
      </Placemark>
      <Placemark>
        <name>الحنبكة</name>
        <styleUrl>#icon-1899-DB4436-labelson-nodesc</styleUrl>
        <Point>
          <coordinates>
            43.113034,16.938,0
          </coordinates>
        </Point>
      </Placemark>
      <Placemark>
        <name>الحنبكة</name>
        <styleUrl>#icon-1899-DB4436-labelson-nodesc</styleUrl>
        <Point>
          <coordinates>
            43.111103,16.778333,0
          </coordinates>
        </Point>
      </Placemark>
      <Placemark>
        <name>الحنيني</name>
        <styleUrl>#icon-1899-DB4436-labelson-nodesc</styleUrl>
        <Point>
          <coordinates>
            42.816639,16.586909,0
          </coordinates>
        </Point>
      </Placemark>
      <Placemark>
        <name>الحواسية</name>
        <styleUrl>#icon-1899-DB4436-labelson-nodesc</styleUrl>
        <Point>
          <coordinates>
            42.763059,16.761382,0
          </coordinates>
        </Point>
      </Placemark>
      <Placemark>
        <name>الحوامضة</name>
        <styleUrl>#icon-1899-DB4436-labelson-nodesc</styleUrl>
        <Point>
          <coordinates>
            42.496533,17.115476,0
          </coordinates>
        </Point>
      </Placemark>
      <Placemark>
        <name>الحوامضة</name>
        <styleUrl>#icon-1899-DB4436-labelson-nodesc</styleUrl>
        <Point>
          <coordinates>
            42.792563,16.799598,0
          </coordinates>
        </Point>
      </Placemark>
      <Placemark>
        <name>الحوامظه</name>
        <styleUrl>#icon-1899-DB4436-labelson-nodesc</styleUrl>
        <Point>
          <coordinates>
            42.468317,17.237849,0
          </coordinates>
        </Point>
      </Placemark>
      <Placemark>
        <name>الحوايا</name>
        <styleUrl>#icon-1899-DB4436-labelson-nodesc</styleUrl>
        <Point>
          <coordinates>
            42.987785,17.141676,0
          </coordinates>
        </Point>
      </Placemark>
      <Placemark>
        <name>الحوايق</name>
        <styleUrl>#icon-1899-DB4436-labelson-nodesc</styleUrl>
        <Point>
          <coordinates>
            42.576935,17.465837,0
          </coordinates>
        </Point>
      </Placemark>
      <Placemark>
        <name>الحوتين</name>
        <styleUrl>#icon-1899-DB4436-labelson-nodesc</styleUrl>
        <Point>
          <coordinates>
            42.608328,17.141118,0
          </coordinates>
        </Point>
      </Placemark>
      <Placemark>
        <name>الحوجرة</name>
        <styleUrl>#icon-1899-DB4436-labelson-nodesc</styleUrl>
        <Point>
          <coordinates>
            43.014393,16.528587,0
          </coordinates>
        </Point>
      </Placemark>
      <Placemark>
        <name>الحوراني</name>
        <styleUrl>#icon-1899-DB4436-labelson-nodesc</styleUrl>
        <Point>
          <coordinates>
            42.910109,16.77402,0
          </coordinates>
        </Point>
      </Placemark>
      <Placemark>
        <name>الحيله</name>
        <styleUrl>#icon-1899-DB4436-labelson-nodesc</styleUrl>
        <Point>
          <coordinates>
            42.953303,16.915641,0
          </coordinates>
        </Point>
      </Placemark>
      <Placemark>
        <name>الخادمة</name>
        <styleUrl>#icon-1899-DB4436-labelson-nodesc</styleUrl>
        <Point>
          <coordinates>
            43.12784,16.664801,0
          </coordinates>
        </Point>
      </Placemark>
      <Placemark>
        <name>الخالف</name>
        <styleUrl>#icon-1899-DB4436-labelson-nodesc</styleUrl>
        <Point>
          <coordinates>
            43.099172,16.994991,0
          </coordinates>
        </Point>
      </Placemark>
      <Placemark>
        <name>الخالفة</name>
        <styleUrl>#icon-1899-DB4436-labelson-nodesc</styleUrl>
        <Point>
          <coordinates>
            43.066814,17.03692,0
          </coordinates>
        </Point>
      </Placemark>
      <Placemark>
        <name>الخايع</name>
        <styleUrl>#icon-1899-DB4436-labelson-nodesc</styleUrl>
        <Point>
          <coordinates>
            43.147345,16.934052,0
          </coordinates>
        </Point>
      </Placemark>
      <Placemark>
        <name>الخبار</name>
        <styleUrl>#icon-1899-DB4436-labelson-nodesc</styleUrl>
        <Point>
          <coordinates>
            43.199165,17.04973,0
          </coordinates>
        </Point>
      </Placemark>
      <Placemark>
        <name>الخباري</name>
        <styleUrl>#icon-1899-DB4436-labelson-nodesc</styleUrl>
        <Point>
          <coordinates>
            42.991433,16.842728,0
          </coordinates>
        </Point>
      </Placemark>
      <Placemark>
        <name>الخباري</name>
        <styleUrl>#icon-1899-DB4436-labelson-nodesc</styleUrl>
        <Point>
          <coordinates>
            42.584167,17.369449,0
          </coordinates>
        </Point>
      </Placemark>
      <Placemark>
        <name>الخبطه</name>
        <styleUrl>#icon-1899-DB4436-labelson-nodesc</styleUrl>
        <Point>
          <coordinates>
            42.635,17.435002,0
          </coordinates>
        </Point>
      </Placemark>
      <Placemark>
        <name>الخبوت</name>
        <styleUrl>#icon-1899-DB4436-labelson-nodesc</styleUrl>
        <Point>
          <coordinates>
            42.83932,16.731791,0
          </coordinates>
        </Point>
      </Placemark>
      <Placemark>
        <name>الختارسة</name>
        <styleUrl>#icon-1899-DB4436-labelson-nodesc</styleUrl>
        <Point>
          <coordinates>
            42.890089,16.83923,0
          </coordinates>
        </Point>
      </Placemark>
      <Placemark>
        <name>الختارشه</name>
        <styleUrl>#icon-1899-DB4436-labelson-nodesc</styleUrl>
        <Point>
          <coordinates>
            42.794001,16.841483,0
          </coordinates>
        </Point>
      </Placemark>
      <Placemark>
        <name>الخرابة</name>
        <styleUrl>#icon-1899-DB4436-labelson-nodesc</styleUrl>
        <Point>
          <coordinates>
            43.014715,16.615276,0
          </coordinates>
        </Point>
      </Placemark>
      <Placemark>
        <name>الخرابه</name>
        <styleUrl>#icon-1899-DB4436-labelson-nodesc</styleUrl>
        <Point>
          <coordinates>
            42.933755,16.758077,0
          </coordinates>
        </Point>
      </Placemark>
      <Placemark>
        <name>الخرادلة</name>
        <styleUrl>#icon-1899-DB4436-labelson-nodesc</styleUrl>
        <Point>
          <coordinates>
            42.636995,16.932292,0
          </coordinates>
        </Point>
      </Placemark>
      <Placemark>
        <name>الخرايج</name>
        <styleUrl>#icon-1899-DB4436-labelson-nodesc</styleUrl>
        <Point>
          <coordinates>
            43.144448,16.850002,0
          </coordinates>
        </Point>
      </Placemark>
      <Placemark>
        <name>الخرت</name>
        <styleUrl>#icon-1899-DB4436-labelson-nodesc</styleUrl>
        <Point>
          <coordinates>
            43.006089,17.003553,0
          </coordinates>
        </Point>
      </Placemark>
      <Placemark>
        <name>الخرشة</name>
        <styleUrl>#icon-1899-DB4436-labelson-nodesc</styleUrl>
        <Point>
          <coordinates>
            42.984288,16.919825,0
          </coordinates>
        </Point>
      </Placemark>
      <Placemark>
        <name>الخرشة</name>
        <styleUrl>#icon-1899-DB4436-labelson-nodesc</styleUrl>
        <Point>
          <coordinates>
            43.024178,16.644716,0
          </coordinates>
        </Point>
      </Placemark>
      <Placemark>
        <name>الخرشه</name>
        <styleUrl>#icon-1899-DB4436-labelson-nodesc</styleUrl>
        <Point>
          <coordinates>
            43.090825,17.06239,0
          </coordinates>
        </Point>
      </Placemark>
      <Placemark>
        <name>الخرم</name>
        <styleUrl>#icon-1899-DB4436-labelson-nodesc</styleUrl>
        <Point>
          <coordinates>
            42.764926,16.977997,0
          </coordinates>
        </Point>
      </Placemark>
      <Placemark>
        <name>الخزان</name>
        <styleUrl>#icon-1899-DB4436-labelson-nodesc</styleUrl>
        <Point>
          <coordinates>
            42.851872,17.1067,0
          </coordinates>
        </Point>
      </Placemark>
      <Placemark>
        <name>الخزنه</name>
        <styleUrl>#icon-1899-DB4436-labelson-nodesc</styleUrl>
        <Point>
          <coordinates>
            42.804129,16.881094,0
          </coordinates>
        </Point>
      </Placemark>
      <Placemark>
        <name>الخشابية</name>
        <styleUrl>#icon-1899-DB4436-labelson-nodesc</styleUrl>
        <Point>
          <coordinates>
            42.757952,16.939051,0
          </coordinates>
        </Point>
      </Placemark>
      <Placemark>
        <name>الخشابيه</name>
        <styleUrl>#icon-1899-DB4436-labelson-nodesc</styleUrl>
        <Point>
          <coordinates>
            42.721302,16.947677,0
          </coordinates>
        </Point>
      </Placemark>
      <Placemark>
        <name>الخشعة</name>
        <styleUrl>#icon-1899-DB4436-labelson-nodesc</styleUrl>
        <Point>
          <coordinates>
            43.109622,16.86985,0
          </coordinates>
        </Point>
      </Placemark>
      <Placemark>
        <name>الخشل</name>
        <styleUrl>#icon-1899-DB4436-labelson-nodesc</styleUrl>
        <Point>
          <coordinates>
            43.135242,16.876996,0
          </coordinates>
        </Point>
      </Placemark>
      <Placemark>
        <name>الخشلين</name>
        <styleUrl>#icon-1899-DB4436-labelson-nodesc</styleUrl>
        <Point>
          <coordinates>
            43.127217,16.869442,0
          </coordinates>
        </Point>
      </Placemark>
      <Placemark>
        <name>الخصاوية</name>
        <styleUrl>#icon-1899-DB4436-labelson-nodesc</styleUrl>
        <Point>
          <coordinates>
            42.64427,16.940103,0
          </coordinates>
        </Point>
      </Placemark>
      <Placemark>
        <name>الخصورة الشارة</name>
        <styleUrl>#icon-1899-DB4436-labelson-nodesc</styleUrl>
        <Point>
          <coordinates>
            43.027225,17.102215,0
          </coordinates>
        </Point>
      </Placemark>
      <Placemark>
        <name>الخضراء</name>
        <styleUrl>#icon-1899-DB4436-labelson-nodesc</styleUrl>
        <Point>
          <coordinates>
            42.481384,17.141676,0
          </coordinates>
        </Point>
      </Placemark>
      <Placemark>
        <name>الخضراء</name>
        <styleUrl>#icon-1899-DB4436-labelson-nodesc</styleUrl>
        <Point>
          <coordinates>
            42.581935,17.177789,0
          </coordinates>
        </Point>
      </Placemark>
      <Placemark>
        <name>الخضراء</name>
        <styleUrl>#icon-1899-DB4436-labelson-nodesc</styleUrl>
        <Point>
          <coordinates>
            42.897212,17.03943,0
          </coordinates>
        </Point>
      </Placemark>
      <Placemark>
        <name>الخضراء</name>
        <styleUrl>#icon-1899-DB4436-labelson-nodesc</styleUrl>
        <Point>
          <coordinates>
            42.773681,16.824403,0
          </coordinates>
        </Point>
      </Placemark>
      <Placemark>
        <name>الخضراء</name>
        <styleUrl>#icon-1899-DB4436-labelson-nodesc</styleUrl>
        <Point>
          <coordinates>
            42.913799,16.703103,0
          </coordinates>
        </Point>
      </Placemark>
      <Placemark>
        <name>الخضراء</name>
        <styleUrl>#icon-1899-DB4436-labelson-nodesc</styleUrl>
        <Point>
          <coordinates>
            42.966113,16.66832,0
          </coordinates>
        </Point>
      </Placemark>
      <Placemark>
        <name>الخضراء</name>
        <styleUrl>#icon-1899-DB4436-labelson-nodesc</styleUrl>
        <Point>
          <coordinates>
            42.962401,16.585386,0
          </coordinates>
        </Point>
      </Placemark>
      <Placemark>
        <name>الخضراء الجنوبيه</name>
        <styleUrl>#icon-1899-DB4436-labelson-nodesc</styleUrl>
        <Point>
          <coordinates>
            42.81209,17.039495,0
          </coordinates>
        </Point>
      </Placemark>
      <Placemark>
        <name>الخضراء الشماليه</name>
        <styleUrl>#icon-1899-DB4436-labelson-nodesc</styleUrl>
        <Point>
          <coordinates>
            42.808249,17.055459,0
          </coordinates>
        </Point>
      </Placemark>
      <Placemark>
        <name>الخطام</name>
        <styleUrl>#icon-1899-DB4436-labelson-nodesc</styleUrl>
        <Point>
          <coordinates>
            43.071942,17.250831,0
          </coordinates>
        </Point>
      </Placemark>
      <Placemark>
        <name>الخطباء</name>
        <styleUrl>#icon-1899-DB4436-labelson-nodesc</styleUrl>
        <Point>
          <coordinates>
            42.943883,16.91195,0
          </coordinates>
        </Point>
      </Placemark>
      <Placemark>
        <name>الخطم</name>
        <styleUrl>#icon-1899-DB4436-labelson-nodesc</styleUrl>
        <Point>
          <coordinates>
            43.145821,17.00778,0
          </coordinates>
        </Point>
      </Placemark>
      <Placemark>
        <name>الخطوة</name>
        <styleUrl>#icon-1899-DB4436-labelson-nodesc</styleUrl>
        <Point>
          <coordinates>
            43.01111,17.03222,0
          </coordinates>
        </Point>
      </Placemark>
      <Placemark>
        <name>الخطوة</name>
        <styleUrl>#icon-1899-DB4436-labelson-nodesc</styleUrl>
        <Point>
          <coordinates>
            43.140049,17.371101,0
          </coordinates>
        </Point>
      </Placemark>
      <Placemark>
        <name>الخطية</name>
        <styleUrl>#icon-1899-DB4436-labelson-nodesc</styleUrl>
        <Point>
          <coordinates>
            43.12917,17.136934,0
          </coordinates>
        </Point>
      </Placemark>
      <Placemark>
        <name>الخفاقة</name>
        <styleUrl>#icon-1899-DB4436-labelson-nodesc</styleUrl>
        <Point>
          <coordinates>
            43.186441,16.825862,0
          </coordinates>
        </Point>
      </Placemark>
      <Placemark>
        <name>الخل</name>
        <styleUrl>#icon-1899-DB4436-labelson-nodesc</styleUrl>
        <Point>
          <coordinates>
            43.110566,17.033336,0
          </coordinates>
        </Point>
      </Placemark>
      <Placemark>
        <name>الخلفة</name>
        <styleUrl>#icon-1899-DB4436-labelson-nodesc</styleUrl>
        <Point>
          <coordinates>
            42.778358,16.807537,0
          </coordinates>
        </Point>
      </Placemark>
      <Placemark>
        <name>الخمس</name>
        <styleUrl>#icon-1899-DB4436-labelson-nodesc</styleUrl>
        <Point>
          <coordinates>
            42.77544,16.7696,0
          </coordinates>
        </Point>
      </Placemark>
      <Placemark>
        <name>الخميمة</name>
        <styleUrl>#icon-1899-DB4436-labelson-nodesc</styleUrl>
        <Point>
          <coordinates>
            42.532217,17.219996,0
          </coordinates>
        </Point>
      </Placemark>
      <Placemark>
        <name>الخميمة</name>
        <styleUrl>#icon-1899-DB4436-labelson-nodesc</styleUrl>
        <Point>
          <coordinates>
            43.173566,16.982331,0
          </coordinates>
        </Point>
      </Placemark>
      <Placemark>
        <name>الخواريه</name>
        <styleUrl>#icon-1899-DB4436-labelson-nodesc</styleUrl>
        <Point>
          <coordinates>
            42.611139,17.287116,0
          </coordinates>
        </Point>
      </Placemark>
      <Placemark>
        <name>الخوالدة</name>
        <styleUrl>#icon-1899-DB4436-labelson-nodesc</styleUrl>
        <Point>
          <coordinates>
            42.55301,17.086959,0
          </coordinates>
        </Point>
      </Placemark>
      <Placemark>
        <name>الخوالف</name>
        <styleUrl>#icon-1899-DB4436-labelson-nodesc</styleUrl>
        <Point>
          <coordinates>
            42.780483,16.559014,0
          </coordinates>
        </Point>
      </Placemark>
      <Placemark>
        <name>الخوبة</name>
        <styleUrl>#icon-1899-DB4436-labelson-nodesc</styleUrl>
        <Point>
          <coordinates>
            43.216481,16.78241,0
          </coordinates>
        </Point>
      </Placemark>
      <Placemark>
        <name>الخوجرة</name>
        <styleUrl>#icon-1899-DB4436-labelson-nodesc</styleUrl>
        <Point>
          <coordinates>
            42.934635,16.80625,0
          </coordinates>
        </Point>
      </Placemark>
      <Placemark>
        <name>الخوص</name>
        <styleUrl>#icon-1899-DB4436-labelson-nodesc</styleUrl>
        <Point>
          <coordinates>
            43.101661,16.654995,0
          </coordinates>
        </Point>
      </Placemark>
      <Placemark>
        <name>الدائر</name>
        <styleUrl>#icon-1899-DB4436-labelson-nodesc</styleUrl>
        <Point>
          <coordinates>
            43.135049,17.341189,0
          </coordinates>
        </Point>
      </Placemark>
      <Placemark>
        <name>الداحنة</name>
        <styleUrl>#icon-1899-DB4436-labelson-nodesc</styleUrl>
        <Point>
          <coordinates>
            42.963882,16.916671,0
          </coordinates>
        </Point>
      </Placemark>
      <Placemark>
        <name>الداسة</name>
        <styleUrl>#icon-1899-DB4436-labelson-nodesc</styleUrl>
        <Point>
          <coordinates>
            43.077178,16.792538,0
          </coordinates>
        </Point>
      </Placemark>
      <Placemark>
        <name>الدافع</name>
        <styleUrl>#icon-1899-DB4436-labelson-nodesc</styleUrl>
        <Point>
          <coordinates>
            42.973709,16.914976,0
          </coordinates>
        </Point>
      </Placemark>
      <Placemark>
        <name>الدباب</name>
        <styleUrl>#icon-1899-DB4436-labelson-nodesc</styleUrl>
        <Point>
          <coordinates>
            42.591398,17.364171,0
          </coordinates>
        </Point>
      </Placemark>
      <Placemark>
        <name>الدبة</name>
        <styleUrl>#icon-1899-DB4436-labelson-nodesc</styleUrl>
        <Point>
          <coordinates>
            42.895002,16.858885,0
          </coordinates>
        </Point>
      </Placemark>
      <Placemark>
        <name>الدبة</name>
        <styleUrl>#icon-1899-DB4436-labelson-nodesc</styleUrl>
        <Point>
          <coordinates>
            43.150005,16.754172,0
          </coordinates>
        </Point>
      </Placemark>
      <Placemark>
        <name>الدحلة</name>
        <styleUrl>#icon-1899-DB4436-labelson-nodesc</styleUrl>
        <Point>
          <coordinates>
            43.152773,16.966667,0
          </coordinates>
        </Point>
      </Placemark>
      <Placemark>
        <name>الدحن</name>
        <styleUrl>#icon-1899-DB4436-labelson-nodesc</styleUrl>
        <Point>
          <coordinates>
            43.125007,16.879163,0
          </coordinates>
        </Point>
      </Placemark>
      <Placemark>
        <name>الدحن</name>
        <styleUrl>#icon-1899-DB4436-labelson-nodesc</styleUrl>
        <Point>
          <coordinates>
            43.146787,16.90798,0
          </coordinates>
        </Point>
      </Placemark>
      <Placemark>
        <name>الدحيقي</name>
        <styleUrl>#icon-1899-DB4436-labelson-nodesc</styleUrl>
        <Point>
          <coordinates>
            42.58333,17.191114,0
          </coordinates>
        </Point>
      </Placemark>
      <Placemark>
        <name>الدخان</name>
        <styleUrl>#icon-1899-DB4436-labelson-nodesc</styleUrl>
        <Point>
          <coordinates>
            43.205559,16.759729,0
          </coordinates>
        </Point>
      </Placemark>
      <Placemark>
        <name>الدخلة</name>
        <styleUrl>#icon-1899-DB4436-labelson-nodesc</styleUrl>
        <Point>
          <coordinates>
            43.228197,16.785479,0
          </coordinates>
        </Point>
      </Placemark>
      <Placemark>
        <name>الدرب</name>
        <styleUrl>#icon-1899-DB4436-labelson-nodesc</styleUrl>
        <Point>
          <coordinates>
            42.900002,17.019432,0
          </coordinates>
        </Point>
      </Placemark>
      <Placemark>
        <name>الدربية</name>
        <styleUrl>#icon-1899-DB4436-labelson-nodesc</styleUrl>
        <Point>
          <coordinates>
            42.857666,17.008874,0
          </coordinates>
        </Point>
      </Placemark>
      <Placemark>
        <name>الدرق</name>
        <styleUrl>#icon-1899-DB4436-labelson-nodesc</styleUrl>
        <Point>
          <coordinates>
            43.136551,16.741619,0
          </coordinates>
        </Point>
      </Placemark>
      <Placemark>
        <name>الدريعية</name>
        <styleUrl>#icon-1899-DB4436-labelson-nodesc</styleUrl>
        <Point>
          <coordinates>
            42.843075,16.584206,0
          </coordinates>
        </Point>
      </Placemark>
      <Placemark>
        <name>الدسان</name>
        <styleUrl>#icon-1899-DB4436-labelson-nodesc</styleUrl>
        <Point>
          <coordinates>
            41.689146,16.92667,0
          </coordinates>
        </Point>
      </Placemark>
      <Placemark>
        <name>الدسان الصغير</name>
        <styleUrl>#icon-1899-DB4436-labelson-nodesc</styleUrl>
        <Point>
          <coordinates>
            41.719143,16.916049,0
          </coordinates>
        </Point>
      </Placemark>
      <Placemark>
        <name>الدعيمة</name>
        <styleUrl>#icon-1899-DB4436-labelson-nodesc</styleUrl>
        <Point>
          <coordinates>
            43.10694,16.687782,0
          </coordinates>
        </Point>
      </Placemark>
      <Placemark>
        <name>الدغارير</name>
        <styleUrl>#icon-1899-DB4436-labelson-nodesc</styleUrl>
        <Point>
          <coordinates>
            42.962508,16.677933,0
          </coordinates>
        </Point>
      </Placemark>
      <Placemark>
        <name>الدفين</name>
        <styleUrl>#icon-1899-DB4436-labelson-nodesc</styleUrl>
        <Point>
          <coordinates>
            42.582214,17.491672,0
          </coordinates>
        </Point>
      </Placemark>
      <Placemark>
        <name>الدفينية</name>
        <styleUrl>#icon-1899-DB4436-labelson-nodesc</styleUrl>
        <Point>
          <coordinates>
            43.193972,16.787775,0
          </coordinates>
        </Point>
      </Placemark>
      <Placemark>
        <name>الدقة</name>
        <styleUrl>#icon-1899-DB4436-labelson-nodesc</styleUrl>
        <Point>
          <coordinates>
            43.129728,16.842213,0
          </coordinates>
        </Point>
      </Placemark>
      <Placemark>
        <name>الدقيقة</name>
        <styleUrl>#icon-1899-DB4436-labelson-nodesc</styleUrl>
        <Point>
          <coordinates>
            43.098292,17.137685,0
          </coordinates>
        </Point>
      </Placemark>
      <Placemark>
        <name>الدكينة</name>
        <styleUrl>#icon-1899-DB4436-labelson-nodesc</styleUrl>
        <Point>
          <coordinates>
            43.231115,16.804726,0
          </coordinates>
        </Point>
      </Placemark>
      <Placemark>
        <name>الدماج</name>
        <styleUrl>#icon-1899-DB4436-labelson-nodesc</styleUrl>
        <Point>
          <coordinates>
            43.160005,16.792474,0
          </coordinates>
        </Point>
      </Placemark>
      <Placemark>
        <name>الدملج</name>
        <styleUrl>#icon-1899-DB4436-labelson-nodesc</styleUrl>
        <Point>
          <coordinates>
            42.084396,17.762318,0
          </coordinates>
        </Point>
      </Placemark>
      <Placemark>
        <name>الدمنة</name>
        <styleUrl>#icon-1899-DB4436-labelson-nodesc</styleUrl>
        <Point>
          <coordinates>
            42.562494,17.471674,0
          </coordinates>
        </Point>
      </Placemark>
      <Placemark>
        <name>الدنبة</name>
        <styleUrl>#icon-1899-DB4436-labelson-nodesc</styleUrl>
        <Point>
          <coordinates>
            42.911353,17.360501,0
          </coordinates>
        </Point>
      </Placemark>
      <Placemark>
        <name>الدنقور</name>
        <styleUrl>#icon-1899-DB4436-labelson-nodesc</styleUrl>
        <Point>
          <coordinates>
            42.594445,17.11112,0
          </coordinates>
        </Point>
      </Placemark>
      <Placemark>
        <name>الدهالية</name>
        <styleUrl>#icon-1899-DB4436-labelson-nodesc</styleUrl>
        <Point>
          <coordinates>
            42.859619,16.905513,0
          </coordinates>
        </Point>
      </Placemark>
      <Placemark>
        <name>الدهناء</name>
        <styleUrl>#icon-1899-DB4436-labelson-nodesc</styleUrl>
        <Point>
          <coordinates>
            42.508957,17.250209,0
          </coordinates>
        </Point>
      </Placemark>
      <Placemark>
        <name>الدوشية</name>
        <styleUrl>#icon-1899-DB4436-labelson-nodesc</styleUrl>
        <Point>
          <coordinates>
            42.92882,16.927121,0
          </coordinates>
        </Point>
      </Placemark>
      <Placemark>
        <name>الدولة</name>
        <styleUrl>#icon-1899-DB4436-labelson-nodesc</styleUrl>
        <Point>
          <coordinates>
            42.611117,17.55347,0
          </coordinates>
        </Point>
      </Placemark>
      <Placemark>
        <name>الدويمة</name>
        <styleUrl>#icon-1899-DB4436-labelson-nodesc</styleUrl>
        <Point>
          <coordinates>
            42.770827,16.538887,0
          </coordinates>
        </Point>
      </Placemark>
      <Placemark>
        <name>الديثي</name>
        <styleUrl>#icon-1899-DB4436-labelson-nodesc</styleUrl>
        <Point>
          <coordinates>
            43.122776,17.064729,0
          </coordinates>
        </Point>
      </Placemark>
      <Placemark>
        <name>الذوير</name>
        <styleUrl>#icon-1899-DB4436-labelson-nodesc</styleUrl>
        <Point>
          <coordinates>
            43.13138,17.01529,0
          </coordinates>
        </Point>
      </Placemark>
      <Placemark>
        <name>الراجحية</name>
        <styleUrl>#icon-1899-DB4436-labelson-nodesc</styleUrl>
        <Point>
          <coordinates>
            42.023606,17.729166,0
          </coordinates>
        </Point>
      </Placemark>
      <Placemark>
        <name>الراحة</name>
        <styleUrl>#icon-1899-DB4436-labelson-nodesc</styleUrl>
        <Point>
          <coordinates>
            42.884166,17.031105,0
          </coordinates>
        </Point>
      </Placemark>
      <Placemark>
        <name>الراحة</name>
        <styleUrl>#icon-1899-DB4436-labelson-nodesc</styleUrl>
        <Point>
          <coordinates>
            43.158588,16.725483,0
          </coordinates>
        </Point>
      </Placemark>
      <Placemark>
        <name>الراحة</name>
        <styleUrl>#icon-1899-DB4436-labelson-nodesc</styleUrl>
        <Point>
          <coordinates>
            43.104172,17.075565,0
          </coordinates>
        </Point>
      </Placemark>
      <Placemark>
        <name>الراس</name>
        <styleUrl>#icon-1899-DB4436-labelson-nodesc</styleUrl>
        <Point>
          <coordinates>
            43.170819,16.95611,0
          </coordinates>
        </Point>
      </Placemark>
      <Placemark>
        <name>الرافعي</name>
        <styleUrl>#icon-1899-DB4436-labelson-nodesc</styleUrl>
        <Point>
          <coordinates>
            43.008513,16.711729,0
          </coordinates>
        </Point>
      </Placemark>
      <Placemark>
        <name>الربدي</name>
        <styleUrl>#icon-1899-DB4436-labelson-nodesc</styleUrl>
        <Point>
          <coordinates>
            43.091104,16.681387,0
          </coordinates>
        </Point>
      </Placemark>
      <Placemark>
        <name>الربوعة</name>
        <styleUrl>#icon-1899-DB4436-labelson-nodesc</styleUrl>
        <Point>
          <coordinates>
            43.33658,17.563105,0
          </coordinates>
        </Point>
      </Placemark>
      <Placemark>
        <name>الربيحي</name>
        <styleUrl>#icon-1899-DB4436-labelson-nodesc</styleUrl>
        <Point>
          <coordinates>
            43.035464,16.886158,0
          </coordinates>
        </Point>
      </Placemark>
      <Placemark>
        <name>الربيعي</name>
        <styleUrl>#icon-1899-DB4436-labelson-nodesc</styleUrl>
        <Point>
          <coordinates>
            43.161936,16.817772,0
          </coordinates>
        </Point>
      </Placemark>
      <Placemark>
        <name>الرجيع</name>
        <styleUrl>#icon-1899-DB4436-labelson-nodesc</styleUrl>
        <Point>
          <coordinates>
            42.520008,17.143607,0
          </coordinates>
        </Point>
      </Placemark>
      <Placemark>
        <name>الرحرحه</name>
        <styleUrl>#icon-1899-DB4436-labelson-nodesc</styleUrl>
        <Point>
          <coordinates>
            43.155885,16.997073,0
          </coordinates>
        </Point>
      </Placemark>
      <Placemark>
        <name>الردح</name>
        <styleUrl>#icon-1899-DB4436-labelson-nodesc</styleUrl>
        <Point>
          <coordinates>
            42.955577,16.942163,0
          </coordinates>
        </Point>
      </Placemark>
      <Placemark>
        <name>الردحة</name>
        <styleUrl>#icon-1899-DB4436-labelson-nodesc</styleUrl>
        <Point>
          <coordinates>
            42.405553,17.514718,0
          </coordinates>
        </Point>
      </Placemark>
      <Placemark>
        <name>الردفين</name>
        <styleUrl>#icon-1899-DB4436-labelson-nodesc</styleUrl>
        <Point>
          <coordinates>
            43.170819,16.951389,0
          </coordinates>
        </Point>
      </Placemark>
      <Placemark>
        <name>الرزان</name>
        <styleUrl>#icon-1899-DB4436-labelson-nodesc</styleUrl>
        <Point>
          <coordinates>
            43.068295,16.950274,0
          </coordinates>
        </Point>
      </Placemark>
      <Placemark>
        <name>الرزم</name>
        <styleUrl>#icon-1899-DB4436-labelson-nodesc</styleUrl>
        <Point>
          <coordinates>
            43.1411,17.124445,0
          </coordinates>
        </Point>
      </Placemark>
      <Placemark>
        <name>الرزمة</name>
        <styleUrl>#icon-1899-DB4436-labelson-nodesc</styleUrl>
        <Point>
          <coordinates>
            43.206224,16.808181,0
          </coordinates>
        </Point>
      </Placemark>
      <Placemark>
        <name>الرزنة</name>
        <styleUrl>#icon-1899-DB4436-labelson-nodesc</styleUrl>
        <Point>
          <coordinates>
            42.576399,17.37638,0
          </coordinates>
        </Point>
      </Placemark>
      <Placemark>
        <name>الرزنة</name>
        <styleUrl>#icon-1899-DB4436-labelson-nodesc</styleUrl>
        <Point>
          <coordinates>
            43.066256,16.95199,0
          </coordinates>
        </Point>
      </Placemark>
      <Placemark>
        <name>الرصفه</name>
        <styleUrl>#icon-1899-DB4436-labelson-nodesc</styleUrl>
        <Point>
          <coordinates>
            43.108721,17.149723,0
          </coordinates>
        </Point>
      </Placemark>
      <Placemark>
        <name>الرطيبة</name>
        <styleUrl>#icon-1899-DB4436-labelson-nodesc</styleUrl>
        <Point>
          <coordinates>
            42.80694,17.136118,0
          </coordinates>
        </Point>
      </Placemark>
      <Placemark>
        <name>الرطيل</name>
        <styleUrl>#icon-1899-DB4436-labelson-nodesc</styleUrl>
        <Point>
          <coordinates>
            43.123763,16.925769,0
          </coordinates>
        </Point>
      </Placemark>
      <Placemark>
        <name>الرفيح</name>
        <styleUrl>#icon-1899-DB4436-labelson-nodesc</styleUrl>
        <Point>
          <coordinates>
            43.051665,16.938064,0
          </coordinates>
        </Point>
      </Placemark>
      <Placemark>
        <name>الرقبة</name>
        <styleUrl>#icon-1899-DB4436-labelson-nodesc</styleUrl>
        <Point>
          <coordinates>
            42.601397,17.163069,0
          </coordinates>
        </Point>
      </Placemark>
      <Placemark>
        <name>الرقة</name>
        <styleUrl>#icon-1899-DB4436-labelson-nodesc</styleUrl>
        <Point>
          <coordinates>
            43.101661,17.055287,0
          </coordinates>
        </Point>
      </Placemark>
      <Placemark>
        <name>الرقيعية</name>
        <styleUrl>#icon-1899-DB4436-labelson-nodesc</styleUrl>
        <Point>
          <coordinates>
            42.041674,17.715561,0
          </coordinates>
        </Point>
      </Placemark>
      <Placemark>
        <name>الركب</name>
        <styleUrl>#icon-1899-DB4436-labelson-nodesc</styleUrl>
        <Point>
          <coordinates>
            42.782671,16.924868,0
          </coordinates>
        </Point>
      </Placemark>
      <Placemark>
        <name>الركوبة</name>
        <styleUrl>#icon-1899-DB4436-labelson-nodesc</styleUrl>
        <Point>
          <coordinates>
            42.968731,16.620426,0
          </coordinates>
        </Point>
      </Placemark>
      <Placemark>
        <name>الركية</name>
        <styleUrl>#icon-1899-DB4436-labelson-nodesc</styleUrl>
        <Point>
          <coordinates>
            43.119729,16.883326,0
          </coordinates>
        </Point>
      </Placemark>
      <Placemark>
        <name>الرمضه</name>
        <styleUrl>#icon-1899-DB4436-labelson-nodesc</styleUrl>
        <Point>
          <coordinates>
            42.898371,16.452692,0
          </coordinates>
        </Point>
      </Placemark>
      <Placemark>
        <name>الرنفه</name>
        <styleUrl>#icon-1899-DB4436-labelson-nodesc</styleUrl>
        <Point>
          <coordinates>
            42.779303,16.543801,0
          </coordinates>
        </Point>
      </Placemark>
      <Placemark>
        <name>الرهوة</name>
        <styleUrl>#icon-1899-DB4436-labelson-nodesc</styleUrl>
        <Point>
          <coordinates>
            42.899036,17.639065,0
          </coordinates>
        </Point>
      </Placemark>
      <Placemark>
        <name>الرواجحه</name>
        <styleUrl>#icon-1899-DB4436-labelson-nodesc</styleUrl>
        <Point>
          <coordinates>
            42.883115,16.772561,0
          </coordinates>
        </Point>
      </Placemark>
      <Placemark>
        <name>الروح</name>
        <styleUrl>#icon-1899-DB4436-labelson-nodesc</styleUrl>
        <Point>
          <coordinates>
            43.183329,16.963899,0
          </coordinates>
        </Point>
      </Placemark>
      <Placemark>
        <name>الرونة</name>
        <styleUrl>#icon-1899-DB4436-labelson-nodesc</styleUrl>
        <Point>
          <coordinates>
            42.471385,17.156675,0
          </coordinates>
        </Point>
      </Placemark>
      <Placemark>
        <name>الرونه</name>
        <styleUrl>#icon-1899-DB4436-labelson-nodesc</styleUrl>
        <Point>
          <coordinates>
            42.59129,17.132878,0
          </coordinates>
        </Point>
      </Placemark>
      <Placemark>
        <name>الرونه</name>
        <styleUrl>#icon-1899-DB4436-labelson-nodesc</styleUrl>
        <Point>
          <coordinates>
            42.80679,16.536891,0
          </coordinates>
        </Point>
      </Placemark>
      <Placemark>
        <name>الرويس</name>
        <styleUrl>#icon-1899-DB4436-labelson-nodesc</styleUrl>
        <Point>
          <coordinates>
            43.181677,16.990829,0
          </coordinates>
        </Point>
      </Placemark>
      <Placemark>
        <name>الريان</name>
        <styleUrl>#icon-1899-DB4436-labelson-nodesc</styleUrl>
        <Point>
          <coordinates>
            42.699351,16.978447,0
          </coordinates>
        </Point>
      </Placemark>
      <Placemark>
        <name>الريث</name>
        <styleUrl>#icon-1899-DB4436-labelson-nodesc</styleUrl>
        <Point>
          <coordinates>
            42.788508,17.540231,0
          </coordinates>
        </Point>
      </Placemark>
      <Placemark>
        <name>الريث</name>
        <styleUrl>#icon-1899-DB4436-labelson-nodesc</styleUrl>
        <Point>
          <coordinates>
            42.859383,17.603703,0
          </coordinates>
        </Point>
      </Placemark>
      <Placemark>
        <name>الزاويه</name>
        <styleUrl>#icon-1899-DB4436-labelson-nodesc</styleUrl>
        <Point>
          <coordinates>
            42.894123,16.637185,0
          </coordinates>
        </Point>
      </Placemark>
      <Placemark>
        <name>الزبادين</name>
        <styleUrl>#icon-1899-DB4436-labelson-nodesc</styleUrl>
        <Point>
          <coordinates>
            43.137453,16.624053,0
          </coordinates>
        </Point>
      </Placemark>
      <Placemark>
        <name>الزبارة</name>
        <styleUrl>#icon-1899-DB4436-labelson-nodesc</styleUrl>
        <Point>
          <coordinates>
            42.575562,17.121677,0
          </coordinates>
        </Point>
      </Placemark>
      <Placemark>
        <name>الزبارة</name>
        <styleUrl>#icon-1899-DB4436-labelson-nodesc</styleUrl>
        <Point>
          <coordinates>
            42.90556,16.93918,0
          </coordinates>
        </Point>
      </Placemark>
      <Placemark>
        <name>الزبارة</name>
        <styleUrl>#icon-1899-DB4436-labelson-nodesc</styleUrl>
        <Point>
          <coordinates>
            42.957401,16.788118,0
          </coordinates>
        </Point>
      </Placemark>
      <Placemark>
        <name>الزباره</name>
        <styleUrl>#icon-1899-DB4436-labelson-nodesc</styleUrl>
        <Point>
          <coordinates>
            42.950041,16.806679,0
          </coordinates>
        </Point>
      </Placemark>
      <Placemark>
        <name>الزبيديه</name>
        <styleUrl>#icon-1899-DB4436-labelson-nodesc</styleUrl>
        <Point>
          <coordinates>
            42.972701,16.791079,0
          </coordinates>
        </Point>
      </Placemark>
      <Placemark>
        <name>الزخميه</name>
        <styleUrl>#icon-1899-DB4436-labelson-nodesc</styleUrl>
        <Point>
          <coordinates>
            42.896419,16.933408,0
          </coordinates>
        </Point>
      </Placemark>
      <Placemark>
        <name>الزربة</name>
        <styleUrl>#icon-1899-DB4436-labelson-nodesc</styleUrl>
        <Point>
          <coordinates>
            43.015273,16.688898,0
          </coordinates>
        </Point>
      </Placemark>
      <Placemark>
        <name>الزربه</name>
        <styleUrl>#icon-1899-DB4436-labelson-nodesc</styleUrl>
        <Point>
          <coordinates>
            42.538548,17.11097,0
          </coordinates>
        </Point>
      </Placemark>
      <Placemark>
        <name>الزرقاء</name>
        <styleUrl>#icon-1899-DB4436-labelson-nodesc</styleUrl>
        <Point>
          <coordinates>
            42.790074,17.138071,0
          </coordinates>
        </Point>
      </Placemark>
      <Placemark>
        <name>الزغلول</name>
        <styleUrl>#icon-1899-DB4436-labelson-nodesc</styleUrl>
        <Point>
          <coordinates>
            43.210559,16.828609,0
          </coordinates>
        </Point>
      </Placemark>
      <Placemark>
        <name>الزغلي</name>
        <styleUrl>#icon-1899-DB4436-labelson-nodesc</styleUrl>
        <Point>
          <coordinates>
            43.159447,17.297223,0
          </coordinates>
        </Point>
      </Placemark>
      <Placemark>
        <name>الزنقة</name>
        <styleUrl>#icon-1899-DB4436-labelson-nodesc</styleUrl>
        <Point>
          <coordinates>
            42.58333,17.461116,0
          </coordinates>
        </Point>
      </Placemark>
      <Placemark>
        <name>الزهب</name>
        <styleUrl>#icon-1899-DB4436-labelson-nodesc</styleUrl>
        <Point>
          <coordinates>
            42.851422,17.370286,0
          </coordinates>
        </Point>
      </Placemark>
      <Placemark>
        <name>الزهب</name>
        <styleUrl>#icon-1899-DB4436-labelson-nodesc</styleUrl>
        <Point>
          <coordinates>
            43.027225,16.907787,0
          </coordinates>
        </Point>
      </Placemark>
      <Placemark>
        <name>الزهبين</name>
        <styleUrl>#icon-1899-DB4436-labelson-nodesc</styleUrl>
        <Point>
          <coordinates>
            42.737031,16.710634,0
          </coordinates>
        </Point>
      </Placemark>
      <Placemark>
        <name>الزهبين</name>
        <styleUrl>#icon-1899-DB4436-labelson-nodesc</styleUrl>
        <Point>
          <coordinates>
            42.740421,16.701794,0
          </coordinates>
        </Point>
      </Placemark>
      <Placemark>
        <name>الزهره - زرت</name>
        <styleUrl>#icon-1899-DB4436-labelson-nodesc</styleUrl>
        <Point>
          <coordinates>
            42.398987,16.419132,0
          </coordinates>
        </Point>
      </Placemark>
      <Placemark>
        <name>الزيدية</name>
        <styleUrl>#icon-1899-DB4436-labelson-nodesc</styleUrl>
        <Point>
          <coordinates>
            42.907491,16.713896,0
          </coordinates>
        </Point>
      </Placemark>
      <Placemark>
        <name>الزيديه</name>
        <styleUrl>#icon-1899-DB4436-labelson-nodesc</styleUrl>
        <Point>
          <coordinates>
            42.548761,17.07829,0
          </coordinates>
        </Point>
      </Placemark>
      <Placemark>
        <name>السادلية</name>
        <styleUrl>#icon-1899-DB4436-labelson-nodesc</styleUrl>
        <Point>
          <coordinates>
            42.86582,16.930275,0
          </coordinates>
        </Point>
      </Placemark>
      <Placemark>
        <name>السادلية</name>
        <styleUrl>#icon-1899-DB4436-labelson-nodesc</styleUrl>
        <Point>
          <coordinates>
            42.83005,16.92755,0
          </coordinates>
        </Point>
      </Placemark>
      <Placemark>
        <name>الساهية</name>
        <styleUrl>#icon-1899-DB4436-labelson-nodesc</styleUrl>
        <Point>
          <coordinates>
            43.08825,17.063098,0
          </coordinates>
        </Point>
      </Placemark>
      <Placemark>
        <name>السباب</name>
        <styleUrl>#icon-1899-DB4436-labelson-nodesc</styleUrl>
        <Point>
          <coordinates>
            43.212211,16.824446,0
          </coordinates>
        </Point>
      </Placemark>
      <Placemark>
        <name>السبخة</name>
        <styleUrl>#icon-1899-DB4436-labelson-nodesc</styleUrl>
        <Point>
          <coordinates>
            42.525158,17.08168,0
          </coordinates>
        </Point>
      </Placemark>
      <Placemark>
        <name>السبلة</name>
        <styleUrl>#icon-1899-DB4436-labelson-nodesc</styleUrl>
        <Point>
          <coordinates>
            42.077229,17.762511,0
          </coordinates>
        </Point>
      </Placemark>
      <Placemark>
        <name>السحار</name>
        <styleUrl>#icon-1899-DB4436-labelson-nodesc</styleUrl>
        <Point>
          <coordinates>
            43.16376,16.946368,0
          </coordinates>
        </Point>
      </Placemark>
      <Placemark>
        <name>السداد</name>
        <styleUrl>#icon-1899-DB4436-labelson-nodesc</styleUrl>
        <Point>
          <coordinates>
            42.953067,17.039731,0
          </coordinates>
        </Point>
      </Placemark>
      <Placemark>
        <name>السر</name>
        <styleUrl>#icon-1899-DB4436-labelson-nodesc</styleUrl>
        <Point>
          <coordinates>
            42.879853,16.545496,0
          </coordinates>
        </Point>
      </Placemark>
      <Placemark>
        <name>السر</name>
        <styleUrl>#icon-1899-DB4436-labelson-nodesc</styleUrl>
        <Point>
          <coordinates>
            42.904873,16.733208,0
          </coordinates>
        </Point>
      </Placemark>
      <Placemark>
        <name>السر</name>
        <styleUrl>#icon-1899-DB4436-labelson-nodesc</styleUrl>
        <Point>
          <coordinates>
            42.93957,16.702716,0
          </coordinates>
        </Point>
      </Placemark>
      <Placemark>
        <name>السر</name>
        <styleUrl>#icon-1899-DB4436-labelson-nodesc</styleUrl>
        <Point>
          <coordinates>
            42.873974,16.929159,0
          </coordinates>
        </Point>
      </Placemark>
      <Placemark>
        <name>السر</name>
        <styleUrl>#icon-1899-DB4436-labelson-nodesc</styleUrl>
        <Point>
          <coordinates>
            43.127496,16.660273,0
          </coordinates>
        </Point>
      </Placemark>
      <Placemark>
        <name>السرداح</name>
        <styleUrl>#icon-1899-DB4436-labelson-nodesc</styleUrl>
        <Point>
          <coordinates>
            43.127711,16.597166,0
          </coordinates>
        </Point>
      </Placemark>
      <Placemark>
        <name>السرورية</name>
        <styleUrl>#icon-1899-DB4436-labelson-nodesc</styleUrl>
        <Point>
          <coordinates>
            42.658324,17.056661,0
          </coordinates>
        </Point>
      </Placemark>
      <Placemark>
        <name>السعب والسعبة</name>
        <styleUrl>#icon-1899-DB4436-labelson-nodesc</styleUrl>
        <Point>
          <coordinates>
            43.02583,16.907787,0
          </coordinates>
        </Point>
      </Placemark>
      <Placemark>
        <name>السعدية</name>
        <styleUrl>#icon-1899-DB4436-labelson-nodesc</styleUrl>
        <Point>
          <coordinates>
            42.893608,16.543887,0
          </coordinates>
        </Point>
      </Placemark>
      <Placemark>
        <name>السعنه</name>
        <styleUrl>#icon-1899-DB4436-labelson-nodesc</styleUrl>
        <Point>
          <coordinates>
            42.52548,17.399747,0
          </coordinates>
        </Point>
      </Placemark>
      <Placemark>
        <name>السقيم</name>
        <styleUrl>#icon-1899-DB4436-labelson-nodesc</styleUrl>
        <Point>
          <coordinates>
            43.128333,17.060566,0
          </coordinates>
        </Point>
      </Placemark>
      <Placemark>
        <name>السلامة</name>
        <styleUrl>#icon-1899-DB4436-labelson-nodesc</styleUrl>
        <Point>
          <coordinates>
            42.514172,17.174442,0
          </coordinates>
        </Point>
      </Placemark>
      <Placemark>
        <name>السلامة</name>
        <styleUrl>#icon-1899-DB4436-labelson-nodesc</styleUrl>
        <Point>
          <coordinates>
            42.756987,16.975701,0
          </coordinates>
        </Point>
      </Placemark>
      <Placemark>
        <name>السلامة السفلى</name>
        <styleUrl>#icon-1899-DB4436-labelson-nodesc</styleUrl>
        <Point>
          <coordinates>
            42.544942,17.301986,0
          </coordinates>
        </Point>
      </Placemark>
      <Placemark>
        <name>السلف</name>
        <styleUrl>#icon-1899-DB4436-labelson-nodesc</styleUrl>
        <Point>
          <coordinates>
            42.949977,17.123179,0
          </coordinates>
        </Point>
      </Placemark>
      <Placemark>
        <name>السلمين</name>
        <styleUrl>#icon-1899-DB4436-labelson-nodesc</styleUrl>
        <Point>
          <coordinates>
            43.143053,17.074449,0
          </coordinates>
        </Point>
      </Placemark>
      <Placemark>
        <name>السليل</name>
        <styleUrl>#icon-1899-DB4436-labelson-nodesc</styleUrl>
        <Point>
          <coordinates>
            42.781534,17.120025,0
          </coordinates>
        </Point>
      </Placemark>
      <Placemark>
        <name>السليماني</name>
        <styleUrl>#icon-1899-DB4436-labelson-nodesc</styleUrl>
        <Point>
          <coordinates>
            43.041923,17.392409,0
          </coordinates>
        </Point>
      </Placemark>
      <Placemark>
        <name>السميرة</name>
        <styleUrl>#icon-1899-DB4436-labelson-nodesc</styleUrl>
        <Point>
          <coordinates>
            43.04527,17.114725,0
          </coordinates>
        </Point>
      </Placemark>
      <Placemark>
        <name>السهليه</name>
        <styleUrl>#icon-1899-DB4436-labelson-nodesc</styleUrl>
        <Point>
          <coordinates>
            42.698321,16.788869,0
          </coordinates>
        </Point>
      </Placemark>
      <Placemark>
        <name>السهوم</name>
        <styleUrl>#icon-1899-DB4436-labelson-nodesc</styleUrl>
        <Point>
          <coordinates>
            42.202971,17.617671,0
          </coordinates>
        </Point>
      </Placemark>
      <Placemark>
        <name>السهوه</name>
        <styleUrl>#icon-1899-DB4436-labelson-nodesc</styleUrl>
        <Point>
          <coordinates>
            43.014972,16.796658,0
          </coordinates>
        </Point>
      </Placemark>
      <Placemark>
        <name>السوابه</name>
        <styleUrl>#icon-1899-DB4436-labelson-nodesc</styleUrl>
        <Point>
          <coordinates>
            42.974331,16.794727,0
          </coordinates>
        </Point>
      </Placemark>
      <Placemark>
        <name>السوالمه</name>
        <styleUrl>#icon-1899-DB4436-labelson-nodesc</styleUrl>
        <Point>
          <coordinates>
            42.850864,16.711235,0
          </coordinates>
        </Point>
      </Placemark>
      <Placemark>
        <name>السواني</name>
        <styleUrl>#icon-1899-DB4436-labelson-nodesc</styleUrl>
        <Point>
          <coordinates>
            42.041674,17.719166,0
          </coordinates>
        </Point>
      </Placemark>
      <Placemark>
        <name>السودة</name>
        <styleUrl>#icon-1899-DB4436-labelson-nodesc</styleUrl>
        <Point>
          <coordinates>
            43.093057,16.805563,0
          </coordinates>
        </Point>
      </Placemark>
      <Placemark>
        <name>السودي</name>
        <styleUrl>#icon-1899-DB4436-labelson-nodesc</styleUrl>
        <Point>
          <coordinates>
            43.034499,16.751983,0
          </coordinates>
        </Point>
      </Placemark>
      <Placemark>
        <name>السودي</name>
        <styleUrl>#icon-1899-DB4436-labelson-nodesc</styleUrl>
        <Point>
          <coordinates>
            43.07368,16.701279,0
          </coordinates>
        </Point>
      </Placemark>
      <Placemark>
        <name>السودي</name>
        <styleUrl>#icon-1899-DB4436-labelson-nodesc</styleUrl>
        <Point>
          <coordinates>
            43.183329,16.77417,0
          </coordinates>
        </Point>
      </Placemark>
      <Placemark>
        <name>السوديه</name>
        <styleUrl>#icon-1899-DB4436-labelson-nodesc</styleUrl>
        <Point>
          <coordinates>
            42.841122,16.741598,0
          </coordinates>
        </Point>
      </Placemark>
      <Placemark>
        <name>السويس</name>
        <styleUrl>#icon-1899-DB4436-labelson-nodesc</styleUrl>
        <Point>
          <coordinates>
            42.670641,16.787324,0
          </coordinates>
        </Point>
      </Placemark>
      <Placemark>
        <name>الشاخر</name>
        <styleUrl>#icon-1899-DB4436-labelson-nodesc</styleUrl>
        <Point>
          <coordinates>
            42.591333,17.222807,0
          </coordinates>
        </Point>
      </Placemark>
      <Placemark>
        <name>الشاخر</name>
        <styleUrl>#icon-1899-DB4436-labelson-nodesc</styleUrl>
        <Point>
          <coordinates>
            42.872536,16.932871,0
          </coordinates>
        </Point>
      </Placemark>
      <Placemark>
        <name>الشامي</name>
        <styleUrl>#icon-1899-DB4436-labelson-nodesc</styleUrl>
        <Point>
          <coordinates>
            43.134448,17.017221,0
          </coordinates>
        </Point>
      </Placemark>
      <Placemark>
        <name>الشبقة</name>
        <styleUrl>#icon-1899-DB4436-labelson-nodesc</styleUrl>
        <Point>
          <coordinates>
            43.156507,16.787796,0
          </coordinates>
        </Point>
      </Placemark>
      <Placemark>
        <name>الشجعه</name>
        <styleUrl>#icon-1899-DB4436-labelson-nodesc</styleUrl>
        <Point>
          <coordinates>
            43.026044,17.473347,0
          </coordinates>
        </Point>
      </Placemark>
      <Placemark>
        <name>الشحيذية</name>
        <styleUrl>#icon-1899-DB4436-labelson-nodesc</styleUrl>
        <Point>
          <coordinates>
            43.070269,17.01499,0
          </coordinates>
        </Point>
      </Placemark>
      <Placemark>
        <name>الشديد</name>
        <styleUrl>#icon-1899-DB4436-labelson-nodesc</styleUrl>
        <Point>
          <coordinates>
            43.010981,17.053463,0
          </coordinates>
        </Point>
      </Placemark>
      <Placemark>
        <name>الشراعة</name>
        <styleUrl>#icon-1899-DB4436-labelson-nodesc</styleUrl>
        <Point>
          <coordinates>
            42.939527,16.929803,0
          </coordinates>
        </Point>
      </Placemark>
      <Placemark>
        <name>الشرافا</name>
        <styleUrl>#icon-1899-DB4436-labelson-nodesc</styleUrl>
        <Point>
          <coordinates>
            42.782221,16.863327,0
          </coordinates>
        </Point>
      </Placemark>
      <Placemark>
        <name>الشرفي</name>
        <styleUrl>#icon-1899-DB4436-labelson-nodesc</styleUrl>
        <Point>
          <coordinates>
            43.068981,16.788182,0
          </coordinates>
        </Point>
      </Placemark>
      <Placemark>
        <name>الشرقي</name>
        <styleUrl>#icon-1899-DB4436-labelson-nodesc</styleUrl>
        <Point>
          <coordinates>
            43.164597,17.010376,0
          </coordinates>
        </Point>
      </Placemark>
      <Placemark>
        <name>الشريعة</name>
        <styleUrl>#icon-1899-DB4436-labelson-nodesc</styleUrl>
        <Point>
          <coordinates>
            42.548053,17.38889,0
          </coordinates>
        </Point>
      </Placemark>
      <Placemark>
        <name>الشريعه</name>
        <styleUrl>#icon-1899-DB4436-labelson-nodesc</styleUrl>
        <Point>
          <coordinates>
            42.537796,17.396421,0
          </coordinates>
        </Point>
      </Placemark>
      <Placemark>
        <name>الشريف</name>
        <styleUrl>#icon-1899-DB4436-labelson-nodesc</styleUrl>
        <Point>
          <coordinates>
            42.543054,17.401936,0
          </coordinates>
        </Point>
      </Placemark>
      <Placemark>
        <name>الشريمية</name>
        <styleUrl>#icon-1899-DB4436-labelson-nodesc</styleUrl>
        <Point>
          <coordinates>
            42.878888,16.817214,0
          </coordinates>
        </Point>
      </Placemark>
      <Placemark>
        <name>الشطيفية</name>
        <styleUrl>#icon-1899-DB4436-labelson-nodesc</styleUrl>
        <Point>
          <coordinates>
            42.875326,16.668727,0
          </coordinates>
        </Point>
      </Placemark>
      <Placemark>
        <name>الشطيفية</name>
        <styleUrl>#icon-1899-DB4436-labelson-nodesc</styleUrl>
        <Point>
          <coordinates>
            43.140285,17.129166,0
          </coordinates>
        </Point>
      </Placemark>
      <Placemark>
        <name>الشعب</name>
        <styleUrl>#icon-1899-DB4436-labelson-nodesc</styleUrl>
        <Point>
          <coordinates>
            42.316675,17.350008,0
          </coordinates>
        </Point>
      </Placemark>
      <Placemark>
        <name>الشعبة</name>
        <styleUrl>#icon-1899-DB4436-labelson-nodesc</styleUrl>
        <Point>
          <coordinates>
            43.161678,16.928601,0
          </coordinates>
        </Point>
      </Placemark>
      <Placemark>
        <name>الشعبين</name>
        <styleUrl>#icon-1899-DB4436-labelson-nodesc</styleUrl>
        <Point>
          <coordinates>
            41.586256,16.683598,0
          </coordinates>
        </Point>
      </Placemark>
      <Placemark>
        <name>الشعفوليه</name>
        <styleUrl>#icon-1899-DB4436-labelson-nodesc</styleUrl>
        <Point>
          <coordinates>
            42.861035,16.754901,0
          </coordinates>
        </Point>
      </Placemark>
      <Placemark>
        <name>الشعنون</name>
        <styleUrl>#icon-1899-DB4436-labelson-nodesc</styleUrl>
        <Point>
          <coordinates>
            43.100202,16.798654,0
          </coordinates>
        </Point>
      </Placemark>
      <Placemark>
        <name>الشعوب</name>
        <styleUrl>#icon-1899-DB4436-labelson-nodesc</styleUrl>
        <Point>
          <coordinates>
            42.855735,17.052305,0
          </coordinates>
        </Point>
      </Placemark>
      <Placemark>
        <name>الشعوب</name>
        <styleUrl>#icon-1899-DB4436-labelson-nodesc</styleUrl>
        <Point>
          <coordinates>
            42.979932,16.829424,0
          </coordinates>
        </Point>
      </Placemark>
      <Placemark>
        <name>الشعوف</name>
        <styleUrl>#icon-1899-DB4436-labelson-nodesc</styleUrl>
        <Point>
          <coordinates>
            42.075834,17.736933,0
          </coordinates>
        </Point>
      </Placemark>
      <Placemark>
        <name>الشقارة</name>
        <styleUrl>#icon-1899-DB4436-labelson-nodesc</styleUrl>
        <Point>
          <coordinates>
            42.509451,17.161674,0
          </coordinates>
        </Point>
      </Placemark>
      <Placemark>
        <name>الشقبة</name>
        <styleUrl>#icon-1899-DB4436-labelson-nodesc</styleUrl>
        <Point>
          <coordinates>
            43.119171,16.986666,0
          </coordinates>
        </Point>
      </Placemark>
      <Placemark>
        <name>الشقرة</name>
        <styleUrl>#icon-1899-DB4436-labelson-nodesc</styleUrl>
        <Point>
          <coordinates>
            42.883501,16.913817,0
          </coordinates>
        </Point>
      </Placemark>
      <Placemark>
        <name>الشقيري</name>
        <styleUrl>#icon-1899-DB4436-labelson-nodesc</styleUrl>
        <Point>
          <coordinates>
            42.827454,17.13129,0
          </coordinates>
        </Point>
      </Placemark>
      <Placemark>
        <name>الشقيق</name>
        <styleUrl>#icon-1899-DB4436-labelson-nodesc</styleUrl>
        <Point>
          <coordinates>
            42.027297,17.725861,0
          </coordinates>
        </Point>
      </Placemark>
      <Placemark>
        <name>الشكران</name>
        <styleUrl>#icon-1899-DB4436-labelson-nodesc</styleUrl>
        <Point>
          <coordinates>
            42.97888,16.900277,0
          </coordinates>
        </Point>
      </Placemark>
      <Placemark>
        <name>الشكواني</name>
        <styleUrl>#icon-1899-DB4436-labelson-nodesc</styleUrl>
        <Point>
          <coordinates>
            43.032889,16.940703,0
          </coordinates>
        </Point>
      </Placemark>
      <Placemark>
        <name>الشماع</name>
        <styleUrl>#icon-1899-DB4436-labelson-nodesc</styleUrl>
        <Point>
          <coordinates>
            43.028684,16.90238,0
          </coordinates>
        </Point>
      </Placemark>
      <Placemark>
        <name>الشنامرة</name>
        <styleUrl>#icon-1899-DB4436-labelson-nodesc</styleUrl>
        <Point>
          <coordinates>
            42.752502,16.582789,0
          </coordinates>
        </Point>
      </Placemark>
      <Placemark>
        <name>الشهمانية</name>
        <styleUrl>#icon-1899-DB4436-labelson-nodesc</styleUrl>
        <Point>
          <coordinates>
            42.924163,16.53775,0
          </coordinates>
        </Point>
      </Placemark>
      <Placemark>
        <name>الشواجره</name>
        <styleUrl>#icon-1899-DB4436-labelson-nodesc</styleUrl>
        <Point>
          <coordinates>
            42.590904,16.998339,0
          </coordinates>
        </Point>
      </Placemark>
      <Placemark>
        <name>الشوك</name>
        <styleUrl>#icon-1899-DB4436-labelson-nodesc</styleUrl>
        <Point>
          <coordinates>
            43.204722,17.024989,0
          </coordinates>
        </Point>
      </Placemark>
      <Placemark>
        <name>الشويهاء</name>
        <styleUrl>#icon-1899-DB4436-labelson-nodesc</styleUrl>
        <Point>
          <coordinates>
            43.156936,17.078333,0
          </coordinates>
        </Point>
      </Placemark>
      <Placemark>
        <name>الشياق</name>
        <styleUrl>#icon-1899-DB4436-labelson-nodesc</styleUrl>
        <Point>
          <coordinates>
            43.063037,17.115819,0
          </coordinates>
        </Point>
      </Placemark>
      <Placemark>
        <name>الشيخة</name>
        <styleUrl>#icon-1899-DB4436-labelson-nodesc</styleUrl>
        <Point>
          <coordinates>
            43.178008,16.837106,0
          </coordinates>
        </Point>
      </Placemark>
      <Placemark>
        <name>الشيخين</name>
        <styleUrl>#icon-1899-DB4436-labelson-nodesc</styleUrl>
        <Point>
          <coordinates>
            42.863889,16.888883,0
          </coordinates>
        </Point>
      </Placemark>
      <Placemark>
        <name>الصافح</name>
        <styleUrl>#icon-1899-DB4436-labelson-nodesc</styleUrl>
        <Point>
          <coordinates>
            42.566099,17.193325,0
          </coordinates>
        </Point>
      </Placemark>
      <Placemark>
        <name>الصافح</name>
        <styleUrl>#icon-1899-DB4436-labelson-nodesc</styleUrl>
        <Point>
          <coordinates>
            42.761385,17.248127,0
          </coordinates>
        </Point>
      </Placemark>
      <Placemark>
        <name>الصبخا</name>
        <styleUrl>#icon-1899-DB4436-labelson-nodesc</styleUrl>
        <Point>
          <coordinates>
            42.742739,17.304389,0
          </coordinates>
        </Point>
      </Placemark>
      <Placemark>
        <name>الصبخاية</name>
        <styleUrl>#icon-1899-DB4436-labelson-nodesc</styleUrl>
        <Point>
          <coordinates>
            43.223948,16.724796,0
          </coordinates>
        </Point>
      </Placemark>
      <Placemark>
        <name>الصبيخه</name>
        <styleUrl>#icon-1899-DB4436-labelson-nodesc</styleUrl>
        <Point>
          <coordinates>
            42.846508,16.863971,0
          </coordinates>
        </Point>
      </Placemark>
      <Placemark>
        <name>الصفيف</name>
        <styleUrl>#icon-1899-DB4436-labelson-nodesc</styleUrl>
        <Point>
          <coordinates>
            43.148611,17.008059,0
          </coordinates>
        </Point>
      </Placemark>
      <Placemark>
        <name>الصقعان</name>
        <styleUrl>#icon-1899-DB4436-labelson-nodesc</styleUrl>
        <Point>
          <coordinates>
            42.04721,17.72084,0
          </coordinates>
        </Point>
      </Placemark>
      <Placemark>
        <name>الحصام الجنوبي</name>
        <styleUrl>#icon-1899-DB4436-labelson-nodesc</styleUrl>
        <Point>
          <coordinates>
            42.06105,17.714725,0
          </coordinates>
        </Point>
      </Placemark>
      <Placemark>
        <name>الصمع</name>
        <styleUrl>#icon-1899-DB4436-labelson-nodesc</styleUrl>
        <Point>
          <coordinates>
            43.22,16.669178,0
          </coordinates>
        </Point>
      </Placemark>
      <Placemark>
        <name>الصمله</name>
        <styleUrl>#icon-1899-DB4436-labelson-nodesc</styleUrl>
        <Point>
          <coordinates>
            42.855563,16.46209,0
          </coordinates>
        </Point>
      </Placemark>
      <Placemark>
        <name>الصندقة</name>
        <styleUrl>#icon-1899-DB4436-labelson-nodesc</styleUrl>
        <Point>
          <coordinates>
            42.000003,17.729723,0
          </coordinates>
        </Point>
      </Placemark>
      <Placemark>
        <name>الصنيدلي</name>
        <styleUrl>#icon-1899-DB4436-labelson-nodesc</styleUrl>
        <Point>
          <coordinates>
            42.09167,17.743607,0
          </coordinates>
        </Point>
      </Placemark>
      <Placemark>
        <name>الصنيف</name>
        <styleUrl>#icon-1899-DB4436-labelson-nodesc</styleUrl>
        <Point>
          <coordinates>
            42.501619,17.123308,0
          </coordinates>
        </Point>
      </Placemark>
      <Placemark>
        <name>الصهفا</name>
        <styleUrl>#icon-1899-DB4436-labelson-nodesc</styleUrl>
        <Point>
          <coordinates>
            42.786148,16.5535,0
          </coordinates>
        </Point>
      </Placemark>
      <Placemark>
        <name>الصوارمة</name>
        <styleUrl>#icon-1899-DB4436-labelson-nodesc</styleUrl>
        <Point>
          <coordinates>
            42.763596,16.659994,0
          </coordinates>
        </Point>
      </Placemark>
      <Placemark>
        <name>الصوان</name>
        <styleUrl>#icon-1899-DB4436-labelson-nodesc</styleUrl>
        <Point>
          <coordinates>
            43.133612,16.711106,0
          </coordinates>
        </Point>
      </Placemark>
      <Placemark>
        <name>الصوفة</name>
        <styleUrl>#icon-1899-DB4436-labelson-nodesc</styleUrl>
        <Point>
          <coordinates>
            43.152773,16.976945,0
          </coordinates>
        </Point>
      </Placemark>
      <Placemark>
        <name>الصونة</name>
        <styleUrl>#icon-1899-DB4436-labelson-nodesc</styleUrl>
        <Point>
          <coordinates>
            43.136101,17.015827,0
          </coordinates>
        </Point>
      </Placemark>
      <Placemark>
        <name>الصيابة</name>
        <styleUrl>#icon-1899-DB4436-labelson-nodesc</styleUrl>
        <Point>
          <coordinates>
            43.072565,16.575859,0
          </coordinates>
        </Point>
      </Placemark>
      <Placemark>
        <name>الصيابة</name>
        <styleUrl>#icon-1899-DB4436-labelson-nodesc</styleUrl>
        <Point>
          <coordinates>
            43.091512,17.098074,0
          </coordinates>
        </Point>
      </Placemark>
      <Placemark>
        <name>الصيابة</name>
        <styleUrl>#icon-1899-DB4436-labelson-nodesc</styleUrl>
        <Point>
          <coordinates>
            43.235471,16.801057,0
          </coordinates>
        </Point>
      </Placemark>
      <Placemark>
        <name>الصياره</name>
        <styleUrl>#icon-1899-DB4436-labelson-nodesc</styleUrl>
        <Point>
          <coordinates>
            42.986798,16.830239,0
          </coordinates>
        </Point>
      </Placemark>
      <Placemark>
        <name>الصين</name>
        <styleUrl>#icon-1899-DB4436-labelson-nodesc</styleUrl>
        <Point>
          <coordinates>
            43.095825,17.004712,0
          </coordinates>
        </Point>
      </Placemark>
      <Placemark>
        <name>الضبر</name>
        <styleUrl>#icon-1899-DB4436-labelson-nodesc</styleUrl>
        <Point>
          <coordinates>
            43.113892,17.027779,0
          </coordinates>
        </Point>
      </Placemark>
      <Placemark>
        <name>الضبية</name>
        <styleUrl>#icon-1899-DB4436-labelson-nodesc</styleUrl>
        <Point>
          <coordinates>
            42.665234,17.116528,0
          </coordinates>
        </Point>
      </Placemark>
      <Placemark>
        <name>الضفه</name>
        <styleUrl>#icon-1899-DB4436-labelson-nodesc</styleUrl>
        <Point>
          <coordinates>
            42.480783,17.376423,0
          </coordinates>
        </Point>
      </Placemark>
      <Placemark>
        <name>الضلف</name>
        <styleUrl>#icon-1899-DB4436-labelson-nodesc</styleUrl>
        <Point>
          <coordinates>
            43.22706,17.04546,0
          </coordinates>
        </Point>
      </Placemark>
      <Placemark>
        <name>الضمة</name>
        <styleUrl>#icon-1899-DB4436-labelson-nodesc</styleUrl>
        <Point>
          <coordinates>
            43.321903,17.582695,0
          </coordinates>
        </Point>
      </Placemark>
      <Placemark>
        <name>الضيعه</name>
        <styleUrl>#icon-1899-DB4436-labelson-nodesc</styleUrl>
        <Point>
          <coordinates>
            42.846959,17.478991,0
          </coordinates>
        </Point>
      </Placemark>
      <Placemark>
        <name>الطالبية</name>
        <styleUrl>#icon-1899-DB4436-labelson-nodesc</styleUrl>
        <Point>
          <coordinates>
            42.19795,17.623379,0
          </coordinates>
        </Point>
      </Placemark>
      <Placemark>
        <name>الطاهرية</name>
        <styleUrl>#icon-1899-DB4436-labelson-nodesc</styleUrl>
        <Point>
          <coordinates>
            42.779088,16.655939,0
          </coordinates>
        </Point>
      </Placemark>
      <Placemark>
        <name>الطاهريه</name>
        <styleUrl>#icon-1899-DB4436-labelson-nodesc</styleUrl>
        <Point>
          <coordinates>
            42.744498,17.074513,0
          </coordinates>
        </Point>
      </Placemark>
      <Placemark>
        <name>الطرشيه</name>
        <styleUrl>#icon-1899-DB4436-labelson-nodesc</styleUrl>
        <Point>
          <coordinates>
            42.947338,16.577361,0
          </coordinates>
        </Point>
      </Placemark>
      <Placemark>
        <name>الطرف</name>
        <styleUrl>#icon-1899-DB4436-labelson-nodesc</styleUrl>
        <Point>
          <coordinates>
            43.023426,17.475858,0
          </coordinates>
        </Point>
      </Placemark>
      <Placemark>
        <name>الطوال</name>
        <styleUrl>#icon-1899-DB4436-labelson-nodesc</styleUrl>
        <Point>
          <coordinates>
            42.968044,16.529961,0
          </coordinates>
        </Point>
      </Placemark>
      <Placemark>
        <name>الطواهرة</name>
        <styleUrl>#icon-1899-DB4436-labelson-nodesc</styleUrl>
        <Point>
          <coordinates>
            42.875154,16.98364,0
          </coordinates>
        </Point>
      </Placemark>
      <Placemark>
        <name>الظبره</name>
        <styleUrl>#icon-1899-DB4436-labelson-nodesc</styleUrl>
        <Point>
          <coordinates>
            42.818699,16.817987,0
          </coordinates>
        </Point>
      </Placemark>
      <Placemark>
        <name>الظلعة</name>
        <styleUrl>#icon-1899-DB4436-labelson-nodesc</styleUrl>
        <Point>
          <coordinates>
            43.133376,16.64036,0
          </coordinates>
        </Point>
      </Placemark>
      <Placemark>
        <name>الظهر</name>
        <styleUrl>#icon-1899-DB4436-labelson-nodesc</styleUrl>
        <Point>
          <coordinates>
            43.185282,16.804168,0
          </coordinates>
        </Point>
      </Placemark>
      <Placemark>
        <name>الظهراني</name>
        <styleUrl>#icon-1899-DB4436-labelson-nodesc</styleUrl>
        <Point>
          <coordinates>
            43.156979,17.033851,0
          </coordinates>
        </Point>
      </Placemark>
      <Placemark>
        <name>الظهرة</name>
        <styleUrl>#icon-1899-DB4436-labelson-nodesc</styleUrl>
        <Point>
          <coordinates>
            43.236115,17.046103,0
          </coordinates>
        </Point>
      </Placemark>
      <Placemark>
        <name>الظهره</name>
        <styleUrl>#icon-1899-DB4436-labelson-nodesc</styleUrl>
        <Point>
          <coordinates>
            43.068337,17.296128,0
          </coordinates>
        </Point>
      </Placemark>
      <Placemark>
        <name>الظهيرة</name>
        <styleUrl>#icon-1899-DB4436-labelson-nodesc</styleUrl>
        <Point>
          <coordinates>
            43.058617,16.930554,0
          </coordinates>
        </Point>
      </Placemark>
      <Placemark>
        <name>العارض</name>
        <styleUrl>#icon-1899-DB4436-labelson-nodesc</styleUrl>
        <Point>
          <coordinates>
            42.021525,17.746096,0
          </coordinates>
        </Point>
      </Placemark>
      <Placemark>
        <name>العارضة</name>
        <styleUrl>#icon-1899-DB4436-labelson-nodesc</styleUrl>
        <Point>
          <coordinates>
            43.08722,17.03913,0
          </coordinates>
        </Point>
      </Placemark>
      <Placemark>
        <name>العاشق الكبير</name>
        <styleUrl>#icon-1899-DB4436-labelson-nodesc</styleUrl>
        <Point>
          <coordinates>
            42.641351,16.426749,0
          </coordinates>
        </Point>
      </Placemark>
      <Placemark>
        <name>العالية</name>
        <styleUrl>#icon-1899-DB4436-labelson-nodesc</styleUrl>
        <Point>
          <coordinates>
            42.001419,17.73659,0
          </coordinates>
        </Point>
      </Placemark>
      <Placemark>
        <name>العالية</name>
        <styleUrl>#icon-1899-DB4436-labelson-nodesc</styleUrl>
        <Point>
          <coordinates>
            42.540092,17.269993,0
          </coordinates>
        </Point>
      </Placemark>
      <Placemark>
        <name>العامريه</name>
        <styleUrl>#icon-1899-DB4436-labelson-nodesc</styleUrl>
        <Point>
          <coordinates>
            42.858953,16.583498,0
          </coordinates>
        </Point>
      </Placemark>
      <Placemark>
        <name>العبادله</name>
        <styleUrl>#icon-1899-DB4436-labelson-nodesc</styleUrl>
        <Point>
          <coordinates>
            42.480741,17.357862,0
          </coordinates>
        </Point>
      </Placemark>
      <Placemark>
        <name>العبادي</name>
        <styleUrl>#icon-1899-DB4436-labelson-nodesc</styleUrl>
        <Point>
          <coordinates>
            43.040829,17.457426,0
          </coordinates>
        </Point>
      </Placemark>
      <Placemark>
        <name>العبادية</name>
        <styleUrl>#icon-1899-DB4436-labelson-nodesc</styleUrl>
        <Point>
          <coordinates>
            43.177128,16.829875,0
          </coordinates>
        </Point>
      </Placemark>
      <Placemark>
        <name>العباسية</name>
        <styleUrl>#icon-1899-DB4436-labelson-nodesc</styleUrl>
        <Point>
          <coordinates>
            43.055656,17.077925,0
          </coordinates>
        </Point>
      </Placemark>
      <Placemark>
        <name>العباسية</name>
        <styleUrl>#icon-1899-DB4436-labelson-nodesc</styleUrl>
        <Point>
          <coordinates>
            43.13668,17.077839,0
          </coordinates>
        </Point>
      </Placemark>
      <Placemark>
        <name>العبدلية</name>
        <styleUrl>#icon-1899-DB4436-labelson-nodesc</styleUrl>
        <Point>
          <coordinates>
            42.891483,16.458485,0
          </coordinates>
        </Point>
      </Placemark>
      <Placemark>
        <name>العبدلية</name>
        <styleUrl>#icon-1899-DB4436-labelson-nodesc</styleUrl>
        <Point>
          <coordinates>
            42.895196,16.45488,0
          </coordinates>
        </Point>
      </Placemark>
      <Placemark>
        <name>العبوج</name>
        <styleUrl>#icon-1899-DB4436-labelson-nodesc</styleUrl>
        <Point>
          <coordinates>
            42.814343,16.530025,0
          </coordinates>
        </Point>
      </Placemark>
      <Placemark>
        <name>العثمانيه</name>
        <styleUrl>#icon-1899-DB4436-labelson-nodesc</styleUrl>
        <Point>
          <coordinates>
            42.768831,16.88354,0
          </coordinates>
        </Point>
      </Placemark>
      <Placemark>
        <name>العجارة</name>
        <styleUrl>#icon-1899-DB4436-labelson-nodesc</styleUrl>
        <Point>
          <coordinates>
            42.7251,16.779556,0
          </coordinates>
        </Point>
      </Placemark>
      <Placemark>
        <name>العجيبية</name>
        <styleUrl>#icon-1899-DB4436-labelson-nodesc</styleUrl>
        <Point>
          <coordinates>
            42.645385,16.900663,0
          </coordinates>
        </Point>
      </Placemark>
      <Placemark>
        <name>العدايا</name>
        <styleUrl>#icon-1899-DB4436-labelson-nodesc</styleUrl>
        <Point>
          <coordinates>
            42.549984,17.165515,0
          </coordinates>
        </Point>
      </Placemark>
      <Placemark>
        <name>العداية</name>
        <styleUrl>#icon-1899-DB4436-labelson-nodesc</styleUrl>
        <Point>
          <coordinates>
            42.883329,16.568069,0
          </coordinates>
        </Point>
      </Placemark>
      <Placemark>
        <name>العدنه</name>
        <styleUrl>#icon-1899-DB4436-labelson-nodesc</styleUrl>
        <Point>
          <coordinates>
            43.170283,16.721942,0
          </coordinates>
        </Point>
      </Placemark>
      <Placemark>
        <name>العر</name>
        <styleUrl>#icon-1899-DB4436-labelson-nodesc</styleUrl>
        <Point>
          <coordinates>
            42.944012,16.708145,0
          </coordinates>
        </Point>
      </Placemark>
      <Placemark>
        <name>العرة</name>
        <styleUrl>#icon-1899-DB4436-labelson-nodesc</styleUrl>
        <Point>
          <coordinates>
            43.136101,17.01499,0
          </coordinates>
        </Point>
      </Placemark>
      <Placemark>
        <name>العرة</name>
        <styleUrl>#icon-1899-DB4436-labelson-nodesc</styleUrl>
        <Point>
          <coordinates>
            43.247252,16.776402,0
          </coordinates>
        </Point>
      </Placemark>
      <Placemark>
        <name>العرج</name>
        <styleUrl>#icon-1899-DB4436-labelson-nodesc</styleUrl>
        <Point>
          <coordinates>
            43.195839,16.832492,0
          </coordinates>
        </Point>
      </Placemark>
      <Placemark>
        <name>العرجين</name>
        <styleUrl>#icon-1899-DB4436-labelson-nodesc</styleUrl>
        <Point>
          <coordinates>
            42.877665,16.410034,0
          </coordinates>
        </Point>
      </Placemark>
      <Placemark>
        <name>العرضية</name>
        <styleUrl>#icon-1899-DB4436-labelson-nodesc</styleUrl>
        <Point>
          <coordinates>
            42.486942,17.141676,0
          </coordinates>
        </Point>
      </Placemark>
      <Placemark>
        <name>ماضي</name>
        <styleUrl>#icon-1899-DB4436-labelson-nodesc</styleUrl>
        <Point>
          <coordinates>
            42.237818,17.626748,0
          </coordinates>
        </Point>
      </Placemark>
      <Placemark>
        <name>العرقة</name>
        <styleUrl>#icon-1899-DB4436-labelson-nodesc</styleUrl>
        <Point>
          <coordinates>
            43.145285,17.035568,0
          </coordinates>
        </Point>
      </Placemark>
      <Placemark>
        <name>العروج</name>
        <styleUrl>#icon-1899-DB4436-labelson-nodesc</styleUrl>
        <Point>
          <coordinates>
            42.768402,16.574056,0
          </coordinates>
        </Point>
      </Placemark>
      <Placemark>
        <name>العروج</name>
        <styleUrl>#icon-1899-DB4436-labelson-nodesc</styleUrl>
        <Point>
          <coordinates>
            42.768338,16.812623,0
          </coordinates>
        </Point>
      </Placemark>
      <Placemark>
        <name>العروج</name>
        <styleUrl>#icon-1899-DB4436-labelson-nodesc</styleUrl>
        <Point>
          <coordinates>
            42.752309,16.810949,0
          </coordinates>
        </Point>
      </Placemark>
      <Placemark>
        <name>العروس</name>
        <styleUrl>#icon-1899-DB4436-labelson-nodesc</styleUrl>
        <Point>
          <coordinates>
            42.82917,16.878884,0
          </coordinates>
        </Point>
      </Placemark>
      <Placemark>
        <name>العريب</name>
        <styleUrl>#icon-1899-DB4436-labelson-nodesc</styleUrl>
        <Point>
          <coordinates>
            42.249727,17.69582,0
          </coordinates>
        </Point>
      </Placemark>
      <Placemark>
        <name>العريس</name>
        <styleUrl>#icon-1899-DB4436-labelson-nodesc</styleUrl>
        <Point>
          <coordinates>
            42.708321,16.741662,0
          </coordinates>
        </Point>
      </Placemark>
      <Placemark>
        <name>العريش</name>
        <styleUrl>#icon-1899-DB4436-labelson-nodesc</styleUrl>
        <Point>
          <coordinates>
            42.722783,17.141311,0
          </coordinates>
        </Point>
      </Placemark>
      <Placemark>
        <name>العزابية</name>
        <styleUrl>#icon-1899-DB4436-labelson-nodesc</styleUrl>
        <Point>
          <coordinates>
            42.804344,16.94654,0
          </coordinates>
        </Point>
      </Placemark>
      <Placemark>
        <name>العزامة</name>
        <styleUrl>#icon-1899-DB4436-labelson-nodesc</styleUrl>
        <Point>
          <coordinates>
            42.601869,17.219181,0
          </coordinates>
        </Point>
      </Placemark>
      <Placemark>
        <name>العزامه</name>
        <styleUrl>#icon-1899-DB4436-labelson-nodesc</styleUrl>
        <Point>
          <coordinates>
            42.556443,17.335203,0
          </coordinates>
        </Point>
      </Placemark>
      <Placemark>
        <name>العزب</name>
        <styleUrl>#icon-1899-DB4436-labelson-nodesc</styleUrl>
        <Point>
          <coordinates>
            42.971671,16.855838,0
          </coordinates>
        </Point>
      </Placemark>
      <Placemark>
        <name>العسلة</name>
        <styleUrl>#icon-1899-DB4436-labelson-nodesc</styleUrl>
        <Point>
          <coordinates>
            42.537496,17.142491,0
          </coordinates>
        </Point>
      </Placemark>
      <Placemark>
        <name>العسلة</name>
        <styleUrl>#icon-1899-DB4436-labelson-nodesc</styleUrl>
        <Point>
          <coordinates>
            43.08104,16.941948,0
          </coordinates>
        </Point>
      </Placemark>
      <Placemark>
        <name>العسيلة</name>
        <styleUrl>#icon-1899-DB4436-labelson-nodesc</styleUrl>
        <Point>
          <coordinates>
            42.748618,16.750824,0
          </coordinates>
        </Point>
      </Placemark>
      <Placemark>
        <name>العسيله</name>
        <styleUrl>#icon-1899-DB4436-labelson-nodesc</styleUrl>
        <Point>
          <coordinates>
            42.745872,16.920404,0
          </coordinates>
        </Point>
      </Placemark>
      <Placemark>
        <name>العشة</name>
        <styleUrl>#icon-1899-DB4436-labelson-nodesc</styleUrl>
        <Point>
          <coordinates>
            42.557087,17.228107,0
          </coordinates>
        </Point>
      </Placemark>
      <Placemark>
        <name>العشة</name>
        <styleUrl>#icon-1899-DB4436-labelson-nodesc</styleUrl>
        <Point>
          <coordinates>
            42.749991,16.666667,0
          </coordinates>
        </Point>
      </Placemark>
      <Placemark>
        <name>العشوة</name>
        <styleUrl>#icon-1899-DB4436-labelson-nodesc</styleUrl>
        <Point>
          <coordinates>
            42.655277,16.965916,0
          </coordinates>
        </Point>
      </Placemark>
      <Placemark>
        <name>العصيمات</name>
        <styleUrl>#icon-1899-DB4436-labelson-nodesc</styleUrl>
        <Point>
          <coordinates>
            43.170304,16.736963,0
          </coordinates>
        </Point>
      </Placemark>
      <Placemark>
        <name>العطايا</name>
        <styleUrl>#icon-1899-DB4436-labelson-nodesc</styleUrl>
        <Point>
          <coordinates>
            43.10694,16.628108,0
          </coordinates>
        </Point>
      </Placemark>
      <Placemark>
        <name>العطن</name>
        <styleUrl>#icon-1899-DB4436-labelson-nodesc</styleUrl>
        <Point>
          <coordinates>
            42.628605,17.26862,0
          </coordinates>
        </Point>
      </Placemark>
      <Placemark>
        <name>العطيف</name>
        <styleUrl>#icon-1899-DB4436-labelson-nodesc</styleUrl>
        <Point>
          <coordinates>
            42.550006,17.115283,0
          </coordinates>
        </Point>
      </Placemark>
      <Placemark>
        <name>العقدة</name>
        <styleUrl>#icon-1899-DB4436-labelson-nodesc</styleUrl>
        <Point>
          <coordinates>
            42.766342,16.879399,0
          </coordinates>
        </Point>
      </Placemark>
      <Placemark>
        <name>العقدة</name>
        <styleUrl>#icon-1899-DB4436-labelson-nodesc</styleUrl>
        <Point>
          <coordinates>
            42.862751,17.366145,0
          </coordinates>
        </Point>
      </Placemark>
      <Placemark>
        <name>العقده</name>
        <styleUrl>#icon-1899-DB4436-labelson-nodesc</styleUrl>
        <Point>
          <coordinates>
            42.80679,17.001772,0
          </coordinates>
        </Point>
      </Placemark>
      <Placemark>
        <name>العقلة</name>
        <styleUrl>#icon-1899-DB4436-labelson-nodesc</styleUrl>
        <Point>
          <coordinates>
            43.010488,16.987717,0
          </coordinates>
        </Point>
      </Placemark>
      <Placemark>
        <name>العقم</name>
        <styleUrl>#icon-1899-DB4436-labelson-nodesc</styleUrl>
        <Point>
          <coordinates>
            43.254247,16.802216,0
          </coordinates>
        </Point>
      </Placemark>
      <Placemark>
        <name>العقم</name>
        <styleUrl>#icon-1899-DB4436-labelson-nodesc</styleUrl>
        <Point>
          <coordinates>
            43.227231,16.758292,0
          </coordinates>
        </Point>
      </Placemark>
      <Placemark>
        <name>العقوم</name>
        <styleUrl>#icon-1899-DB4436-labelson-nodesc</styleUrl>
        <Point>
          <coordinates>
            42.196212,17.629387,0
          </coordinates>
        </Point>
      </Placemark>
      <Placemark>
        <name>العقيلي</name>
        <styleUrl>#icon-1899-DB4436-labelson-nodesc</styleUrl>
        <Point>
          <coordinates>
            43.127217,16.707501,0
          </coordinates>
        </Point>
      </Placemark>
      <Placemark>
        <name>العقيلية</name>
        <styleUrl>#icon-1899-DB4436-labelson-nodesc</styleUrl>
        <Point>
          <coordinates>
            42.887492,17.036941,0
          </coordinates>
        </Point>
      </Placemark>
      <Placemark>
        <name>العكاش</name>
        <styleUrl>#icon-1899-DB4436-labelson-nodesc</styleUrl>
        <Point>
          <coordinates>
            43.075397,16.785007,0
          </coordinates>
        </Point>
      </Placemark>
      <Placemark>
        <name>العكافه</name>
        <styleUrl>#icon-1899-DB4436-labelson-nodesc</styleUrl>
        <Point>
          <coordinates>
            42.814965,16.774964,0
          </coordinates>
        </Point>
      </Placemark>
      <Placemark>
        <name>العكرمه</name>
        <styleUrl>#icon-1899-DB4436-labelson-nodesc</styleUrl>
        <Point>
          <coordinates>
            42.946587,16.558349,0
          </coordinates>
        </Point>
      </Placemark>
      <Placemark>
        <name>العلاية</name>
        <styleUrl>#icon-1899-DB4436-labelson-nodesc</styleUrl>
        <Point>
          <coordinates>
            43.145821,17.006106,0
          </coordinates>
        </Point>
      </Placemark>
      <Placemark>
        <name>العلوليه</name>
        <styleUrl>#icon-1899-DB4436-labelson-nodesc</styleUrl>
        <Point>
          <coordinates>
            42.802928,16.771102,0
          </coordinates>
        </Point>
      </Placemark>
      <Placemark>
        <name>العمارة</name>
        <styleUrl>#icon-1899-DB4436-labelson-nodesc</styleUrl>
        <Point>
          <coordinates>
            42.882557,16.582189,0
          </coordinates>
        </Point>
      </Placemark>
      <Placemark>
        <name>العماريه</name>
        <styleUrl>#icon-1899-DB4436-labelson-nodesc</styleUrl>
        <Point>
          <coordinates>
            42.752609,16.790929,0
          </coordinates>
        </Point>
      </Placemark>
      <Placemark>
        <name>العمرة</name>
        <styleUrl>#icon-1899-DB4436-labelson-nodesc</styleUrl>
        <Point>
          <coordinates>
            43.165498,16.964629,0
          </coordinates>
        </Point>
      </Placemark>
      <Placemark>
        <name>العميرية</name>
        <styleUrl>#icon-1899-DB4436-labelson-nodesc</styleUrl>
        <Point>
          <coordinates>
            42.628627,16.929202,0
          </coordinates>
        </Point>
      </Placemark>
      <Placemark>
        <name>العميم</name>
        <styleUrl>#icon-1899-DB4436-labelson-nodesc</styleUrl>
        <Point>
          <coordinates>
            42.758896,17.095006,0
          </coordinates>
        </Point>
      </Placemark>
      <Placemark>
        <name>العواجمه</name>
        <styleUrl>#icon-1899-DB4436-labelson-nodesc</styleUrl>
        <Point>
          <coordinates>
            42.460484,17.160752,0
          </coordinates>
        </Point>
      </Placemark>
      <Placemark>
        <name>العوارجة</name>
        <styleUrl>#icon-1899-DB4436-labelson-nodesc</styleUrl>
        <Point>
          <coordinates>
            42.61028,17.151117,0
          </coordinates>
        </Point>
      </Placemark>
      <Placemark>
        <name>العوامرة</name>
        <styleUrl>#icon-1899-DB4436-labelson-nodesc</styleUrl>
        <Point>
          <coordinates>
            42.83859,16.862855,0
          </coordinates>
        </Point>
      </Placemark>
      <Placemark>
        <name>العوص</name>
        <styleUrl>#icon-1899-DB4436-labelson-nodesc</styleUrl>
        <Point>
          <coordinates>
            42.722397,17.048314,0
          </coordinates>
        </Point>
      </Placemark>
      <Placemark>
        <name>العولتين</name>
        <styleUrl>#icon-1899-DB4436-labelson-nodesc</styleUrl>
        <Point>
          <coordinates>
            42.551851,16.684949,0
          </coordinates>
        </Point>
      </Placemark>
      <Placemark>
        <name>العيافي</name>
        <styleUrl>#icon-1899-DB4436-labelson-nodesc</styleUrl>
        <Point>
          <coordinates>
            42.854018,17.114489,0
          </coordinates>
        </Point>
      </Placemark>
      <Placemark>
        <name>العيدابي</name>
        <styleUrl>#icon-1899-DB4436-labelson-nodesc</styleUrl>
        <Point>
          <coordinates>
            42.946694,17.235146,0
          </coordinates>
        </Point>
      </Placemark>
      <Placemark>
        <name>العين الحارة</name>
        <styleUrl>#icon-1899-DB4436-labelson-nodesc</styleUrl>
        <Point>
          <coordinates>
            43.127518,16.756446,0
          </coordinates>
        </Point>
      </Placemark>
      <Placemark>
        <name>العين الحارة</name>
        <styleUrl>#icon-1899-DB4436-labelson-nodesc</styleUrl>
        <Point>
          <coordinates>
            43.222597,16.788611,0
          </coordinates>
        </Point>
      </Placemark>
      <Placemark>
        <name>الغافل</name>
        <styleUrl>#icon-1899-DB4436-labelson-nodesc</styleUrl>
        <Point>
          <coordinates>
            42.785804,16.542771,0
          </coordinates>
        </Point>
      </Placemark>
      <Placemark>
        <name>الغالة</name>
        <styleUrl>#icon-1899-DB4436-labelson-nodesc</styleUrl>
        <Point>
          <coordinates>
            43.167214,17.005827,0
          </coordinates>
        </Point>
      </Placemark>
      <Placemark>
        <name>الغاوية</name>
        <styleUrl>#icon-1899-DB4436-labelson-nodesc</styleUrl>
        <Point>
          <coordinates>
            42.687442,17.530639,0
          </coordinates>
        </Point>
      </Placemark>
      <Placemark>
        <name>الغاوية</name>
        <styleUrl>#icon-1899-DB4436-labelson-nodesc</styleUrl>
        <Point>
          <coordinates>
            43.111703,16.564701,0
          </coordinates>
        </Point>
      </Placemark>
      <Placemark>
        <name>الغاوية</name>
        <styleUrl>#icon-1899-DB4436-labelson-nodesc</styleUrl>
        <Point>
          <coordinates>
            43.166678,16.777775,0
          </coordinates>
        </Point>
      </Placemark>
      <Placemark>
        <name>الغاوية</name>
        <styleUrl>#icon-1899-DB4436-labelson-nodesc</styleUrl>
        <Point>
          <coordinates>
            43.227682,16.763549,0
          </coordinates>
        </Point>
      </Placemark>
      <Placemark>
        <name>الغبريات</name>
        <styleUrl>#icon-1899-DB4436-labelson-nodesc</styleUrl>
        <Point>
          <coordinates>
            43.071663,16.979713,0
          </coordinates>
        </Point>
      </Placemark>
      <Placemark>
        <name>الغدة</name>
        <styleUrl>#icon-1899-DB4436-labelson-nodesc</styleUrl>
        <Point>
          <coordinates>
            43.130565,17.054172,0
          </coordinates>
        </Point>
      </Placemark>
      <Placemark>
        <name>الغدير</name>
        <styleUrl>#icon-1899-DB4436-labelson-nodesc</styleUrl>
        <Point>
          <coordinates>
            43.068058,17.042499,0
          </coordinates>
        </Point>
      </Placemark>
      <Placemark>
        <name>الغراء</name>
        <styleUrl>#icon-1899-DB4436-labelson-nodesc</styleUrl>
        <Point>
          <coordinates>
            42.619743,17.102087,0
          </coordinates>
        </Point>
      </Placemark>
      <Placemark>
        <name>الغرب</name>
        <styleUrl>#icon-1899-DB4436-labelson-nodesc</styleUrl>
        <Point>
          <coordinates>
            43.142774,16.976109,0
          </coordinates>
        </Point>
      </Placemark>
      <Placemark>
        <name>الغربي</name>
        <styleUrl>#icon-1899-DB4436-labelson-nodesc</styleUrl>
        <Point>
          <coordinates>
            43.120823,17.068055,0
          </coordinates>
        </Point>
      </Placemark>
      <Placemark>
        <name>الغربي</name>
        <styleUrl>#icon-1899-DB4436-labelson-nodesc</styleUrl>
        <Point>
          <coordinates>
            43.150005,17.00278,0
          </coordinates>
        </Point>
      </Placemark>
      <Placemark>
        <name>الغريب</name>
        <styleUrl>#icon-1899-DB4436-labelson-nodesc</styleUrl>
        <Point>
          <coordinates>
            42.725916,16.974242,0
          </coordinates>
        </Point>
      </Placemark>
      <Placemark>
        <name>الغريفه</name>
        <styleUrl>#icon-1899-DB4436-labelson-nodesc</styleUrl>
        <Point>
          <coordinates>
            43.056707,17.247784,0
          </coordinates>
        </Point>
      </Placemark>
      <Placemark>
        <name>الغزاة</name>
        <styleUrl>#icon-1899-DB4436-labelson-nodesc</styleUrl>
        <Point>
          <coordinates>
            42.359784,16.577768,0
          </coordinates>
        </Point>
      </Placemark>
      <Placemark>
        <name>الغزرة</name>
        <styleUrl>#icon-1899-DB4436-labelson-nodesc</styleUrl>
        <Point>
          <coordinates>
            43.083615,17.106678,0
          </coordinates>
        </Point>
      </Placemark>
      <Placemark>
        <name>الغزلان</name>
        <styleUrl>#icon-1899-DB4436-labelson-nodesc</styleUrl>
        <Point>
          <coordinates>
            42.20222,17.620096,0
          </coordinates>
        </Point>
      </Placemark>
      <Placemark>
        <name>الغزوة</name>
        <styleUrl>#icon-1899-DB4436-labelson-nodesc</styleUrl>
        <Point>
          <coordinates>
            42.637296,16.917701,0
          </coordinates>
        </Point>
      </Placemark>
      <Placemark>
        <name>الغشامية</name>
        <styleUrl>#icon-1899-DB4436-labelson-nodesc</styleUrl>
        <Point>
          <coordinates>
            42.592921,16.912529,0
          </coordinates>
        </Point>
      </Placemark>
      <Placemark>
        <name>الغصينية</name>
        <styleUrl>#icon-1899-DB4436-labelson-nodesc</styleUrl>
        <Point>
          <coordinates>
            42.964718,16.704175,0
          </coordinates>
        </Point>
      </Placemark>
      <Placemark>
        <name>الغفقية</name>
        <styleUrl>#icon-1899-DB4436-labelson-nodesc</styleUrl>
        <Point>
          <coordinates>
            42.862859,16.765115,0
          </coordinates>
        </Point>
      </Placemark>
      <Placemark>
        <name>الغليله</name>
        <styleUrl>#icon-1899-DB4436-labelson-nodesc</styleUrl>
        <Point>
          <coordinates>
            43.055828,17.237806,0
          </coordinates>
        </Point>
      </Placemark>
      <Placemark>
        <name>الغمدة</name>
        <styleUrl>#icon-1899-DB4436-labelson-nodesc</styleUrl>
        <Point>
          <coordinates>
            43.145285,17.05694,0
          </coordinates>
        </Point>
      </Placemark>
      <Placemark>
        <name>الغمر</name>
        <styleUrl>#icon-1899-DB4436-labelson-nodesc</styleUrl>
        <Point>
          <coordinates>
            41.695282,17.284713,0
          </coordinates>
        </Point>
      </Placemark>
      <Placemark>
        <name>الغورة</name>
        <styleUrl>#icon-1899-DB4436-labelson-nodesc</styleUrl>
        <Point>
          <coordinates>
            42.850649,16.39967,0
          </coordinates>
        </Point>
      </Placemark>
      <Placemark>
        <name>الغيل</name>
        <styleUrl>#icon-1899-DB4436-labelson-nodesc</styleUrl>
        <Point>
          <coordinates>
            43.139727,17.066381,0
          </coordinates>
        </Point>
      </Placemark>
      <Placemark>
        <name>الفاني</name>
        <styleUrl>#icon-1899-DB4436-labelson-nodesc</styleUrl>
        <Point>
          <coordinates>
            43.095825,17.092216,0
          </coordinates>
        </Point>
      </Placemark>
      <Placemark>
        <name>الفجا</name>
        <styleUrl>#icon-1899-DB4436-labelson-nodesc</styleUrl>
        <Point>
          <coordinates>
            42.922876,16.801229,0
          </coordinates>
        </Point>
      </Placemark>
      <Placemark>
        <name>الفرم</name>
        <styleUrl>#icon-1899-DB4436-labelson-nodesc</styleUrl>
        <Point>
          <coordinates>
            42.994738,16.696558,0
          </coordinates>
        </Point>
      </Placemark>
      <Placemark>
        <name>الفريش</name>
        <styleUrl>#icon-1899-DB4436-labelson-nodesc</styleUrl>
        <Point>
          <coordinates>
            42.330558,17.312222,0
          </coordinates>
        </Point>
      </Placemark>
      <Placemark>
        <name>الفصالة</name>
        <styleUrl>#icon-1899-DB4436-labelson-nodesc</styleUrl>
        <Point>
          <coordinates>
            42.456965,17.229331,0
          </coordinates>
        </Point>
      </Placemark>
      <Placemark>
        <name>الفطيحة</name>
        <styleUrl>#icon-1899-DB4436-labelson-nodesc</styleUrl>
        <Point>
          <coordinates>
            42.626953,17.5807,0
          </coordinates>
        </Point>
      </Placemark>
      <Placemark>
        <name>الفقره</name>
        <styleUrl>#icon-1899-DB4436-labelson-nodesc</styleUrl>
        <Point>
          <coordinates>
            42.565992,17.097366,0
          </coordinates>
        </Point>
      </Placemark>
      <Placemark>
        <name>الفقهاء</name>
        <styleUrl>#icon-1899-DB4436-labelson-nodesc</styleUrl>
        <Point>
          <coordinates>
            42.669396,16.917529,0
          </coordinates>
        </Point>
      </Placemark>
      <Placemark>
        <name>الفقهاء</name>
        <styleUrl>#icon-1899-DB4436-labelson-nodesc</styleUrl>
        <Point>
          <coordinates>
            42.904272,16.717479,0
          </coordinates>
        </Point>
      </Placemark>
      <Placemark>
        <name>الفقهاء</name>
        <styleUrl>#icon-1899-DB4436-labelson-nodesc</styleUrl>
        <Point>
          <coordinates>
            42.847323,16.909504,0
          </coordinates>
        </Point>
      </Placemark>
      <Placemark>
        <name>الفقهاء</name>
        <styleUrl>#icon-1899-DB4436-labelson-nodesc</styleUrl>
        <Point>
          <coordinates>
            43.041022,17.006514,0
          </coordinates>
        </Point>
      </Placemark>
      <Placemark>
        <name>الفلاسه</name>
        <styleUrl>#icon-1899-DB4436-labelson-nodesc</styleUrl>
        <Point>
          <coordinates>
            42.828956,16.910684,0
          </coordinates>
        </Point>
      </Placemark>
      <Placemark>
        <name>الفوالقة</name>
        <styleUrl>#icon-1899-DB4436-labelson-nodesc</styleUrl>
        <Point>
          <coordinates>
            42.859189,16.726363,0
          </coordinates>
        </Point>
      </Placemark>
      <Placemark>
        <name>القائم</name>
        <styleUrl>#icon-1899-DB4436-labelson-nodesc</styleUrl>
        <Point>
          <coordinates>
            42.108901,17.758327,0
          </coordinates>
        </Point>
      </Placemark>
      <Placemark>
        <name>القائم</name>
        <styleUrl>#icon-1899-DB4436-labelson-nodesc</styleUrl>
        <Point>
          <coordinates>
            43.137496,17.012501,0
          </coordinates>
        </Point>
      </Placemark>
      <Placemark>
        <name>القائمه</name>
        <styleUrl>#icon-1899-DB4436-labelson-nodesc</styleUrl>
        <Point>
          <coordinates>
            43.121166,17.658162,0
          </coordinates>
        </Point>
      </Placemark>
      <Placemark>
        <name>القارشيه</name>
        <styleUrl>#icon-1899-DB4436-labelson-nodesc</styleUrl>
        <Point>
          <coordinates>
            43.159146,16.839638,0
          </coordinates>
        </Point>
      </Placemark>
      <Placemark>
        <name>القاسمية</name>
        <styleUrl>#icon-1899-DB4436-labelson-nodesc</styleUrl>
        <Point>
          <coordinates>
            42.877772,17.095563,0
          </coordinates>
        </Point>
      </Placemark>
      <Placemark>
        <name>القاع</name>
        <styleUrl>#icon-1899-DB4436-labelson-nodesc</styleUrl>
        <Point>
          <coordinates>
            42.070942,17.733994,0
          </coordinates>
        </Point>
      </Placemark>
      <Placemark>
        <name>القاع</name>
        <styleUrl>#icon-1899-DB4436-labelson-nodesc</styleUrl>
        <Point>
          <coordinates>
            42.965169,17.29027,0
          </coordinates>
        </Point>
      </Placemark>
      <Placemark>
        <name>القاعين</name>
        <styleUrl>#icon-1899-DB4436-labelson-nodesc</styleUrl>
        <Point>
          <coordinates>
            43.083165,17.083805,0
          </coordinates>
        </Point>
      </Placemark>
      <Placemark>
        <name>القاني</name>
        <styleUrl>#icon-1899-DB4436-labelson-nodesc</styleUrl>
        <Point>
          <coordinates>
            43.177772,17.00057,0
          </coordinates>
        </Point>
      </Placemark>
      <Placemark>
        <name>القايم</name>
        <styleUrl>#icon-1899-DB4436-labelson-nodesc</styleUrl>
        <Point>
          <coordinates>
            42.265198,17.74101,0
          </coordinates>
        </Point>
      </Placemark>
      <Placemark>
        <name>القبة</name>
        <styleUrl>#icon-1899-DB4436-labelson-nodesc</styleUrl>
        <Point>
          <coordinates>
            43.014436,17.099726,0
          </coordinates>
        </Point>
      </Placemark>
      <Placemark>
        <name>القبر</name>
        <styleUrl>#icon-1899-DB4436-labelson-nodesc</styleUrl>
        <Point>
          <coordinates>
            43.048575,16.97834,0
          </coordinates>
        </Point>
      </Placemark>
      <Placemark>
        <name>القحاطين</name>
        <styleUrl>#icon-1899-DB4436-labelson-nodesc</styleUrl>
        <Point>
          <coordinates>
            42.900109,16.868992,0
          </coordinates>
        </Point>
      </Placemark>
      <Placemark>
        <name>القحله</name>
        <styleUrl>#icon-1899-DB4436-labelson-nodesc</styleUrl>
        <Point>
          <coordinates>
            43.085439,16.953835,0
          </coordinates>
        </Point>
      </Placemark>
      <Placemark>
        <name>القحمة</name>
        <styleUrl>#icon-1899-DB4436-labelson-nodesc</styleUrl>
        <Point>
          <coordinates>
            42.970104,16.86204,0
          </coordinates>
        </Point>
      </Placemark>
      <Placemark>
        <name>القحمة</name>
        <styleUrl>#icon-1899-DB4436-labelson-nodesc</styleUrl>
        <Point>
          <coordinates>
            42.986541,16.863863,0
          </coordinates>
        </Point>
      </Placemark>
      <Placemark>
        <name>القحمة</name>
        <styleUrl>#icon-1899-DB4436-labelson-nodesc</styleUrl>
        <Point>
          <coordinates>
            42.752481,17.32192,0
          </coordinates>
        </Point>
      </Placemark>
      <Placemark>
        <name>القراعية</name>
        <styleUrl>#icon-1899-DB4436-labelson-nodesc</styleUrl>
        <Point>
          <coordinates>
            42.86921,16.802645,0
          </coordinates>
        </Point>
      </Placemark>
      <Placemark>
        <name>القراقع</name>
        <styleUrl>#icon-1899-DB4436-labelson-nodesc</styleUrl>
        <Point>
          <coordinates>
            42.971113,16.893883,0
          </coordinates>
        </Point>
      </Placemark>
      <Placemark>
        <name>القراهبه</name>
        <styleUrl>#icon-1899-DB4436-labelson-nodesc</styleUrl>
        <Point>
          <coordinates>
            43.086941,17.143607,0
          </coordinates>
        </Point>
      </Placemark>
      <Placemark>
        <name>القرة</name>
        <styleUrl>#icon-1899-DB4436-labelson-nodesc</styleUrl>
        <Point>
          <coordinates>
            43.048275,16.628902,0
          </coordinates>
        </Point>
      </Placemark>
      <Placemark>
        <name>القرحان</name>
        <styleUrl>#icon-1899-DB4436-labelson-nodesc</styleUrl>
        <Point>
          <coordinates>
            43.101125,17.353656,0
          </coordinates>
        </Point>
      </Placemark>
      <Placemark>
        <name>القرعة</name>
        <styleUrl>#icon-1899-DB4436-labelson-nodesc</styleUrl>
        <Point>
          <coordinates>
            43.131187,17.06048,0
          </coordinates>
        </Point>
      </Placemark>
      <Placemark>
        <name>القرن</name>
        <styleUrl>#icon-1899-DB4436-labelson-nodesc</styleUrl>
        <Point>
          <coordinates>
            42.952874,16.551633,0
          </coordinates>
        </Point>
      </Placemark>
      <Placemark>
        <name>القرن</name>
        <styleUrl>#icon-1899-DB4436-labelson-nodesc</styleUrl>
        <Point>
          <coordinates>
            43.098614,17.12112,0
          </coordinates>
        </Point>
      </Placemark>
      <Placemark>
        <name>القرن</name>
        <styleUrl>#icon-1899-DB4436-labelson-nodesc</styleUrl>
        <Point>
          <coordinates>
            43.202212,16.786594,0
          </coordinates>
        </Point>
      </Placemark>
      <Placemark>
        <name>القروانية</name>
        <styleUrl>#icon-1899-DB4436-labelson-nodesc</styleUrl>
        <Point>
          <coordinates>
            43.112884,16.802387,0
          </coordinates>
        </Point>
      </Placemark>
      <Placemark>
        <name>القصادية</name>
        <styleUrl>#icon-1899-DB4436-labelson-nodesc</styleUrl>
        <Point>
          <coordinates>
            42.422783,17.289991,0
          </coordinates>
        </Point>
      </Placemark>
      <Placemark>
        <name>القصار</name>
        <styleUrl>#icon-1899-DB4436-labelson-nodesc</styleUrl>
        <Point>
          <coordinates>
            42.14952,16.669822,0
          </coordinates>
        </Point>
      </Placemark>
      <Placemark>
        <name>القصب</name>
        <styleUrl>#icon-1899-DB4436-labelson-nodesc</styleUrl>
        <Point>
          <coordinates>
            43.014736,17.076101,0
          </coordinates>
        </Point>
      </Placemark>
      <Placemark>
        <name>القصب</name>
        <styleUrl>#icon-1899-DB4436-labelson-nodesc</styleUrl>
        <Point>
          <coordinates>
            43.164446,17.015569,0
          </coordinates>
        </Point>
      </Placemark>
      <Placemark>
        <name>القصب</name>
        <styleUrl>#icon-1899-DB4436-labelson-nodesc</styleUrl>
        <Point>
          <coordinates>
            43.21779,16.733336,0
          </coordinates>
        </Point>
      </Placemark>
      <Placemark>
        <name>القصب</name>
        <styleUrl>#icon-1899-DB4436-labelson-nodesc</styleUrl>
        <Point>
          <coordinates>
            43.194444,16.745567,0
          </coordinates>
        </Point>
      </Placemark>
      <Placemark>
        <name>القصبة</name>
        <styleUrl>#icon-1899-DB4436-labelson-nodesc</styleUrl>
        <Point>
          <coordinates>
            43.11327,16.966174,0
          </coordinates>
        </Point>
      </Placemark>
      <Placemark>
        <name>القصبه</name>
        <styleUrl>#icon-1899-DB4436-labelson-nodesc</styleUrl>
        <Point>
          <coordinates>
            43.115008,16.97643,0
          </coordinates>
        </Point>
      </Placemark>
      <Placemark>
        <name>القصيبات</name>
        <styleUrl>#icon-1899-DB4436-labelson-nodesc</styleUrl>
        <Point>
          <coordinates>
            43.161421,16.735568,0
          </coordinates>
        </Point>
      </Placemark>
      <Placemark>
        <name>القصيبات</name>
        <styleUrl>#icon-1899-DB4436-labelson-nodesc</styleUrl>
        <Point>
          <coordinates>
            43.166678,16.742499,0
          </coordinates>
        </Point>
      </Placemark>
      <Placemark>
        <name>القصيرة</name>
        <styleUrl>#icon-1899-DB4436-labelson-nodesc</styleUrl>
        <Point>
          <coordinates>
            42.917211,16.969435,0
          </coordinates>
        </Point>
      </Placemark>
      <Placemark>
        <name>القضب</name>
        <styleUrl>#icon-1899-DB4436-labelson-nodesc</styleUrl>
        <Point>
          <coordinates>
            42.600002,17.158885,0
          </coordinates>
        </Point>
      </Placemark>
      <Placemark>
        <name>القضب</name>
        <styleUrl>#icon-1899-DB4436-labelson-nodesc</styleUrl>
        <Point>
          <coordinates>
            42.77117,16.699433,0
          </coordinates>
        </Point>
      </Placemark>
      <Placemark>
        <name>القضب</name>
        <styleUrl>#icon-1899-DB4436-labelson-nodesc</styleUrl>
        <Point>
          <coordinates>
            42.793701,16.526678,0
          </coordinates>
        </Point>
      </Placemark>
      <Placemark>
        <name>القضب</name>
        <styleUrl>#icon-1899-DB4436-labelson-nodesc</styleUrl>
        <Point>
          <coordinates>
            42.211468,17.66181,0
          </coordinates>
        </Point>
      </Placemark>
      <Placemark>
        <name>القضيبات</name>
        <styleUrl>#icon-1899-DB4436-labelson-nodesc</styleUrl>
        <Point>
          <coordinates>
            42.862494,16.986108,0
          </coordinates>
        </Point>
      </Placemark>
      <Placemark>
        <name>القطاع</name>
        <styleUrl>#icon-1899-DB4436-labelson-nodesc</styleUrl>
        <Point>
          <coordinates>
            42.99345,16.839144,0
          </coordinates>
        </Point>
      </Placemark>
      <Placemark>
        <name>القطيع</name>
        <styleUrl>#icon-1899-DB4436-labelson-nodesc</styleUrl>
        <Point>
          <coordinates>
            42.674804,16.77623,0
          </coordinates>
        </Point>
      </Placemark>
      <Placemark>
        <name>القطيعة</name>
        <styleUrl>#icon-1899-DB4436-labelson-nodesc</styleUrl>
        <Point>
          <coordinates>
            42.623606,17.108331,0
          </coordinates>
        </Point>
      </Placemark>
      <Placemark>
        <name>القعاد</name>
        <styleUrl>#icon-1899-DB4436-labelson-nodesc</styleUrl>
        <Point>
          <coordinates>
            43.208327,17.03001,0
          </coordinates>
        </Point>
      </Placemark>
      <Placemark>
        <name>القعارية</name>
        <styleUrl>#icon-1899-DB4436-labelson-nodesc</styleUrl>
        <Point>
          <coordinates>
            42.605839,16.922786,0
          </coordinates>
        </Point>
      </Placemark>
      <Placemark>
        <name>القعفة</name>
        <styleUrl>#icon-1899-DB4436-labelson-nodesc</styleUrl>
        <Point>
          <coordinates>
            43.128891,17.106936,0
          </coordinates>
        </Point>
      </Placemark>
      <Placemark>
        <name>القفل</name>
        <styleUrl>#icon-1899-DB4436-labelson-nodesc</styleUrl>
        <Point>
          <coordinates>
            43.079452,16.672611,0
          </coordinates>
        </Point>
      </Placemark>
      <Placemark>
        <name>القلبيه</name>
        <styleUrl>#icon-1899-DB4436-labelson-nodesc</styleUrl>
        <Point>
          <coordinates>
            42.509344,17.201221,0
          </coordinates>
        </Point>
      </Placemark>
      <Placemark>
        <name>القمري</name>
        <styleUrl>#icon-1899-DB4436-labelson-nodesc</styleUrl>
        <Point>
          <coordinates>
            42.78707,17.072411,0
          </coordinates>
        </Point>
      </Placemark>
      <Placemark>
        <name>القمع</name>
        <styleUrl>#icon-1899-DB4436-labelson-nodesc</styleUrl>
        <Point>
          <coordinates>
            43.165154,16.836054,0
          </coordinates>
        </Point>
      </Placemark>
      <Placemark>
        <name>القنبور</name>
        <styleUrl>#icon-1899-DB4436-labelson-nodesc</styleUrl>
        <Point>
          <coordinates>
            42.89335,16.415098,0
          </coordinates>
        </Point>
      </Placemark>
      <Placemark>
        <name>القنعا</name>
        <styleUrl>#icon-1899-DB4436-labelson-nodesc</styleUrl>
        <Point>
          <coordinates>
            43.095717,17.025654,0
          </coordinates>
        </Point>
      </Placemark>
      <Placemark>
        <name>القنعسة</name>
        <styleUrl>#icon-1899-DB4436-labelson-nodesc</styleUrl>
        <Point>
          <coordinates>
            43.145006,17.004991,0
          </coordinates>
        </Point>
      </Placemark>
      <Placemark>
        <name>القوام</name>
        <styleUrl>#icon-1899-DB4436-labelson-nodesc</styleUrl>
        <Point>
          <coordinates>
            42.699394,17.493153,0
          </coordinates>
        </Point>
      </Placemark>
      <Placemark>
        <name>القوامه</name>
        <styleUrl>#icon-1899-DB4436-labelson-nodesc</styleUrl>
        <Point>
          <coordinates>
            42.309723,17.745559,0
          </coordinates>
        </Point>
      </Placemark>
      <Placemark>
        <name>القوز</name>
        <styleUrl>#icon-1899-DB4436-labelson-nodesc</styleUrl>
        <Point>
          <coordinates>
            42.442245,17.136097,0
          </coordinates>
        </Point>
      </Placemark>
      <Placemark>
        <name>القوز</name>
        <styleUrl>#icon-1899-DB4436-labelson-nodesc</styleUrl>
        <Point>
          <coordinates>
            42.038884,17.720282,0
          </coordinates>
        </Point>
      </Placemark>
      <Placemark>
        <name>القوع</name>
        <styleUrl>#icon-1899-DB4436-labelson-nodesc</styleUrl>
        <Point>
          <coordinates>
            43.063338,16.977353,0
          </coordinates>
        </Point>
      </Placemark>
      <Placemark>
        <name>القويديه</name>
        <styleUrl>#icon-1899-DB4436-labelson-nodesc</styleUrl>
        <Point>
          <coordinates>
            42.892578,16.727457,0
          </coordinates>
        </Point>
      </Placemark>
      <Placemark>
        <name>القويعيه</name>
        <styleUrl>#icon-1899-DB4436-labelson-nodesc</styleUrl>
        <Point>
          <coordinates>
            42.794774,16.976581,0
          </coordinates>
        </Point>
      </Placemark>
      <Placemark>
        <name>القويعيه</name>
        <styleUrl>#icon-1899-DB4436-labelson-nodesc</styleUrl>
        <Point>
          <coordinates>
            43.16833,17.385285,0
          </coordinates>
        </Point>
      </Placemark>
      <Placemark>
        <name>القويم</name>
        <styleUrl>#icon-1899-DB4436-labelson-nodesc</styleUrl>
        <Point>
          <coordinates>
            43.044026,16.972547,0
          </coordinates>
        </Point>
      </Placemark>
      <Placemark>
        <name>القيمة</name>
        <styleUrl>#icon-1899-DB4436-labelson-nodesc</styleUrl>
        <Point>
          <coordinates>
            43.235686,16.803546,0
          </coordinates>
        </Point>
      </Placemark>
      <Placemark>
        <name>الكبسة</name>
        <styleUrl>#icon-1899-DB4436-labelson-nodesc</styleUrl>
        <Point>
          <coordinates>
            43.162494,16.929996,0
          </coordinates>
        </Point>
      </Placemark>
      <Placemark>
        <name>الكبشية</name>
        <styleUrl>#icon-1899-DB4436-labelson-nodesc</styleUrl>
        <Point>
          <coordinates>
            43.150284,16.863885,0
          </coordinates>
        </Point>
      </Placemark>
      <Placemark>
        <name>الكتيفا</name>
        <styleUrl>#icon-1899-DB4436-labelson-nodesc</styleUrl>
        <Point>
          <coordinates>
            43.045163,17.081809,0
          </coordinates>
        </Point>
      </Placemark>
      <Placemark>
        <name>الكثيفاء</name>
        <styleUrl>#icon-1899-DB4436-labelson-nodesc</styleUrl>
        <Point>
          <coordinates>
            43.047416,17.078762,0
          </coordinates>
        </Point>
      </Placemark>
      <Placemark>
        <name>الكدارة</name>
        <styleUrl>#icon-1899-DB4436-labelson-nodesc</styleUrl>
        <Point>
          <coordinates>
            42.330451,17.768133,0
          </coordinates>
        </Point>
      </Placemark>
      <Placemark>
        <name>الكداري</name>
        <styleUrl>#icon-1899-DB4436-labelson-nodesc</styleUrl>
        <Point>
          <coordinates>
            42.939677,16.92122,0
          </coordinates>
        </Point>
      </Placemark>
      <Placemark>
        <name>الكدرة</name>
        <styleUrl>#icon-1899-DB4436-labelson-nodesc</styleUrl>
        <Point>
          <coordinates>
            43.029413,16.667054,0
          </coordinates>
        </Point>
      </Placemark>
      <Placemark>
        <name>الكدرة</name>
        <styleUrl>#icon-1899-DB4436-labelson-nodesc</styleUrl>
        <Point>
          <coordinates>
            43.057458,16.948686,0
          </coordinates>
        </Point>
      </Placemark>
      <Placemark>
        <name>الكدرة</name>
        <styleUrl>#icon-1899-DB4436-labelson-nodesc</styleUrl>
        <Point>
          <coordinates>
            42.544448,17.415283,0
          </coordinates>
        </Point>
      </Placemark>
      <Placemark>
        <name>الكربوص</name>
        <styleUrl>#icon-1899-DB4436-labelson-nodesc</styleUrl>
        <Point>
          <coordinates>
            42.634506,16.874485,0
          </coordinates>
        </Point>
      </Placemark>
      <Placemark>
        <name>الكرس</name>
        <styleUrl>#icon-1899-DB4436-labelson-nodesc</styleUrl>
        <Point>
          <coordinates>
            42.948539,16.575601,0
          </coordinates>
        </Point>
      </Placemark>
      <Placemark>
        <name>الكرس</name>
        <styleUrl>#icon-1899-DB4436-labelson-nodesc</styleUrl>
        <Point>
          <coordinates>
            43.074904,16.628065,0
          </coordinates>
        </Point>
      </Placemark>
      <Placemark>
        <name>الكرس</name>
        <styleUrl>#icon-1899-DB4436-labelson-nodesc</styleUrl>
        <Point>
          <coordinates>
            43.106446,17.098224,0
          </coordinates>
        </Point>
      </Placemark>
      <Placemark>
        <name>الكرس</name>
        <styleUrl>#icon-1899-DB4436-labelson-nodesc</styleUrl>
        <Point>
          <coordinates>
            43.12417,16.815562,0
          </coordinates>
        </Point>
      </Placemark>
      <Placemark>
        <name>الكرس</name>
        <styleUrl>#icon-1899-DB4436-labelson-nodesc</styleUrl>
        <Point>
          <coordinates>
            43.179574,16.79462,0
          </coordinates>
        </Point>
      </Placemark>
      <Placemark>
        <name>الكرعمي</name>
        <styleUrl>#icon-1899-DB4436-labelson-nodesc</styleUrl>
        <Point>
          <coordinates>
            43.194723,16.814725,0
          </coordinates>
        </Point>
      </Placemark>
      <Placemark>
        <name>الكروس</name>
        <styleUrl>#icon-1899-DB4436-labelson-nodesc</styleUrl>
        <Point>
          <coordinates>
            43.145199,17.043228,0
          </coordinates>
        </Point>
      </Placemark>
      <Placemark>
        <name>الكروس</name>
        <styleUrl>#icon-1899-DB4436-labelson-nodesc</styleUrl>
        <Point>
          <coordinates>
            43.14728,16.92946,0
          </coordinates>
        </Point>
      </Placemark>
      <Placemark>
        <name>الكشاره</name>
        <styleUrl>#icon-1899-DB4436-labelson-nodesc</styleUrl>
        <Point>
          <coordinates>
            42.530801,17.100713,0
          </coordinates>
        </Point>
      </Placemark>
      <Placemark>
        <name>الكعوب</name>
        <styleUrl>#icon-1899-DB4436-labelson-nodesc</styleUrl>
        <Point>
          <coordinates>
            43.190002,16.954994,0
          </coordinates>
        </Point>
      </Placemark>
      <Placemark>
        <name>الكنابيس</name>
        <styleUrl>#icon-1899-DB4436-labelson-nodesc</styleUrl>
        <Point>
          <coordinates>
            43.102691,16.6751,0
          </coordinates>
        </Point>
      </Placemark>
      <Placemark>
        <name>الكنابيش</name>
        <styleUrl>#icon-1899-DB4436-labelson-nodesc</styleUrl>
        <Point>
          <coordinates>
            43.128591,16.681066,0
          </coordinates>
        </Point>
      </Placemark>
      <Placemark>
        <name>الكنيدر</name>
        <styleUrl>#icon-1899-DB4436-labelson-nodesc</styleUrl>
        <Point>
          <coordinates>
            42.752781,16.837492,0
          </coordinates>
        </Point>
      </Placemark>
      <Placemark>
        <name>الكوابسة</name>
        <styleUrl>#icon-1899-DB4436-labelson-nodesc</styleUrl>
        <Point>
          <coordinates>
            43.084796,17.196393,0
          </coordinates>
        </Point>
      </Placemark>
      <Placemark>
        <name>الكوادمه</name>
        <styleUrl>#icon-1899-DB4436-labelson-nodesc</styleUrl>
        <Point>
          <coordinates>
            42.853417,16.830261,0
          </coordinates>
        </Point>
      </Placemark>
      <Placemark>
        <name>الكوامله</name>
        <styleUrl>#icon-1899-DB4436-labelson-nodesc</styleUrl>
        <Point>
          <coordinates>
            42.674568,16.960723,0
          </coordinates>
        </Point>
      </Placemark>
      <Placemark>
        <name>الكومة</name>
        <styleUrl>#icon-1899-DB4436-labelson-nodesc</styleUrl>
        <Point>
          <coordinates>
            42.504709,17.131677,0
          </coordinates>
        </Point>
      </Placemark>
      <Placemark>
        <name>اللؤلؤة</name>
        <styleUrl>#icon-1899-DB4436-labelson-nodesc</styleUrl>
        <Point>
          <coordinates>
            42.221661,17.672217,0
          </coordinates>
        </Point>
      </Placemark>
      <Placemark>
        <name>اللاوات</name>
        <styleUrl>#icon-1899-DB4436-labelson-nodesc</styleUrl>
        <Point>
          <coordinates>
            43.134727,16.999433,0
          </coordinates>
        </Point>
      </Placemark>
      <Placemark>
        <name>اللاوي</name>
        <styleUrl>#icon-1899-DB4436-labelson-nodesc</styleUrl>
        <Point>
          <coordinates>
            43.083336,16.555002,0
          </coordinates>
        </Point>
      </Placemark>
      <Placemark>
        <name>اللبيني</name>
        <styleUrl>#icon-1899-DB4436-labelson-nodesc</styleUrl>
        <Point>
          <coordinates>
            42.202778,16.823609,0
          </coordinates>
        </Point>
      </Placemark>
      <Placemark>
        <name>اللحج</name>
        <styleUrl>#icon-1899-DB4436-labelson-nodesc</styleUrl>
        <Point>
          <coordinates>
            43.246522,17.000871,0
          </coordinates>
        </Point>
      </Placemark>
      <Placemark>
        <name>اللحوح</name>
        <styleUrl>#icon-1899-DB4436-labelson-nodesc</styleUrl>
        <Point>
          <coordinates>
            43.249161,16.759171,0
          </coordinates>
        </Point>
      </Placemark>
      <Placemark>
        <name>اللحينية</name>
        <styleUrl>#icon-1899-DB4436-labelson-nodesc</styleUrl>
        <Point>
          <coordinates>
            42.649441,17.123265,0
          </coordinates>
        </Point>
      </Placemark>
      <Placemark>
        <name>اللخبصية</name>
        <styleUrl>#icon-1899-DB4436-labelson-nodesc</styleUrl>
        <Point>
          <coordinates>
            42.602019,17.20695,0
          </coordinates>
        </Point>
      </Placemark>
      <Placemark>
        <name>اللقية</name>
        <styleUrl>#icon-1899-DB4436-labelson-nodesc</styleUrl>
        <Point>
          <coordinates>
            43.039455,16.660595,0
          </coordinates>
        </Point>
      </Placemark>
      <Placemark>
        <name>اللواء</name>
        <styleUrl>#icon-1899-DB4436-labelson-nodesc</styleUrl>
        <Point>
          <coordinates>
            43.231115,17.031105,0
          </coordinates>
        </Point>
      </Placemark>
      <Placemark>
        <name>الماطره</name>
        <styleUrl>#icon-1899-DB4436-labelson-nodesc</styleUrl>
        <Point>
          <coordinates>
            42.71641,16.968341,0
          </coordinates>
        </Point>
      </Placemark>
      <Placemark>
        <name>المالكي</name>
        <styleUrl>#icon-1899-DB4436-labelson-nodesc</styleUrl>
        <Point>
          <coordinates>
            43.120823,17.064171,0
          </coordinates>
        </Point>
      </Placemark>
      <Placemark>
        <name>المباركه</name>
        <styleUrl>#icon-1899-DB4436-labelson-nodesc</styleUrl>
        <Point>
          <coordinates>
            42.943003,16.534209,0
          </coordinates>
        </Point>
      </Placemark>
      <Placemark>
        <name>المبخره</name>
        <styleUrl>#icon-1899-DB4436-labelson-nodesc</styleUrl>
        <Point>
          <coordinates>
            43.087006,16.535411,0
          </coordinates>
        </Point>
      </Placemark>
      <Placemark>
        <name>المبروق</name>
        <styleUrl>#icon-1899-DB4436-labelson-nodesc</styleUrl>
        <Point>
          <coordinates>
            42.743619,17.387495,0
          </coordinates>
        </Point>
      </Placemark>
      <Placemark>
        <name>المبيت</name>
        <styleUrl>#icon-1899-DB4436-labelson-nodesc</styleUrl>
        <Point>
          <coordinates>
            43.006797,17.037477,0
          </coordinates>
        </Point>
      </Placemark>
      <Placemark>
        <name>المثره</name>
        <styleUrl>#icon-1899-DB4436-labelson-nodesc</styleUrl>
        <Point>
          <coordinates>
            43.087478,17.217529,0
          </coordinates>
        </Point>
      </Placemark>
      <Placemark>
        <name>المثقوب</name>
        <styleUrl>#icon-1899-DB4436-labelson-nodesc</styleUrl>
        <Point>
          <coordinates>
            43.088894,16.805563,0
          </coordinates>
        </Point>
      </Placemark>
      <Placemark>
        <name>المجامة</name>
        <styleUrl>#icon-1899-DB4436-labelson-nodesc</styleUrl>
        <Point>
          <coordinates>
            42.853546,16.71484,0
          </coordinates>
        </Point>
      </Placemark>
      <Placemark>
        <name>المجديرة</name>
        <styleUrl>#icon-1899-DB4436-labelson-nodesc</styleUrl>
        <Point>
          <coordinates>
            42.888887,17.02529,0
          </coordinates>
        </Point>
      </Placemark>
      <Placemark>
        <name>المجديره</name>
        <styleUrl>#icon-1899-DB4436-labelson-nodesc</styleUrl>
        <Point>
          <coordinates>
            42.524621,17.100434,0
          </coordinates>
        </Point>
      </Placemark>
      <Placemark>
        <name>المجروب</name>
        <styleUrl>#icon-1899-DB4436-labelson-nodesc</styleUrl>
        <Point>
          <coordinates>
            43.122582,16.584249,0
          </coordinates>
        </Point>
      </Placemark>
      <Placemark>
        <name>المجش</name>
        <styleUrl>#icon-1899-DB4436-labelson-nodesc</styleUrl>
        <Point>
          <coordinates>
            42.076929,17.738886,0
          </coordinates>
        </Point>
      </Placemark>
      <Placemark>
        <name>المجصص</name>
        <styleUrl>#icon-1899-DB4436-labelson-nodesc</styleUrl>
        <Point>
          <coordinates>
            42.876291,17.043056,0
          </coordinates>
        </Point>
      </Placemark>
      <Placemark>
        <name>المجنة</name>
        <styleUrl>#icon-1899-DB4436-labelson-nodesc</styleUrl>
        <Point>
          <coordinates>
            43.009179,16.554637,0
          </coordinates>
        </Point>
      </Placemark>
      <Placemark>
        <name>المحاضن</name>
        <styleUrl>#icon-1899-DB4436-labelson-nodesc</styleUrl>
        <Point>
          <coordinates>
            42.800095,16.875815,0
          </coordinates>
        </Point>
      </Placemark>
      <Placemark>
        <name>المحاضين</name>
        <styleUrl>#icon-1899-DB4436-labelson-nodesc</styleUrl>
        <Point>
          <coordinates>
            42.782671,16.869249,0
          </coordinates>
        </Point>
      </Placemark>
      <Placemark>
        <name>المحاطة</name>
        <styleUrl>#icon-1899-DB4436-labelson-nodesc</styleUrl>
        <Point>
          <coordinates>
            43.122218,17.036104,0
          </coordinates>
        </Point>
      </Placemark>
      <Placemark>
        <name>المحامل</name>
        <styleUrl>#icon-1899-DB4436-labelson-nodesc</styleUrl>
        <Point>
          <coordinates>
            42.895989,16.794384,0
          </coordinates>
        </Point>
      </Placemark>
      <Placemark>
        <name>المحانش</name>
        <styleUrl>#icon-1899-DB4436-labelson-nodesc</styleUrl>
        <Point>
          <coordinates>
            43.108335,16.668062,0
          </coordinates>
        </Point>
      </Placemark>
      <Placemark>
        <name>المحجيه</name>
        <styleUrl>#icon-1899-DB4436-labelson-nodesc</styleUrl>
        <Point>
          <coordinates>
            43.114772,17.147019,0
          </coordinates>
        </Point>
      </Placemark>
      <Placemark>
        <name>المحربة</name>
        <styleUrl>#icon-1899-DB4436-labelson-nodesc</styleUrl>
        <Point>
          <coordinates>
            43.108892,17.03001,0
          </coordinates>
        </Point>
      </Placemark>
      <Placemark>
        <name>المحرق</name>
        <styleUrl>#icon-1899-DB4436-labelson-nodesc</styleUrl>
        <Point>
          <coordinates>
            42.149606,16.652377,0
          </coordinates>
        </Point>
      </Placemark>
      <Placemark>
        <name>المحسارة</name>
        <styleUrl>#icon-1899-DB4436-labelson-nodesc</styleUrl>
        <Point>
          <coordinates>
            43.126402,16.796808,0
          </coordinates>
        </Point>
      </Placemark>
      <Placemark>
        <name>المحسوب</name>
        <styleUrl>#icon-1899-DB4436-labelson-nodesc</styleUrl>
        <Point>
          <coordinates>
            43.076942,17.239716,0
          </coordinates>
        </Point>
      </Placemark>
      <Placemark>
        <name>المحصام</name>
        <styleUrl>#icon-1899-DB4436-labelson-nodesc</styleUrl>
        <Point>
          <coordinates>
            42.722719,16.942849,0
          </coordinates>
        </Point>
      </Placemark>
      <Placemark>
        <name>المحصور</name>
        <styleUrl>#icon-1899-DB4436-labelson-nodesc</styleUrl>
        <Point>
          <coordinates>
            41.919236,16.845818,0
          </coordinates>
        </Point>
      </Placemark>
      <Placemark>
        <name>المحطة</name>
        <styleUrl>#icon-1899-DB4436-labelson-nodesc</styleUrl>
        <Point>
          <coordinates>
            42.272215,17.721677,0
          </coordinates>
        </Point>
      </Placemark>
      <Placemark>
        <name>المحطة</name>
        <styleUrl>#icon-1899-DB4436-labelson-nodesc</styleUrl>
        <Point>
          <coordinates>
            43.100996,16.699712,0
          </coordinates>
        </Point>
      </Placemark>
      <Placemark>
        <name>المحلة</name>
        <styleUrl>#icon-1899-DB4436-labelson-nodesc</styleUrl>
        <Point>
          <coordinates>
            42.599745,17.328336,0
          </coordinates>
        </Point>
      </Placemark>
      <Placemark>
        <name>المحله</name>
        <styleUrl>#icon-1899-DB4436-labelson-nodesc</styleUrl>
        <Point>
          <coordinates>
            42.761471,17.043314,0
          </coordinates>
        </Point>
      </Placemark>
      <Placemark>
        <name>المحله</name>
        <styleUrl>#icon-1899-DB4436-labelson-nodesc</styleUrl>
        <Point>
          <coordinates>
            42.600346,17.287545,0
          </coordinates>
        </Point>
      </Placemark>
      <Placemark>
        <name>المحيانة</name>
        <styleUrl>#icon-1899-DB4436-labelson-nodesc</styleUrl>
        <Point>
          <coordinates>
            43.077779,16.789448,0
          </coordinates>
        </Point>
      </Placemark>
      <Placemark>
        <name>المخداشة</name>
        <styleUrl>#icon-1899-DB4436-labelson-nodesc</styleUrl>
        <Point>
          <coordinates>
            43.201396,16.795821,0
          </coordinates>
        </Point>
      </Placemark>
      <Placemark>
        <name>المخشليه</name>
        <styleUrl>#icon-1899-DB4436-labelson-nodesc</styleUrl>
        <Point>
          <coordinates>
            42.950685,16.785007,0
          </coordinates>
        </Point>
      </Placemark>
      <Placemark>
        <name>المخلف</name>
        <styleUrl>#icon-1899-DB4436-labelson-nodesc</styleUrl>
        <Point>
          <coordinates>
            43.150563,16.782496,0
          </coordinates>
        </Point>
      </Placemark>
      <Placemark>
        <name>المخيل</name>
        <styleUrl>#icon-1899-DB4436-labelson-nodesc</styleUrl>
        <Point>
          <coordinates>
            43.074174,17.094448,0
          </coordinates>
        </Point>
      </Placemark>
      <Placemark>
        <name>المدحول</name>
        <styleUrl>#icon-1899-DB4436-labelson-nodesc</styleUrl>
        <Point>
          <coordinates>
            43.034177,16.564164,0
          </coordinates>
        </Point>
      </Placemark>
      <Placemark>
        <name>المدخن</name>
        <styleUrl>#icon-1899-DB4436-labelson-nodesc</styleUrl>
        <Point>
          <coordinates>
            43.212297,16.768742,0
          </coordinates>
        </Point>
      </Placemark>
      <Placemark>
        <name>المدرك</name>
        <styleUrl>#icon-1899-DB4436-labelson-nodesc</styleUrl>
        <Point>
          <coordinates>
            42.528205,17.335246,0
          </coordinates>
        </Point>
      </Placemark>
      <Placemark>
        <name>المدروك</name>
        <styleUrl>#icon-1899-DB4436-labelson-nodesc</styleUrl>
        <Point>
          <coordinates>
            42.536681,17.412493,0
          </coordinates>
        </Point>
      </Placemark>
      <Placemark>
        <name>المدفن</name>
        <styleUrl>#icon-1899-DB4436-labelson-nodesc</styleUrl>
        <Point>
          <coordinates>
            43.20807,16.770995,0
          </coordinates>
        </Point>
      </Placemark>
      <Placemark>
        <name>المدمدمة</name>
        <styleUrl>#icon-1899-DB4436-labelson-nodesc</styleUrl>
        <Point>
          <coordinates>
            43.024392,17.084019,0
          </coordinates>
        </Point>
      </Placemark>
      <Placemark>
        <name>المديري</name>
        <styleUrl>#icon-1899-DB4436-labelson-nodesc</styleUrl>
        <Point>
          <coordinates>
            42.353218,17.807486,0
          </coordinates>
        </Point>
      </Placemark>
      <Placemark>
        <name>المرابي</name>
        <styleUrl>#icon-1899-DB4436-labelson-nodesc</styleUrl>
        <Point>
          <coordinates>
            42.785525,16.653879,0
          </coordinates>
        </Point>
      </Placemark>
      <Placemark>
        <name>المرابيع</name>
        <styleUrl>#icon-1899-DB4436-labelson-nodesc</styleUrl>
        <Point>
          <coordinates>
            43.147216,17.004991,0
          </coordinates>
        </Point>
      </Placemark>
      <Placemark>
        <name>المراويغ</name>
        <styleUrl>#icon-1899-DB4436-labelson-nodesc</styleUrl>
        <Point>
          <coordinates>
            43.034177,17.040009,0
          </coordinates>
        </Point>
      </Placemark>
      <Placemark>
        <name>المربا</name>
        <styleUrl>#icon-1899-DB4436-labelson-nodesc</styleUrl>
        <Point>
          <coordinates>
            43.035529,16.956818,0
          </coordinates>
        </Point>
      </Placemark>
      <Placemark>
        <name>المربط</name>
        <styleUrl>#icon-1899-DB4436-labelson-nodesc</styleUrl>
        <Point>
          <coordinates>
            43.092713,16.955338,0
          </coordinates>
        </Point>
      </Placemark>
      <Placemark>
        <name>المرتزة</name>
        <styleUrl>#icon-1899-DB4436-labelson-nodesc</styleUrl>
        <Point>
          <coordinates>
            43.093336,16.948664,0
          </coordinates>
        </Point>
      </Placemark>
      <Placemark>
        <name>المرخ</name>
        <styleUrl>#icon-1899-DB4436-labelson-nodesc</styleUrl>
        <Point>
          <coordinates>
            42.784667,16.820197,0
          </coordinates>
        </Point>
      </Placemark>
      <Placemark>
        <name>المرخ</name>
        <styleUrl>#icon-1899-DB4436-labelson-nodesc</styleUrl>
        <Point>
          <coordinates>
            43.068895,16.924717,0
          </coordinates>
        </Point>
      </Placemark>
      <Placemark>
        <name>المرصيعة</name>
        <styleUrl>#icon-1899-DB4436-labelson-nodesc</styleUrl>
        <Point>
          <coordinates>
            43.10473,17.021105,0
          </coordinates>
        </Point>
      </Placemark>
      <Placemark>
        <name>المرواء</name>
        <styleUrl>#icon-1899-DB4436-labelson-nodesc</styleUrl>
        <Point>
          <coordinates>
            43.11445,16.998618,0
          </coordinates>
        </Point>
      </Placemark>
      <Placemark>
        <name>المروانة</name>
        <styleUrl>#icon-1899-DB4436-labelson-nodesc</styleUrl>
        <Point>
          <coordinates>
            42.890818,16.733315,0
          </coordinates>
        </Point>
      </Placemark>
      <Placemark>
        <name>المروة</name>
        <styleUrl>#icon-1899-DB4436-labelson-nodesc</styleUrl>
        <Point>
          <coordinates>
            43.037503,16.982224,0
          </coordinates>
        </Point>
      </Placemark>
      <Placemark>
        <name>المروة</name>
        <styleUrl>#icon-1899-DB4436-labelson-nodesc</styleUrl>
        <Point>
          <coordinates>
            43.132153,16.807194,0
          </coordinates>
        </Point>
      </Placemark>
      <Placemark>
        <name>المروة</name>
        <styleUrl>#icon-1899-DB4436-labelson-nodesc</styleUrl>
        <Point>
          <coordinates>
            43.097777,17.114446,0
          </coordinates>
        </Point>
      </Placemark>
      <Placemark>
        <name>المروة</name>
        <styleUrl>#icon-1899-DB4436-labelson-nodesc</styleUrl>
        <Point>
          <coordinates>
            43.093057,16.966667,0
          </coordinates>
        </Point>
      </Placemark>
      <Placemark>
        <name>المروه</name>
        <styleUrl>#icon-1899-DB4436-labelson-nodesc</styleUrl>
        <Point>
          <coordinates>
            42.785783,17.238085,0
          </coordinates>
        </Point>
      </Placemark>
      <Placemark>
        <name>المروه</name>
        <styleUrl>#icon-1899-DB4436-labelson-nodesc</styleUrl>
        <Point>
          <coordinates>
            43.131402,16.775329,0
          </coordinates>
        </Point>
      </Placemark>
      <Placemark>
        <name>المريا</name>
        <styleUrl>#icon-1899-DB4436-labelson-nodesc</styleUrl>
        <Point>
          <coordinates>
            43.084624,16.963985,0
          </coordinates>
        </Point>
      </Placemark>
      <Placemark>
        <name>المريخيه</name>
        <styleUrl>#icon-1899-DB4436-labelson-nodesc</styleUrl>
        <Point>
          <coordinates>
            42.793357,16.947398,0
          </coordinates>
        </Point>
      </Placemark>
      <Placemark>
        <name>المزايبة</name>
        <styleUrl>#icon-1899-DB4436-labelson-nodesc</styleUrl>
        <Point>
          <coordinates>
            42.875004,16.419432,0
          </coordinates>
        </Point>
      </Placemark>
      <Placemark>
        <name>المزبرات السفلي</name>
        <styleUrl>#icon-1899-DB4436-labelson-nodesc</styleUrl>
        <Point>
          <coordinates>
            43.187106,16.771231,0
          </coordinates>
        </Point>
      </Placemark>
      <Placemark>
        <name>المزبرات العلوي</name>
        <styleUrl>#icon-1899-DB4436-labelson-nodesc</styleUrl>
        <Point>
          <coordinates>
            43.191354,16.773419,0
          </coordinates>
        </Point>
      </Placemark>
      <Placemark>
        <name>المزرق</name>
        <styleUrl>#icon-1899-DB4436-labelson-nodesc</styleUrl>
        <Point>
          <coordinates>
            43.056858,17.08889,0
          </coordinates>
        </Point>
      </Placemark>
      <Placemark>
        <name>المزرق</name>
        <styleUrl>#icon-1899-DB4436-labelson-nodesc</styleUrl>
        <Point>
          <coordinates>
            43.09443,16.858327,0
          </coordinates>
        </Point>
      </Placemark>
      <Placemark>
        <name>المسارعة</name>
        <styleUrl>#icon-1899-DB4436-labelson-nodesc</styleUrl>
        <Point>
          <coordinates>
            42.903585,16.841354,0
          </coordinates>
        </Point>
      </Placemark>
      <Placemark>
        <name>المسارعه</name>
        <styleUrl>#icon-1899-DB4436-labelson-nodesc</styleUrl>
        <Point>
          <coordinates>
            43.019135,17.080007,0
          </coordinates>
        </Point>
      </Placemark>
      <Placemark>
        <name>المساعد</name>
        <styleUrl>#icon-1899-DB4436-labelson-nodesc</styleUrl>
        <Point>
          <coordinates>
            43.127689,17.063076,0
          </coordinates>
        </Point>
      </Placemark>
      <Placemark>
        <name>المسافع</name>
        <styleUrl>#icon-1899-DB4436-labelson-nodesc</styleUrl>
        <Point>
          <coordinates>
            43.148439,16.944051,0
          </coordinates>
        </Point>
      </Placemark>
      <Placemark>
        <name>المسالمة</name>
        <styleUrl>#icon-1899-DB4436-labelson-nodesc</styleUrl>
        <Point>
          <coordinates>
            42.947402,17.136204,0
          </coordinates>
        </Point>
      </Placemark>
      <Placemark>
        <name>المساملة</name>
        <styleUrl>#icon-1899-DB4436-labelson-nodesc</styleUrl>
        <Point>
          <coordinates>
            42.810287,16.86661,0
          </coordinates>
        </Point>
      </Placemark>
      <Placemark>
        <name>المسامير</name>
        <styleUrl>#icon-1899-DB4436-labelson-nodesc</styleUrl>
        <Point>
          <coordinates>
            42.274919,17.715304,0
          </coordinates>
        </Point>
      </Placemark>
      <Placemark>
        <name>المساني</name>
        <styleUrl>#icon-1899-DB4436-labelson-nodesc</styleUrl>
        <Point>
          <coordinates>
            42.900796,16.937013,0
          </coordinates>
        </Point>
      </Placemark>
      <Placemark>
        <name>المساني</name>
        <styleUrl>#icon-1899-DB4436-labelson-nodesc</styleUrl>
        <Point>
          <coordinates>
            42.57127,17.336254,0
          </coordinates>
        </Point>
      </Placemark>
      <Placemark>
        <name>المسايل</name>
        <styleUrl>#icon-1899-DB4436-labelson-nodesc</styleUrl>
        <Point>
          <coordinates>
            43.01332,17.115283,0
          </coordinates>
        </Point>
      </Placemark>
      <Placemark>
        <name>المسترب</name>
        <styleUrl>#icon-1899-DB4436-labelson-nodesc</styleUrl>
        <Point>
          <coordinates>
            43.156657,17.386787,0
          </coordinates>
        </Point>
      </Placemark>
      <Placemark>
        <name>المسحب</name>
        <styleUrl>#icon-1899-DB4436-labelson-nodesc</styleUrl>
        <Point>
          <coordinates>
            43.1043,16.81376,0
          </coordinates>
        </Point>
      </Placemark>
      <Placemark>
        <name>المسقى</name>
        <styleUrl>#icon-1899-DB4436-labelson-nodesc</styleUrl>
        <Point>
          <coordinates>
            42.998579,16.821291,0
          </coordinates>
        </Point>
      </Placemark>
      <Placemark>
        <name>المسكة</name>
        <styleUrl>#icon-1899-DB4436-labelson-nodesc</styleUrl>
        <Point>
          <coordinates>
            43.16288,17.011449,0
          </coordinates>
        </Point>
      </Placemark>
      <Placemark>
        <name>المسمعة</name>
        <styleUrl>#icon-1899-DB4436-labelson-nodesc</styleUrl>
        <Point>
          <coordinates>
            43.064218,17.051489,0
          </coordinates>
        </Point>
      </Placemark>
      <Placemark>
        <name>المسيله</name>
        <styleUrl>#icon-1899-DB4436-labelson-nodesc</styleUrl>
        <Point>
          <coordinates>
            42.122462,16.716986,0
          </coordinates>
        </Point>
      </Placemark>
      <Placemark>
        <name>المسيله</name>
        <styleUrl>#icon-1899-DB4436-labelson-nodesc</styleUrl>
        <Point>
          <coordinates>
            43.030615,17.22785,0
          </coordinates>
        </Point>
      </Placemark>
      <Placemark>
        <name>المشاف</name>
        <styleUrl>#icon-1899-DB4436-labelson-nodesc</styleUrl>
        <Point>
          <coordinates>
            43.08001,16.992781,0
          </coordinates>
        </Point>
      </Placemark>
      <Placemark>
        <name>المشايخ الجنوبيه</name>
        <styleUrl>#icon-1899-DB4436-labelson-nodesc</styleUrl>
        <Point>
          <coordinates>
            42.790911,16.894097,0
          </coordinates>
        </Point>
      </Placemark>
      <Placemark>
        <name>المشايخ الشماليه</name>
        <styleUrl>#icon-1899-DB4436-labelson-nodesc</styleUrl>
        <Point>
          <coordinates>
            42.786062,16.900685,0
          </coordinates>
        </Point>
      </Placemark>
      <Placemark>
        <name>المشباح</name>
        <styleUrl>#icon-1899-DB4436-labelson-nodesc</styleUrl>
        <Point>
          <coordinates>
            43.094966,16.976302,0
          </coordinates>
        </Point>
      </Placemark>
      <Placemark>
        <name>المشبه</name>
        <styleUrl>#icon-1899-DB4436-labelson-nodesc</styleUrl>
        <Point>
          <coordinates>
            43.136101,17.016664,0
          </coordinates>
        </Point>
      </Placemark>
      <Placemark>
        <name>المصايده</name>
        <styleUrl>#icon-1899-DB4436-labelson-nodesc</styleUrl>
        <Point>
          <coordinates>
            42.86921,17.366831,0
          </coordinates>
        </Point>
      </Placemark>
      <Placemark>
        <name>المصبح</name>
        <styleUrl>#icon-1899-DB4436-labelson-nodesc</styleUrl>
        <Point>
          <coordinates>
            42.966499,16.963041,0
          </coordinates>
        </Point>
      </Placemark>
      <Placemark>
        <name>المصبح</name>
        <styleUrl>#icon-1899-DB4436-labelson-nodesc</styleUrl>
        <Point>
          <coordinates>
            43.073916,17.071595,0
          </coordinates>
        </Point>
      </Placemark>
      <Placemark>
        <name>المصبر</name>
        <styleUrl>#icon-1899-DB4436-labelson-nodesc</styleUrl>
        <Point>
          <coordinates>
            42.866678,16.974993,0
          </coordinates>
        </Point>
      </Placemark>
      <Placemark>
        <name>المصرم</name>
        <styleUrl>#icon-1899-DB4436-labelson-nodesc</styleUrl>
        <Point>
          <coordinates>
            43.054991,16.930769,0
          </coordinates>
        </Point>
      </Placemark>
      <Placemark>
        <name>المصفق</name>
        <styleUrl>#icon-1899-DB4436-labelson-nodesc</styleUrl>
        <Point>
          <coordinates>
            43.036537,16.541333,0
          </coordinates>
        </Point>
      </Placemark>
      <Placemark>
        <name>المصقع</name>
        <styleUrl>#icon-1899-DB4436-labelson-nodesc</styleUrl>
        <Point>
          <coordinates>
            42.795889,16.798096,0
          </coordinates>
        </Point>
      </Placemark>
      <Placemark>
        <name>المصقع</name>
        <styleUrl>#icon-1899-DB4436-labelson-nodesc</styleUrl>
        <Point>
          <coordinates>
            42.963882,17.041662,0
          </coordinates>
        </Point>
      </Placemark>
      <Placemark>
        <name>المصليبه</name>
        <styleUrl>#icon-1899-DB4436-labelson-nodesc</styleUrl>
        <Point>
          <coordinates>
            42.861679,16.434195,0
          </coordinates>
        </Point>
      </Placemark>
      <Placemark>
        <name>المضايا</name>
        <styleUrl>#icon-1899-DB4436-labelson-nodesc</styleUrl>
        <Point>
          <coordinates>
            42.735357,16.770051,0
          </coordinates>
        </Point>
      </Placemark>
      <Placemark>
        <name>المضراب</name>
        <styleUrl>#icon-1899-DB4436-labelson-nodesc</styleUrl>
        <Point>
          <coordinates>
            43.126402,16.882296,0
          </coordinates>
        </Point>
      </Placemark>
      <Placemark>
        <name>المضلعي</name>
        <styleUrl>#icon-1899-DB4436-labelson-nodesc</styleUrl>
        <Point>
          <coordinates>
            42.863889,17.097774,0
          </coordinates>
        </Point>
      </Placemark>
      <Placemark>
        <name>المطارة</name>
        <styleUrl>#icon-1899-DB4436-labelson-nodesc</styleUrl>
        <Point>
          <coordinates>
            42.531939,17.392774,0
          </coordinates>
        </Point>
      </Placemark>
      <Placemark>
        <name>المطاريق</name>
        <styleUrl>#icon-1899-DB4436-labelson-nodesc</styleUrl>
        <Point>
          <coordinates>
            43.120823,16.933322,0
          </coordinates>
        </Point>
      </Placemark>
      <Placemark>
        <name>المطاعن</name>
        <styleUrl>#icon-1899-DB4436-labelson-nodesc</styleUrl>
        <Point>
          <coordinates>
            42.884488,16.95302,0
          </coordinates>
        </Point>
      </Placemark>
      <Placemark>
        <name>المطعن</name>
        <styleUrl>#icon-1899-DB4436-labelson-nodesc</styleUrl>
        <Point>
          <coordinates>
            42.536831,17.42599,0
          </coordinates>
        </Point>
      </Placemark>
      <Placemark>
        <name>المطلع</name>
        <styleUrl>#icon-1899-DB4436-labelson-nodesc</styleUrl>
        <Point>
          <coordinates>
            42.775011,17.077775,0
          </coordinates>
        </Point>
      </Placemark>
      <Placemark>
        <name>المعابدة</name>
        <styleUrl>#icon-1899-DB4436-labelson-nodesc</styleUrl>
        <Point>
          <coordinates>
            42.858245,16.996558,0
          </coordinates>
        </Point>
      </Placemark>
      <Placemark>
        <name>المعابدة</name>
        <styleUrl>#icon-1899-DB4436-labelson-nodesc</styleUrl>
        <Point>
          <coordinates>
            42.900023,16.850796,0
          </coordinates>
        </Point>
      </Placemark>
      <Placemark>
        <name>المعاتق</name>
        <styleUrl>#icon-1899-DB4436-labelson-nodesc</styleUrl>
        <Point>
          <coordinates>
            43.132281,17.060738,0
          </coordinates>
        </Point>
      </Placemark>
      <Placemark>
        <name>المعاليق</name>
        <styleUrl>#icon-1899-DB4436-labelson-nodesc</styleUrl>
        <Point>
          <coordinates>
            43.071856,17.06754,0
          </coordinates>
        </Point>
      </Placemark>
      <Placemark>
        <name>المعايدة</name>
        <styleUrl>#icon-1899-DB4436-labelson-nodesc</styleUrl>
        <Point>
          <coordinates>
            42.893479,16.873863,0
          </coordinates>
        </Point>
      </Placemark>
      <Placemark>
        <name>المعبوج</name>
        <styleUrl>#icon-1899-DB4436-labelson-nodesc</styleUrl>
        <Point>
          <coordinates>
            42.596719,16.897788,0
          </coordinates>
        </Point>
      </Placemark>
      <Placemark>
        <name>المعترض</name>
        <styleUrl>#icon-1899-DB4436-labelson-nodesc</styleUrl>
        <Point>
          <coordinates>
            42.688944,17.131205,0
          </coordinates>
        </Point>
      </Placemark>
      <Placemark>
        <name>المعترض</name>
        <styleUrl>#icon-1899-DB4436-labelson-nodesc</styleUrl>
        <Point>
          <coordinates>
            43.055506,16.682353,0
          </coordinates>
        </Point>
      </Placemark>
      <Placemark>
        <name>المعترض</name>
        <styleUrl>#icon-1899-DB4436-labelson-nodesc</styleUrl>
        <Point>
          <coordinates>
            43.208327,16.828609,0
          </coordinates>
        </Point>
      </Placemark>
      <Placemark>
        <name>المعرم</name>
        <styleUrl>#icon-1899-DB4436-labelson-nodesc</styleUrl>
        <Point>
          <coordinates>
            43.240557,16.747777,0
          </coordinates>
        </Point>
      </Placemark>
      <Placemark>
        <name>المعروق</name>
        <styleUrl>#icon-1899-DB4436-labelson-nodesc</styleUrl>
        <Point>
          <coordinates>
            43.033619,16.961367,0
          </coordinates>
        </Point>
      </Placemark>
      <Placemark>
        <name>المعزاب</name>
        <styleUrl>#icon-1899-DB4436-labelson-nodesc</styleUrl>
        <Point>
          <coordinates>
            43.093035,16.576288,0
          </coordinates>
        </Point>
      </Placemark>
      <Placemark>
        <name>المعطن</name>
        <styleUrl>#icon-1899-DB4436-labelson-nodesc</styleUrl>
        <Point>
          <coordinates>
            43.117497,16.809962,0
          </coordinates>
        </Point>
      </Placemark>
      <Placemark>
        <name>المعقره</name>
        <styleUrl>#icon-1899-DB4436-labelson-nodesc</styleUrl>
        <Point>
          <coordinates>
            43.128419,17.070029,0
          </coordinates>
        </Point>
      </Placemark>
      <Placemark>
        <name>المعمال</name>
        <styleUrl>#icon-1899-DB4436-labelson-nodesc</styleUrl>
        <Point>
          <coordinates>
            43.148525,16.940038,0
          </coordinates>
        </Point>
      </Placemark>
      <Placemark>
        <name>المعنق</name>
        <styleUrl>#icon-1899-DB4436-labelson-nodesc</styleUrl>
        <Point>
          <coordinates>
            43.171399,16.823051,0
          </coordinates>
        </Point>
      </Placemark>
      <Placemark>
        <name>المغارب</name>
        <styleUrl>#icon-1899-DB4436-labelson-nodesc</styleUrl>
        <Point>
          <coordinates>
            43.124557,16.966581,0
          </coordinates>
        </Point>
      </Placemark>
      <Placemark>
        <name>المغبشيه</name>
        <styleUrl>#icon-1899-DB4436-labelson-nodesc</styleUrl>
        <Point>
          <coordinates>
            42.693493,16.938,0
          </coordinates>
        </Point>
      </Placemark>
      <Placemark>
        <name>المغيرا</name>
        <styleUrl>#icon-1899-DB4436-labelson-nodesc</styleUrl>
        <Point>
          <coordinates>
            43.13844,16.781337,0
          </coordinates>
        </Point>
      </Placemark>
      <Placemark>
        <name>المغيرات</name>
        <styleUrl>#icon-1899-DB4436-labelson-nodesc</styleUrl>
        <Point>
          <coordinates>
            43.120351,17.102709,0
          </coordinates>
        </Point>
      </Placemark>
      <Placemark>
        <name>المقادي</name>
        <styleUrl>#icon-1899-DB4436-labelson-nodesc</styleUrl>
        <Point>
          <coordinates>
            43.104172,17.119446,0
          </coordinates>
        </Point>
      </Placemark>
      <Placemark>
        <name>المقاريه</name>
        <styleUrl>#icon-1899-DB4436-labelson-nodesc</styleUrl>
        <Point>
          <coordinates>
            42.593329,16.929502,0
          </coordinates>
        </Point>
      </Placemark>
      <Placemark>
        <name>المقاطبه</name>
        <styleUrl>#icon-1899-DB4436-labelson-nodesc</styleUrl>
        <Point>
          <coordinates>
            43.129191,16.819403,0
          </coordinates>
        </Point>
      </Placemark>
      <Placemark>
        <name>المقالي</name>
        <styleUrl>#icon-1899-DB4436-labelson-nodesc</styleUrl>
        <Point>
          <coordinates>
            42.791533,16.510584,0
          </coordinates>
        </Point>
      </Placemark>
      <Placemark>
        <name>المقبص</name>
        <styleUrl>#icon-1899-DB4436-labelson-nodesc</styleUrl>
        <Point>
          <coordinates>
            43.098614,16.85307,0
          </coordinates>
        </Point>
      </Placemark>
      <Placemark>
        <name>المقبص</name>
        <styleUrl>#icon-1899-DB4436-labelson-nodesc</styleUrl>
        <Point>
          <coordinates>
            43.244441,16.765287,0
          </coordinates>
        </Point>
      </Placemark>
      <Placemark>
        <name>المقبض</name>
        <styleUrl>#icon-1899-DB4436-labelson-nodesc</styleUrl>
        <Point>
          <coordinates>
            43.177493,16.999004,0
          </coordinates>
        </Point>
      </Placemark>
      <Placemark>
        <name>المقتل</name>
        <styleUrl>#icon-1899-DB4436-labelson-nodesc</styleUrl>
        <Point>
          <coordinates>
            43.175561,16.767776,0
          </coordinates>
        </Point>
      </Placemark>
      <Placemark>
        <name>المقحافة</name>
        <styleUrl>#icon-1899-DB4436-labelson-nodesc</styleUrl>
        <Point>
          <coordinates>
            42.674997,16.944437,0
          </coordinates>
        </Point>
      </Placemark>
      <Placemark>
        <name>المقدرة</name>
        <styleUrl>#icon-1899-DB4436-labelson-nodesc</styleUrl>
        <Point>
          <coordinates>
            42.796447,16.656775,0
          </coordinates>
        </Point>
      </Placemark>
      <Placemark>
        <name>المقرقم</name>
        <styleUrl>#icon-1899-DB4436-labelson-nodesc</styleUrl>
        <Point>
          <coordinates>
            43.036301,16.728487,0
          </coordinates>
        </Point>
      </Placemark>
      <Placemark>
        <name>المقطابة</name>
        <styleUrl>#icon-1899-DB4436-labelson-nodesc</styleUrl>
        <Point>
          <coordinates>
            43.146379,16.84305,0
          </coordinates>
        </Point>
      </Placemark>
      <Placemark>
        <name>المقطاع</name>
        <styleUrl>#icon-1899-DB4436-labelson-nodesc</styleUrl>
        <Point>
          <coordinates>
            42.974653,16.91328,0
          </coordinates>
        </Point>
      </Placemark>
      <Placemark>
        <name>المقطاع</name>
        <styleUrl>#icon-1899-DB4436-labelson-nodesc</styleUrl>
        <Point>
          <coordinates>
            43.038855,16.92991,0
          </coordinates>
        </Point>
      </Placemark>
      <Placemark>
        <name>المقلوع</name>
        <styleUrl>#icon-1899-DB4436-labelson-nodesc</styleUrl>
        <Point>
          <coordinates>
            43.11666,16.858327,0
          </coordinates>
        </Point>
      </Placemark>
      <Placemark>
        <name>المقوزة</name>
        <styleUrl>#icon-1899-DB4436-labelson-nodesc</styleUrl>
        <Point>
          <coordinates>
            42.633991,16.993232,0
          </coordinates>
        </Point>
      </Placemark>
      <Placemark>
        <name>المقومه</name>
        <styleUrl>#icon-1899-DB4436-labelson-nodesc</styleUrl>
        <Point>
          <coordinates>
            43.148911,16.732371,0
          </coordinates>
        </Point>
      </Placemark>
      <Placemark>
        <name>المكنبل</name>
        <styleUrl>#icon-1899-DB4436-labelson-nodesc</styleUrl>
        <Point>
          <coordinates>
            43.031902,16.593304,0
          </coordinates>
        </Point>
      </Placemark>
      <Placemark>
        <name>المكندرات</name>
        <styleUrl>#icon-1899-DB4436-labelson-nodesc</styleUrl>
        <Point>
          <coordinates>
            43.205495,16.694691,0
          </coordinates>
        </Point>
      </Placemark>
      <Placemark>
        <name>المكنل</name>
        <styleUrl>#icon-1899-DB4436-labelson-nodesc</styleUrl>
        <Point>
          <coordinates>
            43.045034,16.553028,0
          </coordinates>
        </Point>
      </Placemark>
      <Placemark>
        <name>المكينة</name>
        <styleUrl>#icon-1899-DB4436-labelson-nodesc</styleUrl>
        <Point>
          <coordinates>
            42.603328,16.902788,0
          </coordinates>
        </Point>
      </Placemark>
      <Placemark>
        <name>الملاطة</name>
        <styleUrl>#icon-1899-DB4436-labelson-nodesc</styleUrl>
        <Point>
          <coordinates>
            43.225536,17.046704,0
          </coordinates>
        </Point>
      </Placemark>
      <Placemark>
        <name>الملاقي</name>
        <styleUrl>#icon-1899-DB4436-labelson-nodesc</styleUrl>
        <Point>
          <coordinates>
            43.059754,16.989799,0
          </coordinates>
        </Point>
      </Placemark>
      <Placemark>
        <name>الملحاء</name>
        <styleUrl>#icon-1899-DB4436-labelson-nodesc</styleUrl>
        <Point>
          <coordinates>
            42.594938,17.265186,0
          </coordinates>
        </Point>
      </Placemark>
      <Placemark>
        <name>الملحصم</name>
        <styleUrl>#icon-1899-DB4436-labelson-nodesc</styleUrl>
        <Point>
          <coordinates>
            43.161228,16.720612,0
          </coordinates>
        </Point>
      </Placemark>
      <Placemark>
        <name>الملحي</name>
        <styleUrl>#icon-1899-DB4436-labelson-nodesc</styleUrl>
        <Point>
          <coordinates>
            43.155005,16.964993,0
          </coordinates>
        </Point>
      </Placemark>
      <Placemark>
        <name>الملوس</name>
        <styleUrl>#icon-1899-DB4436-labelson-nodesc</styleUrl>
        <Point>
          <coordinates>
            43.172986,16.976323,0
          </coordinates>
        </Point>
      </Placemark>
      <Placemark>
        <name>المناره الاثريه</name>
        <styleUrl>#icon-1899-DB4436-labelson-nodesc</styleUrl>
        <Point>
          <coordinates>
            42.683001,16.967011,0
          </coordinates>
        </Point>
      </Placemark>
      <Placemark>
        <name>المناقيز</name>
        <styleUrl>#icon-1899-DB4436-labelson-nodesc</styleUrl>
        <Point>
          <coordinates>
            42.699823,16.784663,0
          </coordinates>
        </Point>
      </Placemark>
      <Placemark>
        <name>المناكع</name>
        <styleUrl>#icon-1899-DB4436-labelson-nodesc</styleUrl>
        <Point>
          <coordinates>
            43.147774,16.954436,0
          </coordinates>
        </Point>
      </Placemark>
      <Placemark>
        <name>المناومة</name>
        <styleUrl>#icon-1899-DB4436-labelson-nodesc</styleUrl>
        <Point>
          <coordinates>
            42.809086,16.886373,0
          </coordinates>
        </Point>
      </Placemark>
      <Placemark>
        <name>المنجارة</name>
        <styleUrl>#icon-1899-DB4436-labelson-nodesc</styleUrl>
        <Point>
          <coordinates>
            42.877278,16.83187,0
          </coordinates>
        </Point>
      </Placemark>
      <Placemark>
        <name>المنجارة</name>
        <styleUrl>#icon-1899-DB4436-labelson-nodesc</styleUrl>
        <Point>
          <coordinates>
            43.054948,17.004561,0
          </coordinates>
        </Point>
      </Placemark>
      <Placemark>
        <name>المنجارة</name>
        <styleUrl>#icon-1899-DB4436-labelson-nodesc</styleUrl>
        <Point>
          <coordinates>
            42.179089,17.568684,0
          </coordinates>
        </Point>
      </Placemark>
      <Placemark>
        <name>المنجره</name>
        <styleUrl>#icon-1899-DB4436-labelson-nodesc</styleUrl>
        <Point>
          <coordinates>
            43.013878,16.71838,0
          </coordinates>
        </Point>
      </Placemark>
      <Placemark>
        <name>المنصوريه</name>
        <styleUrl>#icon-1899-DB4436-labelson-nodesc</styleUrl>
        <Point>
          <coordinates>
            42.820716,16.658771,0
          </coordinates>
        </Point>
      </Placemark>
      <Placemark>
        <name>المنقطعة</name>
        <styleUrl>#icon-1899-DB4436-labelson-nodesc</styleUrl>
        <Point>
          <coordinates>
            42.570004,17.461116,0
          </coordinates>
        </Point>
      </Placemark>
      <Placemark>
        <name>المنقع</name>
        <styleUrl>#icon-1899-DB4436-labelson-nodesc</styleUrl>
        <Point>
          <coordinates>
            43.0725,17.09168,0
          </coordinates>
        </Point>
      </Placemark>
      <Placemark>
        <name>المهتش</name>
        <styleUrl>#icon-1899-DB4436-labelson-nodesc</styleUrl>
        <Point>
          <coordinates>
            42.983515,16.802559,0
          </coordinates>
        </Point>
      </Placemark>
      <Placemark>
        <name>المهدج</name>
        <styleUrl>#icon-1899-DB4436-labelson-nodesc</styleUrl>
        <Point>
          <coordinates>
            42.84904,17.003703,0
          </coordinates>
        </Point>
      </Placemark>
      <Placemark>
        <name>المهدم</name>
        <styleUrl>#icon-1899-DB4436-labelson-nodesc</styleUrl>
        <Point>
          <coordinates>
            43.117497,16.713617,0
          </coordinates>
        </Point>
      </Placemark>
      <Placemark>
        <name>المهشوم</name>
        <styleUrl>#icon-1899-DB4436-labelson-nodesc</styleUrl>
        <Point>
          <coordinates>
            42.087829,17.759507,0
          </coordinates>
        </Point>
      </Placemark>
      <Placemark>
        <name>المهشي</name>
        <styleUrl>#icon-1899-DB4436-labelson-nodesc</styleUrl>
        <Point>
          <coordinates>
            43.086662,17.008338,0
          </coordinates>
        </Point>
      </Placemark>
      <Placemark>
        <name>المواقيد</name>
        <styleUrl>#icon-1899-DB4436-labelson-nodesc</styleUrl>
        <Point>
          <coordinates>
            43.049712,16.632507,0
          </coordinates>
        </Point>
      </Placemark>
      <Placemark>
        <name>الموالتة</name>
        <styleUrl>#icon-1899-DB4436-labelson-nodesc</styleUrl>
        <Point>
          <coordinates>
            42.878244,16.833072,0
          </coordinates>
        </Point>
      </Placemark>
      <Placemark>
        <name>الموسم</name>
        <styleUrl>#icon-1899-DB4436-labelson-nodesc</styleUrl>
        <Point>
          <coordinates>
            42.824557,16.418595,0
          </coordinates>
        </Point>
      </Placemark>
      <Placemark>
        <name>الموسم</name>
        <styleUrl>#icon-1899-DB4436-labelson-nodesc</styleUrl>
        <Point>
          <coordinates>
            42.881398,16.400571,0
          </coordinates>
        </Point>
      </Placemark>
      <Placemark>
        <name>الموشت الجنوبي</name>
        <styleUrl>#icon-1899-DB4436-labelson-nodesc</styleUrl>
        <Point>
          <coordinates>
            43.032589,17.000055,0
          </coordinates>
        </Point>
      </Placemark>
      <Placemark>
        <name>الموشت الشمالي</name>
        <styleUrl>#icon-1899-DB4436-labelson-nodesc</styleUrl>
        <Point>
          <coordinates>
            43.027589,17.005913,0
          </coordinates>
        </Point>
      </Placemark>
      <Placemark>
        <name>الموشم</name>
        <styleUrl>#icon-1899-DB4436-labelson-nodesc</styleUrl>
        <Point>
          <coordinates>
            43.137581,17.105155,0
          </coordinates>
        </Point>
      </Placemark>
      <Placemark>
        <name>الموشم</name>
        <styleUrl>#icon-1899-DB4436-labelson-nodesc</styleUrl>
        <Point>
          <coordinates>
            43.144319,16.937892,0
          </coordinates>
        </Point>
      </Placemark>
      <Placemark>
        <name>الموشي</name>
        <styleUrl>#icon-1899-DB4436-labelson-nodesc</styleUrl>
        <Point>
          <coordinates>
            43.166957,16.732156,0
          </coordinates>
        </Point>
      </Placemark>
      <Placemark>
        <name>الموقد</name>
        <styleUrl>#icon-1899-DB4436-labelson-nodesc</styleUrl>
        <Point>
          <coordinates>
            43.082371,16.847062,0
          </coordinates>
        </Point>
      </Placemark>
      <Placemark>
        <name>الميلة</name>
        <styleUrl>#icon-1899-DB4436-labelson-nodesc</styleUrl>
        <Point>
          <coordinates>
            42.569768,17.330718,0
          </coordinates>
        </Point>
      </Placemark>
      <Placemark>
        <name>الناصريه</name>
        <styleUrl>#icon-1899-DB4436-labelson-nodesc</styleUrl>
        <Point>
          <coordinates>
            42.83917,16.763635,0
          </coordinates>
        </Point>
      </Placemark>
      <Placemark>
        <name>النافعي</name>
        <styleUrl>#icon-1899-DB4436-labelson-nodesc</styleUrl>
        <Point>
          <coordinates>
            42.834728,16.785715,0
          </coordinates>
        </Point>
      </Placemark>
      <Placemark>
        <name>النجامية</name>
        <styleUrl>#icon-1899-DB4436-labelson-nodesc</styleUrl>
        <Point>
          <coordinates>
            42.944527,16.564465,0
          </coordinates>
        </Point>
      </Placemark>
      <Placemark>
        <name>النخري</name>
        <styleUrl>#icon-1899-DB4436-labelson-nodesc</styleUrl>
        <Point>
          <coordinates>
            42.545822,17.444723,0
          </coordinates>
        </Point>
      </Placemark>
      <Placemark>
        <name>النصايب</name>
        <styleUrl>#icon-1899-DB4436-labelson-nodesc</styleUrl>
        <Point>
          <coordinates>
            43.130565,16.99306,0
          </coordinates>
        </Point>
      </Placemark>
      <Placemark>
        <name>النصدمة</name>
        <styleUrl>#icon-1899-DB4436-labelson-nodesc</styleUrl>
        <Point>
          <coordinates>
            42.03779,17.713888,0
          </coordinates>
        </Point>
      </Placemark>
      <Placemark>
        <name>النعامية</name>
        <styleUrl>#icon-1899-DB4436-labelson-nodesc</styleUrl>
        <Point>
          <coordinates>
            42.63706,17.134981,0
          </coordinates>
        </Point>
      </Placemark>
      <Placemark>
        <name>النعيميات</name>
        <styleUrl>#icon-1899-DB4436-labelson-nodesc</styleUrl>
        <Point>
          <coordinates>
            42.279167,17.744443,0
          </coordinates>
        </Point>
      </Placemark>
      <Placemark>
        <name>النغبي</name>
        <styleUrl>#icon-1899-DB4436-labelson-nodesc</styleUrl>
        <Point>
          <coordinates>
            42.289445,17.73056,0
          </coordinates>
        </Point>
      </Placemark>
      <Placemark>
        <name>النقاش</name>
        <styleUrl>#icon-1899-DB4436-labelson-nodesc</styleUrl>
        <Point>
          <coordinates>
            42.526681,17.318959,0
          </coordinates>
        </Point>
      </Placemark>
      <Placemark>
        <name>النقيل المركوز</name>
        <styleUrl>#icon-1899-DB4436-labelson-nodesc</styleUrl>
        <Point>
          <coordinates>
            43.111103,16.765287,0
          </coordinates>
        </Point>
      </Placemark>
      <Placemark>
        <name>النوافلة</name>
        <styleUrl>#icon-1899-DB4436-labelson-nodesc</styleUrl>
        <Point>
          <coordinates>
            43.137581,16.776187,0
          </coordinates>
        </Point>
      </Placemark>
      <Placemark>
        <name>الهجنبه</name>
        <styleUrl>#icon-1899-DB4436-labelson-nodesc</styleUrl>
        <Point>
          <coordinates>
            42.991798,16.768527,0
          </coordinates>
        </Point>
      </Placemark>
      <Placemark>
        <name>الهدوي</name>
        <styleUrl>#icon-1899-DB4436-labelson-nodesc</styleUrl>
        <Point>
          <coordinates>
            42.543054,17.122214,0
          </coordinates>
        </Point>
      </Placemark>
      <Placemark>
        <name>الهذيل</name>
        <styleUrl>#icon-1899-DB4436-labelson-nodesc</styleUrl>
        <Point>
          <coordinates>
            43.129363,16.922336,0
          </coordinates>
        </Point>
      </Placemark>
      <Placemark>
        <name>الهلوج</name>
        <styleUrl>#icon-1899-DB4436-labelson-nodesc</styleUrl>
        <Point>
          <coordinates>
            43.163888,16.926112,0
          </coordinates>
        </Point>
      </Placemark>
      <Placemark>
        <name>الهليه</name>
        <styleUrl>#icon-1899-DB4436-labelson-nodesc</styleUrl>
        <Point>
          <coordinates>
            42.953968,16.794856,0
          </coordinates>
        </Point>
      </Placemark>
      <Placemark>
        <name>الهميل</name>
        <styleUrl>#icon-1899-DB4436-labelson-nodesc</styleUrl>
        <Point>
          <coordinates>
            43.082285,16.849637,0
          </coordinates>
        </Point>
      </Placemark>
      <Placemark>
        <name>الهميلية</name>
        <styleUrl>#icon-1899-DB4436-labelson-nodesc</styleUrl>
        <Point>
          <coordinates>
            42.572021,17.170365,0
          </coordinates>
        </Point>
      </Placemark>
      <Placemark>
        <name>الهنديه</name>
        <styleUrl>#icon-1899-DB4436-labelson-nodesc</styleUrl>
        <Point>
          <coordinates>
            42.24256,16.553993,0
          </coordinates>
        </Point>
      </Placemark>
      <Placemark>
        <name>الهياج</name>
        <styleUrl>#icon-1899-DB4436-labelson-nodesc</styleUrl>
        <Point>
          <coordinates>
            42.89983,17.402215,0
          </coordinates>
        </Point>
      </Placemark>
      <Placemark>
        <name>الهياج</name>
        <styleUrl>#icon-1899-DB4436-labelson-nodesc</styleUrl>
        <Point>
          <coordinates>
            42.900023,17.414703,0
          </coordinates>
        </Point>
      </Placemark>
      <Placemark>
        <name>الهيجاء</name>
        <styleUrl>#icon-1899-DB4436-labelson-nodesc</styleUrl>
        <Point>
          <coordinates>
            43.097091,17.183819,0
          </coordinates>
        </Point>
      </Placemark>
      <Placemark>
        <name>الهيجة</name>
        <styleUrl>#icon-1899-DB4436-labelson-nodesc</styleUrl>
        <Point>
          <coordinates>
            42.969439,16.778612,0
          </coordinates>
        </Point>
      </Placemark>
      <Placemark>
        <name>الهيجة</name>
        <styleUrl>#icon-1899-DB4436-labelson-nodesc</styleUrl>
        <Point>
          <coordinates>
            42.281635,17.644794,0
          </coordinates>
        </Point>
      </Placemark>
      <Placemark>
        <name>الهيجة</name>
        <styleUrl>#icon-1899-DB4436-labelson-nodesc</styleUrl>
        <Point>
          <coordinates>
            42.74806,17.295442,0
          </coordinates>
        </Point>
      </Placemark>
      <Placemark>
        <name>الواسط</name>
        <styleUrl>#icon-1899-DB4436-labelson-nodesc</styleUrl>
        <Point>
          <coordinates>
            42.753468,17.035997,0
          </coordinates>
        </Point>
      </Placemark>
      <Placemark>
        <name>الواسط</name>
        <styleUrl>#icon-1899-DB4436-labelson-nodesc</styleUrl>
        <Point>
          <coordinates>
            42.858439,16.54335,0
          </coordinates>
        </Point>
      </Placemark>
      <Placemark>
        <name>الواسط</name>
        <styleUrl>#icon-1899-DB4436-labelson-nodesc</styleUrl>
        <Point>
          <coordinates>
            42.746665,16.788504,0
          </coordinates>
        </Point>
      </Placemark>
      <Placemark>
        <name>الواصلي</name>
        <styleUrl>#icon-1899-DB4436-labelson-nodesc</styleUrl>
        <Point>
          <coordinates>
            42.693064,16.947141,0
          </coordinates>
        </Point>
      </Placemark>
      <Placemark>
        <name>الوتد</name>
        <styleUrl>#icon-1899-DB4436-labelson-nodesc</styleUrl>
        <Point>
          <coordinates>
            43.046129,16.682632,0
          </coordinates>
        </Point>
      </Placemark>
      <Placemark>
        <name>الوثبة</name>
        <styleUrl>#icon-1899-DB4436-labelson-nodesc</styleUrl>
        <Point>
          <coordinates>
            42.685618,16.804297,0
          </coordinates>
        </Point>
      </Placemark>
      <Placemark>
        <name>الوجحة</name>
        <styleUrl>#icon-1899-DB4436-labelson-nodesc</styleUrl>
        <Point>
          <coordinates>
            43.211117,17.045009,0
          </coordinates>
        </Point>
      </Placemark>
      <Placemark>
        <name>الوحاشية</name>
        <styleUrl>#icon-1899-DB4436-labelson-nodesc</styleUrl>
        <Point>
          <coordinates>
            42.658281,17.107365,0
          </coordinates>
        </Point>
      </Placemark>
      <Placemark>
        <name>الوحلة</name>
        <styleUrl>#icon-1899-DB4436-labelson-nodesc</styleUrl>
        <Point>
          <coordinates>
            42.716045,16.791916,0
          </coordinates>
        </Point>
      </Placemark>
      <Placemark>
        <name>الوحم</name>
        <styleUrl>#icon-1899-DB4436-labelson-nodesc</styleUrl>
        <Point>
          <coordinates>
            42.96901,16.892531,0
          </coordinates>
        </Point>
      </Placemark>
      <Placemark>
        <name>الوسيعه</name>
        <styleUrl>#icon-1899-DB4436-labelson-nodesc</styleUrl>
        <Point>
          <coordinates>
            42.811232,16.86146,0
          </coordinates>
        </Point>
      </Placemark>
      <Placemark>
        <name>الوشر</name>
        <styleUrl>#icon-1899-DB4436-labelson-nodesc</styleUrl>
        <Point>
          <coordinates>
            43.079174,17.231948,0
          </coordinates>
        </Point>
      </Placemark>
      <Placemark>
        <name>الوهط التاريخية</name>
        <styleUrl>#icon-1899-DB4436-labelson-nodesc</styleUrl>
        <Point>
          <coordinates>
            43.040249,17.452576,0
          </coordinates>
        </Point>
      </Placemark>
      <Placemark>
        <name>اليامية</name>
        <styleUrl>#icon-1899-DB4436-labelson-nodesc</styleUrl>
        <Point>
          <coordinates>
            43.208327,16.805563,0
          </coordinates>
        </Point>
      </Placemark>
      <Placemark>
        <name>اليمانية</name>
        <styleUrl>#icon-1899-DB4436-labelson-nodesc</styleUrl>
        <Point>
          <coordinates>
            43.032074,17.449207,0
          </coordinates>
        </Point>
      </Placemark>
      <Placemark>
        <name>ام الاصل</name>
        <styleUrl>#icon-1899-DB4436-labelson-nodesc</styleUrl>
        <Point>
          <coordinates>
            42.454112,16.825154,0
          </coordinates>
        </Point>
      </Placemark>
      <Placemark>
        <name>ام التراب</name>
        <styleUrl>#icon-1899-DB4436-labelson-nodesc</styleUrl>
        <Point>
          <coordinates>
            43.113849,16.700163,0
          </coordinates>
        </Point>
      </Placemark>
      <Placemark>
        <name>ام الحجر</name>
        <styleUrl>#icon-1899-DB4436-labelson-nodesc</styleUrl>
        <Point>
          <coordinates>
            41.945243,16.486788,0
          </coordinates>
        </Point>
      </Placemark>
      <Placemark>
        <name>ام الحجل</name>
        <styleUrl>#icon-1899-DB4436-labelson-nodesc</styleUrl>
        <Point>
          <coordinates>
            42.91395,16.883304,0
          </coordinates>
        </Point>
      </Placemark>
      <Placemark>
        <name>ام الحجل</name>
        <styleUrl>#icon-1899-DB4436-labelson-nodesc</styleUrl>
        <Point>
          <coordinates>
            43.123376,16.697524,0
          </coordinates>
        </Point>
      </Placemark>
      <Placemark>
        <name>ام الحسير</name>
        <styleUrl>#icon-1899-DB4436-labelson-nodesc</styleUrl>
        <Point>
          <coordinates>
            43.030057,16.956732,0
          </coordinates>
        </Point>
      </Placemark>
      <Placemark>
        <name>ام الخبر</name>
        <styleUrl>#icon-1899-DB4436-labelson-nodesc</styleUrl>
        <Point>
          <coordinates>
            42.591677,17.37226,0
          </coordinates>
        </Point>
      </Placemark>
      <Placemark>
        <name>ام الخرق</name>
        <styleUrl>#icon-1899-DB4436-labelson-nodesc</styleUrl>
        <Point>
          <coordinates>
            43.04424,17.000592,0
          </coordinates>
        </Point>
      </Placemark>
      <Placemark>
        <name>ام الراك</name>
        <styleUrl>#icon-1899-DB4436-labelson-nodesc</styleUrl>
        <Point>
          <coordinates>
            41.963568,16.464643,0
          </coordinates>
        </Point>
      </Placemark>
      <Placemark>
        <name>ام الزعف</name>
        <styleUrl>#icon-1899-DB4436-labelson-nodesc</styleUrl>
        <Point>
          <coordinates>
            42.341309,16.598883,0
          </coordinates>
        </Point>
      </Placemark>
      <Placemark>
        <name>ام الصقور</name>
        <styleUrl>#icon-1899-DB4436-labelson-nodesc</styleUrl>
        <Point>
          <coordinates>
            43.171098,16.739709,0
          </coordinates>
        </Point>
      </Placemark>
      <Placemark>
        <name>ام الصلقه</name>
        <styleUrl>#icon-1899-DB4436-labelson-nodesc</styleUrl>
        <Point>
          <coordinates>
            43.158867,16.730847,0
          </coordinates>
        </Point>
      </Placemark>
      <Placemark>
        <name>ام الصيلين</name>
        <styleUrl>#icon-1899-DB4436-labelson-nodesc</styleUrl>
        <Point>
          <coordinates>
            42.265992,16.591544,0
          </coordinates>
        </Point>
      </Placemark>
      <Placemark>
        <name>ام الصيود</name>
        <styleUrl>#icon-1899-DB4436-labelson-nodesc</styleUrl>
        <Point>
          <coordinates>
            42.380083,17.466824,0
          </coordinates>
        </Point>
      </Placemark>
      <Placemark>
        <name>ام الطاول</name>
        <styleUrl>#icon-1899-DB4436-labelson-nodesc</styleUrl>
        <Point>
          <coordinates>
            43.054733,16.896458,0
          </coordinates>
        </Point>
      </Placemark>
      <Placemark>
        <name>ام العظام</name>
        <styleUrl>#icon-1899-DB4436-labelson-nodesc</styleUrl>
        <Point>
          <coordinates>
            43.05057,16.583326,0
          </coordinates>
        </Point>
      </Placemark>
      <Placemark>
        <name>ام الكتف</name>
        <styleUrl>#icon-1899-DB4436-labelson-nodesc</styleUrl>
        <Point>
          <coordinates>
            42.461429,16.80861,0
          </coordinates>
        </Point>
      </Placemark>
      <Placemark>
        <name>ام خرق</name>
        <styleUrl>#icon-1899-DB4436-labelson-nodesc</styleUrl>
        <Point>
          <coordinates>
            42.491255,17.678955,0
          </coordinates>
        </Point>
      </Placemark>
      <Placemark>
        <name>ام صليبية</name>
        <styleUrl>#icon-1899-DB4436-labelson-nodesc</styleUrl>
        <Point>
          <coordinates>
            42.840693,16.435418,0
          </coordinates>
        </Point>
      </Placemark>
      <Placemark>
        <name>ام عراج</name>
        <styleUrl>#icon-1899-DB4436-labelson-nodesc</styleUrl>
        <Point>
          <coordinates>
            43.032117,16.737928,0
          </coordinates>
        </Point>
      </Placemark>
      <Placemark>
        <name>امطف</name>
        <styleUrl>#icon-1899-DB4436-labelson-nodesc</styleUrl>
        <Point>
          <coordinates>
            43.070827,16.903324,0
          </coordinates>
        </Point>
      </Placemark>
      <Placemark>
        <name>امنه</name>
        <styleUrl>#icon-1899-DB4436-labelson-nodesc</styleUrl>
        <Point>
          <coordinates>
            42.444477,16.792216,0
          </coordinates>
        </Point>
      </Placemark>
      <Placemark>
        <name>باقل</name>
        <styleUrl>#icon-1899-DB4436-labelson-nodesc</styleUrl>
        <Point>
          <coordinates>
            41.878188,16.468098,0
          </coordinates>
        </Point>
      </Placemark>
      <Placemark>
        <name>بحرة</name>
        <styleUrl>#icon-1899-DB4436-labelson-nodesc</styleUrl>
        <Point>
          <coordinates>
            42.771492,16.934223,0
          </coordinates>
        </Point>
      </Placemark>
      <Placemark>
        <name>بخشة</name>
        <styleUrl>#icon-1899-DB4436-labelson-nodesc</styleUrl>
        <Point>
          <coordinates>
            42.638669,16.896565,0
          </coordinates>
        </Point>
      </Placemark>
      <Placemark>
        <name>بديع الخرم</name>
        <styleUrl>#icon-1899-DB4436-labelson-nodesc</styleUrl>
        <Point>
          <coordinates>
            42.776041,16.905878,0
          </coordinates>
        </Point>
      </Placemark>
      <Placemark>
        <name>برام</name>
        <styleUrl>#icon-1899-DB4436-labelson-nodesc</styleUrl>
        <Point>
          <coordinates>
            42.827218,16.5064,0
          </coordinates>
        </Point>
      </Placemark>
      <Placemark>
        <name>بردان</name>
        <styleUrl>#icon-1899-DB4436-labelson-nodesc</styleUrl>
        <Point>
          <coordinates>
            43.147795,17.052176,0
          </coordinates>
        </Point>
      </Placemark>
      <Placemark>
        <name>بريقع</name>
        <styleUrl>#icon-1899-DB4436-labelson-nodesc</styleUrl>
        <Point>
          <coordinates>
            43.03246,17.028744,0
          </coordinates>
        </Point>
      </Placemark>
      <Placemark>
        <name>بشعة</name>
        <styleUrl>#icon-1899-DB4436-labelson-nodesc</styleUrl>
        <Point>
          <coordinates>
            43.153331,16.986108,0
          </coordinates>
        </Point>
      </Placemark>
      <Placemark>
        <name>بطحان</name>
        <styleUrl>#icon-1899-DB4436-labelson-nodesc</styleUrl>
        <Point>
          <coordinates>
            43.046086,17.029259,0
          </coordinates>
        </Point>
      </Placemark>
      <Placemark>
        <name>بطحان</name>
        <styleUrl>#icon-1899-DB4436-labelson-nodesc</styleUrl>
        <Point>
          <coordinates>
            43.054991,17.116678,0
          </coordinates>
        </Point>
      </Placemark>
      <Placemark>
        <name>الحروف</name>
        <styleUrl>#icon-1899-DB4436-labelson-nodesc</styleUrl>
        <Point>
          <coordinates>
            42.217755,17.646961,0
          </coordinates>
        </Point>
      </Placemark>
      <Placemark>
        <name>بقعة قرثه</name>
        <styleUrl>#icon-1899-DB4436-labelson-nodesc</styleUrl>
        <Point>
          <coordinates>
            43.102219,17.226112,0
          </coordinates>
        </Point>
      </Placemark>
      <Placemark>
        <name>بلاج</name>
        <styleUrl>#icon-1899-DB4436-labelson-nodesc</styleUrl>
        <Point>
          <coordinates>
            42.836101,17.094448,0
          </coordinates>
        </Point>
      </Placemark>
      <Placemark>
        <name>بلاد بني سفيان</name>
        <styleUrl>#icon-1899-DB4436-labelson-nodesc</styleUrl>
        <Point>
          <coordinates>
            43.047738,17.051919,0
          </coordinates>
        </Point>
      </Placemark>
      <Placemark>
        <name>بلاد نعمان</name>
        <styleUrl>#icon-1899-DB4436-labelson-nodesc</styleUrl>
        <Point>
          <coordinates>
            43.130908,17.056403,0
          </coordinates>
        </Point>
      </Placemark>
      <Placemark>
        <name>بني جبران</name>
        <styleUrl>#icon-1899-DB4436-labelson-nodesc</styleUrl>
        <Point>
          <coordinates>
            42.016933,17.756309,0
          </coordinates>
        </Point>
      </Placemark>
      <Placemark>
        <name>بوجان</name>
        <styleUrl>#icon-1899-DB4436-labelson-nodesc</styleUrl>
        <Point>
          <coordinates>
            43.194723,17.018616,0
          </coordinates>
        </Point>
      </Placemark>
      <Placemark>
        <name>بور</name>
        <styleUrl>#icon-1899-DB4436-labelson-nodesc</styleUrl>
        <Point>
          <coordinates>
            43.198328,17.022221,0
          </coordinates>
        </Point>
      </Placemark>
      <Placemark>
        <name>بيت مقبول</name>
        <styleUrl>#icon-1899-DB4436-labelson-nodesc</styleUrl>
        <Point>
          <coordinates>
            42.731838,16.811485,0
          </coordinates>
        </Point>
      </Placemark>
      <Placemark>
        <name>بيش</name>
        <styleUrl>#icon-1899-DB4436-labelson-nodesc</styleUrl>
        <Point>
          <coordinates>
            42.540221,17.376916,0
          </coordinates>
        </Point>
      </Placemark>
      <Placemark>
        <name>بيش الحضن</name>
        <styleUrl>#icon-1899-DB4436-labelson-nodesc</styleUrl>
        <Point>
          <coordinates>
            42.572536,17.389469,0
          </coordinates>
        </Point>
      </Placemark>
      <Placemark>
        <name>بيض هجر</name>
        <styleUrl>#icon-1899-DB4436-labelson-nodesc</styleUrl>
        <Point>
          <coordinates>
            42.252216,17.522786,0
          </coordinates>
        </Point>
      </Placemark>
      <Placemark>
        <name>ترابة</name>
        <styleUrl>#icon-1899-DB4436-labelson-nodesc</styleUrl>
        <Point>
          <coordinates>
            43.095009,16.818609,0
          </coordinates>
        </Point>
      </Placemark>
      <Placemark>
        <name>تنادح</name>
        <styleUrl>#icon-1899-DB4436-labelson-nodesc</styleUrl>
        <Point>
          <coordinates>
            43.156936,16.992223,0
          </coordinates>
        </Point>
      </Placemark>
      <Placemark>
        <name>تيهان</name>
        <styleUrl>#icon-1899-DB4436-labelson-nodesc</styleUrl>
        <Point>
          <coordinates>
            42.613649,17.096615,0
          </coordinates>
        </Point>
      </Placemark>
      <Placemark>
        <name>تيهان</name>
        <styleUrl>#icon-1899-DB4436-labelson-nodesc</styleUrl>
        <Point>
          <coordinates>
            42.690146,16.924288,0
          </coordinates>
        </Point>
      </Placemark>
      <Placemark>
        <name>ثيران</name>
        <styleUrl>#icon-1899-DB4436-labelson-nodesc</styleUrl>
        <Point>
          <coordinates>
            42.204559,17.177682,0
          </coordinates>
        </Point>
      </Placemark>
      <Placemark>
        <name>جازان العليا التاريخيه</name>
        <styleUrl>#icon-1899-DB4436-labelson-nodesc</styleUrl>
        <Point>
          <coordinates>
            42.872987,17.014539,0
          </coordinates>
        </Point>
      </Placemark>
      <Placemark>
        <name>جاضع الخمس</name>
        <styleUrl>#icon-1899-DB4436-labelson-nodesc</styleUrl>
        <Point>
          <coordinates>
            42.962143,16.791058,0
          </coordinates>
        </Point>
      </Placemark>
      <Placemark>
        <name>جاضع غميض</name>
        <styleUrl>#icon-1899-DB4436-labelson-nodesc</styleUrl>
        <Point>
          <coordinates>
            43.196676,16.801636,0
          </coordinates>
        </Point>
      </Placemark>
      <Placemark>
        <name>جبانة</name>
        <styleUrl>#icon-1899-DB4436-labelson-nodesc</styleUrl>
        <Point>
          <coordinates>
            43.228605,16.74943,0
          </coordinates>
        </Point>
      </Placemark>
      <Placemark>
        <name>جبل أبو حُمّد</name>
        <styleUrl>#icon-1899-DB4436-labelson-nodesc</styleUrl>
        <Point>
          <coordinates>
            41.750364,17.054901,0
          </coordinates>
        </Point>
      </Placemark>
      <Placemark>
        <name>جبيره</name>
        <styleUrl>#icon-1899-DB4436-labelson-nodesc</styleUrl>
        <Point>
          <coordinates>
            42.995467,17.352562,0
          </coordinates>
        </Point>
      </Placemark>
      <Placemark>
        <name>جحا</name>
        <styleUrl>#icon-1899-DB4436-labelson-nodesc</styleUrl>
        <Point>
          <coordinates>
            42.89247,16.668706,0
          </coordinates>
        </Point>
      </Placemark>
      <Placemark>
        <name>جحر</name>
        <styleUrl>#icon-1899-DB4436-labelson-nodesc</styleUrl>
        <Point>
          <coordinates>
            42.294445,17.749443,0
          </coordinates>
        </Point>
      </Placemark>
      <Placemark>
        <name>جخيره</name>
        <styleUrl>#icon-1899-DB4436-labelson-nodesc</styleUrl>
        <Point>
          <coordinates>
            42.721517,17.168262,0
          </coordinates>
        </Point>
      </Placemark>
      <Placemark>
        <name>جرار</name>
        <styleUrl>#icon-1899-DB4436-labelson-nodesc</styleUrl>
        <Point>
          <coordinates>
            43.105567,16.936111,0
          </coordinates>
        </Point>
      </Placemark>
      <Placemark>
        <name>جره</name>
        <styleUrl>#icon-1899-DB4436-labelson-nodesc</styleUrl>
        <Point>
          <coordinates>
            43.099279,17.26583,0
          </coordinates>
        </Point>
      </Placemark>
      <Placemark>
        <name>جروبة</name>
        <styleUrl>#icon-1899-DB4436-labelson-nodesc</styleUrl>
        <Point>
          <coordinates>
            42.90056,17.023895,0
          </coordinates>
        </Point>
      </Placemark>
      <Placemark>
        <name>جروبة</name>
        <styleUrl>#icon-1899-DB4436-labelson-nodesc</styleUrl>
        <Point>
          <coordinates>
            43.167772,16.79389,0
          </coordinates>
        </Point>
      </Placemark>
      <Placemark>
        <name>جريبه</name>
        <styleUrl>#icon-1899-DB4436-labelson-nodesc</styleUrl>
        <Point>
          <coordinates>
            42.552838,17.11303,0
          </coordinates>
        </Point>
      </Placemark>
      <Placemark>
        <name>جريبه</name>
        <styleUrl>#icon-1899-DB4436-labelson-nodesc</styleUrl>
        <Point>
          <coordinates>
            42.813356,17.142577,0
          </coordinates>
        </Point>
      </Placemark>
      <Placemark>
        <name>جزر فراسان</name>
        <styleUrl>#icon-1899-DB4436-labelson-nodesc</styleUrl>
        <Point>
          <coordinates>
            41.965692,16.748614,0
          </coordinates>
        </Point>
      </Placemark>
      <Placemark>
        <name>جزيرة القرين</name>
        <styleUrl>#icon-1899-DB4436-labelson-nodesc</styleUrl>
        <Point>
          <coordinates>
            42.710981,16.670465,0
          </coordinates>
        </Point>
      </Placemark>
      <Placemark>
        <name>جعيرة</name>
        <styleUrl>#icon-1899-DB4436-labelson-nodesc</styleUrl>
        <Point>
          <coordinates>
            42.661114,17.004991,0
          </coordinates>
        </Point>
      </Placemark>
      <Placemark>
        <name>جلاح</name>
        <styleUrl>#icon-1899-DB4436-labelson-nodesc</styleUrl>
        <Point>
          <coordinates>
            43.212941,16.70557,0
          </coordinates>
        </Point>
      </Placemark>
      <Placemark>
        <name>جلة الحيات</name>
        <styleUrl>#icon-1899-DB4436-labelson-nodesc</styleUrl>
        <Point>
          <coordinates>
            43.057995,17.60793,0
          </coordinates>
        </Point>
      </Placemark>
      <Placemark>
        <name>جلهم</name>
        <styleUrl>#icon-1899-DB4436-labelson-nodesc</styleUrl>
        <Point>
          <coordinates>
            43.048725,17.073247,0
          </coordinates>
        </Point>
      </Placemark>
      <Placemark>
        <name>جوال</name>
        <styleUrl>#icon-1899-DB4436-labelson-nodesc</styleUrl>
        <Point>
          <coordinates>
            43.147495,16.948063,0
          </coordinates>
        </Point>
      </Placemark>
      <Placemark>
        <name>جورا</name>
        <styleUrl>#icon-1899-DB4436-labelson-nodesc</styleUrl>
        <Point>
          <coordinates>
            43.078337,17.063892,0
          </coordinates>
        </Point>
      </Placemark>
      <Placemark>
        <name>جوف المصيد</name>
        <styleUrl>#icon-1899-DB4436-labelson-nodesc</styleUrl>
        <Point>
          <coordinates>
            43.172214,16.840281,0
          </coordinates>
        </Point>
      </Placemark>
      <Placemark>
        <name>جيدل</name>
        <styleUrl>#icon-1899-DB4436-labelson-nodesc</styleUrl>
        <Point>
          <coordinates>
            43.101103,17.047219,0
          </coordinates>
        </Point>
      </Placemark>
      <Placemark>
        <name>حاكمة</name>
        <styleUrl>#icon-1899-DB4436-labelson-nodesc</styleUrl>
        <Point>
          <coordinates>
            42.85655,17.013381,0
          </coordinates>
        </Point>
      </Placemark>
      <Placemark>
        <name>حاكمة</name>
        <styleUrl>#icon-1899-DB4436-labelson-nodesc</styleUrl>
        <Point>
          <coordinates>
            42.838783,17.010098,0
          </coordinates>
        </Point>
      </Placemark>
      <Placemark>
        <name>حاكمة الدغارير</name>
        <styleUrl>#icon-1899-DB4436-labelson-nodesc</styleUrl>
        <Point>
          <coordinates>
            42.978709,16.68304,0
          </coordinates>
        </Point>
      </Placemark>
      <Placemark>
        <name>حامضة</name>
        <styleUrl>#icon-1899-DB4436-labelson-nodesc</styleUrl>
        <Point>
          <coordinates>
            43.183694,16.814897,0
          </coordinates>
        </Point>
      </Placemark>
      <Placemark>
        <name>حبار</name>
        <styleUrl>#icon-1899-DB4436-labelson-nodesc</styleUrl>
        <Point>
          <coordinates>
            42.410896,16.88457,0
          </coordinates>
        </Point>
      </Placemark>
      <Placemark>
        <name>حبجب</name>
        <styleUrl>#icon-1899-DB4436-labelson-nodesc</styleUrl>
        <Point>
          <coordinates>
            42.822604,17.104039,0
          </coordinates>
        </Point>
      </Placemark>
      <Placemark>
        <name>حج نبعان</name>
        <styleUrl>#icon-1899-DB4436-labelson-nodesc</styleUrl>
        <Point>
          <coordinates>
            43.061106,17.078891,0
          </coordinates>
        </Point>
      </Placemark>
      <Placemark>
        <name>حجران درين</name>
        <styleUrl>#icon-1899-DB4436-labelson-nodesc</styleUrl>
        <Point>
          <coordinates>
            43.024499,16.951668,0
          </coordinates>
        </Point>
      </Placemark>
      <Placemark>
        <name>حجمر</name>
        <styleUrl>#icon-1899-DB4436-labelson-nodesc</styleUrl>
        <Point>
          <coordinates>
            41.985884,17.748456,0
          </coordinates>
        </Point>
      </Placemark>
      <Placemark>
        <name>حدباء</name>
        <styleUrl>#icon-1899-DB4436-labelson-nodesc</styleUrl>
        <Point>
          <coordinates>
            43.277872,17.322714,0
          </coordinates>
        </Point>
      </Placemark>
      <Placemark>
        <name>حديد</name>
        <styleUrl>#icon-1899-DB4436-labelson-nodesc</styleUrl>
        <Point>
          <coordinates>
            43.093464,16.930597,0
          </coordinates>
        </Point>
      </Placemark>
      <Placemark>
        <name>حرف</name>
        <styleUrl>#icon-1899-DB4436-labelson-nodesc</styleUrl>
        <Point>
          <coordinates>
            42.717204,17.282717,0
          </coordinates>
        </Point>
      </Placemark>
      <Placemark>
        <name>حلة الاحواس</name>
        <styleUrl>#icon-1899-DB4436-labelson-nodesc</styleUrl>
        <Point>
          <coordinates>
            42.698836,17.16073,0
          </coordinates>
        </Point>
      </Placemark>
      <Placemark>
        <name>حلة الحكمي</name>
        <styleUrl>#icon-1899-DB4436-labelson-nodesc</styleUrl>
        <Point>
          <coordinates>
            42.570069,17.163091,0
          </coordinates>
        </Point>
      </Placemark>
      <Placemark>
        <name>حلة العقيبي</name>
        <styleUrl>#icon-1899-DB4436-labelson-nodesc</styleUrl>
        <Point>
          <coordinates>
            42.585068,17.142041,0
          </coordinates>
        </Point>
      </Placemark>
      <Placemark>
        <name>حلة القميري</name>
        <styleUrl>#icon-1899-DB4436-labelson-nodesc</styleUrl>
        <Point>
          <coordinates>
            42.594166,17.150002,0
          </coordinates>
        </Point>
      </Placemark>
      <Placemark>
        <name>حلة حسين إدريس</name>
        <styleUrl>#icon-1899-DB4436-labelson-nodesc</styleUrl>
        <Point>
          <coordinates>
            42.806103,17.106099,0
          </coordinates>
        </Point>
      </Placemark>
      <Placemark>
        <name>حلة حسين زين</name>
        <styleUrl>#icon-1899-DB4436-labelson-nodesc</styleUrl>
        <Point>
          <coordinates>
            42.776213,17.115841,0
          </coordinates>
        </Point>
      </Placemark>
      <Placemark>
        <name>حلة حسين فرج</name>
        <styleUrl>#icon-1899-DB4436-labelson-nodesc</styleUrl>
        <Point>
          <coordinates>
            42.809172,17.106936,0
          </coordinates>
        </Point>
      </Placemark>
      <Placemark>
        <name>حلة خبت العواري</name>
        <styleUrl>#icon-1899-DB4436-labelson-nodesc</styleUrl>
        <Point>
          <coordinates>
            42.520287,17.117493,0
          </coordinates>
        </Point>
      </Placemark>
      <Placemark>
        <name>حلة خريع</name>
        <styleUrl>#icon-1899-DB4436-labelson-nodesc</styleUrl>
        <Point>
          <coordinates>
            42.819386,17.062647,0
          </coordinates>
        </Point>
      </Placemark>
      <Placemark>
        <name>حلة زين زربطان</name>
        <styleUrl>#icon-1899-DB4436-labelson-nodesc</styleUrl>
        <Point>
          <coordinates>
            42.616932,17.133329,0
          </coordinates>
        </Point>
      </Placemark>
      <Placemark>
        <name>حلة عطية</name>
        <styleUrl>#icon-1899-DB4436-labelson-nodesc</styleUrl>
        <Point>
          <coordinates>
            42.575777,17.168691,0
          </coordinates>
        </Point>
      </Placemark>
      <Placemark>
        <name>حلة علي</name>
        <styleUrl>#icon-1899-DB4436-labelson-nodesc</styleUrl>
        <Point>
          <coordinates>
            42.563567,17.211649,0
          </coordinates>
        </Point>
      </Placemark>
      <Placemark>
        <name>حلة مروعي الشامي</name>
        <styleUrl>#icon-1899-DB4436-labelson-nodesc</styleUrl>
        <Point>
          <coordinates>
            42.586677,17.150559,0
          </coordinates>
        </Point>
      </Placemark>
      <Placemark>
        <name>حلة مشاري</name>
        <styleUrl>#icon-1899-DB4436-labelson-nodesc</styleUrl>
        <Point>
          <coordinates>
            42.598844,17.146139,0
          </coordinates>
        </Point>
      </Placemark>
      <Placemark>
        <name>حلحلة المهدج</name>
        <styleUrl>#icon-1899-DB4436-labelson-nodesc</styleUrl>
        <Point>
          <coordinates>
            42.989051,16.855152,0
          </coordinates>
        </Point>
      </Placemark>
      <Placemark>
        <name>حمراية عياش</name>
        <styleUrl>#icon-1899-DB4436-labelson-nodesc</styleUrl>
        <Point>
          <coordinates>
            42.967358,16.919804,0
          </coordinates>
        </Point>
      </Placemark>
      <Placemark>
        <name>حميمة</name>
        <styleUrl>#icon-1899-DB4436-labelson-nodesc</styleUrl>
        <Point>
          <coordinates>
            43.170841,16.981645,0
          </coordinates>
        </Point>
      </Placemark>
      <Placemark>
        <name>حميمة</name>
        <styleUrl>#icon-1899-DB4436-labelson-nodesc</styleUrl>
        <Point>
          <coordinates>
            43.170111,16.981924,0
          </coordinates>
        </Point>
      </Placemark>
      <Placemark>
        <name>حميمة</name>
        <styleUrl>#icon-1899-DB4436-labelson-nodesc</styleUrl>
        <Point>
          <coordinates>
            43.171892,16.9804,0
          </coordinates>
        </Point>
      </Placemark>
      <Placemark>
        <name>حنتر</name>
        <styleUrl>#icon-1899-DB4436-labelson-nodesc</styleUrl>
        <Point>
          <coordinates>
            42.683322,17.127771,0
          </coordinates>
        </Point>
      </Placemark>
      <Placemark>
        <name>حنقفة</name>
        <styleUrl>#icon-1899-DB4436-labelson-nodesc</styleUrl>
        <Point>
          <coordinates>
            42.486362,17.171309,0
          </coordinates>
        </Point>
      </Placemark>
      <Placemark>
        <name>حنيه</name>
        <styleUrl>#icon-1899-DB4436-labelson-nodesc</styleUrl>
        <Point>
          <coordinates>
            43.011045,17.252784,0
          </coordinates>
        </Point>
      </Placemark>
      <Placemark>
        <name>حوالة</name>
        <styleUrl>#icon-1899-DB4436-labelson-nodesc</styleUrl>
        <Point>
          <coordinates>
            43.147216,17.001944,0
          </coordinates>
        </Point>
      </Placemark>
      <Placemark>
        <name>حوتين</name>
        <styleUrl>#icon-1899-DB4436-labelson-nodesc</styleUrl>
        <Point>
          <coordinates>
            42.605002,17.136118,0
          </coordinates>
        </Point>
      </Placemark>
      <Placemark>
        <name>حويسة</name>
        <styleUrl>#icon-1899-DB4436-labelson-nodesc</styleUrl>
        <Point>
          <coordinates>
            42.908993,16.838887,0
          </coordinates>
        </Point>
      </Placemark>
      <Placemark>
        <name>حيال</name>
        <styleUrl>#icon-1899-DB4436-labelson-nodesc</styleUrl>
        <Point>
          <coordinates>
            43.105631,17.104318,0
          </coordinates>
        </Point>
      </Placemark>
      <Placemark>
        <name>خاتم</name>
        <styleUrl>#icon-1899-DB4436-labelson-nodesc</styleUrl>
        <Point>
          <coordinates>
            43.058338,16.777775,0
          </coordinates>
        </Point>
      </Placemark>
      <Placemark>
        <name>خاشر</name>
        <styleUrl>#icon-1899-DB4436-labelson-nodesc</styleUrl>
        <Point>
          <coordinates>
            43.166077,17.343228,0
          </coordinates>
        </Point>
      </Placemark>
      <Placemark>
        <name>خالف عجيبي</name>
        <styleUrl>#icon-1899-DB4436-labelson-nodesc</styleUrl>
        <Point>
          <coordinates>
            43.084366,16.968169,0
          </coordinates>
        </Point>
      </Placemark>
      <Placemark>
        <name>خالف مغشية</name>
        <styleUrl>#icon-1899-DB4436-labelson-nodesc</styleUrl>
        <Point>
          <coordinates>
            43.095009,16.977224,0
          </coordinates>
        </Point>
      </Placemark>
      <Placemark>
        <name>خبارة</name>
        <styleUrl>#icon-1899-DB4436-labelson-nodesc</styleUrl>
        <Point>
          <coordinates>
            43.197491,17.033336,0
          </coordinates>
        </Point>
      </Placemark>
      <Placemark>
        <name>خبة الجنيه</name>
        <styleUrl>#icon-1899-DB4436-labelson-nodesc</styleUrl>
        <Point>
          <coordinates>
            42.750571,16.865387,0
          </coordinates>
        </Point>
      </Placemark>
      <Placemark>
        <name>خبة الفلق</name>
        <styleUrl>#icon-1899-DB4436-labelson-nodesc</styleUrl>
        <Point>
          <coordinates>
            42.753146,17.110519,0
          </coordinates>
        </Point>
      </Placemark>
      <Placemark>
        <name>خبة سعيد</name>
        <styleUrl>#icon-1899-DB4436-labelson-nodesc</styleUrl>
        <Point>
          <coordinates>
            42.732267,16.99836,0
          </coordinates>
        </Point>
      </Placemark>
      <Placemark>
        <name>خبت البقر</name>
        <styleUrl>#icon-1899-DB4436-labelson-nodesc</styleUrl>
        <Point>
          <coordinates>
            43.104086,17.013423,0
          </coordinates>
        </Point>
      </Placemark>
      <Placemark>
        <name>خبت الخارش</name>
        <styleUrl>#icon-1899-DB4436-labelson-nodesc</styleUrl>
        <Point>
          <coordinates>
            42.941673,16.654179,0
          </coordinates>
        </Point>
      </Placemark>
      <Placemark>
        <name>خبت الذهبين</name>
        <styleUrl>#icon-1899-DB4436-labelson-nodesc</styleUrl>
        <Point>
          <coordinates>
            42.741666,16.725011,0
          </coordinates>
        </Point>
      </Placemark>
      <Placemark>
        <name>خبت السيد</name>
        <styleUrl>#icon-1899-DB4436-labelson-nodesc</styleUrl>
        <Point>
          <coordinates>
            42.47499,17.400005,0
          </coordinates>
        </Point>
      </Placemark>
      <Placemark>
        <name>خبت الطمحة</name>
        <styleUrl>#icon-1899-DB4436-labelson-nodesc</styleUrl>
        <Point>
          <coordinates>
            42.641673,17.108331,0
          </coordinates>
        </Point>
      </Placemark>
      <Placemark>
        <name>خبت العفاريت</name>
        <styleUrl>#icon-1899-DB4436-labelson-nodesc</styleUrl>
        <Point>
          <coordinates>
            42.689738,16.850624,0
          </coordinates>
        </Point>
      </Placemark>
      <Placemark>
        <name>خبت الفلق</name>
        <styleUrl>#icon-1899-DB4436-labelson-nodesc</styleUrl>
        <Point>
          <coordinates>
            42.633326,17.058334,0
          </coordinates>
        </Point>
      </Placemark>
      <Placemark>
        <name>خبت المسرحي</name>
        <styleUrl>#icon-1899-DB4436-labelson-nodesc</styleUrl>
        <Point>
          <coordinates>
            43.041666,16.76666,0
          </coordinates>
        </Point>
      </Placemark>
      <Placemark>
        <name>خبت عفلان</name>
        <styleUrl>#icon-1899-DB4436-labelson-nodesc</styleUrl>
        <Point>
          <coordinates>
            42.641544,16.884463,0
          </coordinates>
        </Point>
      </Placemark>
      <Placemark>
        <name>خبطة</name>
        <styleUrl>#icon-1899-DB4436-labelson-nodesc</styleUrl>
        <Point>
          <coordinates>
            43.173888,17.00778,0
          </coordinates>
        </Point>
      </Placemark>
      <Placemark>
        <name>ختب</name>
        <styleUrl>#icon-1899-DB4436-labelson-nodesc</styleUrl>
        <Point>
          <coordinates>
            41.856966,16.895664,0
          </coordinates>
        </Point>
      </Placemark>
      <Placemark>
        <name>خرفوشه</name>
        <styleUrl>#icon-1899-DB4436-labelson-nodesc</styleUrl>
        <Point>
          <coordinates>
            42.518034,17.307136,0
          </coordinates>
        </Point>
      </Placemark>
      <Placemark>
        <name>خرق عين العناق</name>
        <styleUrl>#icon-1899-DB4436-labelson-nodesc</styleUrl>
        <Point>
          <coordinates>
            43.043425,16.997824,0
          </coordinates>
        </Point>
      </Placemark>
      <Placemark>
        <name>خضير</name>
        <styleUrl>#icon-1899-DB4436-labelson-nodesc</styleUrl>
        <Point>
          <coordinates>
            42.644441,16.813331,0
          </coordinates>
        </Point>
      </Placemark>
      <Placemark>
        <name>خضير</name>
        <styleUrl>#icon-1899-DB4436-labelson-nodesc</styleUrl>
        <Point>
          <coordinates>
            42.705467,16.958127,0
          </coordinates>
        </Point>
      </Placemark>
      <Placemark>
        <name>خضير</name>
        <styleUrl>#icon-1899-DB4436-labelson-nodesc</styleUrl>
        <Point>
          <coordinates>
            42.895174,16.915641,0
          </coordinates>
        </Point>
      </Placemark>
      <Placemark>
        <name>خضيرة</name>
        <styleUrl>#icon-1899-DB4436-labelson-nodesc</styleUrl>
        <Point>
          <coordinates>
            42.752438,17.078762,0
          </coordinates>
        </Point>
      </Placemark>
      <Placemark>
        <name>خضيرة عياش</name>
        <styleUrl>#icon-1899-DB4436-labelson-nodesc</styleUrl>
        <Point>
          <coordinates>
            42.924228,16.910126,0
          </coordinates>
        </Point>
      </Placemark>
      <Placemark>
        <name>خلفة</name>
        <styleUrl>#icon-1899-DB4436-labelson-nodesc</styleUrl>
        <Point>
          <coordinates>
            43.089752,16.553993,0
          </coordinates>
        </Point>
      </Placemark>
      <Placemark>
        <name>خمران</name>
        <styleUrl>#icon-1899-DB4436-labelson-nodesc</styleUrl>
        <Point>
          <coordinates>
            43.231394,16.769793,0
          </coordinates>
        </Point>
      </Placemark>
      <Placemark>
        <name>خمران</name>
        <styleUrl>#icon-1899-DB4436-labelson-nodesc</styleUrl>
        <Point>
          <coordinates>
            43.177772,16.761103,0
          </coordinates>
        </Point>
      </Placemark>
      <Placemark>
        <name>خمرة</name>
        <styleUrl>#icon-1899-DB4436-labelson-nodesc</styleUrl>
        <Point>
          <coordinates>
            42.59584,17.159722,0
          </coordinates>
        </Point>
      </Placemark>
      <Placemark>
        <name>خميعة</name>
        <styleUrl>#icon-1899-DB4436-labelson-nodesc</styleUrl>
        <Point>
          <coordinates>
            42.857215,17.141118,0
          </coordinates>
        </Point>
      </Placemark>
      <Placemark>
        <name>خميعة</name>
        <styleUrl>#icon-1899-DB4436-labelson-nodesc</styleUrl>
        <Point>
          <coordinates>
            43.104172,16.795821,0
          </coordinates>
        </Point>
      </Placemark>
      <Placemark>
        <name>خوارة الهجرانية</name>
        <styleUrl>#icon-1899-DB4436-labelson-nodesc</styleUrl>
        <Point>
          <coordinates>
            42.643518,17.12172,0
          </coordinates>
        </Point>
      </Placemark>
      <Placemark>
        <name>خوارة كنانة</name>
        <styleUrl>#icon-1899-DB4436-labelson-nodesc</styleUrl>
        <Point>
          <coordinates>
            42.636995,17.118201,0
          </coordinates>
        </Point>
      </Placemark>
      <Placemark>
        <name>خور جنايه</name>
        <styleUrl>#icon-1899-DB4436-labelson-nodesc</styleUrl>
        <Point>
          <coordinates>
            42.08343,16.675808,0
          </coordinates>
        </Point>
      </Placemark>
      <Placemark>
        <name>خور ملح</name>
        <styleUrl>#icon-1899-DB4436-labelson-nodesc</styleUrl>
        <Point>
          <coordinates>
            42.771385,16.431642,0
          </coordinates>
        </Point>
      </Placemark>
      <Placemark>
        <name>دار النصر</name>
        <styleUrl>#icon-1899-DB4436-labelson-nodesc</styleUrl>
        <Point>
          <coordinates>
            43.203135,16.810734,0
          </coordinates>
        </Point>
      </Placemark>
      <Placemark>
        <name>دارس</name>
        <styleUrl>#icon-1899-DB4436-labelson-nodesc</styleUrl>
        <Point>
          <coordinates>
            43.187213,16.745288,0
          </coordinates>
        </Point>
      </Placemark>
      <Placemark>
        <name>دبير</name>
        <styleUrl>#icon-1899-DB4436-labelson-nodesc</styleUrl>
        <Point>
          <coordinates>
            43.12372,16.944695,0
          </coordinates>
        </Point>
      </Placemark>
      <Placemark>
        <name>دبير</name>
        <styleUrl>#icon-1899-DB4436-labelson-nodesc</styleUrl>
        <Point>
          <coordinates>
            43.128805,16.913431,0
          </coordinates>
        </Point>
      </Placemark>
      <Placemark>
        <name>دحيقة</name>
        <styleUrl>#icon-1899-DB4436-labelson-nodesc</styleUrl>
        <Point>
          <coordinates>
            42.61219,16.935425,0
          </coordinates>
        </Point>
      </Placemark>
      <Placemark>
        <name>دمسك</name>
        <styleUrl>#icon-1899-DB4436-labelson-nodesc</styleUrl>
        <Point>
          <coordinates>
            42.049999,16.544445,0
          </coordinates>
        </Point>
      </Placemark>
      <Placemark>
        <name>دمنه عواجي</name>
        <styleUrl>#icon-1899-DB4436-labelson-nodesc</styleUrl>
        <Point>
          <coordinates>
            42.866743,16.440675,0
          </coordinates>
        </Point>
      </Placemark>
      <Placemark>
        <name>دهشيلة</name>
        <styleUrl>#icon-1899-DB4436-labelson-nodesc</styleUrl>
        <Point>
          <coordinates>
            43.113356,16.988382,0
          </coordinates>
        </Point>
      </Placemark>
      <Placemark>
        <name>دوده</name>
        <styleUrl>#icon-1899-DB4436-labelson-nodesc</styleUrl>
        <Point>
          <coordinates>
            42.957659,16.922207,0
          </coordinates>
        </Point>
      </Placemark>
      <Placemark>
        <name>دوشك</name>
        <styleUrl>#icon-1899-DB4436-labelson-nodesc</styleUrl>
        <Point>
          <coordinates>
            41.871042,16.654093,0
          </coordinates>
        </Point>
      </Placemark>
      <Placemark>
        <name>ديحمة</name>
        <styleUrl>#icon-1899-DB4436-labelson-nodesc</styleUrl>
        <Point>
          <coordinates>
            42.791212,16.534617,0
          </coordinates>
        </Point>
      </Placemark>
      <Placemark>
        <name>ذاري المديرة</name>
        <styleUrl>#icon-1899-DB4436-labelson-nodesc</styleUrl>
        <Point>
          <coordinates>
            42.59305,17.357776,0
          </coordinates>
        </Point>
      </Placemark>
      <Placemark>
        <name>ذباب</name>
        <styleUrl>#icon-1899-DB4436-labelson-nodesc</styleUrl>
        <Point>
          <coordinates>
            43.108335,16.6589,0
          </coordinates>
        </Point>
      </Placemark>
      <Placemark>
        <name>ذبوب</name>
        <styleUrl>#icon-1899-DB4436-labelson-nodesc</styleUrl>
        <Point>
          <coordinates>
            43.103335,17.23639,0
          </coordinates>
        </Point>
      </Placemark>
      <Placemark>
        <name>ذراع ام ذنب</name>
        <styleUrl>#icon-1899-DB4436-labelson-nodesc</styleUrl>
        <Point>
          <coordinates>
            43.082778,17.253041,0
          </coordinates>
        </Point>
      </Placemark>
      <Placemark>
        <name>ذهبان</name>
        <styleUrl>#icon-1899-DB4436-labelson-nodesc</styleUrl>
        <Point>
          <coordinates>
            43.216567,16.810477,0
          </coordinates>
        </Point>
      </Placemark>
      <Placemark>
        <name>ذو الراكه</name>
        <styleUrl>#icon-1899-DB4436-labelson-nodesc</styleUrl>
        <Point>
          <coordinates>
            42.317147,16.862061,0
          </coordinates>
        </Point>
      </Placemark>
      <Placemark>
        <name>ذو الكلم</name>
        <styleUrl>#icon-1899-DB4436-labelson-nodesc</styleUrl>
        <Point>
          <coordinates>
            42.256186,16.61504,0
          </coordinates>
        </Point>
      </Placemark>
      <Placemark>
        <name>ذو الكنب</name>
        <styleUrl>#icon-1899-DB4436-labelson-nodesc</styleUrl>
        <Point>
          <coordinates>
            42.266679,16.858327,0
          </coordinates>
        </Point>
      </Placemark>
      <Placemark>
        <name>ذو ثلاث</name>
        <styleUrl>#icon-1899-DB4436-labelson-nodesc</styleUrl>
        <Point>
          <coordinates>
            41.906083,16.423037,0
          </coordinates>
        </Point>
      </Placemark>
      <Placemark>
        <name>ذوير المروي</name>
        <styleUrl>#icon-1899-DB4436-labelson-nodesc</styleUrl>
        <Point>
          <coordinates>
            43.150821,16.976666,0
          </coordinates>
        </Point>
      </Placemark>
      <Placemark>
        <name>ذوير امجحفة</name>
        <styleUrl>#icon-1899-DB4436-labelson-nodesc</styleUrl>
        <Point>
          <coordinates>
            43.138053,17.125561,0
          </coordinates>
        </Point>
      </Placemark>
      <Placemark>
        <name>رأس الرصيبب</name>
        <styleUrl>#icon-1899-DB4436-labelson-nodesc</styleUrl>
        <Point>
          <coordinates>
            41.890869,16.999798,0
          </coordinates>
        </Point>
      </Placemark>
      <Placemark>
        <name>راس الطرفه</name>
        <styleUrl>#icon-1899-DB4436-labelson-nodesc</styleUrl>
        <Point>
          <coordinates>
            42.367787,17.125368,0
          </coordinates>
        </Point>
      </Placemark>
      <Placemark>
        <name>راس شذا</name>
        <styleUrl>#icon-1899-DB4436-labelson-nodesc</styleUrl>
        <Point>
          <coordinates>
            42.015989,16.608152,0
          </coordinates>
        </Point>
      </Placemark>
      <Placemark>
        <name>راس مسعود</name>
        <styleUrl>#icon-1899-DB4436-labelson-nodesc</styleUrl>
        <Point>
          <coordinates>
            42.138705,17.575378,0
          </coordinates>
        </Point>
      </Placemark>
      <Placemark>
        <name>رامين</name>
        <styleUrl>#icon-1899-DB4436-labelson-nodesc</styleUrl>
        <Point>
          <coordinates>
            42.268374,16.426191,0
          </coordinates>
        </Point>
      </Placemark>
      <Placemark>
        <name>رباح</name>
        <styleUrl>#icon-1899-DB4436-labelson-nodesc</styleUrl>
        <Point>
          <coordinates>
            42.90777,16.84777,0
          </coordinates>
        </Point>
      </Placemark>
      <Placemark>
        <name>رح</name>
        <styleUrl>#icon-1899-DB4436-labelson-nodesc</styleUrl>
        <Point>
          <coordinates>
            42.872214,17.00557,0
          </coordinates>
        </Point>
      </Placemark>
      <Placemark>
        <name>رح المدرة</name>
        <styleUrl>#icon-1899-DB4436-labelson-nodesc</styleUrl>
        <Point>
          <coordinates>
            42.956672,17.041662,0
          </coordinates>
        </Point>
      </Placemark>
      <Placemark>
        <name>رح مدرة</name>
        <styleUrl>#icon-1899-DB4436-labelson-nodesc</styleUrl>
        <Point>
          <coordinates>
            43.111682,16.897788,0
          </coordinates>
        </Point>
      </Placemark>
      <Placemark>
        <name>ردش</name>
        <styleUrl>#icon-1899-DB4436-labelson-nodesc</styleUrl>
        <Point>
          <coordinates>
            42.878609,17.135625,0
          </coordinates>
        </Point>
      </Placemark>
      <Placemark>
        <name>رديس الاسفل</name>
        <styleUrl>#icon-1899-DB4436-labelson-nodesc</styleUrl>
        <Point>
          <coordinates>
            42.781405,17.046876,0
          </coordinates>
        </Point>
      </Placemark>
      <Placemark>
        <name>رديس الاعلى</name>
        <styleUrl>#icon-1899-DB4436-labelson-nodesc</styleUrl>
        <Point>
          <coordinates>
            42.787714,17.052455,0
          </coordinates>
        </Point>
      </Placemark>
      <Placemark>
        <name>رصفة</name>
        <styleUrl>#icon-1899-DB4436-labelson-nodesc</styleUrl>
        <Point>
          <coordinates>
            43.203328,16.803331,0
          </coordinates>
        </Point>
      </Placemark>
      <Placemark>
        <name>رعشة</name>
        <styleUrl>#icon-1899-DB4436-labelson-nodesc</styleUrl>
        <Point>
          <coordinates>
            42.845049,16.77475,0
          </coordinates>
        </Point>
      </Placemark>
      <Placemark>
        <name>رقبة الموجر</name>
        <styleUrl>#icon-1899-DB4436-labelson-nodesc</styleUrl>
        <Point>
          <coordinates>
            42.924163,17.008617,0
          </coordinates>
        </Point>
      </Placemark>
      <Placemark>
        <name>ركبين الغربيه</name>
        <styleUrl>#icon-1899-DB4436-labelson-nodesc</styleUrl>
        <Point>
          <coordinates>
            41.920481,17.083375,0
          </coordinates>
        </Point>
      </Placemark>
      <Placemark>
        <name>رمادة</name>
        <styleUrl>#icon-1899-DB4436-labelson-nodesc</styleUrl>
        <Point>
          <coordinates>
            42.865283,16.901608,0
          </coordinates>
        </Point>
      </Placemark>
      <Placemark>
        <name>رمادة</name>
        <styleUrl>#icon-1899-DB4436-labelson-nodesc</styleUrl>
        <Point>
          <coordinates>
            42.877772,16.913044,0
          </coordinates>
        </Point>
      </Placemark>
      <Placemark>
        <name>رماده</name>
        <styleUrl>#icon-1899-DB4436-labelson-nodesc</styleUrl>
        <Point>
          <coordinates>
            42.988837,16.691108,0
          </coordinates>
        </Point>
      </Placemark>
      <Placemark>
        <name>رملان</name>
        <styleUrl>#icon-1899-DB4436-labelson-nodesc</styleUrl>
        <Point>
          <coordinates>
            42.270069,17.640953,0
          </coordinates>
        </Point>
      </Placemark>
      <Placemark>
        <name>روان العبيد</name>
        <styleUrl>#icon-1899-DB4436-labelson-nodesc</styleUrl>
        <Point>
          <coordinates>
            42.951393,17.035675,0
          </coordinates>
        </Point>
      </Placemark>
      <Placemark>
        <name>ريدان</name>
        <styleUrl>#icon-1899-DB4436-labelson-nodesc</styleUrl>
        <Point>
          <coordinates>
            42.990146,16.886072,0
          </coordinates>
        </Point>
      </Placemark>
      <Placemark>
        <name>ريع مصيده</name>
        <styleUrl>#icon-1899-DB4436-labelson-nodesc</styleUrl>
        <Point>
          <coordinates>
            43.071942,17.37417,0
          </coordinates>
        </Point>
      </Placemark>
      <Placemark>
        <name>زبارة الخراشه</name>
        <styleUrl>#icon-1899-DB4436-labelson-nodesc</styleUrl>
        <Point>
          <coordinates>
            42.83756,16.915147,0
          </coordinates>
        </Point>
      </Placemark>
      <Placemark>
        <name>زبارة الخصاوية</name>
        <styleUrl>#icon-1899-DB4436-labelson-nodesc</styleUrl>
        <Point>
          <coordinates>
            42.901053,16.935682,0
          </coordinates>
        </Point>
      </Placemark>
      <Placemark>
        <name>زبارة الخفاشة</name>
        <styleUrl>#icon-1899-DB4436-labelson-nodesc</styleUrl>
        <Point>
          <coordinates>
            42.91249,16.94448,0
          </coordinates>
        </Point>
      </Placemark>
      <Placemark>
        <name>زبارة السواحل</name>
        <styleUrl>#icon-1899-DB4436-labelson-nodesc</styleUrl>
        <Point>
          <coordinates>
            42.441666,17.11333,0
          </coordinates>
        </Point>
      </Placemark>
      <Placemark>
        <name>زبارة الطشاشة</name>
        <styleUrl>#icon-1899-DB4436-labelson-nodesc</styleUrl>
        <Point>
          <coordinates>
            42.869124,16.902122,0
          </coordinates>
        </Point>
      </Placemark>
      <Placemark>
        <name>زبارة العجوز</name>
        <styleUrl>#icon-1899-DB4436-labelson-nodesc</styleUrl>
        <Point>
          <coordinates>
            42.227776,17.665823,0
          </coordinates>
        </Point>
      </Placemark>
      <Placemark>
        <name>زبارة رشيد</name>
        <styleUrl>#icon-1899-DB4436-labelson-nodesc</styleUrl>
        <Point>
          <coordinates>
            42.904701,16.941304,0
          </coordinates>
        </Point>
      </Placemark>
      <Placemark>
        <name>زبير</name>
        <styleUrl>#icon-1899-DB4436-labelson-nodesc</styleUrl>
        <Point>
          <coordinates>
            43.108056,17.060287,0
          </coordinates>
        </Point>
      </Placemark>
      <Placemark>
        <name>زغفة</name>
        <styleUrl>#icon-1899-DB4436-labelson-nodesc</styleUrl>
        <Point>
          <coordinates>
            42.916331,16.707909,0
          </coordinates>
        </Point>
      </Placemark>
      <Placemark>
        <name>زغفة</name>
        <styleUrl>#icon-1899-DB4436-labelson-nodesc</styleUrl>
        <Point>
          <coordinates>
            43.164468,16.733465,0
          </coordinates>
        </Point>
      </Placemark>
      <Placemark>
        <name>زفاف</name>
        <styleUrl>#icon-1899-DB4436-labelson-nodesc</styleUrl>
        <Point>
          <coordinates>
            41.78431,16.706836,0
          </coordinates>
        </Point>
      </Placemark>
      <Placemark>
        <name>زويلة</name>
        <styleUrl>#icon-1899-DB4436-labelson-nodesc</styleUrl>
        <Point>
          <coordinates>
            42.227218,17.669449,0
          </coordinates>
        </Point>
      </Placemark>
      <Placemark>
        <name>ساسوره</name>
        <styleUrl>#icon-1899-DB4436-labelson-nodesc</styleUrl>
        <Point>
          <coordinates>
            41.596942,16.858091,0
          </coordinates>
        </Point>
      </Placemark>
      <Placemark>
        <name>سالب</name>
        <styleUrl>#icon-1899-DB4436-labelson-nodesc</styleUrl>
        <Point>
          <coordinates>
            43.073552,16.99115,0
          </coordinates>
        </Point>
      </Placemark>
      <Placemark>
        <name>سجيد</name>
        <styleUrl>#icon-1899-DB4436-labelson-nodesc</styleUrl>
        <Point>
          <coordinates>
            41.932561,16.861846,0
          </coordinates>
        </Point>
      </Placemark>
      <Placemark>
        <name>سحار</name>
        <styleUrl>#icon-1899-DB4436-labelson-nodesc</styleUrl>
        <Point>
          <coordinates>
            43.146679,17.006106,0
          </coordinates>
        </Point>
      </Placemark>
      <Placemark>
        <name>سعدانية</name>
        <styleUrl>#icon-1899-DB4436-labelson-nodesc</styleUrl>
        <Point>
          <coordinates>
            43.178072,17.009432,0
          </coordinates>
        </Point>
      </Placemark>
      <Placemark>
        <name>سفانة</name>
        <styleUrl>#icon-1899-DB4436-labelson-nodesc</styleUrl>
        <Point>
          <coordinates>
            43.150821,16.960273,0
          </coordinates>
        </Point>
      </Placemark>
      <Placemark>
        <name>سفن</name>
        <styleUrl>#icon-1899-DB4436-labelson-nodesc</styleUrl>
        <Point>
          <coordinates>
            41.672859,16.97392,0
          </coordinates>
        </Point>
      </Placemark>
      <Placemark>
        <name>سقوا</name>
        <styleUrl>#icon-1899-DB4436-labelson-nodesc</styleUrl>
        <Point>
          <coordinates>
            43.024993,16.96111,0
          </coordinates>
        </Point>
      </Placemark>
      <Placemark>
        <name>سقوة</name>
        <styleUrl>#icon-1899-DB4436-labelson-nodesc</styleUrl>
        <Point>
          <coordinates>
            43.033318,16.911113,0
          </coordinates>
        </Point>
      </Placemark>
      <Placemark>
        <name>سلام بني واصلي</name>
        <styleUrl>#icon-1899-DB4436-labelson-nodesc</styleUrl>
        <Point>
          <coordinates>
            42.90365,16.927958,0
          </coordinates>
        </Point>
      </Placemark>
      <Placemark>
        <name>سلعة</name>
        <styleUrl>#icon-1899-DB4436-labelson-nodesc</styleUrl>
        <Point>
          <coordinates>
            43.131402,16.749108,0
          </coordinates>
        </Point>
      </Placemark>
      <Placemark>
        <name>سلوبه</name>
        <styleUrl>#icon-1899-DB4436-labelson-nodesc</styleUrl>
        <Point>
          <coordinates>
            41.98318,16.592424,0
          </coordinates>
        </Point>
      </Placemark>
      <Placemark>
        <name>سمحة</name>
        <styleUrl>#icon-1899-DB4436-labelson-nodesc</styleUrl>
        <Point>
          <coordinates>
            43.044176,17.114167,0
          </coordinates>
        </Point>
      </Placemark>
      <Placemark>
        <name>سمرة الجد</name>
        <styleUrl>#icon-1899-DB4436-labelson-nodesc</styleUrl>
        <Point>
          <coordinates>
            42.283287,17.528708,0
          </coordinates>
        </Point>
      </Placemark>
      <Placemark>
        <name>سواحل</name>
        <styleUrl>#icon-1899-DB4436-labelson-nodesc</styleUrl>
        <Point>
          <coordinates>
            42.300775,16.890986,0
          </coordinates>
        </Point>
      </Placemark>
      <Placemark>
        <name>سواحل</name>
        <styleUrl>#icon-1899-DB4436-labelson-nodesc</styleUrl>
        <Point>
          <coordinates>
            42.17778,17.186115,0
          </coordinates>
        </Point>
      </Placemark>
      <Placemark>
        <name>سوادة</name>
        <styleUrl>#icon-1899-DB4436-labelson-nodesc</styleUrl>
        <Point>
          <coordinates>
            42.485568,17.145281,0
          </coordinates>
        </Point>
      </Placemark>
      <Placemark>
        <name>سوادة</name>
        <styleUrl>#icon-1899-DB4436-labelson-nodesc</styleUrl>
        <Point>
          <coordinates>
            42.726109,16.950831,0
          </coordinates>
        </Point>
      </Placemark>
      <Placemark>
        <name>سودانة</name>
        <styleUrl>#icon-1899-DB4436-labelson-nodesc</styleUrl>
        <Point>
          <coordinates>
            43.176935,16.781101,0
          </coordinates>
        </Point>
      </Placemark>
      <Placemark>
        <name>سودة</name>
        <styleUrl>#icon-1899-DB4436-labelson-nodesc</styleUrl>
        <Point>
          <coordinates>
            43.138719,16.901436,0
          </coordinates>
        </Point>
      </Placemark>
      <Placemark>
        <name>سودي</name>
        <styleUrl>#icon-1899-DB4436-labelson-nodesc</styleUrl>
        <Point>
          <coordinates>
            43.119171,16.780565,0
          </coordinates>
        </Point>
      </Placemark>
      <Placemark>
        <name>سوق الليل</name>
        <styleUrl>#icon-1899-DB4436-labelson-nodesc</styleUrl>
        <Point>
          <coordinates>
            42.994137,16.717415,0
          </coordinates>
        </Point>
      </Placemark>
      <Placemark>
        <name>سولين الشماليه</name>
        <styleUrl>#icon-1899-DB4436-labelson-nodesc</styleUrl>
        <Point>
          <coordinates>
            42.213464,16.753936,0
          </coordinates>
        </Point>
      </Placemark>
      <Placemark>
        <name>سيال</name>
        <styleUrl>#icon-1899-DB4436-labelson-nodesc</styleUrl>
        <Point>
          <coordinates>
            43.012226,17.108331,0
          </coordinates>
        </Point>
      </Placemark>
      <Placemark>
        <name>شحام</name>
        <styleUrl>#icon-1899-DB4436-labelson-nodesc</styleUrl>
        <Point>
          <coordinates>
            43.100009,16.890278,0
          </coordinates>
        </Point>
      </Placemark>
      <Placemark>
        <name>شراع</name>
        <styleUrl>#icon-1899-DB4436-labelson-nodesc</styleUrl>
        <Point>
          <coordinates>
            42.297707,17.046726,0
          </coordinates>
        </Point>
      </Placemark>
      <Placemark>
        <name>شراك خباية</name>
        <styleUrl>#icon-1899-DB4436-labelson-nodesc</styleUrl>
        <Point>
          <coordinates>
            43.115995,16.768785,0
          </coordinates>
        </Point>
      </Placemark>
      <Placemark>
        <name>شراير</name>
        <styleUrl>#icon-1899-DB4436-labelson-nodesc</styleUrl>
        <Point>
          <coordinates>
            42.266679,16.886115,0
          </coordinates>
        </Point>
      </Placemark>
      <Placemark>
        <name>شرقان</name>
        <styleUrl>#icon-1899-DB4436-labelson-nodesc</styleUrl>
        <Point>
          <coordinates>
            43.177729,16.707394,0
          </coordinates>
        </Point>
      </Placemark>
      <Placemark>
        <name>شرقان</name>
        <styleUrl>#icon-1899-DB4436-labelson-nodesc</styleUrl>
        <Point>
          <coordinates>
            43.240278,16.765823,0
          </coordinates>
        </Point>
      </Placemark>
      <Placemark>
        <name>شرقي ودقة</name>
        <styleUrl>#icon-1899-DB4436-labelson-nodesc</styleUrl>
        <Point>
          <coordinates>
            43.140285,17.069728,0
          </coordinates>
        </Point>
      </Placemark>
      <Placemark>
        <name>شريف</name>
        <styleUrl>#icon-1899-DB4436-labelson-nodesc</styleUrl>
        <Point>
          <coordinates>
            42.286956,16.877511,0
          </coordinates>
        </Point>
      </Placemark>
      <Placemark>
        <name>شريمة</name>
        <styleUrl>#icon-1899-DB4436-labelson-nodesc</styleUrl>
        <Point>
          <coordinates>
            42.809172,16.659715,0
          </coordinates>
        </Point>
      </Placemark>
      <Placemark>
        <name>شعاب الجرم والداره</name>
        <styleUrl>#icon-1899-DB4436-labelson-nodesc</styleUrl>
        <Point>
          <coordinates>
            41.719036,16.547341,0
          </coordinates>
        </Point>
      </Placemark>
      <Placemark>
        <name>شعب ابو خبان</name>
        <styleUrl>#icon-1899-DB4436-labelson-nodesc</styleUrl>
        <Point>
          <coordinates>
            41.795898,17.499332,0
          </coordinates>
        </Point>
      </Placemark>
      <Placemark>
        <name>شعب ال دهمي</name>
        <styleUrl>#icon-1899-DB4436-labelson-nodesc</styleUrl>
        <Point>
          <coordinates>
            43.057094,16.653471,0
          </coordinates>
        </Point>
      </Placemark>
      <Placemark>
        <name>شعب الجلجلة</name>
        <styleUrl>#icon-1899-DB4436-labelson-nodesc</styleUrl>
        <Point>
          <coordinates>
            42.659719,16.752777,0
          </coordinates>
        </Point>
      </Placemark>
      <Placemark>
        <name>شعب الذيب</name>
        <styleUrl>#icon-1899-DB4436-labelson-nodesc</styleUrl>
        <Point>
          <coordinates>
            42.978022,16.546547,0
          </coordinates>
        </Point>
      </Placemark>
      <Placemark>
        <name>شعب القضب</name>
        <styleUrl>#icon-1899-DB4436-labelson-nodesc</styleUrl>
        <Point>
          <coordinates>
            42.941673,16.633322,0
          </coordinates>
        </Point>
      </Placemark>
      <Placemark>
        <name>شعب المروي</name>
        <styleUrl>#icon-1899-DB4436-labelson-nodesc</styleUrl>
        <Point>
          <coordinates>
            43.150885,16.977932,0
          </coordinates>
        </Point>
      </Placemark>
      <Placemark>
        <name>شعب مُجلجلة</name>
        <styleUrl>#icon-1899-DB4436-labelson-nodesc</styleUrl>
        <Point>
          <coordinates>
            42.683322,16.713338,0
          </coordinates>
        </Point>
      </Placemark>
      <Placemark>
        <name>شعف القنان</name>
        <styleUrl>#icon-1899-DB4436-labelson-nodesc</styleUrl>
        <Point>
          <coordinates>
            43.152387,16.998682,0
          </coordinates>
        </Point>
      </Placemark>
      <Placemark>
        <name>شفر</name>
        <styleUrl>#icon-1899-DB4436-labelson-nodesc</styleUrl>
        <Point>
          <coordinates>
            43.168609,16.780822,0
          </coordinates>
        </Point>
      </Placemark>
      <Placemark>
        <name>شكوني</name>
        <styleUrl>#icon-1899-DB4436-labelson-nodesc</styleUrl>
        <Point>
          <coordinates>
            43.020551,16.936948,0
          </coordinates>
        </Point>
      </Placemark>
      <Placemark>
        <name>شللالات القرحان</name>
        <styleUrl>#icon-1899-DB4436-labelson-nodesc</styleUrl>
        <Point>
          <coordinates>
            43.095396,17.349901,0
          </coordinates>
        </Point>
      </Placemark>
      <Placemark>
        <name>شما</name>
        <styleUrl>#icon-1899-DB4436-labelson-nodesc</styleUrl>
        <Point>
          <coordinates>
            41.50506,16.803567,0
          </coordinates>
        </Point>
      </Placemark>
      <Placemark>
        <name>شميله جبل الحكمي</name>
        <styleUrl>#icon-1899-DB4436-labelson-nodesc</styleUrl>
        <Point>
          <coordinates>
            43.071384,17.23418,0
          </coordinates>
        </Point>
      </Placemark>
      <Placemark>
        <name>شهدة</name>
        <styleUrl>#icon-1899-DB4436-labelson-nodesc</styleUrl>
        <Point>
          <coordinates>
            42.462115,17.217915,0
          </coordinates>
        </Point>
      </Placemark>
      <Placemark>
        <name>شهرين</name>
        <styleUrl>#icon-1899-DB4436-labelson-nodesc</styleUrl>
        <Point>
          <coordinates>
            43.095009,16.793053,0
          </coordinates>
        </Point>
      </Placemark>
      <Placemark>
        <name>شورة</name>
        <styleUrl>#icon-1899-DB4436-labelson-nodesc</styleUrl>
        <Point>
          <coordinates>
            42.010839,16.783912,0
          </coordinates>
        </Point>
      </Placemark>
      <Placemark>
        <name>شويهة</name>
        <styleUrl>#icon-1899-DB4436-labelson-nodesc</styleUrl>
        <Point>
          <coordinates>
            42.742031,16.978211,0
          </coordinates>
        </Point>
      </Placemark>
      <Placemark>
        <name>شيبان</name>
        <styleUrl>#icon-1899-DB4436-labelson-nodesc</styleUrl>
        <Point>
          <coordinates>
            42.484603,17.126269,0
          </coordinates>
        </Point>
      </Placemark>
      <Placemark>
        <name>صابة</name>
        <styleUrl>#icon-1899-DB4436-labelson-nodesc</styleUrl>
        <Point>
          <coordinates>
            43.213327,16.822214,0
          </coordinates>
        </Point>
      </Placemark>
      <Placemark>
        <name>صاحب البار</name>
        <styleUrl>#icon-1899-DB4436-labelson-nodesc</styleUrl>
        <Point>
          <coordinates>
            43.007805,16.627614,0
          </coordinates>
        </Point>
      </Placemark>
      <Placemark>
        <name>صامطة</name>
        <styleUrl>#icon-1899-DB4436-labelson-nodesc</styleUrl>
        <Point>
          <coordinates>
            42.947445,16.599655,0
          </coordinates>
        </Point>
      </Placemark>
      <Placemark>
        <name>صبياء</name>
        <styleUrl>#icon-1899-DB4436-labelson-nodesc</styleUrl>
        <Point>
          <coordinates>
            42.64575,17.161932,0
          </coordinates>
        </Point>
      </Placemark>
      <Placemark>
        <name>صحراء خبت البقر</name>
        <styleUrl>#icon-1899-DB4436-labelson-nodesc</styleUrl>
        <Point>
          <coordinates>
            42.516897,17.460151,0
          </coordinates>
        </Point>
      </Placemark>
      <Placemark>
        <name>صديقه</name>
        <styleUrl>#icon-1899-DB4436-labelson-nodesc</styleUrl>
        <Point>
          <coordinates>
            42.771857,16.918795,0
          </coordinates>
        </Point>
      </Placemark>
      <Placemark>
        <name>صرور</name>
        <styleUrl>#icon-1899-DB4436-labelson-nodesc</styleUrl>
        <Point>
          <coordinates>
            43.087778,16.988339,0
          </coordinates>
        </Point>
      </Placemark>
      <Placemark>
        <name>صعبة</name>
        <styleUrl>#icon-1899-DB4436-labelson-nodesc</styleUrl>
        <Point>
          <coordinates>
            42.885067,16.963599,0
          </coordinates>
        </Point>
      </Placemark>
      <Placemark>
        <name>صفوه</name>
        <styleUrl>#icon-1899-DB4436-labelson-nodesc</styleUrl>
        <Point>
          <coordinates>
            42.908049,16.867211,0
          </coordinates>
        </Point>
      </Placemark>
      <Placemark>
        <name>صلاصل</name>
        <styleUrl>#icon-1899-DB4436-labelson-nodesc</styleUrl>
        <Point>
          <coordinates>
            43.139405,16.722972,0
          </coordinates>
        </Point>
      </Placemark>
      <Placemark>
        <name>صماد</name>
        <styleUrl>#icon-1899-DB4436-labelson-nodesc</styleUrl>
        <Point>
          <coordinates>
            43.240278,16.77166,0
          </coordinates>
        </Point>
      </Placemark>
      <Placemark>
        <name>صمعة</name>
        <styleUrl>#icon-1899-DB4436-labelson-nodesc</styleUrl>
        <Point>
          <coordinates>
            43.15582,17.00557,0
          </coordinates>
        </Point>
      </Placemark>
      <Placemark>
        <name>صميل</name>
        <styleUrl>#icon-1899-DB4436-labelson-nodesc</styleUrl>
        <Point>
          <coordinates>
            43.126831,16.76872,0
          </coordinates>
        </Point>
      </Placemark>
      <Placemark>
        <name>صنبة</name>
        <styleUrl>#icon-1899-DB4436-labelson-nodesc</styleUrl>
        <Point>
          <coordinates>
            42.694051,17.026083,0
          </coordinates>
        </Point>
      </Placemark>
      <Placemark>
        <name>صير</name>
        <styleUrl>#icon-1899-DB4436-labelson-nodesc</styleUrl>
        <Point>
          <coordinates>
            41.815574,16.849787,0
          </coordinates>
        </Point>
      </Placemark>
      <Placemark>
        <name>صير امنه</name>
        <styleUrl>#icon-1899-DB4436-labelson-nodesc</styleUrl>
        <Point>
          <coordinates>
            42.455635,16.770458,0
          </coordinates>
        </Point>
      </Placemark>
      <Placemark>
        <name>صير سبا</name>
        <styleUrl>#icon-1899-DB4436-labelson-nodesc</styleUrl>
        <Point>
          <coordinates>
            42.495954,16.413789,0
          </coordinates>
        </Point>
      </Placemark>
      <Placemark>
        <name>صير عبد</name>
        <styleUrl>#icon-1899-DB4436-labelson-nodesc</styleUrl>
        <Point>
          <coordinates>
            42.035623,17.007501,0
          </coordinates>
        </Point>
      </Placemark>
      <Placemark>
        <name>ضاحك</name>
        <styleUrl>#icon-1899-DB4436-labelson-nodesc</styleUrl>
        <Point>
          <coordinates>
            42.100511,16.911478,0
          </coordinates>
        </Point>
      </Placemark>
      <Placemark>
        <name>ضبطة</name>
        <styleUrl>#icon-1899-DB4436-labelson-nodesc</styleUrl>
        <Point>
          <coordinates>
            43.100824,17.133329,0
          </coordinates>
        </Point>
      </Placemark>
      <Placemark>
        <name>ضبيرة</name>
        <styleUrl>#icon-1899-DB4436-labelson-nodesc</styleUrl>
        <Point>
          <coordinates>
            43.22721,16.693897,0
          </coordinates>
        </Point>
      </Placemark>
      <Placemark>
        <name>ضمد</name>
        <styleUrl>#icon-1899-DB4436-labelson-nodesc</styleUrl>
        <Point>
          <coordinates>
            42.777393,17.104511,0
          </coordinates>
        </Point>
      </Placemark>
      <Placemark>
        <name>طفيل</name>
        <styleUrl>#icon-1899-DB4436-labelson-nodesc</styleUrl>
        <Point>
          <coordinates>
            42.976391,16.962504,0
          </coordinates>
        </Point>
      </Placemark>
      <Placemark>
        <name>طلان</name>
        <styleUrl>#icon-1899-DB4436-labelson-nodesc</styleUrl>
        <Point>
          <coordinates>
            43.130565,17.133329,0
          </coordinates>
        </Point>
      </Placemark>
      <Placemark>
        <name>طناطن</name>
        <styleUrl>#icon-1899-DB4436-labelson-nodesc</styleUrl>
        <Point>
          <coordinates>
            42.72347,17.30499,0
          </coordinates>
        </Point>
      </Placemark>
      <Placemark>
        <name>طناطن</name>
        <styleUrl>#icon-1899-DB4436-labelson-nodesc</styleUrl>
        <Point>
          <coordinates>
            43.243325,16.800005,0
          </coordinates>
        </Point>
      </Placemark>
      <Placemark>
        <name>ظهرة الولتين</name>
        <styleUrl>#icon-1899-DB4436-labelson-nodesc</styleUrl>
        <Point>
          <coordinates>
            42.581592,16.67201,0
          </coordinates>
        </Point>
      </Placemark>
      <Placemark>
        <name>ظهرة ذو الراكه</name>
        <styleUrl>#icon-1899-DB4436-labelson-nodesc</styleUrl>
        <Point>
          <coordinates>
            42.30144,16.835346,0
          </coordinates>
        </Point>
      </Placemark>
      <Placemark>
        <name>عبس</name>
        <styleUrl>#icon-1899-DB4436-labelson-nodesc</styleUrl>
        <Point>
          <coordinates>
            42.86273,17.370029,0
          </coordinates>
        </Point>
      </Placemark>
      <Placemark>
        <name>عبسيه</name>
        <styleUrl>#icon-1899-DB4436-labelson-nodesc</styleUrl>
        <Point>
          <coordinates>
            43.118355,17.265036,0
          </coordinates>
        </Point>
      </Placemark>
      <Placemark>
        <name>عبك الاسفل</name>
        <styleUrl>#icon-1899-DB4436-labelson-nodesc</styleUrl>
        <Point>
          <coordinates>
            43.140349,17.021513,0
          </coordinates>
        </Point>
      </Placemark>
      <Placemark>
        <name>عبلات</name>
        <styleUrl>#icon-1899-DB4436-labelson-nodesc</styleUrl>
        <Point>
          <coordinates>
            42.185011,16.803932,0
          </coordinates>
        </Point>
      </Placemark>
      <Placemark>
        <name>عبيه</name>
        <styleUrl>#icon-1899-DB4436-labelson-nodesc</styleUrl>
        <Point>
          <coordinates>
            42.833376,16.540711,0
          </coordinates>
        </Point>
      </Placemark>
      <Placemark>
        <name>عتبة</name>
        <styleUrl>#icon-1899-DB4436-labelson-nodesc</styleUrl>
        <Point>
          <coordinates>
            43.005273,16.715569,0
          </coordinates>
        </Point>
      </Placemark>
      <Placemark>
        <name>عتود</name>
        <styleUrl>#icon-1899-DB4436-labelson-nodesc</styleUrl>
        <Point>
          <coordinates>
            42.218721,17.636576,0
          </coordinates>
        </Point>
      </Placemark>
      <Placemark>
        <name>عثر</name>
        <styleUrl>#icon-1899-DB4436-labelson-nodesc</styleUrl>
        <Point>
          <coordinates>
            42.429178,17.133329,0
          </coordinates>
        </Point>
      </Placemark>
      <Placemark>
        <name>عذيبة</name>
        <styleUrl>#icon-1899-DB4436-labelson-nodesc</styleUrl>
        <Point>
          <coordinates>
            42.918692,16.841161,0
          </coordinates>
        </Point>
      </Placemark>
      <Placemark>
        <name>عرفطي</name>
        <styleUrl>#icon-1899-DB4436-labelson-nodesc</styleUrl>
        <Point>
          <coordinates>
            43.052244,16.96995,0
          </coordinates>
        </Point>
      </Placemark>
      <Placemark>
        <name>عرق</name>
        <styleUrl>#icon-1899-DB4436-labelson-nodesc</styleUrl>
        <Point>
          <coordinates>
            43.050635,16.96214,0
          </coordinates>
        </Point>
      </Placemark>
      <Placemark>
        <name>عرقود</name>
        <styleUrl>#icon-1899-DB4436-labelson-nodesc</styleUrl>
        <Point>
          <coordinates>
            43.088057,17.118051,0
          </coordinates>
        </Point>
      </Placemark>
      <Placemark>
        <name>عرقين</name>
        <styleUrl>#icon-1899-DB4436-labelson-nodesc</styleUrl>
        <Point>
          <coordinates>
            42.203701,17.608531,0
          </coordinates>
        </Point>
      </Placemark>
      <Placemark>
        <name>عرمرم</name>
        <styleUrl>#icon-1899-DB4436-labelson-nodesc</styleUrl>
        <Point>
          <coordinates>
            42.035837,17.850831,0
          </coordinates>
        </Point>
      </Placemark>
      <Placemark>
        <name>عشة السوق</name>
        <styleUrl>#icon-1899-DB4436-labelson-nodesc</styleUrl>
        <Point>
          <coordinates>
            43.07971,16.795135,0
          </coordinates>
        </Point>
      </Placemark>
      <Placemark>
        <name>عشة راشد</name>
        <styleUrl>#icon-1899-DB4436-labelson-nodesc</styleUrl>
        <Point>
          <coordinates>
            43.130007,16.715827,0
          </coordinates>
        </Point>
      </Placemark>
      <Placemark>
        <name>عشة سبيع</name>
        <styleUrl>#icon-1899-DB4436-labelson-nodesc</styleUrl>
        <Point>
          <coordinates>
            43.14168,16.729174,0
          </coordinates>
        </Point>
      </Placemark>
      <Placemark>
        <name>عشة سبيع</name>
        <styleUrl>#icon-1899-DB4436-labelson-nodesc</styleUrl>
        <Point>
          <coordinates>
            43.133612,16.747777,0
          </coordinates>
        </Point>
      </Placemark>
      <Placemark>
        <name>عشة صهيف</name>
        <styleUrl>#icon-1899-DB4436-labelson-nodesc</styleUrl>
        <Point>
          <coordinates>
            43.09443,16.813889,0
          </coordinates>
        </Point>
      </Placemark>
      <Placemark>
        <name>عشرة</name>
        <styleUrl>#icon-1899-DB4436-labelson-nodesc</styleUrl>
        <Point>
          <coordinates>
            42.658131,16.799834,0
          </coordinates>
        </Point>
      </Placemark>
      <Placemark>
        <name>عقبه</name>
        <styleUrl>#icon-1899-DB4436-labelson-nodesc</styleUrl>
        <Point>
          <coordinates>
            42.733727,17.299798,0
          </coordinates>
        </Point>
      </Placemark>
      <Placemark>
        <name>عقيم</name>
        <styleUrl>#icon-1899-DB4436-labelson-nodesc</styleUrl>
        <Point>
          <coordinates>
            43.244655,16.80213,0
          </coordinates>
        </Point>
      </Placemark>
      <Placemark>
        <name>عكاش</name>
        <styleUrl>#icon-1899-DB4436-labelson-nodesc</styleUrl>
        <Point>
          <coordinates>
            42.64339,17.140238,0
          </coordinates>
        </Point>
      </Placemark>
      <Placemark>
        <name>عنا</name>
        <styleUrl>#icon-1899-DB4436-labelson-nodesc</styleUrl>
        <Point>
          <coordinates>
            43.211117,17.03001,0
          </coordinates>
        </Point>
      </Placemark>
      <Placemark>
        <name>عوانة</name>
        <styleUrl>#icon-1899-DB4436-labelson-nodesc</styleUrl>
        <Point>
          <coordinates>
            42.502778,17.14556,0
          </coordinates>
        </Point>
      </Placemark>
      <Placemark>
        <name>عياش</name>
        <styleUrl>#icon-1899-DB4436-labelson-nodesc</styleUrl>
        <Point>
          <coordinates>
            42.971499,16.917486,0
          </coordinates>
        </Point>
      </Placemark>
      <Placemark>
        <name>عياش</name>
        <styleUrl>#icon-1899-DB4436-labelson-nodesc</styleUrl>
        <Point>
          <coordinates>
            43.152494,16.955273,0
          </coordinates>
        </Point>
      </Placemark>
      <Placemark>
        <name>عيبان</name>
        <styleUrl>#icon-1899-DB4436-labelson-nodesc</styleUrl>
        <Point>
          <coordinates>
            43.050485,17.278554,0
          </coordinates>
        </Point>
      </Placemark>
      <Placemark>
        <name>عيسان</name>
        <styleUrl>#icon-1899-DB4436-labelson-nodesc</styleUrl>
        <Point>
          <coordinates>
            42.931759,16.817257,0
          </coordinates>
        </Point>
      </Placemark>
      <Placemark>
        <name>عين العناق</name>
        <styleUrl>#icon-1899-DB4436-labelson-nodesc</styleUrl>
        <Point>
          <coordinates>
            43.043425,16.99954,0
          </coordinates>
        </Point>
      </Placemark>
      <Placemark>
        <name>عين المدمع</name>
        <styleUrl>#icon-1899-DB4436-labelson-nodesc</styleUrl>
        <Point>
          <coordinates>
            43.126938,16.931112,0
          </coordinates>
        </Point>
      </Placemark>
      <Placemark>
        <name>غابات الخوشين</name>
        <styleUrl>#icon-1899-DB4436-labelson-nodesc</styleUrl>
        <Point>
          <coordinates>
            43.103592,17.269864,0
          </coordinates>
        </Point>
      </Placemark>
      <Placemark>
        <name>غابة الاراك</name>
        <styleUrl>#icon-1899-DB4436-labelson-nodesc</styleUrl>
        <Point>
          <coordinates>
            42.695596,16.810992,0
          </coordinates>
        </Point>
      </Placemark>
      <Placemark>
        <name>غابية</name>
        <styleUrl>#icon-1899-DB4436-labelson-nodesc</styleUrl>
        <Point>
          <coordinates>
            43.091104,17.117493,0
          </coordinates>
        </Point>
      </Placemark>
      <Placemark>
        <name>غامر</name>
        <styleUrl>#icon-1899-DB4436-labelson-nodesc</styleUrl>
        <Point>
          <coordinates>
            42.687807,17.558062,0
          </coordinates>
        </Point>
      </Placemark>
      <Placemark>
        <name>غدير ام حقاوي</name>
        <styleUrl>#icon-1899-DB4436-labelson-nodesc</styleUrl>
        <Point>
          <coordinates>
            43.021689,17.204719,0
          </coordinates>
        </Point>
      </Placemark>
      <Placemark>
        <name>غراب</name>
        <styleUrl>#icon-1899-DB4436-labelson-nodesc</styleUrl>
        <Point>
          <coordinates>
            42.065964,17.10803,0
          </coordinates>
        </Point>
      </Placemark>
      <Placemark>
        <name>غراب</name>
        <styleUrl>#icon-1899-DB4436-labelson-nodesc</styleUrl>
        <Point>
          <coordinates>
            43.03055,16.80361,0
          </coordinates>
        </Point>
      </Placemark>
      <Placemark>
        <name>غراب</name>
        <styleUrl>#icon-1899-DB4436-labelson-nodesc</styleUrl>
        <Point>
          <coordinates>
            43.090568,16.802216,0
          </coordinates>
        </Point>
      </Placemark>
      <Placemark>
        <name>غرقة</name>
        <styleUrl>#icon-1899-DB4436-labelson-nodesc</styleUrl>
        <Point>
          <coordinates>
            42.974288,16.892939,0
          </coordinates>
        </Point>
      </Placemark>
      <Placemark>
        <name>غرنوقة</name>
        <styleUrl>#icon-1899-DB4436-labelson-nodesc</styleUrl>
        <Point>
          <coordinates>
            43.138096,16.908646,0
          </coordinates>
        </Point>
      </Placemark>
      <Placemark>
        <name>غريرا</name>
        <styleUrl>#icon-1899-DB4436-labelson-nodesc</styleUrl>
        <Point>
          <coordinates>
            42.608328,16.830561,0
          </coordinates>
        </Point>
      </Placemark>
      <Placemark>
        <name>غريف الحضن</name>
        <styleUrl>#icon-1899-DB4436-labelson-nodesc</styleUrl>
        <Point>
          <coordinates>
            42.584274,17.430282,0
          </coordinates>
        </Point>
      </Placemark>
      <Placemark>
        <name>غلاب</name>
        <styleUrl>#icon-1899-DB4436-labelson-nodesc</styleUrl>
        <Point>
          <coordinates>
            42.591677,16.836119,0
          </coordinates>
        </Point>
      </Placemark>
      <Placemark>
        <name>غلام</name>
        <styleUrl>#icon-1899-DB4436-labelson-nodesc</styleUrl>
        <Point>
          <coordinates>
            42.215824,16.628087,0
          </coordinates>
        </Point>
      </Placemark>
      <Placemark>
        <name>غلفه</name>
        <styleUrl>#icon-1899-DB4436-labelson-nodesc</styleUrl>
        <Point>
          <coordinates>
            42.999759,17.229438,0
          </coordinates>
        </Point>
      </Placemark>
      <Placemark>
        <name>غواش الدابرة</name>
        <styleUrl>#icon-1899-DB4436-labelson-nodesc</styleUrl>
        <Point>
          <coordinates>
            43.062222,16.761103,0
          </coordinates>
        </Point>
      </Placemark>
      <Placemark>
        <name>غواشي نامسة</name>
        <styleUrl>#icon-1899-DB4436-labelson-nodesc</styleUrl>
        <Point>
          <coordinates>
            43.05778,16.743894,0
          </coordinates>
        </Point>
      </Placemark>
      <Placemark>
        <name>غوان</name>
        <styleUrl>#icon-1899-DB4436-labelson-nodesc</styleUrl>
        <Point>
          <coordinates>
            42.616675,17.350008,0
          </coordinates>
        </Point>
      </Placemark>
      <Placemark>
        <name>فايح</name>
        <styleUrl>#icon-1899-DB4436-labelson-nodesc</styleUrl>
        <Point>
          <coordinates>
            43.1411,17.126119,0
          </coordinates>
        </Point>
      </Placemark>
      <Placemark>
        <name>فحل</name>
        <styleUrl>#icon-1899-DB4436-labelson-nodesc</styleUrl>
        <Point>
          <coordinates>
            43.205559,17.035568,0
          </coordinates>
        </Point>
      </Placemark>
      <Placemark>
        <name>فرافز</name>
        <styleUrl>#icon-1899-DB4436-labelson-nodesc</styleUrl>
        <Point>
          <coordinates>
            42.41493,16.996408,0
          </coordinates>
        </Point>
      </Placemark>
      <Placemark>
        <name>فرسان</name>
        <styleUrl>#icon-1899-DB4436-labelson-nodesc</styleUrl>
        <Point>
          <coordinates>
            42.118814,16.702008,0
          </coordinates>
        </Point>
      </Placemark>
      <Placemark>
        <name>فريضة رفيح</name>
        <styleUrl>#icon-1899-DB4436-labelson-nodesc</styleUrl>
        <Point>
          <coordinates>
            43.04703,16.933858,0
          </coordinates>
        </Point>
      </Placemark>
      <Placemark>
        <name>فلس</name>
        <styleUrl>#icon-1899-DB4436-labelson-nodesc</styleUrl>
        <Point>
          <coordinates>
            42.846723,17.057862,0
          </coordinates>
        </Point>
      </Placemark>
      <Placemark>
        <name>فيفا</name>
        <styleUrl>#icon-1899-DB4436-labelson-nodesc</styleUrl>
        <Point>
          <coordinates>
            43.104944,17.259393,0
          </coordinates>
        </Point>
      </Placemark>
      <Placemark>
        <name>قائم الخمسين</name>
        <styleUrl>#icon-1899-DB4436-labelson-nodesc</styleUrl>
        <Point>
          <coordinates>
            42.995467,16.665015,0
          </coordinates>
        </Point>
      </Placemark>
      <Placemark>
        <name>قائم الدش</name>
        <styleUrl>#icon-1899-DB4436-labelson-nodesc</styleUrl>
        <Point>
          <coordinates>
            42.596676,17.347176,0
          </coordinates>
        </Point>
      </Placemark>
      <Placemark>
        <name>قائم الرزم</name>
        <styleUrl>#icon-1899-DB4436-labelson-nodesc</styleUrl>
        <Point>
          <coordinates>
            43.164725,16.989992,0
          </coordinates>
        </Point>
      </Placemark>
      <Placemark>
        <name>قائم الساحة</name>
        <styleUrl>#icon-1899-DB4436-labelson-nodesc</styleUrl>
        <Point>
          <coordinates>
            43.238347,16.796057,0
          </coordinates>
        </Point>
      </Placemark>
      <Placemark>
        <name>قائم الصيد</name>
        <styleUrl>#icon-1899-DB4436-labelson-nodesc</styleUrl>
        <Point>
          <coordinates>
            43.029757,16.947355,0
          </coordinates>
        </Point>
      </Placemark>
      <Placemark>
        <name>قائم العتنة</name>
        <styleUrl>#icon-1899-DB4436-labelson-nodesc</styleUrl>
        <Point>
          <coordinates>
            42.997248,16.674371,0
          </coordinates>
        </Point>
      </Placemark>
      <Placemark>
        <name>قائم العقم</name>
        <styleUrl>#icon-1899-DB4436-labelson-nodesc</styleUrl>
        <Point>
          <coordinates>
            43.102992,17.010612,0
          </coordinates>
        </Point>
      </Placemark>
      <Placemark>
        <name>قائم الغبراء</name>
        <styleUrl>#icon-1899-DB4436-labelson-nodesc</styleUrl>
        <Point>
          <coordinates>
            43.117475,16.954393,0
          </coordinates>
        </Point>
      </Placemark>
      <Placemark>
        <name>قائم الكعوب</name>
        <styleUrl>#icon-1899-DB4436-labelson-nodesc</styleUrl>
        <Point>
          <coordinates>
            43.226395,16.800005,0
          </coordinates>
        </Point>
      </Placemark>
      <Placemark>
        <name>قائم المراوعة</name>
        <styleUrl>#icon-1899-DB4436-labelson-nodesc</styleUrl>
        <Point>
          <coordinates>
            43.093057,17.04694,0
          </coordinates>
        </Point>
      </Placemark>
      <Placemark>
        <name>قائم المروة</name>
        <styleUrl>#icon-1899-DB4436-labelson-nodesc</styleUrl>
        <Point>
          <coordinates>
            43.191869,16.825368,0
          </coordinates>
        </Point>
      </Placemark>
      <Placemark>
        <name>قائم امفجر</name>
        <styleUrl>#icon-1899-DB4436-labelson-nodesc</styleUrl>
        <Point>
          <coordinates>
            43.159468,16.980314,0
          </coordinates>
        </Point>
      </Placemark>
      <Placemark>
        <name>قائم بن أحمديني</name>
        <styleUrl>#icon-1899-DB4436-labelson-nodesc</styleUrl>
        <Point>
          <coordinates>
            43.075826,16.96583,0
          </coordinates>
        </Point>
      </Placemark>
      <Placemark>
        <name>قائم بن شرحين</name>
        <styleUrl>#icon-1899-DB4436-labelson-nodesc</styleUrl>
        <Point>
          <coordinates>
            43.021109,16.96111,0
          </coordinates>
        </Point>
      </Placemark>
      <Placemark>
        <name>قائم بني شراحيل</name>
        <styleUrl>#icon-1899-DB4436-labelson-nodesc</styleUrl>
        <Point>
          <coordinates>
            43.104172,16.968341,0
          </coordinates>
        </Point>
      </Placemark>
      <Placemark>
        <name>قائم زبيد</name>
        <styleUrl>#icon-1899-DB4436-labelson-nodesc</styleUrl>
        <Point>
          <coordinates>
            43.166871,16.800048,0
          </coordinates>
        </Point>
      </Placemark>
      <Placemark>
        <name>قائم صليعاء</name>
        <styleUrl>#icon-1899-DB4436-labelson-nodesc</styleUrl>
        <Point>
          <coordinates>
            43.065119,16.66141,0
          </coordinates>
        </Point>
      </Placemark>
      <Placemark>
        <name>قائم صولة</name>
        <styleUrl>#icon-1899-DB4436-labelson-nodesc</styleUrl>
        <Point>
          <coordinates>
            43.162494,16.986945,0
          </coordinates>
        </Point>
      </Placemark>
      <Placemark>
        <name>قائم عائشة</name>
        <styleUrl>#icon-1899-DB4436-labelson-nodesc</styleUrl>
        <Point>
          <coordinates>
            43.160563,16.98334,0
          </coordinates>
        </Point>
      </Placemark>
      <Placemark>
        <name>قابع</name>
        <styleUrl>#icon-1899-DB4436-labelson-nodesc</styleUrl>
        <Point>
          <coordinates>
            43.233883,16.794448,0
          </coordinates>
        </Point>
      </Placemark>
      <Placemark>
        <name>قاضيه</name>
        <styleUrl>#icon-1899-DB4436-labelson-nodesc</styleUrl>
        <Point>
          <coordinates>
            42.565842,16.721599,0
          </coordinates>
        </Point>
      </Placemark>
      <Placemark>
        <name>قايم أحمر</name>
        <styleUrl>#icon-1899-DB4436-labelson-nodesc</styleUrl>
        <Point>
          <coordinates>
            43.093679,16.694434,0
          </coordinates>
        </Point>
      </Placemark>
      <Placemark>
        <name>قبر الجارية</name>
        <styleUrl>#icon-1899-DB4436-labelson-nodesc</styleUrl>
        <Point>
          <coordinates>
            43.022161,16.926048,0
          </coordinates>
        </Point>
      </Placemark>
      <Placemark>
        <name>قرار</name>
        <styleUrl>#icon-1899-DB4436-labelson-nodesc</styleUrl>
        <Point>
          <coordinates>
            42.295368,17.721784,0
          </coordinates>
        </Point>
      </Placemark>
      <Placemark>
        <name>قراعة</name>
        <styleUrl>#icon-1899-DB4436-labelson-nodesc</styleUrl>
        <Point>
          <coordinates>
            43.147495,16.980271,0
          </coordinates>
        </Point>
      </Placemark>
      <Placemark>
        <name>قراعة</name>
        <styleUrl>#icon-1899-DB4436-labelson-nodesc</styleUrl>
        <Point>
          <coordinates>
            43.109107,16.807966,0
          </coordinates>
        </Point>
      </Placemark>
      <Placemark>
        <name>قرعا</name>
        <styleUrl>#icon-1899-DB4436-labelson-nodesc</styleUrl>
        <Point>
          <coordinates>
            42.793057,17.129166,0
          </coordinates>
        </Point>
      </Placemark>
      <Placemark>
        <name>قرن ابوعيسى</name>
        <styleUrl>#icon-1899-DB4436-labelson-nodesc</styleUrl>
        <Point>
          <coordinates>
            43.086383,17.194161,0
          </coordinates>
        </Point>
      </Placemark>
      <Placemark>
        <name>قرن الوداع</name>
        <styleUrl>#icon-1899-DB4436-labelson-nodesc</styleUrl>
        <Point>
          <coordinates>
            42.564983,17.016385,0
          </coordinates>
        </Point>
      </Placemark>
      <Placemark>
        <name>قرى</name>
        <styleUrl>#icon-1899-DB4436-labelson-nodesc</styleUrl>
        <Point>
          <coordinates>
            42.620001,17.416677,0
          </coordinates>
        </Point>
      </Placemark>
      <Placemark>
        <name>قرية أم الدود</name>
        <styleUrl>#icon-1899-DB4436-labelson-nodesc</styleUrl>
        <Point>
          <coordinates>
            43.040035,17.05209,0
          </coordinates>
        </Point>
      </Placemark>
      <Placemark>
        <name>قرية ابو غباره</name>
        <styleUrl>#icon-1899-DB4436-labelson-nodesc</styleUrl>
        <Point>
          <coordinates>
            43.039885,17.064686,0
          </coordinates>
        </Point>
      </Placemark>
      <Placemark>
        <name>قرية الجهفا</name>
        <styleUrl>#icon-1899-DB4436-labelson-nodesc</styleUrl>
        <Point>
          <coordinates>
            42.967315,16.936541,0
          </coordinates>
        </Point>
      </Placemark>
      <Placemark>
        <name>قرية الجهفا الشماليه</name>
        <styleUrl>#icon-1899-DB4436-labelson-nodesc</styleUrl>
        <Point>
          <coordinates>
            42.969568,16.938901,0
          </coordinates>
        </Point>
      </Placemark>
      <Placemark>
        <name>قرية الجوة</name>
        <styleUrl>#icon-1899-DB4436-labelson-nodesc</styleUrl>
        <Point>
          <coordinates>
            42.940278,17.117836,0
          </coordinates>
        </Point>
      </Placemark>
      <Placemark>
        <name>قرية الحريقة</name>
        <styleUrl>#icon-1899-DB4436-labelson-nodesc</styleUrl>
        <Point>
          <coordinates>
            43.001132,17.129359,0
          </coordinates>
        </Point>
      </Placemark>
      <Placemark>
        <name>قرية الدوح</name>
        <styleUrl>#icon-1899-DB4436-labelson-nodesc</styleUrl>
        <Point>
          <coordinates>
            42.832453,16.47357,0
          </coordinates>
        </Point>
      </Placemark>
      <Placemark>
        <name>قرية الرخة</name>
        <styleUrl>#icon-1899-DB4436-labelson-nodesc</styleUrl>
        <Point>
          <coordinates>
            43.011453,17.018659,0
          </coordinates>
        </Point>
      </Placemark>
      <Placemark>
        <name>قرية الرد</name>
        <styleUrl>#icon-1899-DB4436-labelson-nodesc</styleUrl>
        <Point>
          <coordinates>
            42.995017,17.144551,0
          </coordinates>
        </Point>
      </Placemark>
      <Placemark>
        <name>قرية السلامة العليا</name>
        <styleUrl>#icon-1899-DB4436-labelson-nodesc</styleUrl>
        <Point>
          <coordinates>
            42.553933,17.322907,0
          </coordinates>
        </Point>
      </Placemark>
      <Placemark>
        <name>قرية السلب</name>
        <styleUrl>#icon-1899-DB4436-labelson-nodesc</styleUrl>
        <Point>
          <coordinates>
            43.11357,16.879184,0
          </coordinates>
        </Point>
      </Placemark>
      <Placemark>
        <name>قرية السهي</name>
        <styleUrl>#icon-1899-DB4436-labelson-nodesc</styleUrl>
        <Point>
          <coordinates>
            42.753704,16.501057,0
          </coordinates>
        </Point>
      </Placemark>
      <Placemark>
        <name>قرية الشارة</name>
        <styleUrl>#icon-1899-DB4436-labelson-nodesc</styleUrl>
        <Point>
          <coordinates>
            43.035078,17.098482,0
          </coordinates>
        </Point>
      </Placemark>
      <Placemark>
        <name>قرية الشيخ</name>
        <styleUrl>#icon-1899-DB4436-labelson-nodesc</styleUrl>
        <Point>
          <coordinates>
            43.216674,16.768613,0
          </coordinates>
        </Point>
      </Placemark>
      <Placemark>
        <name>قرية الضحيه</name>
        <styleUrl>#icon-1899-DB4436-labelson-nodesc</styleUrl>
        <Point>
          <coordinates>
            43.153074,16.994948,0
          </coordinates>
        </Point>
      </Placemark>
      <Placemark>
        <name>قرية العامري</name>
        <styleUrl>#icon-1899-DB4436-labelson-nodesc</styleUrl>
        <Point>
          <coordinates>
            43.05027,17.058828,0
          </coordinates>
        </Point>
      </Placemark>
      <Placemark>
        <name>قرية العقبه</name>
        <styleUrl>#icon-1899-DB4436-labelson-nodesc</styleUrl>
        <Point>
          <coordinates>
            43.15479,17.004197,0
          </coordinates>
        </Point>
      </Placemark>
      <Placemark>
        <name>قرية الغفله</name>
        <styleUrl>#icon-1899-DB4436-labelson-nodesc</styleUrl>
        <Point>
          <coordinates>
            43.164318,17.201586,0
          </coordinates>
        </Point>
      </Placemark>
      <Placemark>
        <name>قرية الفرشه</name>
        <styleUrl>#icon-1899-DB4436-labelson-nodesc</styleUrl>
        <Point>
          <coordinates>
            42.59702,17.278276,0
          </coordinates>
        </Point>
      </Placemark>
      <Placemark>
        <name>قرية الفشغة</name>
        <styleUrl>#icon-1899-DB4436-labelson-nodesc</styleUrl>
        <Point>
          <coordinates>
            42.716496,17.354279,0
          </coordinates>
        </Point>
      </Placemark>
      <Placemark>
        <name>قرية المحربة</name>
        <styleUrl>#icon-1899-DB4436-labelson-nodesc</styleUrl>
        <Point>
          <coordinates>
            43.144577,17.005956,0
          </coordinates>
        </Point>
      </Placemark>
      <Placemark>
        <name>قرية المروي</name>
        <styleUrl>#icon-1899-DB4436-labelson-nodesc</styleUrl>
        <Point>
          <coordinates>
            43.110309,17.020848,0
          </coordinates>
        </Point>
      </Placemark>
      <Placemark>
        <name>قرية المسقية</name>
        <styleUrl>#icon-1899-DB4436-labelson-nodesc</styleUrl>
        <Point>
          <coordinates>
            43.152881,17.009604,0
          </coordinates>
        </Point>
      </Placemark>
      <Placemark>
        <name>قرية المشنق</name>
        <styleUrl>#icon-1899-DB4436-labelson-nodesc</styleUrl>
        <Point>
          <coordinates>
            43.147173,16.90371,0
          </coordinates>
        </Point>
      </Placemark>
      <Placemark>
        <name>قرية المفتاح</name>
        <styleUrl>#icon-1899-DB4436-labelson-nodesc</styleUrl>
        <Point>
          <coordinates>
            43.182728,17.212057,0
          </coordinates>
        </Point>
      </Placemark>
      <Placemark>
        <name>قرية الوجيه</name>
        <styleUrl>#icon-1899-DB4436-labelson-nodesc</styleUrl>
        <Point>
          <coordinates>
            42.748339,17.351811,0
          </coordinates>
        </Point>
      </Placemark>
      <Placemark>
        <name>قرية الودافة</name>
        <styleUrl>#icon-1899-DB4436-labelson-nodesc</styleUrl>
        <Point>
          <coordinates>
            43.153439,17.006943,0
          </coordinates>
        </Point>
      </Placemark>
      <Placemark>
        <name>قرية ام أسعد</name>
        <styleUrl>#icon-1899-DB4436-labelson-nodesc</styleUrl>
        <Point>
          <coordinates>
            42.611718,17.276216,0
          </coordinates>
        </Point>
      </Placemark>
      <Placemark>
        <name>قرية بن موسى</name>
        <styleUrl>#icon-1899-DB4436-labelson-nodesc</styleUrl>
        <Point>
          <coordinates>
            42.815888,16.604912,0
          </coordinates>
        </Point>
      </Placemark>
      <Placemark>
        <name>قرية سحار</name>
        <styleUrl>#icon-1899-DB4436-labelson-nodesc</styleUrl>
        <Point>
          <coordinates>
            43.147409,16.931605,0
          </coordinates>
        </Point>
      </Placemark>
      <Placemark>
        <name>قرية غربي شبان</name>
        <styleUrl>#icon-1899-DB4436-labelson-nodesc</styleUrl>
        <Point>
          <coordinates>
            43.150499,17.015333,0
          </coordinates>
        </Point>
      </Placemark>
      <Placemark>
        <name>قرية مدخال</name>
        <styleUrl>#icon-1899-DB4436-labelson-nodesc</styleUrl>
        <Point>
          <coordinates>
            43.167129,17.405262,0
          </coordinates>
        </Point>
      </Placemark>
      <Placemark>
        <name>قرية مشلحه</name>
        <styleUrl>#icon-1899-DB4436-labelson-nodesc</styleUrl>
        <Point>
          <coordinates>
            42.765419,17.342069,0
          </coordinates>
        </Point>
      </Placemark>
      <Placemark>
        <name>قرية هجيرة</name>
        <styleUrl>#icon-1899-DB4436-labelson-nodesc</styleUrl>
        <Point>
          <coordinates>
            43.151679,17.000635,0
          </coordinates>
        </Point>
      </Placemark>
      <Placemark>
        <name>قرية وادي العجب</name>
        <styleUrl>#icon-1899-DB4436-labelson-nodesc</styleUrl>
        <Point>
          <coordinates>
            43.117068,17.007158,0
          </coordinates>
        </Point>
      </Placemark>
      <Placemark>
        <name>قزع</name>
        <styleUrl>#icon-1899-DB4436-labelson-nodesc</styleUrl>
        <Point>
          <coordinates>
            42.685833,17.125003,0
          </coordinates>
        </Point>
      </Placemark>
      <Placemark>
        <name>قزع</name>
        <styleUrl>#icon-1899-DB4436-labelson-nodesc</styleUrl>
        <Point>
          <coordinates>
            43.036108,16.711106,0
          </coordinates>
        </Point>
      </Placemark>
      <Placemark>
        <name>قضاب</name>
        <styleUrl>#icon-1899-DB4436-labelson-nodesc</styleUrl>
        <Point>
          <coordinates>
            42.766385,17.26819,0
          </coordinates>
        </Point>
      </Placemark>
      <Placemark>
        <name>قلبيه</name>
        <styleUrl>#icon-1899-DB4436-labelson-nodesc</styleUrl>
        <Point>
          <coordinates>
            42.504258,17.177639,0
          </coordinates>
        </Point>
      </Placemark>
      <Placemark>
        <name>قلة البارود</name>
        <styleUrl>#icon-1899-DB4436-labelson-nodesc</styleUrl>
        <Point>
          <coordinates>
            43.116102,16.959715,0
          </coordinates>
        </Point>
      </Placemark>
      <Placemark>
        <name>قلت غينا</name>
        <styleUrl>#icon-1899-DB4436-labelson-nodesc</styleUrl>
        <Point>
          <coordinates>
            43.069732,17.249715,0
          </coordinates>
        </Point>
      </Placemark>
      <Placemark>
        <name>قلعة الحقباء</name>
        <styleUrl>#icon-1899-DB4436-labelson-nodesc</styleUrl>
        <Point>
          <coordinates>
            43.163052,17.38168,0
          </coordinates>
        </Point>
      </Placemark>
      <Placemark>
        <name>قماح</name>
        <styleUrl>#icon-1899-DB4436-labelson-nodesc</styleUrl>
        <Point>
          <coordinates>
            42.031353,16.647227,0
          </coordinates>
        </Point>
      </Placemark>
      <Placemark>
        <name>قمادة</name>
        <styleUrl>#icon-1899-DB4436-labelson-nodesc</styleUrl>
        <Point>
          <coordinates>
            43.243883,16.768613,0
          </coordinates>
        </Point>
      </Placemark>
      <Placemark>
        <name>قماري</name>
        <styleUrl>#icon-1899-DB4436-labelson-nodesc</styleUrl>
        <Point>
          <coordinates>
            42.177758,16.701536,0
          </coordinates>
        </Point>
      </Placemark>
      <Placemark>
        <name>قمر</name>
        <styleUrl>#icon-1899-DB4436-labelson-nodesc</styleUrl>
        <Point>
          <coordinates>
            43.221395,16.7961,0
          </coordinates>
        </Point>
      </Placemark>
      <Placemark>
        <name>قمران</name>
        <styleUrl>#icon-1899-DB4436-labelson-nodesc</styleUrl>
        <Point>
          <coordinates>
            43.14389,16.983061,0
          </coordinates>
        </Point>
      </Placemark>
      <Placemark>
        <name>قمران</name>
        <styleUrl>#icon-1899-DB4436-labelson-nodesc</styleUrl>
        <Point>
          <coordinates>
            43.13889,16.990271,0
          </coordinates>
        </Point>
      </Placemark>
      <Placemark>
        <name>قنبورة</name>
        <styleUrl>#icon-1899-DB4436-labelson-nodesc</styleUrl>
        <Point>
          <coordinates>
            42.854726,16.986108,0
          </coordinates>
        </Point>
      </Placemark>
      <Placemark>
        <name>قنبورة علي</name>
        <styleUrl>#icon-1899-DB4436-labelson-nodesc</styleUrl>
        <Point>
          <coordinates>
            43.007226,16.692224,0
          </coordinates>
        </Point>
      </Placemark>
      <Placemark>
        <name>قنبوره</name>
        <styleUrl>#icon-1899-DB4436-labelson-nodesc</styleUrl>
        <Point>
          <coordinates>
            43.003943,16.691816,0
          </coordinates>
        </Point>
      </Placemark>
      <Placemark>
        <name>قنبوره</name>
        <styleUrl>#icon-1899-DB4436-labelson-nodesc</styleUrl>
        <Point>
          <coordinates>
            43.148868,16.721513,0
          </coordinates>
        </Point>
      </Placemark>
      <Placemark>
        <name>قوا</name>
        <styleUrl>#icon-1899-DB4436-labelson-nodesc</styleUrl>
        <Point>
          <coordinates>
            43.206933,16.797903,0
          </coordinates>
        </Point>
      </Placemark>
      <Placemark>
        <name>قيس</name>
        <styleUrl>#icon-1899-DB4436-labelson-nodesc</styleUrl>
        <Point>
          <coordinates>
            43.208799,17.028165,0
          </coordinates>
        </Point>
      </Placemark>
      <Placemark>
        <name>كتبان</name>
        <styleUrl>#icon-1899-DB4436-labelson-nodesc</styleUrl>
        <Point>
          <coordinates>
            43.083143,17.086787,0
          </coordinates>
        </Point>
      </Placemark>
      <Placemark>
        <name>كدف الحدباء</name>
        <styleUrl>#icon-1899-DB4436-labelson-nodesc</styleUrl>
        <Point>
          <coordinates>
            42.852495,16.448421,0
          </coordinates>
        </Point>
      </Placemark>
      <Placemark>
        <name>كربوس</name>
        <styleUrl>#icon-1899-DB4436-labelson-nodesc</styleUrl>
        <Point>
          <coordinates>
            43.118677,16.819811,0
          </coordinates>
        </Point>
      </Placemark>
      <Placemark>
        <name>كرس</name>
        <styleUrl>#icon-1899-DB4436-labelson-nodesc</styleUrl>
        <Point>
          <coordinates>
            42.992892,16.870279,0
          </coordinates>
        </Point>
      </Placemark>
      <Placemark>
        <name>كرس الرباح</name>
        <styleUrl>#icon-1899-DB4436-labelson-nodesc</styleUrl>
        <Point>
          <coordinates>
            43.059669,17.045352,0
          </coordinates>
        </Point>
      </Placemark>
      <Placemark>
        <name>كرس الهوايش</name>
        <styleUrl>#icon-1899-DB4436-labelson-nodesc</styleUrl>
        <Point>
          <coordinates>
            42.936673,16.691666,0
          </coordinates>
        </Point>
      </Placemark>
      <Placemark>
        <name>كعلول</name>
        <styleUrl>#icon-1899-DB4436-labelson-nodesc</styleUrl>
        <Point>
          <coordinates>
            42.838118,16.899548,0
          </coordinates>
        </Point>
      </Placemark>
      <Placemark>
        <name>كيره</name>
        <styleUrl>#icon-1899-DB4436-labelson-nodesc</styleUrl>
        <Point>
          <coordinates>
            41.736352,16.796079,0
          </coordinates>
        </Point>
      </Placemark>
      <Placemark>
        <name>كينان</name>
        <styleUrl>#icon-1899-DB4436-labelson-nodesc</styleUrl>
        <Point>
          <coordinates>
            43.081899,17.055502,0
          </coordinates>
        </Point>
      </Placemark>
      <Placemark>
        <name>لبني مقر</name>
        <styleUrl>#icon-1899-DB4436-labelson-nodesc</styleUrl>
        <Point>
          <coordinates>
            42.164433,17.313895,0
          </coordinates>
        </Point>
      </Placemark>
      <Placemark>
        <name>لصيقه</name>
        <styleUrl>#icon-1899-DB4436-labelson-nodesc</styleUrl>
        <Point>
          <coordinates>
            42.96165,16.787839,0
          </coordinates>
        </Point>
      </Placemark>
      <Placemark>
        <name>لوية السنين</name>
        <styleUrl>#icon-1899-DB4436-labelson-nodesc</styleUrl>
        <Point>
          <coordinates>
            43.151336,17.416484,0
          </coordinates>
        </Point>
      </Placemark>
      <Placemark>
        <name>ماغص</name>
        <styleUrl>#icon-1899-DB4436-labelson-nodesc</styleUrl>
        <Point>
          <coordinates>
            42.966521,16.546805,0
          </coordinates>
        </Point>
      </Placemark>
      <Placemark>
        <name>ماهسه</name>
        <styleUrl>#icon-1899-DB4436-labelson-nodesc</styleUrl>
        <Point>
          <coordinates>
            42.978344,16.911371,0
          </coordinates>
        </Point>
      </Placemark>
      <Placemark>
        <name>مبتريه</name>
        <styleUrl>#icon-1899-DB4436-labelson-nodesc</styleUrl>
        <Point>
          <coordinates>
            42.805159,16.903775,0
          </coordinates>
        </Point>
      </Placemark>
      <Placemark>
        <name>مبجرة</name>
        <styleUrl>#icon-1899-DB4436-labelson-nodesc</styleUrl>
        <Point>
          <coordinates>
            42.895002,16.820283,0
          </coordinates>
        </Point>
      </Placemark>
      <Placemark>
        <name>مثهره</name>
        <styleUrl>#icon-1899-DB4436-labelson-nodesc</styleUrl>
        <Point>
          <coordinates>
            43.075268,17.255273,0
          </coordinates>
        </Point>
      </Placemark>
      <Placemark>
        <name>مجاعيد</name>
        <styleUrl>#icon-1899-DB4436-labelson-nodesc</styleUrl>
        <Point>
          <coordinates>
            42.889531,17.510598,0
          </coordinates>
        </Point>
      </Placemark>
      <Placemark>
        <name>مجبانة</name>
        <styleUrl>#icon-1899-DB4436-labelson-nodesc</styleUrl>
        <Point>
          <coordinates>
            42.887535,16.543179,0
          </coordinates>
        </Point>
      </Placemark>
      <Placemark>
        <name>مجدره</name>
        <styleUrl>#icon-1899-DB4436-labelson-nodesc</styleUrl>
        <Point>
          <coordinates>
            42.548912,17.335868,0
          </coordinates>
        </Point>
      </Placemark>
      <Placemark>
        <name>مجعر</name>
        <styleUrl>#icon-1899-DB4436-labelson-nodesc</styleUrl>
        <Point>
          <coordinates>
            42.989931,16.613238,0
          </coordinates>
        </Point>
      </Placemark>
      <Placemark>
        <name>محبوبة</name>
        <styleUrl>#icon-1899-DB4436-labelson-nodesc</styleUrl>
        <Point>
          <coordinates>
            42.855027,17.12878,0
          </coordinates>
        </Point>
      </Placemark>
      <Placemark>
        <name>محجن</name>
        <styleUrl>#icon-1899-DB4436-labelson-nodesc</styleUrl>
        <Point>
          <coordinates>
            43.140199,16.645424,0
          </coordinates>
        </Point>
      </Placemark>
      <Placemark>
        <name>محداب</name>
        <styleUrl>#icon-1899-DB4436-labelson-nodesc</styleUrl>
        <Point>
          <coordinates>
            43.071106,17.252226,0
          </coordinates>
        </Point>
      </Placemark>
      <Placemark>
        <name>محرقة السفلى</name>
        <styleUrl>#icon-1899-DB4436-labelson-nodesc</styleUrl>
        <Point>
          <coordinates>
            42.982893,16.531827,0
          </coordinates>
        </Point>
      </Placemark>
      <Placemark>
        <name>محرقة العليا</name>
        <styleUrl>#icon-1899-DB4436-labelson-nodesc</styleUrl>
        <Point>
          <coordinates>
            43.003728,16.529016,0
          </coordinates>
        </Point>
      </Placemark>
      <Placemark>
        <name>محل الملقط</name>
        <styleUrl>#icon-1899-DB4436-labelson-nodesc</styleUrl>
        <Point>
          <coordinates>
            43.228326,17.048335,0
          </coordinates>
        </Point>
      </Placemark>
      <Placemark>
        <name>محولة</name>
        <styleUrl>#icon-1899-DB4436-labelson-nodesc</styleUrl>
        <Point>
          <coordinates>
            43.026795,16.97068,0
          </coordinates>
        </Point>
      </Placemark>
      <Placemark>
        <name>مختاره</name>
        <styleUrl>#icon-1899-DB4436-labelson-nodesc</styleUrl>
        <Point>
          <coordinates>
            42.93766,16.664071,0
          </coordinates>
        </Point>
      </Placemark>
      <Placemark>
        <name>مخر</name>
        <styleUrl>#icon-1899-DB4436-labelson-nodesc</styleUrl>
        <Point>
          <coordinates>
            43.160841,16.848071,0
          </coordinates>
        </Point>
      </Placemark>
      <Placemark>
        <name>مخرج الخضراء</name>
        <styleUrl>#icon-1899-DB4436-labelson-nodesc</styleUrl>
        <Point>
          <coordinates>
            42.550564,17.448049,0
          </coordinates>
        </Point>
      </Placemark>
      <Placemark>
        <name>مخرمه</name>
        <styleUrl>#icon-1899-DB4436-labelson-nodesc</styleUrl>
        <Point>
          <coordinates>
            43.025551,17.210834,0
          </coordinates>
        </Point>
      </Placemark>
      <Placemark>
        <name>مخشوش</name>
        <styleUrl>#icon-1899-DB4436-labelson-nodesc</styleUrl>
        <Point>
          <coordinates>
            42.815394,16.416321,0
          </coordinates>
        </Point>
      </Placemark>
      <Placemark>
        <name>مخشوش</name>
        <styleUrl>#icon-1899-DB4436-labelson-nodesc</styleUrl>
        <Point>
          <coordinates>
            42.686906,17.486951,0
          </coordinates>
        </Point>
      </Placemark>
      <Placemark>
        <name>مخشوشة</name>
        <styleUrl>#icon-1899-DB4436-labelson-nodesc</styleUrl>
        <Point>
          <coordinates>
            43.129728,16.883883,0
          </coordinates>
        </Point>
      </Placemark>
      <Placemark>
        <name>مدبع</name>
        <styleUrl>#icon-1899-DB4436-labelson-nodesc</styleUrl>
        <Point>
          <coordinates>
            43.230193,16.782475,0
          </coordinates>
        </Point>
      </Placemark>
      <Placemark>
        <name>مدربش</name>
        <styleUrl>#icon-1899-DB4436-labelson-nodesc</styleUrl>
        <Point>
          <coordinates>
            42.864103,16.458485,0
          </coordinates>
        </Point>
      </Placemark>
      <Placemark>
        <name>مراح الجعارة</name>
        <styleUrl>#icon-1899-DB4436-labelson-nodesc</styleUrl>
        <Point>
          <coordinates>
            43.107777,17.058334,0
          </coordinates>
        </Point>
      </Placemark>
      <Placemark>
        <name>مراح الذئاب</name>
        <styleUrl>#icon-1899-DB4436-labelson-nodesc</styleUrl>
        <Point>
          <coordinates>
            43.10694,17.050824,0
          </coordinates>
        </Point>
      </Placemark>
      <Placemark>
        <name>مراط</name>
        <styleUrl>#icon-1899-DB4436-labelson-nodesc</styleUrl>
        <Point>
          <coordinates>
            43.105567,16.95832,0
          </coordinates>
        </Point>
      </Placemark>
      <Placemark>
        <name>مرباش</name>
        <styleUrl>#icon-1899-DB4436-labelson-nodesc</styleUrl>
        <Point>
          <coordinates>
            43.043897,16.951947,0
          </coordinates>
        </Point>
      </Placemark>
      <Placemark>
        <name>مربعة جلهم</name>
        <styleUrl>#icon-1899-DB4436-labelson-nodesc</styleUrl>
        <Point>
          <coordinates>
            43.122218,17.018895,0
          </coordinates>
        </Point>
      </Placemark>
      <Placemark>
        <name>مربه</name>
        <styleUrl>#icon-1899-DB4436-labelson-nodesc</styleUrl>
        <Point>
          <coordinates>
            42.387507,17.896106,0
          </coordinates>
        </Point>
      </Placemark>
      <Placemark>
        <name>مرسى المضايا</name>
        <styleUrl>#icon-1899-DB4436-labelson-nodesc</styleUrl>
        <Point>
          <coordinates>
            42.708621,16.710892,0
          </coordinates>
        </Point>
      </Placemark>
      <Placemark>
        <name>مرشوحة</name>
        <styleUrl>#icon-1899-DB4436-labelson-nodesc</styleUrl>
        <Point>
          <coordinates>
            43.123055,16.768892,0
          </coordinates>
        </Point>
      </Placemark>
      <Placemark>
        <name>مرضية</name>
        <styleUrl>#icon-1899-DB4436-labelson-nodesc</styleUrl>
        <Point>
          <coordinates>
            43.11445,17.018058,0
          </coordinates>
        </Point>
      </Placemark>
      <Placemark>
        <name>مركز العين الحارة</name>
        <styleUrl>#icon-1899-DB4436-labelson-nodesc</styleUrl>
        <Point>
          <coordinates>
            43.124599,16.76724,0
          </coordinates>
        </Point>
      </Placemark>
      <Placemark>
        <name>مرماد</name>
        <styleUrl>#icon-1899-DB4436-labelson-nodesc</styleUrl>
        <Point>
          <coordinates>
            43.160284,16.729989,0
          </coordinates>
        </Point>
      </Placemark>
      <Placemark>
        <name>مروة</name>
        <styleUrl>#icon-1899-DB4436-labelson-nodesc</styleUrl>
        <Point>
          <coordinates>
            43.03834,16.813889,0
          </coordinates>
        </Point>
      </Placemark>
      <Placemark>
        <name>مروه</name>
        <styleUrl>#icon-1899-DB4436-labelson-nodesc</styleUrl>
        <Point>
          <coordinates>
            43.115158,17.268491,0
          </coordinates>
        </Point>
      </Placemark>
      <Placemark>
        <name>مروي</name>
        <styleUrl>#icon-1899-DB4436-labelson-nodesc</styleUrl>
        <Point>
          <coordinates>
            43.109171,16.825562,0
          </coordinates>
        </Point>
      </Placemark>
      <Placemark>
        <name>مزابن</name>
        <styleUrl>#icon-1899-DB4436-labelson-nodesc</styleUrl>
        <Point>
          <coordinates>
            42.811103,17.132213,0
          </coordinates>
        </Point>
      </Placemark>
      <Placemark>
        <name>مزارع الدريعيه</name>
        <styleUrl>#icon-1899-DB4436-labelson-nodesc</styleUrl>
        <Point>
          <coordinates>
            42.820008,16.561933,0
          </coordinates>
        </Point>
      </Placemark>
      <Placemark>
        <name>مزفر</name>
        <styleUrl>#icon-1899-DB4436-labelson-nodesc</styleUrl>
        <Point>
          <coordinates>
            43.148611,17.005827,0
          </coordinates>
        </Point>
      </Placemark>
      <Placemark>
        <name>مزهرة</name>
        <styleUrl>#icon-1899-DB4436-labelson-nodesc</styleUrl>
        <Point>
          <coordinates>
            42.732739,16.826463,0
          </coordinates>
        </Point>
      </Placemark>
      <Placemark>
        <name>مساملة</name>
        <styleUrl>#icon-1899-DB4436-labelson-nodesc</styleUrl>
        <Point>
          <coordinates>
            42.774432,16.879163,0
          </coordinates>
        </Point>
      </Placemark>
      <Placemark>
        <name>مساملة</name>
        <styleUrl>#icon-1899-DB4436-labelson-nodesc</styleUrl>
        <Point>
          <coordinates>
            42.652037,16.905727,0
          </coordinates>
        </Point>
      </Placemark>
      <Placemark>
        <name>مساوده</name>
        <styleUrl>#icon-1899-DB4436-labelson-nodesc</styleUrl>
        <Point>
          <coordinates>
            42.860477,16.859937,0
          </coordinates>
        </Point>
      </Placemark>
      <Placemark>
        <name>مستورة</name>
        <styleUrl>#icon-1899-DB4436-labelson-nodesc</styleUrl>
        <Point>
          <coordinates>
            42.805567,16.722221,0
          </coordinates>
        </Point>
      </Placemark>
      <Placemark>
        <name>مستورة</name>
        <styleUrl>#icon-1899-DB4436-labelson-nodesc</styleUrl>
        <Point>
          <coordinates>
            42.072444,17.759485,0
          </coordinates>
        </Point>
      </Placemark>
      <Placemark>
        <name>مسد</name>
        <styleUrl>#icon-1899-DB4436-labelson-nodesc</styleUrl>
        <Point>
          <coordinates>
            41.551495,16.818416,0
          </coordinates>
        </Point>
      </Placemark>
      <Placemark>
        <name>مسرى</name>
        <styleUrl>#icon-1899-DB4436-labelson-nodesc</styleUrl>
        <Point>
          <coordinates>
            43.090568,17.121677,0
          </coordinates>
        </Point>
      </Placemark>
      <Placemark>
        <name>مسفح</name>
        <styleUrl>#icon-1899-DB4436-labelson-nodesc</styleUrl>
        <Point>
          <coordinates>
            43.148589,17.004991,0
          </coordinates>
        </Point>
      </Placemark>
      <Placemark>
        <name>مسقية</name>
        <styleUrl>#icon-1899-DB4436-labelson-nodesc</styleUrl>
        <Point>
          <coordinates>
            43.026195,17.063849,0
          </coordinates>
        </Point>
      </Placemark>
      <Placemark>
        <name>مسلية</name>
        <styleUrl>#icon-1899-DB4436-labelson-nodesc</styleUrl>
        <Point>
          <coordinates>
            42.553182,17.457769,0
          </coordinates>
        </Point>
      </Placemark>
      <Placemark>
        <name>مسماة</name>
        <styleUrl>#icon-1899-DB4436-labelson-nodesc</styleUrl>
        <Point>
          <coordinates>
            43.150091,17.266517,0
          </coordinates>
        </Point>
      </Placemark>
      <Placemark>
        <name>مشباح</name>
        <styleUrl>#icon-1899-DB4436-labelson-nodesc</styleUrl>
        <Point>
          <coordinates>
            43.158052,16.765008,0
          </coordinates>
        </Point>
      </Placemark>
      <Placemark>
        <name>مشرب</name>
        <styleUrl>#icon-1899-DB4436-labelson-nodesc</styleUrl>
        <Point>
          <coordinates>
            43.100824,16.907787,0
          </coordinates>
        </Point>
      </Placemark>
      <Placemark>
        <name>مشرف</name>
        <styleUrl>#icon-1899-DB4436-labelson-nodesc</styleUrl>
        <Point>
          <coordinates>
            43.052781,16.990271,0
          </coordinates>
        </Point>
      </Placemark>
      <Placemark>
        <name>مشرف</name>
        <styleUrl>#icon-1899-DB4436-labelson-nodesc</styleUrl>
        <Point>
          <coordinates>
            43.066664,16.983898,0
          </coordinates>
        </Point>
      </Placemark>
      <Placemark>
        <name>مشرقي</name>
        <styleUrl>#icon-1899-DB4436-labelson-nodesc</styleUrl>
        <Point>
          <coordinates>
            42.800095,16.995614,0
          </coordinates>
        </Point>
      </Placemark>
      <Placemark>
        <name>مشلة</name>
        <styleUrl>#icon-1899-DB4436-labelson-nodesc</styleUrl>
        <Point>
          <coordinates>
            43.146679,17.00557,0
          </coordinates>
        </Point>
      </Placemark>
      <Placemark>
        <name>مشيكة</name>
        <styleUrl>#icon-1899-DB4436-labelson-nodesc</styleUrl>
        <Point>
          <coordinates>
            43.152773,17.01529,0
          </coordinates>
        </Point>
      </Placemark>
      <Placemark>
        <name>مصفوقة</name>
        <styleUrl>#icon-1899-DB4436-labelson-nodesc</styleUrl>
        <Point>
          <coordinates>
            43.223627,16.756361,0
          </coordinates>
        </Point>
      </Placemark>
      <Placemark>
        <name>مصياد</name>
        <styleUrl>#icon-1899-DB4436-labelson-nodesc</styleUrl>
        <Point>
          <coordinates>
            42.928069,16.96111,0
          </coordinates>
        </Point>
      </Placemark>
      <Placemark>
        <name>مضبر</name>
        <styleUrl>#icon-1899-DB4436-labelson-nodesc</styleUrl>
        <Point>
          <coordinates>
            43.234978,16.781294,0
          </coordinates>
        </Point>
      </Placemark>
      <Placemark>
        <name>مطحن صغير</name>
        <styleUrl>#icon-1899-DB4436-labelson-nodesc</styleUrl>
        <Point>
          <coordinates>
            41.607521,17.163241,0
          </coordinates>
        </Point>
      </Placemark>
      <Placemark>
        <name>مطحن كبير</name>
        <styleUrl>#icon-1899-DB4436-labelson-nodesc</styleUrl>
        <Point>
          <coordinates>
            41.544006,17.054107,0
          </coordinates>
        </Point>
      </Placemark>
      <Placemark>
        <name>معتق مثار</name>
        <styleUrl>#icon-1899-DB4436-labelson-nodesc</styleUrl>
        <Point>
          <coordinates>
            43.143611,16.972225,0
          </coordinates>
        </Point>
      </Placemark>
      <Placemark>
        <name>معتوقة</name>
        <styleUrl>#icon-1899-DB4436-labelson-nodesc</styleUrl>
        <Point>
          <coordinates>
            43.159168,16.813331,0
          </coordinates>
        </Point>
      </Placemark>
      <Placemark>
        <name>معران</name>
        <styleUrl>#icon-1899-DB4436-labelson-nodesc</styleUrl>
        <Point>
          <coordinates>
            43.147731,16.73574,0
          </coordinates>
        </Point>
      </Placemark>
      <Placemark>
        <name>معمار</name>
        <styleUrl>#icon-1899-DB4436-labelson-nodesc</styleUrl>
        <Point>
          <coordinates>
            43.123612,16.929996,0
          </coordinates>
        </Point>
      </Placemark>
      <Placemark>
        <name>مغشية</name>
        <styleUrl>#icon-1899-DB4436-labelson-nodesc</styleUrl>
        <Point>
          <coordinates>
            42.819321,16.745267,0
          </coordinates>
        </Point>
      </Placemark>
      <Placemark>
        <name>مغشيه</name>
        <styleUrl>#icon-1899-DB4436-labelson-nodesc</styleUrl>
        <Point>
          <coordinates>
            42.764475,16.839209,0
          </coordinates>
        </Point>
      </Placemark>
      <Placemark>
        <name>مقارعة</name>
        <styleUrl>#icon-1899-DB4436-labelson-nodesc</styleUrl>
        <Point>
          <coordinates>
            43.112733,16.99218,0
          </coordinates>
        </Point>
      </Placemark>
      <Placemark>
        <name>مقبرة المدوسيه</name>
        <styleUrl>#icon-1899-DB4436-labelson-nodesc</styleUrl>
        <Point>
          <coordinates>
            42.922361,16.779943,0
          </coordinates>
        </Point>
      </Placemark>
      <Placemark>
        <name>مقمر</name>
        <styleUrl>#icon-1899-DB4436-labelson-nodesc</styleUrl>
        <Point>
          <coordinates>
            41.832375,16.539853,0
          </coordinates>
        </Point>
      </Placemark>
      <Placemark>
        <name>ملقوطه</name>
        <styleUrl>#icon-1899-DB4436-labelson-nodesc</styleUrl>
        <Point>
          <coordinates>
            42.674418,16.997094,0
          </coordinates>
        </Point>
      </Placemark>
      <Placemark>
        <name>ملكيه</name>
        <styleUrl>#icon-1899-DB4436-labelson-nodesc</styleUrl>
        <Point>
          <coordinates>
            42.953818,17.05164,0
          </coordinates>
        </Point>
      </Placemark>
      <Placemark>
        <name>مليوط</name>
        <styleUrl>#icon-1899-DB4436-labelson-nodesc</styleUrl>
        <Point>
          <coordinates>
            42.309616,17.730131,0
          </coordinates>
        </Point>
      </Placemark>
      <Placemark>
        <name>ممخطة</name>
        <styleUrl>#icon-1899-DB4436-labelson-nodesc</styleUrl>
        <Point>
          <coordinates>
            43.0404,16.883626,0
          </coordinates>
        </Point>
      </Placemark>
      <Placemark>
        <name>ممدر</name>
        <styleUrl>#icon-1899-DB4436-labelson-nodesc</styleUrl>
        <Point>
          <coordinates>
            43.02304,17.201951,0
          </coordinates>
        </Point>
      </Placemark>
      <Placemark>
        <name>ممرح</name>
        <styleUrl>#icon-1899-DB4436-labelson-nodesc</styleUrl>
        <Point>
          <coordinates>
            43.152773,17.001386,0
          </coordinates>
        </Point>
      </Placemark>
      <Placemark>
        <name>منتزه المغرب</name>
        <styleUrl>#icon-1899-DB4436-labelson-nodesc</styleUrl>
        <Point>
          <coordinates>
            43.123291,17.030761,0
          </coordinates>
        </Point>
      </Placemark>
      <Placemark>
        <name>منسية</name>
        <styleUrl>#icon-1899-DB4436-labelson-nodesc</styleUrl>
        <Point>
          <coordinates>
            42.500181,17.086508,0
          </coordinates>
        </Point>
      </Placemark>
      <Placemark>
        <name>منشبة</name>
        <styleUrl>#icon-1899-DB4436-labelson-nodesc</styleUrl>
        <Point>
          <coordinates>
            42.043412,17.71363,0
          </coordinates>
        </Point>
      </Placemark>
      <Placemark>
        <name>منشبة</name>
        <styleUrl>#icon-1899-DB4436-labelson-nodesc</styleUrl>
        <Point>
          <coordinates>
            42.310088,17.596493,0
          </coordinates>
        </Point>
      </Placemark>
      <Placemark>
        <name>منطقة الدرب</name>
        <styleUrl>#icon-1899-DB4436-labelson-nodesc</styleUrl>
        <Point>
          <coordinates>
            42.245629,17.725711,0
          </coordinates>
        </Point>
      </Placemark>
      <Placemark>
        <name>منطقة فغ</name>
        <styleUrl>#icon-1899-DB4436-labelson-nodesc</styleUrl>
        <Point>
          <coordinates>
            43.155327,17.013338,0
          </coordinates>
        </Point>
      </Placemark>
      <Placemark>
        <name>منظر ابو شوك</name>
        <styleUrl>#icon-1899-DB4436-labelson-nodesc</styleUrl>
        <Point>
          <coordinates>
            41.794996,16.97746,0
          </coordinates>
        </Point>
      </Placemark>
      <Placemark>
        <name>منظر السجيد</name>
        <styleUrl>#icon-1899-DB4436-labelson-nodesc</styleUrl>
        <Point>
          <coordinates>
            42.030473,16.836569,0
          </coordinates>
        </Point>
      </Placemark>
      <Placemark>
        <name>منفوخة</name>
        <styleUrl>#icon-1899-DB4436-labelson-nodesc</styleUrl>
        <Point>
          <coordinates>
            43.058531,17.029667,0
          </coordinates>
        </Point>
      </Placemark>
      <Placemark>
        <name>منيف</name>
        <styleUrl>#icon-1899-DB4436-labelson-nodesc</styleUrl>
        <Point>
          <coordinates>
            43.172493,16.96111,0
          </coordinates>
        </Point>
      </Placemark>
      <Placemark>
        <name>مهدج الحامضي</name>
        <styleUrl>#icon-1899-DB4436-labelson-nodesc</styleUrl>
        <Point>
          <coordinates>
            43.052781,16.942227,0
          </coordinates>
        </Point>
      </Placemark>
      <Placemark>
        <name>مهلبة</name>
        <styleUrl>#icon-1899-DB4436-labelson-nodesc</styleUrl>
        <Point>
          <coordinates>
            42.828162,16.748764,0
          </coordinates>
        </Point>
      </Placemark>
      <Placemark>
        <name>مولى قتادة</name>
        <styleUrl>#icon-1899-DB4436-labelson-nodesc</styleUrl>
        <Point>
          <coordinates>
            43.121488,16.963727,0
          </coordinates>
        </Point>
      </Placemark>
      <Placemark>
        <name>ميد الجارية</name>
        <styleUrl>#icon-1899-DB4436-labelson-nodesc</styleUrl>
        <Point>
          <coordinates>
            43.022461,16.930361,0
          </coordinates>
        </Point>
      </Placemark>
      <Placemark>
        <name>نخلان</name>
        <styleUrl>#icon-1899-DB4436-labelson-nodesc</styleUrl>
        <Point>
          <coordinates>
            42.650964,17.206028,0
          </coordinates>
        </Point>
      </Placemark>
      <Placemark>
        <name>نخيلان</name>
        <styleUrl>#icon-1899-DB4436-labelson-nodesc</styleUrl>
        <Point>
          <coordinates>
            42.785568,17.122214,0
          </coordinates>
        </Point>
      </Placemark>
      <Placemark>
        <name>نشام</name>
        <styleUrl>#icon-1899-DB4436-labelson-nodesc</styleUrl>
        <Point>
          <coordinates>
            43.155563,16.939437,0
          </coordinates>
        </Point>
      </Placemark>
      <Placemark>
        <name>نعمان</name>
        <styleUrl>#icon-1899-DB4436-labelson-nodesc</styleUrl>
        <Point>
          <coordinates>
            43.175089,16.986794,0
          </coordinates>
        </Point>
      </Placemark>
      <Placemark>
        <name>هجرة القديمه</name>
        <styleUrl>#icon-1899-DB4436-labelson-nodesc</styleUrl>
        <Point>
          <coordinates>
            43.154855,16.998382,0
          </coordinates>
        </Point>
      </Placemark>
      <Placemark>
        <name>هجنبة</name>
        <styleUrl>#icon-1899-DB4436-labelson-nodesc</styleUrl>
        <Point>
          <coordinates>
            41.988716,17.766137,0
          </coordinates>
        </Point>
      </Placemark>
      <Placemark>
        <name>هديفه</name>
        <styleUrl>#icon-1899-DB4436-labelson-nodesc</styleUrl>
        <Point>
          <coordinates>
            41.756523,16.590686,0
          </coordinates>
        </Point>
      </Placemark>
      <Placemark>
        <name>هروب</name>
        <styleUrl>#icon-1899-DB4436-labelson-nodesc</styleUrl>
        <Point>
          <coordinates>
            42.894337,17.437191,0
          </coordinates>
        </Point>
      </Placemark>
      <Placemark>
        <name>وادي الرباح</name>
        <styleUrl>#icon-1899-DB4436-labelson-nodesc</styleUrl>
        <Point>
          <coordinates>
            42.917125,16.864035,0
          </coordinates>
        </Point>
      </Placemark>
      <Placemark>
        <name>واش</name>
        <styleUrl>#icon-1899-DB4436-labelson-nodesc</styleUrl>
        <Point>
          <coordinates>
            42.851508,16.612401,0
          </coordinates>
        </Point>
      </Placemark>
      <Placemark>
        <name>وتيشه</name>
        <styleUrl>#icon-1899-DB4436-labelson-nodesc</styleUrl>
        <Point>
          <coordinates>
            42.703385,17.136612,0
          </coordinates>
        </Point>
      </Placemark>
      <Placemark>
        <name>وجه الحسن</name>
        <styleUrl>#icon-1899-DB4436-labelson-nodesc</styleUrl>
        <Point>
          <coordinates>
            42.462931,17.138457,0
          </coordinates>
        </Point>
      </Placemark>
      <Placemark>
        <name>وشكه</name>
        <styleUrl>#icon-1899-DB4436-labelson-nodesc</styleUrl>
        <Point>
          <coordinates>
            41.64726,17.006278,0
          </coordinates>
        </Point>
      </Placemark>
      <Placemark>
        <name>وعلان</name>
        <styleUrl>#icon-1899-DB4436-labelson-nodesc</styleUrl>
        <Point>
          <coordinates>
            43.05645,16.565495,0
          </coordinates>
        </Point>
      </Placemark>
    </Folder>
    <Folder>
      <name>أسماء ثانوية</name>
      <Placemark>
        <name>مشقور</name>
        <styleUrl>#icon-1739-757575-labelson-nodesc</styleUrl>
        <Point>
          <coordinates>
            41.738884,17.950008,0
          </coordinates>
        </Point>
      </Placemark>
      <Placemark>
        <name>القامة</name>
        <styleUrl>#icon-1739-757575-labelson-nodesc</styleUrl>
        <Point>
          <coordinates>
            41.700561,18.221383,0
          </coordinates>
        </Point>
      </Placemark>
      <Placemark>
        <name>الحشافة</name>
        <styleUrl>#icon-1739-757575-labelson-nodesc</styleUrl>
        <Point>
          <coordinates>
            41.670005,18.033328,0
          </coordinates>
        </Point>
      </Placemark>
      <Placemark>
        <name>الشوافعة</name>
        <styleUrl>#icon-1739-757575-labelson-nodesc</styleUrl>
        <Point>
          <coordinates>
            41.784439,18.080277,0
          </coordinates>
        </Point>
      </Placemark>
      <Placemark>
        <name>الكحلاء</name>
        <styleUrl>#icon-1739-757575-labelson-nodesc</styleUrl>
        <Point>
          <coordinates>
            41.815832,18.178897,0
          </coordinates>
        </Point>
      </Placemark>
      <Placemark>
        <name>حشة سيران</name>
        <styleUrl>#icon-1739-757575-labelson-nodesc</styleUrl>
        <Point>
          <coordinates>
            41.861386,18.17306,0
          </coordinates>
        </Point>
      </Placemark>
      <Placemark>
        <name>محدمه</name>
        <styleUrl>#icon-1739-757575-labelson-nodesc</styleUrl>
        <Point>
          <coordinates>
            41.889989,18.250008,0
          </coordinates>
        </Point>
      </Placemark>
      <Placemark>
        <name>أم قلة</name>
        <styleUrl>#icon-1739-757575-labelson-nodesc</styleUrl>
        <Point>
          <coordinates>
            41.80918,18.182781,0
          </coordinates>
        </Point>
      </Placemark>
      <Placemark>
        <name>الضاجعة</name>
        <styleUrl>#icon-1739-757575-labelson-nodesc</styleUrl>
        <Point>
          <coordinates>
            41.805832,18.196943,0
          </coordinates>
        </Point>
      </Placemark>
      <Placemark>
        <name>الجلة</name>
        <styleUrl>#icon-1739-757575-labelson-nodesc</styleUrl>
        <Point>
          <coordinates>
            41.812506,18.201663,0
          </coordinates>
        </Point>
      </Placemark>
      <Placemark>
        <name>المهرة</name>
        <styleUrl>#icon-1739-757575-labelson-nodesc</styleUrl>
        <Point>
          <coordinates>
            41.813879,18.198059,0
          </coordinates>
        </Point>
      </Placemark>
      <Placemark>
        <name>الجرمة</name>
        <styleUrl>#icon-1739-757575-labelson-nodesc</styleUrl>
        <Point>
          <coordinates>
            41.680412,18.074248,0
          </coordinates>
        </Point>
      </Placemark>
      <Placemark>
        <name>القعرة</name>
        <styleUrl>#icon-1739-757575-labelson-nodesc</styleUrl>
        <Point>
          <coordinates>
            41.701934,18.120275,0
          </coordinates>
        </Point>
      </Placemark>
      <Placemark>
        <name>العريض</name>
        <styleUrl>#icon-1739-757575-labelson-nodesc</styleUrl>
        <Point>
          <coordinates>
            41.695003,18.112228,0
          </coordinates>
        </Point>
      </Placemark>
      <Placemark>
        <name>ضاعي</name>
        <styleUrl>#icon-1739-757575-labelson-nodesc</styleUrl>
        <Point>
          <coordinates>
            41.784439,18.199432,0
          </coordinates>
        </Point>
      </Placemark>
      <Placemark>
        <name>أم زربة</name>
        <styleUrl>#icon-1739-757575-labelson-nodesc</styleUrl>
        <Point>
          <coordinates>
            41.714165,18.125553,0
          </coordinates>
        </Point>
      </Placemark>
      <Placemark>
        <name>شرف آل يزيد</name>
        <styleUrl>#icon-1739-757575-labelson-nodesc</styleUrl>
        <Point>
          <coordinates>
            41.828063,18.232219,0
          </coordinates>
        </Point>
      </Placemark>
      <Placemark>
        <name>البردي</name>
        <styleUrl>#icon-1739-757575-labelson-nodesc</styleUrl>
        <Point>
          <coordinates>
            41.798601,18.251102,0
          </coordinates>
        </Point>
      </Placemark>
      <Placemark>
        <name>الردمة</name>
        <styleUrl>#icon-1739-757575-labelson-nodesc</styleUrl>
        <Point>
          <coordinates>
            41.792507,18.253334,0
          </coordinates>
        </Point>
      </Placemark>
      <Placemark>
        <name>شبحة</name>
        <styleUrl>#icon-1739-757575-labelson-nodesc</styleUrl>
        <Point>
          <coordinates>
            41.753068,18.204989,0
          </coordinates>
        </Point>
      </Placemark>
      <Placemark>
        <name>النقاح</name>
        <styleUrl>#icon-1739-757575-labelson-nodesc</styleUrl>
        <Point>
          <coordinates>
            41.77223,18.225009,0
          </coordinates>
        </Point>
      </Placemark>
      <Placemark>
        <name>الوصلة</name>
        <styleUrl>#icon-1739-757575-labelson-nodesc</styleUrl>
        <Point>
          <coordinates>
            41.791112,18.262496,0
          </coordinates>
        </Point>
      </Placemark>
      <Placemark>
        <name>الحباك</name>
        <styleUrl>#icon-1739-757575-labelson-nodesc</styleUrl>
        <Point>
          <coordinates>
            41.600289,18.106112,0
          </coordinates>
        </Point>
      </Placemark>
      <Placemark>
        <name>الطرق</name>
        <styleUrl>#icon-1739-757575-labelson-nodesc</styleUrl>
        <Point>
          <coordinates>
            41.618721,18.099139,0
          </coordinates>
        </Point>
      </Placemark>
      <Placemark>
        <name>الجوار</name>
        <styleUrl>#icon-1739-757575-labelson-nodesc</styleUrl>
        <Point>
          <coordinates>
            41.62694,18.112507,0
          </coordinates>
        </Point>
      </Placemark>
      <Placemark>
        <name>السنة</name>
        <styleUrl>#icon-1739-757575-labelson-nodesc</styleUrl>
        <Point>
          <coordinates>
            41.61943,18.118322,0
          </coordinates>
        </Point>
      </Placemark>
      <Placemark>
        <name>آل رهوة</name>
        <styleUrl>#icon-1739-757575-labelson-nodesc</styleUrl>
        <Point>
          <coordinates>
            41.755557,18.220825,0
          </coordinates>
        </Point>
      </Placemark>
      <Placemark>
        <name>العقدة</name>
        <styleUrl>#icon-1739-757575-labelson-nodesc</styleUrl>
        <Point>
          <coordinates>
            41.700819,18.202779,0
          </coordinates>
        </Point>
      </Placemark>
      <Placemark>
        <name>العضا</name>
        <styleUrl>#icon-1739-757575-labelson-nodesc</styleUrl>
        <Point>
          <coordinates>
            41.615288,18.115833,0
          </coordinates>
        </Point>
      </Placemark>
      <Placemark>
        <name>الحرة</name>
        <styleUrl>#icon-1739-757575-labelson-nodesc</styleUrl>
        <Point>
          <coordinates>
            41.604731,18.110833,0
          </coordinates>
        </Point>
      </Placemark>
      <Placemark>
        <name>العريق</name>
        <styleUrl>#icon-1739-757575-labelson-nodesc</styleUrl>
        <Point>
          <coordinates>
            41.616941,18.081114,0
          </coordinates>
        </Point>
      </Placemark>
      <Placemark>
        <name>القعبة</name>
        <styleUrl>#icon-1739-757575-labelson-nodesc</styleUrl>
        <Point>
          <coordinates>
            41.592779,18.099718,0
          </coordinates>
        </Point>
      </Placemark>
      <Placemark>
        <name>أبو جومة</name>
        <styleUrl>#icon-1739-757575-labelson-nodesc</styleUrl>
        <Point>
          <coordinates>
            42.218614,17.658334,0
          </coordinates>
        </Point>
      </Placemark>
      <Placemark>
        <name>الجحافي</name>
        <styleUrl>#icon-1739-757575-labelson-nodesc</styleUrl>
        <Point>
          <coordinates>
            43.150392,16.995442,0
          </coordinates>
        </Point>
      </Placemark>
      <Placemark>
        <name>الخلوعة</name>
        <styleUrl>#icon-1739-757575-labelson-nodesc</styleUrl>
        <Point>
          <coordinates>
            42.951393,17.059729,0
          </coordinates>
        </Point>
      </Placemark>
      <Placemark>
        <name>العاصم</name>
        <styleUrl>#icon-1739-757575-labelson-nodesc</styleUrl>
        <Point>
          <coordinates>
            43.073788,16.820884,0
          </coordinates>
        </Point>
      </Placemark>
      <Placemark>
        <name>القوبع</name>
        <styleUrl>#icon-1739-757575-labelson-nodesc</styleUrl>
        <Point>
          <coordinates>
            43.102777,17.136118,0
          </coordinates>
        </Point>
      </Placemark>
      <Placemark>
        <name>المطلة</name>
        <styleUrl>#icon-1739-757575-labelson-nodesc</styleUrl>
        <Point>
          <coordinates>
            43.129191,17.090178,0
          </coordinates>
        </Point>
      </Placemark>
      <Placemark>
        <name>المكمبل</name>
        <styleUrl>#icon-1739-757575-labelson-nodesc</styleUrl>
        <Point>
          <coordinates>
            43.045034,16.553028,0
          </coordinates>
        </Point>
      </Placemark>
      <Placemark>
        <name>بير جهلي</name>
        <styleUrl>#icon-1739-757575-labelson-nodesc</styleUrl>
        <Point>
          <coordinates>
            42.813334,16.899998,0
          </coordinates>
        </Point>
      </Placemark>
      <Placemark>
        <name>حياد العبدين</name>
        <styleUrl>#icon-1739-757575-labelson-nodesc</styleUrl>
        <Point>
          <coordinates>
            43.128333,17.10979,0
          </coordinates>
        </Point>
      </Placemark>
      <Placemark>
        <name>خبة القياس</name>
        <styleUrl>#icon-1739-757575-labelson-nodesc</styleUrl>
        <Point>
          <coordinates>
            42.188444,17.693481,0
          </coordinates>
        </Point>
      </Placemark>
      <Placemark>
        <name>خبت البقر</name>
        <styleUrl>#icon-1739-757575-labelson-nodesc</styleUrl>
        <Point>
          <coordinates>
            42.458339,17.59999,0
          </coordinates>
        </Point>
      </Placemark>
      <Placemark>
        <name>ركبة</name>
        <styleUrl>#icon-1739-757575-labelson-nodesc</styleUrl>
        <Point>
          <coordinates>
            43.063896,17.038336,0
          </coordinates>
        </Point>
      </Placemark>
      <Placemark>
        <name>رمال ابو المرو</name>
        <styleUrl>#icon-1739-757575-labelson-nodesc</styleUrl>
        <Point>
          <coordinates>
            42.079182,17.667904,0
          </coordinates>
        </Point>
      </Placemark>
      <Placemark>
        <name>روان العبيد</name>
        <styleUrl>#icon-1739-757575-labelson-nodesc</styleUrl>
        <Point>
          <coordinates>
            42.974524,17.027607,0
          </coordinates>
        </Point>
      </Placemark>
      <Placemark>
        <name>سندليه</name>
        <styleUrl>#icon-1739-757575-labelson-nodesc</styleUrl>
        <Point>
          <coordinates>
            42.132976,17.751203,0
          </coordinates>
        </Point>
      </Placemark>
      <Placemark>
        <name>ظهر الجمل</name>
        <styleUrl>#icon-1739-757575-labelson-nodesc</styleUrl>
        <Point>
          <coordinates>
            43.23693,16.7325,0
          </coordinates>
        </Point>
      </Placemark>
      <Placemark>
        <name>قاعدة قايم العسكريه</name>
        <styleUrl>#icon-1739-757575-labelson-nodesc</styleUrl>
        <Point>
          <coordinates>
            42.918799,17.229137,0
          </coordinates>
        </Point>
      </Placemark>
      <Placemark>
        <name>قرية المزحيتر</name>
        <styleUrl>#icon-1739-757575-labelson-nodesc</styleUrl>
        <Point>
          <coordinates>
            43.041301,17.092602,0
          </coordinates>
        </Point>
      </Placemark>
    </Folder>
  </Document>
</kml>
